"","FP","PL","IL","dACC","Vacc","OA","AU","M2","M1","S1","SS","GA","AuA","RS","AA","ViA","TeAA","Prh","lpEC","Ech","VA","aOn","TT","DPA","PC","PAA","FC","IG","CA1","CA2","CA3","DG","proSub","Sub","Clst","dEPn","vEPn","LAn","BLA","BMe","CCA","PAn","aAA","CA","IAn","MAn","LSN","SFn","DLS","DMS","NACC.SHELL","NACC.CORE","FStr","OT","MGCn","Gpe","Gpi","SubInn","MSn","DBn","TnS","BNST","VALCT","VMT","VPLT","VPMT","PTTn","MGC","dLGC","LPT","PCT","PlnT","EnT","AVT","AMn","IADT","IMDT","MDT","SMT","pRE","PVT","PT","RE","XiT","Rh","CMT","PCn","CLT","RT","IGLLGC","vlLGC","subGn","MHb","LHb","SON","PVH","IPVH","ArH","ADPO","AVPO","AVPV","DMH","MePO","MPA","PSN","SPZ","SCN","AHN","SMN","MPO","VMHn","PHn","LHA","LPO","PSTN","STN","ZI","FF","TN","reSN","cSN","VTA","PAG","SCO","PreCN","APTN"
"FP",0,0.415176082046199,0.440865209917589,0.956786957509521,0.524473098317287,0.0258973900798355,0.0271134533374172,0.00115440299170805,0.00696944129645207,0.0551998906831093,0.0430810840501765,0.0882893475889848,0.0422791918368762,0.551671136171683,0.0899296790207457,0.0906840720168341,0.198300865407144,0.024624710320759,0.0100525028380402,0.0748838298737459,0.11564202623882,0.0540971683704852,0.0709218016143906,0.446633202718404,0.116854822515324,0.0392621733007912,0.704085844204237,0.466868099384474,0.162056148207497,0.764648269738627,0.0285589056204804,0.086327102867095,0.797486729254643,0.226036384485921,0.165103248977026,0.517491178720966,0.739131766507838,0.72164812150713,0.750616067549947,0.79680654605296,0.46632303771903,0.332092502888389,0.91016912749377,0.842628934969336,0.706443624222305,0.221679019117506,0.333526931731129,0.015752034872479,0.42018049161056,0.828824110982062,0.0137311372998962,0.894456532060921,0.82731023480211,0.0803113789841556,0.857245981082997,0.501143010470543,0.291513217261696,0.439258044279894,0.535549099151788,0.923042478974259,0.0962528126912755,0.0277337617841335,0.467179252642646,0.344588029939473,0.283026687056386,0.249093474128201,0.0644070113948209,0.178058020676583,0.834399904822823,0.373945272261904,0.556635688485987,0.425429294063436,0.666204816583298,0.127802400527163,0.569757608085993,0.839508416123302,0.336732603006916,0.7544996725319,0.357283599256397,0.00469216090419942,0.0165404907327607,0.0259128139657522,0.250603141180464,0.263697812358944,0.102351748711686,0.471470781654129,0.321079430558052,0.728464231819431,0.100504794766302,0.140182193603191,0.00760872319283413,0.128016818838521,0.102911734417541,0.16588337135658,0.979829881688877,0.00205199374423279,0.0847206367371467,0.844575481815617,0.115442492275256,0.765699184277587,0.157209917704895,0.259349759795184,0.040879059361757,0.0955843759860761,0.0350449965844868,0.10951114771756,0.838198703411794,0.136537102866543,0.6979878959948,0.147104522525829,0.170225893613691,0.286356884999136,0.969040090134473,0.23061968740471,0.49671940174624,0.0975196726551161,0.0234206136979982,0.950230413374301,0.705433137920334,0.101928283934202,0.0556039051415239,0.11424254860749,0.932712068111457,0.344651262054648,0.0813139381285995,0.110123770532897
"PL",0.415176082046199,0,0.00270637473086549,0.0133002236963414,0.0369044437364146,0.448003023039804,0.110114150489868,0.41749386979892,0.441024494148642,0.312195359653721,0.433337134664931,0.137758249849749,0.293176808832376,0.904658438881135,0.529209328661697,0.743348622463251,0.62700502550181,0.265928803172674,0.812970586358394,0.291682183225516,0.285024018453338,0.0128515443763536,0.00351234992687067,0.00375476707306275,0.0504497414052269,0.335699309172504,0.665997973143173,0.0245707611347239,0.0988785769382048,0.399923729097717,0.553308133284933,0.335087212802687,0.588732964847188,0.294622698732788,0.0704976863549156,0.698914474869402,0.498782529656163,0.140586904646271,0.0575067594815118,0.225038186596669,0.655250560608347,0.160404132004699,0.557660510450961,0.86150307463818,0.433056321890808,0.612320304377774,0.198769080935526,0.718047729656036,0.876254551965593,0.444631927006229,0.360267971854661,0.303177675560391,0.0274453328536107,0.906568075123427,0.091404142137297,0.899190202461654,0.126512712812601,0.0744671774641205,0.0127841044292469,0.00935756691125162,0.30276072878634,0.621410808012009,0.149468784991699,0.154231100470003,0.223086177062089,0.0938486217717617,0.401431355299091,0.290994235531421,0.398671379212131,0.026632081673597,0.0211223338625481,0.122306903838467,0.0204998774397711,0.413772902270095,0.0791024059231535,0.548997405505237,0.266084621107176,0.025365322580218,0.188138830086776,0.169030344720311,0.931255598456374,0.820951280456408,0.0894500278077478,0.324756669467477,0.772041948295193,0.576995480110543,0.0969979587929904,0.0422884841575208,0.211181098777838,0.356269858600907,0.857919813987966,0.634005128718548,0.38632467466369,0.53272166417556,0.197772666027986,0.751489576826433,0.570099696130753,0.446517273677194,0.893747243130513,0.595019975413645,0.486457897350498,0.0591991917087884,0.734109064382648,0.683073659096339,0.718219420949878,0.183052200680228,0.404348294484673,0.154300598529492,0.524120318668911,0.822661077815257,0.376433819617311,0.219556157723121,0.0529492936441979,0.937960728554484,0.729474574531414,0.451916780166702,0.426735224738191,0.374334593434524,0.938822804787812,0.238594847892009,0.979997121383412,0.793833971858841,0.0963142060315356,0.100843101952062,0.759710307620648,0.700930360125873
"IL",0.440865209917589,0.00270637473086549,0,0.0530033063411795,0.0643606591620597,0.575612427618326,0.0995689030954989,0.522477816490189,0.589242930236532,0.581104204331493,0.671921101451579,0.257593281199024,0.362670390111227,0.640497627964034,0.547893972252277,0.82410123003514,0.695397499585223,0.481330916375585,0.801547819508508,0.512107428240532,0.375661798302372,0.00797246176142092,0.00238612808950331,5.80677798160692e-05,0.072376687354628,0.587574675877795,0.953643403304457,0.08163888723324,0.0198800733614048,0.442333030250926,0.500919972785431,0.402406676199434,0.218734462006202,0.174802746150054,0.0506666974939644,0.222184344817114,0.837555115811046,0.233779493102247,0.15923530693472,0.386510695830546,0.553187976783029,0.35722357426607,0.924364339776343,0.359108547103803,0.699738581261388,0.562709422677691,0.0910734230565915,0.691094069247517,0.946553858889215,0.313908987711041,0.326141142265825,0.302767011895707,0.101644230021942,0.669290214506657,0.0207644718832351,0.810329367775426,0.189623319565366,0.0714255055222797,0.0073862753727363,0.012002488845377,0.283931339246174,0.59981460146916,0.617898925045037,0.403347127551225,0.670488121168809,0.261674842119464,0.464539722090449,0.245471728438457,0.835214587542593,0.174246580876142,0.0848861354098336,0.0555157101578878,0.04519116684084,0.713498243078249,0.309460042085631,0.821698695445423,0.577304890248776,0.231376993496597,0.516520995935196,0.230496034170159,0.621581070531394,0.974177737850108,0.431000340798932,0.866923632839842,0.921459385101394,0.995202703468418,0.223814109775696,0.211671052504401,0.59098690065656,0.283977770205618,0.811227865864803,0.511897568693836,0.261041661847623,0.15685478718947,0.209636897209811,0.882021758513569,0.969419149239806,0.573398271228425,0.802478596602691,0.691754812754537,0.75944651183458,0.0179898158551046,0.669681542855961,0.716147392376384,0.626693528579697,0.182882969870152,0.297148951322306,0.151156194326281,0.822636931158823,0.896482250179447,0.314818142094458,0.0992751154546841,0.0290972658300314,0.620146220232432,0.83199574928604,0.515970908476723,0.254225369484994,0.892987355697029,0.694138418357334,0.570588839583178,0.733250027364395,0.544776697437544,0.329954989964074,0.0619788093251534,0.654075765992297,0.378956338156428
"dACC",0.956786957509521,0.0133002236963414,0.0530033063411795,0,0.0009201964235741,0.699416048015791,0.316331055500161,0.820542774087576,0.96492652555099,0.722840637206619,0.767472525064311,0.372685581833133,0.733202973734624,0.846633738718767,0.942187401256625,0.821953742749062,0.906486636840564,0.726569050163813,0.371500812141837,0.790985978373072,0.487331931995708,0.15423015079977,0.081364912497397,0.024535930229178,0.214903683658742,0.865536746301703,0.0833862919880893,0.0155008992216104,0.204320816935305,0.407948331694392,0.775316830136896,0.203202460315503,0.228523810844028,0.0880415457879399,0.108038975263196,0.859625329709923,0.162627532317469,0.0531108271169859,0.0164612102655376,0.0759788367179131,0.0988503958056904,0.115778608543325,0.199783370615423,0.650250649877391,0.967671088091793,0.860220610239686,0.0561745237150989,0.198642431820125,0.918220273265784,0.234392572071903,0.933060834500904,0.945261791010219,0.0524230009142325,0.734599089855098,0.134141308095703,0.742860624325197,0.0425159879284945,0.0268250298971718,0.0587602557109378,0.0239194049985346,0.117896768803611,0.168360138361842,0.0871686470386079,0.28755210702796,0.0925015109327629,0.0528996909454577,0.326694496253515,0.0574437060672223,0.433212019051162,0.102012460300739,0.0134751171199534,0.0810299634745635,0.0124305745384173,0.835302359642682,0.0595531130431213,0.774880853005131,0.564568320414069,0.0746949708999266,0.120873394665309,0.53320208127723,0.454460602402691,0.751707669935346,0.17897906076794,0.876181730713051,0.769327097955006,0.535032968598994,0.0453495648538373,0.0402380816388176,0.459069929987973,0.04383525232033,0.353736885955887,0.914276118370301,0.0858008272040735,0.963907954428617,0.456420513646668,0.712330093370758,0.304156185777605,0.0412416998043909,0.392083265777344,0.798462562403905,0.940278759448454,0.0966958078494259,0.798599058672282,0.566479294202366,0.550624004061724,0.468996539195082,0.582201198395176,0.89599585143326,0.398548768842772,0.208712616735404,0.187609079040852,0.465884906880625,0.206554820294355,0.382613726973847,0.977404787002834,0.434302912997372,0.838624479756604,0.817428519312525,0.944002409264084,0.65865185109193,0.401582323062369,0.302065220278715,0.394907027833973,0.080326182815545,0.174537517203938,0.275403332447813
"Vacc",0.524473098317287,0.0369044437364146,0.0643606591620597,0.0009201964235741,0,0.815140754942753,0.587535973708005,0.708408314554607,0.648966002184937,0.97636483395994,0.92040023255396,0.616024753616013,0.946851507584212,0.712579588457109,0.78525189476477,0.571906106067002,0.74864714118297,0.925264801538322,0.135999845554478,0.998932445403702,0.671895718165195,0.391353186052885,0.227362624406869,0.043468250683907,0.461574541248672,0.584358594086355,0.160141351445143,0.00175302054699991,0.345983915711259,0.399349342277298,0.91636559403446,0.0508787981196855,0.236122992269892,0.0133451631441963,0.217681331592571,0.746042012839874,0.312888157038591,0.0385030012892882,0.0230389595890672,0.079080981429347,0.0628760304152926,0.02862557071009,0.339540982444302,0.472084521621606,0.916108261016705,0.916365421525255,0.0218893355370251,0.0545255128202051,0.952544072193885,0.199623630619992,0.803744383938281,0.796696579659695,0.0227977375952849,0.325172792776837,0.0514231111760589,0.558452177484741,0.00503371070825075,0.00417510541811456,0.0705156717498167,0.0160965050088857,0.0297043233728736,0.0269066766812144,0.065934629175814,0.41714133270844,0.0528909705690586,0.0175469754595954,0.0968927822409,0.00798198960267413,0.606836039349455,0.225461209605391,0.00465910792153701,0.0165616396134022,0.00560850910708995,0.468282180046787,0.223288150410384,0.962208102134981,0.974355742068583,0.155370731887576,0.0847315136592458,0.978361743744383,0.119775700898609,0.359930704856829,0.487738694127408,0.942155157732632,0.377628365939645,0.477438177613019,0.00633556563606571,0.0426666703862383,0.750062195886411,0.00650272008601038,0.0741136920944193,0.609029428837744,0.0140485224084546,0.939390312900518,0.343878760823429,0.322202594341719,0.172008417428363,0.0909239035673212,0.222196019580821,0.98369547530769,0.804535596798268,0.176527128052781,0.341931317116793,0.475667217466438,0.397895287714918,0.688768589246687,0.49579166410917,0.905928317641003,0.898317799853713,0.19524852841211,0.0284980032087102,0.459213768719035,0.10082175484609,0.304807291149736,0.900751933522275,0.163339101081597,0.681321969020566,0.67862459845348,0.642243474572372,0.929352261761087,0.160652916479083,0.104036661835167,0.316467554417251,0.0172622506345225,0.0699233777123745,0.0965896617212555
"OA",0.0258973900798355,0.448003023039804,0.575612427618326,0.699416048015791,0.815140754942753,0,0.0135057155819962,0.0115018576069706,0.0465489108088902,0.0111386714407195,0.0543903867067079,0.0291352670422971,0.0177629359332007,0.0697561700572951,0.0156989770342937,0.00227210784060022,0.465462330302778,0.116140320237224,0.133087027565294,0.351661160059929,0.0899051028853951,0.0923038860375218,0.129134466673892,0.685598511324749,0.0353891344076484,0.229485925916317,0.802951306139356,0.62191608157115,0.177639796197427,0.466223236563595,0.047185929710067,0.054590428096489,0.544624094625028,0.496409329664735,0.111360948442938,0.344551263007447,0.809516373182494,0.483018592424425,0.683617102198789,0.659394729766719,0.448317096030411,0.662616386016261,0.713296169777207,0.88366007373103,0.245760401077311,0.827583122033359,0.436238402237715,0.212940433182555,0.0572835076469125,0.282367966462751,0.0919937473593118,0.94845467297807,0.735911332407642,0.0311999578436699,0.700149684644038,0.224951281634847,0.948680511788329,0.978022804508264,0.1956364561534,0.813179726051621,0.343275173200066,0.0976041097612929,0.826882143146574,0.132489381554705,0.844479777900792,0.440131870052103,0.141715919716709,0.765517758793611,0.906023229024534,0.0899340573210726,0.841972971818834,0.989665257916684,0.888734731557285,0.378004228581671,0.90587892827293,0.774194499370376,0.252777078670189,0.446538686155406,0.551771764181936,0.165535398354328,0.15831170161211,0.04024107991778,0.573407650269669,0.512269069297349,0.0175885345857337,0.303389601489486,0.508355084922614,0.755415545437416,0.0329642147420988,0.373638099729311,0.035821097117962,0.0073648532383196,0.223461978700372,0.122168402572169,0.813991778926087,0.172704990826268,0.271440602611912,0.466696493226757,0.0209141786821222,0.321097538762757,0.0562875387327479,0.142638270543581,0.0926483357168633,0.0521456582073057,0.029565160647616,0.559072732544788,0.617296036846235,0.490750272785976,0.701114194749242,0.317715242299605,0.665744640400337,0.128883839902427,0.668163015960017,0.144093853715254,0.255679351627306,0.304843946782635,0.110486944619949,0.65637304608481,0.874767924721416,0.371723141879898,0.393275158151493,0.438952784584655,0.715761587860472,0.486624361492165,0.0682416716585439,0.220190462158636
"AU",0.0271134533374172,0.110114150489868,0.0995689030954989,0.316331055500161,0.587535973708005,0.0135057155819962,0,0.00453964782217651,0.0131223459260836,0.0128864940407134,0.0155306735650953,0.00141282847179307,0.0759574841519696,0.394432398051244,0.0118074467659812,0.0309198977639115,0.64203491025725,0.145499510708718,0.279067141887911,0.242177950402142,0.00425555509881147,0.0143701283497706,0.0090655911851375,0.117157965675108,0.00516751281184322,0.409968951123074,0.791466062635875,0.737608153655176,0.00590619612558161,0.106023128263165,0.0038772949465091,0.370550306540444,0.961463921507853,0.868532081982846,0.000808007178354737,0.14590268773297,0.699527491210075,0.234967457288415,0.371755142399683,0.276498185042122,0.943836301642025,0.75710179190344,0.851412176342311,0.894109735898265,0.459940714620282,0.804334101233024,0.96878641481297,0.393709860925286,0.107162428200041,0.335647253447025,0.00543756533806323,0.844233206512413,0.470363800733236,0.179326568911829,0.191691001802033,0.733224650015673,0.654027488583066,0.488263066572034,0.0339579440010829,0.274869571449921,0.693660531195539,0.451609163807507,0.989457424987541,0.0340466778406954,0.805272395849417,0.743209074219561,0.300429978213365,0.962668263727138,0.955591188592939,0.0526942180879092,0.620888978162722,0.592999267829302,0.483669664143907,0.664414812494487,0.778224841194386,0.528960082854952,0.630690110071567,0.344030799633935,0.627481477683003,0.082809074682429,0.463131871808152,0.292664108374932,0.512814157086138,0.460802929737409,0.134340968439292,0.203191724649062,0.949072908963541,0.870565825805314,0.0399469898117735,0.695193794884483,0.235126145373326,0.0866498962910352,0.715177258746486,0.0391689716852856,0.344178532584164,0.139986742099332,0.303016508827377,0.352582503309657,0.32829815769724,0.32658918453334,0.056461681900923,0.00219885492331018,0.305161195505262,0.0635165241783682,0.0398422344233717,0.0460794631840827,0.452077172533248,0.0967719396239253,0.968276963317214,0.221884549082372,0.954735719843055,0.00534272969904125,0.184025771912341,0.343967099886559,0.0987046983663733,0.569675518402096,0.0746444635931793,0.891833895649313,0.886485772616073,0.309352446715572,0.585907563737114,0.685729174081117,0.591941414503802,0.816433907950434,0.317381840250997,0.441361707852165
"M2",0.00115440299170805,0.41749386979892,0.522477816490189,0.820542774087576,0.708408314554607,0.0115018576069706,0.00453964782217651,0,9.61160317562193e-05,0.00494394655421392,0.00108688288762871,0.00853094186712186,0.0790148389678167,0.300918030079917,0.0170184688971542,0.0240846699379388,0.435209037695752,0.0502914080226314,0.0331617479859695,0.0963407851067817,0.00801213829546321,0.103763560203405,0.0982388509469977,0.509721541603901,0.0664976577975928,0.179748709830793,0.907715214475419,0.636438699013605,0.116418555313508,0.273069895463591,0.00110553359315768,0.0997722444520191,0.554073410148185,0.221857439445534,0.0496174576562264,0.475765263606953,0.852935231521873,0.78630296818475,0.932117240996522,0.653401732135028,0.603653960616481,0.734691764166816,0.888723303811781,0.637682523628957,0.601988475117479,0.576311329124389,0.290064463437204,0.0524070673532133,0.144826508575604,0.982888982254032,0.00139075146606008,0.800335899179808,0.87907501078633,0.0272080320819111,0.911421507641719,0.873504418062122,0.576941049873372,0.681309632677047,0.395457116954117,0.930250326090738,0.142866439113333,0.0998828199549569,0.743648095672337,0.0726752122598797,0.462221153948177,0.290763360576411,0.0486916071744976,0.289803902933639,0.710031873408926,0.183671393752861,0.746936719891568,0.519214599110325,0.85362663186988,0.368963664356499,0.78153887610994,0.545072977863078,0.545732960341946,0.589673132227874,0.337465884013373,0.0143401967965656,0.0573451191470483,0.0921171250877101,0.346002730878055,0.1921557305134,0.0533531806257705,0.250574737011466,0.425268868124324,0.789751065893943,0.0188759130349847,0.1573470426476,0.0349729958223695,0.158324961990834,0.158101468364467,0.183736009449319,0.706519903566364,0.00491441645019805,0.109844068936868,0.707625200216729,0.139083183588472,0.492552240290414,0.0322979104597945,0.0949349786547987,0.059996182473269,0.039146264162484,0.020862699402436,0.0665164362814822,0.627750461076767,0.11316341334396,0.957354656094822,0.0706620946191027,0.328921767709628,0.110754555471358,0.781879408258645,0.414459095039222,0.118128957922896,0.137461834517157,0.0807248216976231,0.789917817610427,0.587833971884002,0.108733431925752,0.103630334455763,0.151022870123363,0.691875760725558,0.433641211725344,0.0884260934505091,0.0594402419957613
"M1",0.00696944129645207,0.441024494148642,0.589242930236532,0.96492652555099,0.648966002184937,0.0465489108088902,0.0131223459260836,9.61160317562193e-05,0,0.00439035645211199,0.00030499753174318,0.00530756005835655,0.184286818655537,0.311627875106861,0.0182723615030121,0.0378800564507787,0.612213419571017,0.0910441405714894,0.0650352396570045,0.107122402716386,0.00440815912169806,0.162624392035686,0.15521920087817,0.578626981937036,0.0765647937328894,0.200149272782736,0.963262646715299,0.748234347890242,0.158841369535925,0.165360767660526,0.00338083190244559,0.186992862089822,0.381633934049919,0.134028020003518,0.0725228843037654,0.661034132169781,0.867220127886029,0.764643516074008,0.883087679438001,0.554422342230334,0.450671464069893,0.960098785526704,0.63529080249742,0.366800721841647,0.466634706269916,0.80213376779777,0.255901566872861,0.0595266998383514,0.252390275811522,0.744009540431846,0.000267660431210264,0.952953733033832,0.67071551367813,0.0182835934708469,0.921639281463471,0.775484312073676,0.60165421623444,0.686246723911267,0.469154342822655,0.868035836247803,0.180129726745665,0.138939959679046,0.888291209833659,0.0381140877182108,0.491436769949263,0.368658674074044,0.0998529506061637,0.208138657733441,0.601933547105779,0.168725370329505,0.853542137535746,0.449762081436878,0.947984185611183,0.334437383473424,0.863361395281897,0.281639464098759,0.591399829655714,0.495718361889449,0.370945389556259,0.00820336772423891,0.0705351309607307,0.221519221751265,0.350855438974628,0.0982523118658026,0.108970578352103,0.240184452909692,0.499414401411088,0.918953913459165,0.0202009950716887,0.0925381445431316,0.0580967224912969,0.258866590031054,0.164873433932391,0.270002677613991,0.431029905211107,0.00491837052017698,0.156458404439001,0.774947534050833,0.238400593504708,0.392111628069152,0.0151459125962937,0.103946636952599,0.175201073010776,0.0273955180523953,0.0247917650575451,0.0436878802519298,0.373437548677904,0.0458268223030922,0.979854662352592,0.0261812189721757,0.307679911465408,0.12374084064563,0.667304723721859,0.502726910346131,0.0697204448649051,0.235406077224354,0.121143130986474,0.665967900379543,0.378032641999742,0.0721235674317073,0.075067476449606,0.101028963389207,0.400259049874455,0.533109141128868,0.0785341973521088,0.0228313731644887
"S1",0.0551998906831093,0.312195359653721,0.581104204331493,0.722840637206619,0.97636483395994,0.0111386714407195,0.0128864940407134,0.00494394655421392,0.00439035645211199,0,0.000805545434093576,0.00160441715431252,0.0516649839284863,0.0302592189172894,0.00150370028545927,0.00353520202330639,0.462775207958538,0.0541851587140567,0.15088991961206,0.0931065966552362,0.00567412499622041,0.201871577988633,0.168059080623871,0.687858601027637,0.0632938036440449,0.372869791703709,0.715979439751269,0.981705784312256,0.279073852371365,0.177691370180659,0.0192478128026429,0.223050447626579,0.148827341497157,0.403674308769128,0.0820804858756249,0.549480659983223,0.970497154729108,0.366827684488155,0.611670599856175,0.411135113552057,0.443008604280754,0.674071954005416,0.853207166627192,0.497576564584714,0.17731850032295,0.959917615783927,0.262951945695722,0.184038934753295,0.093522477129266,0.633956203580848,0.0160756263474998,0.727252704463986,0.597705150290334,0.0209258387000371,0.636884302207374,0.953849594973538,0.837306162077965,0.907854027248066,0.214440455362091,0.699799691900519,0.33693478798509,0.230746187967726,0.651500512936631,0.00866805516480817,0.854461473064345,0.667258547550926,0.176331634521723,0.645739657906004,0.40748285640551,0.0369305921123157,0.866315447806863,0.899251402205471,0.902398055377931,0.418543951002393,0.951208830947212,0.141756260615045,0.328070920578532,0.273293682973973,0.74710897880878,0.0425951978343074,0.173827327822043,0.191236424511015,0.42344284080259,0.0700133560390077,0.0989700738704792,0.437390406095429,0.882815569435149,0.821105186612144,0.00020348261786482,0.257085017059972,0.147013502110666,0.142912232021525,0.21733961956314,0.320342957319459,0.600872933469868,0.0920997786641231,0.34690726118131,0.397006177256241,0.104760478501855,0.0787514249756177,0.000199418044238206,0.0190662691619067,0.269944978960135,0.00610041118199409,0.0149385089328659,0.298329090740642,0.768386531126341,0.100903665973556,0.888162482991033,0.069544419655104,0.836612132818044,0.0709598424234407,0.413344623694608,0.406007579993968,0.0205587296277708,0.448382382317213,0.402848243419581,0.219534787134265,0.818212526790303,0.198324665858602,0.278727424644299,0.361950320031016,0.507332906488062,0.625120307731896,0.0586706829394942,0.0719129006651728
"SS",0.0430810840501765,0.433337134664931,0.671921101451579,0.767472525064311,0.92040023255396,0.0543903867067079,0.0155306735650953,0.00108688288762871,0.00030499753174318,0.000805545434093576,0,0.00264180992244195,0.187011262388303,0.173160858860881,0.0113633618455575,0.0311703758331793,0.61559179798203,0.086869001901589,0.114043534100296,0.0863189260510711,0.000399423023954368,0.294191584735273,0.219965653204775,0.653431849166766,0.125261152866709,0.461253451298366,0.584471824445885,0.931130725727779,0.232650119341914,0.10522805956663,0.00201418058690188,0.252768064572965,0.286716650986144,0.274929926872646,0.0533221237890031,0.633184603218915,0.946558634516103,0.509855311280672,0.747820762747572,0.360111923291045,0.730408950135175,0.719408739892146,0.946054203943665,0.439732914593384,0.536877321978102,0.899925613040562,0.247755321199444,0.143972830724377,0.111070712296672,0.979184491263539,0.00297541073355425,0.877463399703724,0.519710703989556,0.0325638595650418,0.813688816449767,0.607790004205488,0.911208272923322,0.880892533277608,0.411149805707182,0.851742266497405,0.236152040792089,0.306456369610948,0.803838394891419,0.0109774306822565,0.825560168770547,0.485218689813462,0.102554690209693,0.420882180040025,0.431810816939157,0.124008612415175,0.994325644472078,0.594654173502236,0.97167443500541,0.633155242318128,0.924455860906405,0.226556818152326,0.788060564243901,0.459532493271755,0.475309213032375,0.0323522695869427,0.158155303708226,0.306522220473163,0.400442157366157,0.0785350515454398,0.125904255201902,0.310133949870909,0.709998816086769,0.966969885377339,0.00318116753176154,0.210562454598143,0.187604706708436,0.395359481350977,0.249289913800898,0.408397179697412,0.472660288674262,0.0261353072222583,0.228218036954196,0.455316391966788,0.279424614400671,0.268611640545762,0.00485803655748254,0.0366975170616839,0.185945147779502,0.0305908443272923,0.0428337943282815,0.0945630723379199,0.367995186836851,0.0857531291985383,0.738420757841858,0.0437476480925935,0.569051490048951,0.0918873344266607,0.611200219867958,0.769185566723534,0.0138318912559886,0.258958912914293,0.379234459628605,0.469188905996182,0.556590249423758,0.148746950210576,0.197653314822316,0.252782791591698,0.38182213080758,0.563216887659806,0.143597288774615,0.04696883370467
"GA",0.0882893475889848,0.137758249849749,0.257593281199024,0.372685581833133,0.616024753616013,0.0291352670422971,0.00141282847179307,0.00853094186712186,0.00530756005835655,0.00160441715431252,0.00264180992244195,0,0.200342718913163,0.184162049899884,0.00929620163575109,0.0251896848665838,0.976724315889899,0.225086282317892,0.44760668888086,0.28632161104783,0.000506991134056184,0.074989505555067,0.0596647286254821,0.281267517677988,0.00562731906093606,0.438386058665501,0.590412594656102,0.561425649088069,0.0508174812378379,0.0232100945093039,0.0125726780224561,0.523855077622283,0.484101250327082,0.599612368856471,0.00664696729214238,0.480241902312136,0.951583475732855,0.119420955916547,0.211791117647404,0.102354888466148,0.709341674261634,0.382028226045432,0.845457515591507,0.485394059716724,0.20961133659613,0.71401015185283,0.783578208660856,0.492886777998032,0.149043917231396,0.531867335443175,0.00784322255545927,0.664250298153394,0.265614729430138,0.0540102790185508,0.27091506897874,0.779997838070331,0.504467007472948,0.445397332011208,0.0678222894733748,0.244410010900851,0.804454231956024,0.569060044564948,0.54547875577382,0.000503320594550671,0.833531156783507,0.990895622735569,0.42894405143044,0.945089004743804,0.598351769147409,0.00925162006933904,0.428856103803621,0.734513114455898,0.371990521101063,0.604763650190646,0.786224724598547,0.18884729052962,0.532706813383044,0.131383618489979,0.899226496012529,0.0903348054169984,0.453541489198968,0.542500153130405,0.41013657804247,0.18889495596685,0.201708100378395,0.246730225129837,0.793411574078361,0.562055975492433,0.00788804466791008,0.525799241952377,0.310396255949644,0.175376107373964,0.675336185370685,0.206801977776037,0.183343600827187,0.172408011125574,0.607393837929626,0.222337960557166,0.391593820509525,0.190900504225944,0.00901973896370187,0.00308971751736303,0.530937745780107,0.0454470277658154,0.0668944261153649,0.090341346408212,0.330586999753675,0.0787806754978824,0.943714308974745,0.156105881043206,0.872460451122259,0.0198696010597481,0.151702971484661,0.581658860139772,0.0282459311851537,0.857157342360671,0.209824949313782,0.473518269429794,0.509136700393584,0.165507179556179,0.450441502185172,0.485766169564774,0.277212443773161,0.768534341041558,0.263497713423525,0.198920202410611
"AuA",0.0422791918368762,0.293176808832376,0.362670390111227,0.733202973734624,0.946851507584212,0.0177629359332007,0.0759574841519696,0.0790148389678167,0.184286818655537,0.0516649839284863,0.187011262388303,0.200342718913163,0,0.12739278190464,0.0542395753071352,0.0444981662860764,0.0215515944204673,0.0054072093290451,0.0626094589514735,0.0501962770207376,0.30683462355066,0.110235136681054,0.0989091052181844,0.54475924721569,0.231443407766957,0.240569378377685,0.764115573966191,0.730048031495291,0.418420056538242,0.815736293895362,0.191695043092985,0.150092889070112,0.498393991643825,0.962850119587224,0.31561223723998,0.233836593524181,0.609270327479151,0.948099595822978,0.834880388051662,0.641928006857639,0.5367888160928,0.577582774590561,0.433497649498957,0.5145715950782,0.399978017550195,0.163877773732647,0.414164070398845,0.1326775176464,0.227084152942118,0.339309459516934,0.198047366538271,0.737851947926107,0.77131597750695,0.318940044408153,0.723699488621367,0.110993817947759,0.892817492678262,0.886103329939576,0.226076119444266,0.960420034805635,0.263746752406467,0.100591415883883,0.828269680716103,0.46329163541492,0.983652109679796,0.574258849938823,0.107974120331722,0.876176703443484,0.774571645693684,0.266312129545402,0.769014008954052,0.842030034283387,0.714930667422379,0.240759574486527,0.773230646814046,0.721607425935045,0.238126186953727,0.687213896660142,0.797067346640721,0.187243388699322,0.163228639106536,0.0106561331152276,0.487623374720587,0.335481473051079,0.295475742627479,0.994638239309281,0.71279138929963,0.858633019706044,0.060775177379222,0.565054480514521,0.114616791924151,0.0569391657335574,0.193043069252685,0.178176600145324,0.56629388227115,0.205569062956381,0.280146742098132,0.88204256715887,0.0259603338304552,0.196063612043252,0.111203795842608,0.277418884030974,0.136337299930591,0.0561094429955162,0.0283319997642531,0.746137017213214,0.500753068223171,0.300977959083143,0.942941530741647,0.368469996855328,0.8202619501542,0.220509809783563,0.700459898392912,0.0886691255418286,0.456085130476061,0.337852311953471,0.356786756333437,0.358323955538092,0.334623310149441,0.562449371774001,0.50248960490103,0.762155891272787,0.519495734148303,0.448470245154082,0.0902291949655467,0.511110204942952
"RS",0.551671136171683,0.904658438881135,0.640497627964034,0.846633738718767,0.712579588457109,0.0697561700572951,0.394432398051244,0.300918030079917,0.311627875106861,0.0302592189172894,0.173160858860881,0.184162049899884,0.12739278190464,0,0.0542519683139697,0.0185446883662605,0.55775612089988,0.273824558270212,0.438258799815059,0.434754153296221,0.309524736909559,0.891012429989606,0.90548929718901,0.430597688367253,0.439641108496728,0.762639303801577,0.659901829354412,0.764016881957857,0.828036233915294,0.627206024959103,0.449255668876266,0.225046699094574,0.0192943895584999,0.533576280303474,0.743945369483017,0.892918935004746,0.964111600492782,0.454712921560365,0.815046880928018,0.724401620812469,0.232427671788334,0.7654442900827,0.474620919209384,0.477995450656384,0.0654601241062642,0.646705728425072,0.149521970840665,0.470565278871798,0.125872565549124,0.403340063247937,0.522665415327523,0.658825778114208,0.82337280053543,0.0683197134048199,0.988492243696408,0.572148484007669,0.723068249503015,0.993756198878579,0.551362519120527,0.845790914227187,0.472065961751182,0.301831606489267,0.518135773453271,0.152415244815814,0.422720965166549,0.790538770655776,0.433707733333509,0.929788398978744,0.384620515859145,0.151073706540955,0.903422985163446,0.944070790122385,0.699690752977051,0.568015237259032,0.635615231134806,0.209490615822084,0.17738250367921,0.419462290389137,0.843628389438283,0.896886116457805,0.377179546552919,0.307358113163012,0.901793043260597,0.225611650832185,0.227587148064426,0.818787275620772,0.892532805813459,0.925693928342146,0.0341176118228013,0.366445685694239,0.324967305303538,0.168576772588434,0.189345503924371,0.816054490964294,0.718423872155001,0.677199025601001,0.948077630330132,0.44187719992539,0.0495800378792203,0.0331196295450423,0.0183836593373799,0.607797209839642,0.528210678699397,0.0536304786251283,0.125383809442597,0.572331165740073,0.110798297595377,0.72578312822902,0.913150707899137,0.311022323554496,0.786019553382846,0.458554057698234,0.74067953783242,0.367915310286296,0.125641335156736,0.8390302360412,0.83360128735143,0.0542879701628758,0.712238941397692,0.704953944849887,0.625749374363171,0.661258061834656,0.879853892234402,0.398093300996108,0.0588109076409025,0.179838356023052
"AA",0.0899296790207457,0.529209328661697,0.547893972252277,0.942187401256625,0.78525189476477,0.0156989770342937,0.0118074467659812,0.0170184688971542,0.0182723615030121,0.00150370028545927,0.0113633618455575,0.00929620163575109,0.0542395753071352,0.0542519683139697,0,0.000215595665538008,0.525524292585182,0.153891075947531,0.159609617599081,0.228359300531404,0.0126165058717782,0.243734821928559,0.224949940411857,0.741867449133403,0.0857869122171944,0.705969269987659,0.777537031200318,0.755003053924745,0.1852629238928,0.176056359337952,0.0142801886646597,0.128884157070697,0.252869116098103,0.5111788003353,0.0847913690950873,0.148759098066627,0.322162814126992,0.418450282377196,0.850713172426894,0.579260546699572,0.362741328949687,0.885883849269314,0.661732447454872,0.902252046133329,0.188855444207866,0.90643381685913,0.291791059557339,0.192038719506546,0.0329737306619772,0.394408668750085,0.0127851400861729,0.590311296798662,0.899597581719793,0.0860146121739415,0.391810487103176,0.630913326122932,0.871410850535924,0.880553044368452,0.169597311424042,0.775560166543536,0.333558572102046,0.204906103381375,0.822541821081869,0.0501940373631148,0.736413292502574,0.382545972031938,0.175856018547812,0.735817891297586,0.916366422972926,0.138619788028491,0.856769906172678,0.890382456410276,0.899072334484871,0.702076209098569,0.450300560932532,0.0713623865885332,0.773540097666354,0.648678967458625,0.311243953554246,0.258323523674447,0.367619628110408,0.164399594511557,0.931329263645639,0.31967855589732,0.0589602623143327,0.147760500316444,0.568837281707739,0.605479267462751,0.0246899258847459,0.251547410832791,0.152849347707837,0.0503353866475622,0.242433270854262,0.0665429440618857,0.562546490556224,0.1874285183224,0.125745630974177,0.543847060412013,0.0700704548111491,0.0265388308076758,0.000994162055676624,0.0285065190047668,0.357833420838196,0.00023825688535557,0.000621413609727987,0.337763093079268,0.775552826372065,0.0984376289437495,0.603253989102521,0.0229340340108884,0.973036154774051,0.0115748024021774,0.286199987496622,0.133214807983362,0.00976177682625293,0.481191336638105,0.346247773624418,0.450778045216496,0.807597862962975,0.556494386588527,0.507403784933871,0.574265245531661,0.801903724813531,0.654712402963934,0.0346509184841499,0.165663320127923
"ViA",0.0906840720168341,0.743348622463251,0.82410123003514,0.821953742749062,0.571906106067002,0.00227210784060022,0.0309198977639115,0.0240846699379388,0.0378800564507787,0.00353520202330639,0.0311703758331793,0.0251896848665838,0.0444981662860764,0.0185446883662605,0.000215595665538008,0,0.569524565568882,0.195572216523305,0.143238529855098,0.374652873990331,0.0516287417774017,0.302937827507542,0.344071400353315,0.961362716985284,0.0966489479189014,0.573884936831101,0.871595921262132,0.507550213800042,0.298976804572456,0.300977381717228,0.0380043609801311,0.0436021681001691,0.219687634173972,0.378400607571869,0.178404452019089,0.237938257824764,0.404834055442119,0.487418300028102,0.906530737665292,0.688718773567055,0.242859915134217,0.835368393345016,0.841350160593516,0.789366893069292,0.138706048616267,0.821437165581369,0.210876925530417,0.177293231374244,0.0225302131249027,0.334337763501841,0.0547566145100043,0.748064232984924,0.726055045695595,0.0330501825773815,0.616556936280588,0.375225281171466,0.974556120501338,0.952831299814252,0.263929704506124,0.986068517346293,0.270316063428995,0.104260711445946,0.737290656058516,0.0938121451975316,0.737644583143408,0.295472959225177,0.138269638276517,0.665889216306634,0.916193553315596,0.152127392506084,0.670214374183332,0.951476529979596,0.690305288068291,0.592711555047893,0.455244303046116,0.216520955506062,0.529173245497387,0.664765184785029,0.299031086223265,0.341171522242723,0.25890803536986,0.0753807259794299,0.914465591797772,0.435510814235121,0.0101544212024732,0.14815539786466,0.374256115118338,0.460705438889895,0.0343263615113757,0.194488503803094,0.0668034608893279,0.0132527397189394,0.146316370305346,0.097454293335179,0.984245726499911,0.229123758876919,0.14879271812644,0.52360463584313,0.0184432825126605,0.0571405900472248,0.00486795065462149,0.129707667726901,0.234486660799124,0.00203060687296684,0.00227572154251576,0.671408142610362,0.626103571428099,0.303302685930332,0.843681069725025,0.0636704432768197,0.812297443615316,0.0574702569251802,0.505873398725027,0.0887727116468857,0.0463374666537164,0.367834558296577,0.301800611095707,0.472664577798494,0.9579952942979,0.59312395214343,0.463665022535313,0.48198284354251,0.859455784709006,0.433563807242159,0.0144059281201682,0.126186444774851
"TeAA",0.198300865407144,0.62700502550181,0.695397499585223,0.906486636840564,0.74864714118297,0.465462330302778,0.64203491025725,0.435209037695752,0.612213419571017,0.462775207958538,0.61559179798203,0.976724315889899,0.0215515944204673,0.55775612089988,0.525524292585182,0.569524565568882,0,0.00651408090718913,0.0517917109158738,0.0130656148335255,0.940793256717776,0.557261091150103,0.44905911202909,0.84092207094949,0.848944568531207,0.363706404617707,0.54605096694104,0.568026902370891,0.827193943332822,0.161026620338566,0.659978436846854,0.373094727777049,0.65432314329977,0.944700354115365,0.952110007768385,0.569002040394928,0.726597653963755,0.267248736298489,0.21758173842646,0.108096297158851,0.817450668547191,0.3460522158263,0.305724855739711,0.334737383073337,0.871150502352276,0.00379248579075059,0.306063570385135,0.102119290732961,0.820029836193906,0.979759728663454,0.61403123851738,0.982295331759696,0.621543587578675,0.95687734046946,0.625765387768961,0.272938758644574,0.431359756582297,0.356202617903519,0.949027458082087,0.458635378781679,0.139248272796741,0.181232733599511,0.698134255996442,0.725484566274453,0.848320965317278,0.540978639553575,0.133256463229953,0.593778385172751,0.592527428558462,0.918547468923823,0.428341610499306,0.708614646247054,0.328567876279831,0.282185983353245,0.652596689483437,0.96286102119891,0.505732129863874,0.694215383501073,0.881375640136162,0.367439492181241,0.163701076158399,0.0254230970211389,0.453921023314255,0.313321923631464,0.958905499673648,0.310549316061682,0.686866620540476,0.78556623989374,0.364885673494546,0.6407476365188,0.357374761736182,0.659151437214276,0.177127153220984,0.73788025285969,0.285260856161101,0.245741658437345,0.35999182205678,0.0574093049209807,0.200002553018604,0.572195687535685,0.551087343091525,0.956678357281408,0.180541046006937,0.365630494153051,0.264637577166397,0.924421177654918,0.477536024783936,0.461328743091254,0.646307177738302,0.583347206361469,0.582132555908578,0.913845070340882,0.623125514104628,0.375349994033853,0.994232149977853,0.261805420221054,0.938363212939842,0.339936316828733,0.136616936845675,0.784544137023491,0.495545220751081,0.84898267660656,0.369472640768844,0.241001143225345,0.310359896442781,0.756874930558124
"Prh",0.024624710320759,0.265928803172674,0.481330916375585,0.726569050163813,0.925264801538322,0.116140320237224,0.145499510708718,0.0502914080226314,0.0910441405714894,0.0541851587140567,0.086869001901589,0.225086282317892,0.0054072093290451,0.273824558270212,0.153891075947531,0.195572216523305,0.00651408090718913,0,0.0223121938965363,0.000276123875094693,0.240100771788582,0.205094357269097,0.138447579200698,0.553790546779116,0.442148921309156,0.135748732612425,0.897498306320099,0.836010419207764,0.650134707664192,0.778298839367428,0.172030109962666,0.297378678706644,0.337673394680171,0.674232706457939,0.400544173080892,0.686316229322116,0.908667404068382,0.721282253010218,0.667750687934042,0.599556911017314,0.716053653657456,0.698418085189357,0.3408456804275,0.881924626113922,0.73627000614002,0.0472722099930791,0.25446177104578,0.0507559193115969,0.520041157827904,0.950432355125095,0.134579522617731,0.956266190522055,0.88032548492921,0.292262981361618,0.811318809425185,0.597759854063547,0.605715284277942,0.546852518187401,0.557149366133855,0.84374732544706,0.129673359719422,0.128990296877687,0.902732981206643,0.410311204955192,0.997512625740943,0.638789636123437,0.0427418015241843,0.465857950093903,0.262531581355781,0.363204947199505,0.776411147402682,0.643131217479265,0.680334846445516,0.151379136362503,0.395376805627022,0.584433386168001,0.273031580081829,0.64823213065059,0.948324094477464,0.0449565868015714,0.0444656874743891,0.0161495582795568,0.133504237438254,0.0531481902495892,0.598839606414176,0.60886708623116,0.816614595330848,0.863196118006208,0.0286667143638304,0.401384410249232,0.157471471268977,0.436222102960702,0.129687608203732,0.60402331775915,0.737039728543578,0.0380736522442221,0.340957577802526,0.514456068701473,0.131354037535272,0.405956622442886,0.119706065760309,0.410848035971155,0.0965054770757958,0.120320804180738,0.0922084221657043,0.381210616261216,0.847491004290196,0.153752668287613,0.895667837489245,0.288558983031431,0.486617802862295,0.47660511853323,0.962490789304667,0.465725909121455,0.455810693529482,0.217574880121031,0.528668377068265,0.234619167713112,0.525186586341895,0.220458217717674,0.189430449017234,0.433592300760624,0.844075735764457,0.330582541673508,0.156863833764909,0.268696915305075
"lpEC",0.0100525028380402,0.812970586358394,0.801547819508508,0.371500812141837,0.135999845554478,0.133087027565294,0.279067141887911,0.0331617479859695,0.0650352396570045,0.15088991961206,0.114043534100296,0.44760668888086,0.0626094589514735,0.438258799815059,0.159609617599081,0.143238529855098,0.0517917109158738,0.0223121938965363,0,0.0449949871573539,0.343461666341273,0.572023410211147,0.573193957136395,0.757953244636983,0.792239181809492,0.217737655430796,0.508497558758123,0.0793175186048461,0.80697279608216,0.651776518345211,0.094621346453517,0.0131356777311366,0.476197283540793,0.131952828935717,0.707205422225927,0.58495732988745,0.508298742153871,0.193159268689266,0.112378682113308,0.222609155290852,0.419883587148417,0.0949651491712913,0.969494183141142,0.970404837704861,0.896619926519343,0.106858711491358,0.0285050374984457,0.00010179746221113,0.344049210511871,0.557208091807145,0.101494882754151,0.562453373100961,0.289860477459203,0.175923298354177,0.301666582080867,0.454099435390085,0.0525964597995393,0.0553199983568274,0.713794857272784,0.168596604933943,0.000578686268705827,0.00459921551973254,0.209218273977118,0.840320592086813,0.147093210112183,0.0309854968317851,0.0031007574577382,0.0486347298178591,0.876140543970376,0.915694965443497,0.073299777955828,0.108207055560959,0.0812980405504169,0.287394004800954,0.885983459386645,0.909589216721765,0.710740845596487,0.474243979594376,0.125310402545738,0.128159484644149,0.00544159208169886,0.00672530711456424,0.62862895347355,0.298510733675793,0.161060383617444,0.646218745036618,0.0643729578355734,0.219295529784236,0.213463136033505,0.0429554028838184,0.0127038169116908,0.343787343939041,0.00479106317907308,0.41879372297605,0.407650420755409,0.00435804496672209,0.0135943900023318,0.407750272433182,0.0473569890052606,0.706633773104124,0.216797464658106,0.827311852466261,0.00760147545464625,0.100765207053592,0.0410631642736347,0.478007772360025,0.717612864718123,0.344544286528734,0.701112078741137,0.0774721681266003,0.0564822841183498,0.657562440357887,0.343566963800598,0.273958074904188,0.501498337022227,0.00380629232398079,0.315409974622109,0.764695035806669,0.828678992809869,0.426711127655928,0.0634721959614225,0.138360748682098,0.597343933692001,0.0224069227919363,0.0333148759469445,0.0743977706735846
"Ech",0.0748838298737459,0.291682183225516,0.512107428240532,0.790985978373072,0.998932445403702,0.351661160059929,0.242177950402142,0.0963407851067817,0.107122402716386,0.0931065966552362,0.0863189260510711,0.28632161104783,0.0501962770207376,0.434754153296221,0.228359300531404,0.374652873990331,0.0130656148335255,0.000276123875094693,0.0449949871573539,0,0.222421895687575,0.36669648125503,0.223286836471871,0.55356523843902,0.66867963958926,0.266552718228047,0.85451100356406,0.999886906208926,0.781122794274457,0.872825050958788,0.202859546522996,0.538930697842244,0.300834700145751,0.701337198071351,0.463432403591443,0.804685633386379,0.884736364829294,0.652624698725951,0.597596537397636,0.633117584466925,0.867818806809531,0.943330949897553,0.468532922340089,0.949025656675283,0.933573916306368,0.0519211701035175,0.257277526990458,0.0709462964620868,0.703125620746971,0.64577035937555,0.128388781612466,0.902786923804216,0.610878528691626,0.458929848638911,0.799251215032067,0.939293193311121,0.629853602661343,0.533062766951923,0.712656614608658,0.831937037202389,0.153225896814113,0.275121950978355,0.782736218915679,0.410909304535342,0.981347920770415,0.731596829265165,0.105066101541428,0.423158841461416,0.198567640017863,0.503058780842339,0.849562035220959,0.584901196348909,0.740031825889443,0.250763364353486,0.442060575076723,0.404871619198614,0.520922438251956,0.737126533052021,0.985935394440025,0.064061464996706,0.0917740645434944,0.0865240562971341,0.148337225492002,0.0217848048553878,0.972937133433815,0.514922734596277,0.989022177976749,0.742655032943936,0.0483949478828514,0.422977505737773,0.351719575317102,0.856058867878808,0.195355582838916,0.820180894079296,0.974384271775995,0.0405849232263416,0.415842488123407,0.337738332694176,0.333431061134363,0.402949905967546,0.134812468210673,0.471452018858894,0.211918546437213,0.15963499278316,0.155304472849279,0.272906419950047,0.821443703625233,0.0781308799787354,0.649527286315468,0.216493188801388,0.5495732886012,0.523280719805304,0.999759338210702,0.759357999732901,0.35885638226477,0.300712726922077,0.805318880638713,0.21140072860508,0.488409491393087,0.236201150217724,0.211741671231582,0.474607224534176,0.435499055787484,0.421992897847122,0.268786792732888,0.282598272790909
"VA",0.11564202623882,0.285024018453338,0.375661798302372,0.487331931995708,0.671895718165195,0.0899051028853951,0.00425555509881147,0.00801213829546321,0.00440815912169806,0.00567412499622041,0.000399423023954368,0.000506991134056184,0.30683462355066,0.309524736909559,0.0126165058717782,0.0516287417774017,0.940793256717776,0.240100771788582,0.343461666341273,0.222421895687575,0,0.212067316914033,0.135400124828748,0.355435641881223,0.0621097158017594,0.772578704985341,0.504977647781973,0.713662424501843,0.0713321452432892,0.0179132569179034,0.00119841728538935,0.486996660151406,0.548570501353961,0.598180493839318,0.00591802058637998,0.373060784565113,0.927472940163351,0.210524270407478,0.42047863344634,0.133782919765843,0.958293957638999,0.422446504635752,0.755776781541656,0.656198971124536,0.578468916750619,0.835393892438105,0.636253634527511,0.423718311324692,0.0824558043140093,0.685079675061868,0.00317987017799345,0.975775517959857,0.290518417033708,0.123870671556637,0.34872948462734,0.523850736140651,0.65505697975304,0.623134070998732,0.171751471449686,0.452366999652895,0.590415432192923,0.674143080641163,0.732661293153736,0.00339355073563635,0.919975983406471,0.70998556821243,0.260213327011256,0.834675780309386,0.703024027775706,0.0842208052553643,0.656230673605185,0.925622696251889,0.564439665729043,0.989186991793926,0.982533883032328,0.215386375173018,0.912157574575951,0.396485149494981,0.584338482281579,0.146414613450675,0.515420151475879,0.638619970312441,0.594811607113762,0.229596458770928,0.219642713486005,0.177240722117976,0.964862177138058,0.82578251951776,0.0170990190244506,0.513775909694321,0.439123243486179,0.409097147962657,0.66529524844009,0.242497432612195,0.188737267796155,0.120443069778655,0.384562515127975,0.240571776619236,0.538738050154496,0.255648831310884,0.0153354845310321,0.00373719197206506,0.403735954942488,0.0592797810301159,0.0774962182086243,0.0376709342380468,0.15805567000838,0.0802401604009627,0.603383263915548,0.0888611226040594,0.922567175059531,0.0159804810007598,0.266708924851964,0.845123300091319,0.00551335912139348,0.606216569914132,0.364844101293942,0.661295611892991,0.657840045536463,0.293799628663058,0.52368230898194,0.571289868816217,0.29306443542531,0.943528348758094,0.362021774283525,0.210381508174837
"aOn",0.0540971683704852,0.0128515443763536,0.00797246176142092,0.15423015079977,0.391353186052885,0.0923038860375218,0.0143701283497706,0.103763560203405,0.162624392035686,0.201871577988633,0.294191584735273,0.074989505555067,0.110235136681054,0.891012429989606,0.243734821928559,0.302937827507542,0.557261091150103,0.205094357269097,0.572023410211147,0.36669648125503,0.212067316914033,0,5.3941490628414e-05,0.0130545129818594,0.00411308200892383,0.103252290742259,0.907344832359322,0.417294891629545,0.00950622543374357,0.460665441380983,0.213785421048604,0.852029942117416,0.546012010567221,0.793165865420297,0.0328705108253254,0.340696420845545,0.918360053557491,0.378838044788148,0.248461112100853,0.503850633356387,0.868064014560442,0.856635753786821,0.977338672388535,0.790006743671402,0.393973531807113,0.513059756461319,0.438871436325783,0.646131388982299,0.77369868866201,0.431383388160375,0.111610887257184,0.448784145004942,0.384780964705611,0.476155133604671,0.180398721223256,0.46708730864571,0.607154470066843,0.342825523674203,0.0220688745251535,0.0863343162022403,0.811246566911704,0.573821290848928,0.87836666092704,0.242737240614907,0.999804825615499,0.677810324250301,0.889213458868854,0.777584313431941,0.996054034635559,0.0668439981661064,0.310878764869384,0.35976581632651,0.215705362788035,0.223474641614021,0.238705208243779,0.857702334061902,0.179007416552371,0.159170136592476,0.851984078709728,0.0284272995595619,0.554992793954063,0.3718442444808,0.210647527491418,0.600545471834393,0.398459024360369,0.70689075984169,0.719947908732852,0.435830159327257,0.250700118520551,0.92184148112287,0.323689009132532,0.109008285762693,0.918725717199064,0.0838448728730228,0.399836950133228,0.320182520197293,0.6304654193531,0.644893945929297,0.558648758817377,0.716346801474014,0.408387708811947,0.0274525755476686,0.651910700505988,0.358092984535028,0.248783877418404,0.12361349775594,0.559771110164025,0.14385186099658,0.409096855112076,0.767648591650537,0.965058177942404,0.113273100544133,0.155951156135692,0.281774552862373,0.787414038624149,0.913086800235281,0.0200005943370431,0.981578628755547,0.824359694655115,0.201919826403628,0.598610480041041,0.743502775504853,0.565676141494659,0.408244985873485,0.63019956860885,0.903637174524971
"TT",0.0709218016143906,0.00351234992687067,0.00238612808950331,0.081364912497397,0.227362624406869,0.129134466673892,0.0090655911851375,0.0982388509469977,0.15521920087817,0.168059080623871,0.219965653204775,0.0596647286254821,0.0989091052181844,0.90548929718901,0.224949940411857,0.344071400353315,0.44905911202909,0.138447579200698,0.573193957136395,0.223286836471871,0.135400124828748,5.3941490628414e-05,0,0.00370038874742451,0.010970786209781,0.196862533102938,0.919204606850752,0.286064244118401,0.00897187964327994,0.399437238965678,0.158183003075226,0.99680902122773,0.492005290204544,0.597441555900764,0.0134509825907591,0.283394281983991,0.999876475297316,0.312185500226317,0.232167657904724,0.422132419993516,0.831645039087369,0.649000267481191,0.86805274869108,0.642818186250677,0.552773717704369,0.404344713902577,0.416121694351343,0.704995625721613,0.681100963008521,0.40014816555275,0.0921261112740454,0.531760567445456,0.230034303355822,0.612787894442494,0.129887953855153,0.649375362799336,0.470343506139649,0.27158504262206,0.0131915680485044,0.0711217795755733,0.794035251591655,0.76520197653176,0.719179627536682,0.185335931209526,0.852965862054755,0.594090593820339,0.876619952140545,0.637248695831829,0.866860123166946,0.0630108861301504,0.24068752775763,0.290568215221966,0.168924834967419,0.36072422873517,0.211601280374716,0.800080723022173,0.306978466897104,0.16712387468121,0.773014503805106,0.0386464535309876,0.654400784050996,0.421411040359291,0.183531558989253,0.495790857716345,0.543057260985064,0.823433487478587,0.559452458900722,0.359376294403772,0.17737186463954,0.749390031906351,0.505275608973682,0.222655868133422,0.801611992026525,0.113517690529544,0.36044057576458,0.312157730047981,0.673535682626518,0.55240019688217,0.680228891047925,0.649773681517813,0.359994118708507,0.0111122619655006,0.643494807744611,0.360221070114556,0.267009766885257,0.088377103391566,0.465681740852415,0.102899704564742,0.637747485779811,0.754861336161602,0.790462899803511,0.0735051230276747,0.123362404468088,0.451106636477821,0.611184552517483,0.932616017848284,0.0723594810751923,0.90730864545732,0.968275789152966,0.240839232429698,0.720544000301541,0.927208309112759,0.421062408691249,0.358470287394139,0.780672677960724,0.99148928135127
"DPA",0.446633202718404,0.00375476707306275,5.80677798160692e-05,0.024535930229178,0.043468250683907,0.685598511324749,0.117157965675108,0.509721541603901,0.578626981937036,0.687858601027637,0.653431849166766,0.281267517677988,0.54475924721569,0.430597688367253,0.741867449133403,0.961362716985284,0.84092207094949,0.553790546779116,0.757953244636983,0.55356523843902,0.355435641881223,0.0130545129818594,0.00370038874742451,0,0.0946448788135166,0.580099794561308,0.78611387163703,0.0687822421258288,0.0171002045318019,0.393166088116698,0.465713704606132,0.329307501368436,0.133161698773562,0.199111788137137,0.0387222737164682,0.34633308605437,0.892609875494524,0.248479154782222,0.133486244366619,0.296137447735609,0.33246032997716,0.347723967217447,0.997824078491313,0.42787349914629,0.997008555446198,0.540169882842637,0.062560469888492,0.627603460673767,0.872609513459238,0.453226980373696,0.344000184476022,0.553041558886972,0.0713825182878697,0.648855981494907,0.0482879905369028,0.936773422209177,0.230088841909259,0.0879914750889753,0.025165273663591,0.0146896444034536,0.274450433814937,0.47717035085941,0.574429500000266,0.406592135964597,0.701755729309785,0.249805977898528,0.515820781581827,0.283145101592318,0.942142771797065,0.215935943572205,0.0743973144768944,0.10455810444675,0.0325448157350346,0.822359446661876,0.182197081958591,0.984832859166316,0.659003172198116,0.237261440459439,0.500949237263724,0.165629749514561,0.632514524148785,0.927016796711412,0.308778463347913,0.898129721768179,0.915869060496254,0.976715068459744,0.200891183315715,0.155625582683448,0.646616981319976,0.235823353213818,0.727360691530407,0.752189965464296,0.191906899460074,0.264652873320595,0.192323366441196,0.80119363411843,0.92864218126936,0.46444858130563,0.563869094586947,0.953573638987583,0.94261186434618,0.0123339514835326,0.764445834171454,0.979113525302819,0.863395764990253,0.104975834277964,0.18248161696024,0.216275732540198,0.737218047994768,0.747978228242551,0.391154197113441,0.162370097030251,0.0738281716229649,0.963759633748851,0.926441962239986,0.596128996147092,0.245050823273082,0.641669328125171,0.902028791668478,0.509229733158733,0.75913905012444,0.592595492519237,0.286630654809081,0.0599439779874904,0.436910423027994,0.373614428132287
"PC",0.116854822515324,0.0504497414052269,0.072376687354628,0.214903683658742,0.461574541248672,0.0353891344076484,0.00516751281184322,0.0664976577975928,0.0765647937328894,0.0632938036440449,0.125261152866709,0.00562731906093606,0.231443407766957,0.439641108496728,0.0857869122171944,0.0966489479189014,0.848944568531207,0.442148921309156,0.792239181809492,0.66867963958926,0.0621097158017594,0.00411308200892383,0.010970786209781,0.0946448788135166,0,0.227813844363174,0.828913057506399,0.405244172948831,0.009814717935643,0.0871012756744839,0.125048110906166,0.742805227036213,0.984152505402467,0.899556127066914,0.013035470976645,0.445114517154629,0.999523893619009,0.0957949892625625,0.0809228807902728,0.131049976224056,0.63209056680763,0.514826259907616,0.776562094565469,0.669164441895605,0.126078343091949,0.69805139247566,0.594283885827308,0.81597900777773,0.425463033152026,0.326100681013693,0.0702683089362416,0.409628444077985,0.322571129018044,0.152857996399052,0.131990550770592,0.728909833680678,0.386279704525077,0.220471684888207,0.0137890465090469,0.060768746214259,0.698225350079017,0.649494353123609,0.639713533352422,0.0316702783584407,0.817285918267926,0.68051860548257,0.857741147995104,0.74937722236459,0.93846304556264,0.00605078296044852,0.234088616873282,0.374789541966547,0.159435714200612,0.381274143042318,0.516153371526209,0.502204013329108,0.257883549233315,0.0594855745974989,0.883008496776728,0.121099540354033,0.66479369019254,0.618704098853294,0.376468882121219,0.542460440260326,0.254337532704926,0.310838834432252,0.703032349235545,0.457543853697362,0.118670961053287,0.865996602658905,0.31621017850263,0.0558868054696988,0.943358034951943,0.10041077515897,0.199764327219166,0.420156147090364,0.813634611955121,0.305245936698015,0.488056386226758,0.414745599609573,0.145323259644988,0.0205148849190945,0.809823908545056,0.1937072409599,0.183100297612803,0.163564569637153,0.50919852433513,0.179003425819515,0.370304176957891,0.540185382215012,0.808190410494705,0.0470355739509459,0.0754466200680322,0.333311701922859,0.335467654632413,0.864135758331583,0.039988265501523,0.812260034448755,0.468895079071971,0.186163380204068,0.614525326444333,0.621501274836083,0.428364623260344,0.3817723100596,0.453768228379474,0.554438117336007
"PAA",0.0392621733007912,0.335699309172504,0.587574675877795,0.865536746301703,0.584358594086355,0.229485925916317,0.409968951123074,0.179748709830793,0.200149272782736,0.372869791703709,0.461253451298366,0.438386058665501,0.240569378377685,0.762639303801577,0.705969269987659,0.573884936831101,0.363706404617707,0.135748732612425,0.217737655430796,0.266552718228047,0.772578704985341,0.103252290742259,0.196862533102938,0.580099794561308,0.227813844363174,0,0.64339766179727,0.827540018816789,0.628712295011629,0.696620980022449,0.67439898920207,0.507730494888594,0.779236869110281,0.231790008691966,0.773694337178754,0.475195800037371,0.549492767471983,0.575022876706033,0.95599177049875,0.664421063703488,0.228566085068539,0.443354709815049,0.776053150213089,0.326630824926777,0.395157712886599,0.3216811910299,0.64344528927414,0.149258583419351,0.524710998698479,0.430831847855563,0.366193268198861,0.663790558776993,0.967601679553787,0.135350572328255,0.487105801180241,0.57994492081727,0.348433088764565,0.492980411639572,0.848924765929249,0.878375060966721,0.439898954750122,0.0925409017307132,0.96777281061993,0.679312964331428,0.79271932062193,0.948603042052207,0.603160471939558,0.204333940822907,0.337891973563552,0.351298679489513,0.996903949711266,0.40615880254927,0.993182153300253,0.000661975107329562,0.107101705739633,0.855792501039545,0.0161416687018749,0.278966695847051,0.842342184208717,0.0165045241252996,0.0231791610451627,0.0510727419455455,0.0316446355068501,0.190489438248173,0.541747225899636,0.672017120152976,0.735283434809834,0.616693872993326,0.345507288945354,0.255595450686217,0.0459861462707415,0.32845056074555,0.233014895098633,0.832651822750476,0.960496170798545,0.0898071307242948,0.726452133619884,0.575616147159636,0.339267343694718,0.790608520414093,0.588194748701066,0.837498373658518,0.353542394067182,0.567994620097174,0.467704105368166,0.264801252076608,0.964374482323021,0.383634330643859,0.0802298138930901,0.735112469151028,0.144710748225468,0.822833972144944,0.781033858574433,0.431400684658422,0.57976137652251,0.496728372383703,0.0686551780502632,0.669518274795295,0.338390714539431,0.0186001811553396,0.0309947908479253,0.0616183220108294,0.737963971745365,0.611692552434468,0.251829122855866,0.195635182010531
"FC",0.704085844204237,0.665997973143173,0.953643403304457,0.0833862919880893,0.160141351445143,0.802951306139356,0.791466062635875,0.907715214475419,0.963262646715299,0.715979439751269,0.584471824445885,0.590412594656102,0.764115573966191,0.659901829354412,0.777537031200318,0.871595921262132,0.54605096694104,0.897498306320099,0.508497558758123,0.85451100356406,0.504977647781973,0.907344832359322,0.919204606850752,0.78611387163703,0.828913057506399,0.64339766179727,0,0.384840058549934,0.895523380982681,0.41787211750804,0.746358072874945,0.637553662159095,0.502483760377647,0.497254523437408,0.472018985343568,0.634368407908429,0.059762399734842,0.186149314123025,0.20138966409054,0.104975940426908,0.0554664629540913,0.28694397013823,0.124524112800582,0.829241318281949,0.547022277967025,0.68021565161681,0.457198976482709,0.272572431540299,0.445201104407504,0.516580225848951,0.732579172791905,0.165321484697176,0.43920290523124,0.835898467454259,0.86842635600593,0.42240300212086,0.29736400747092,0.392847794264181,0.740128604839655,0.624265795250997,0.502412337204413,0.252627951350886,0.152720048820016,0.277561830120822,0.179048745076187,0.437115347038159,0.964410187078669,0.294003948717553,0.253246701255825,0.410792077740951,0.359587652490161,0.709929609138423,0.394475906977711,0.351489783690024,0.343703090429462,0.359219933255703,0.902856372390968,0.420193470637381,0.42571435777725,0.87796886731985,0.652112134687923,0.678970114448032,0.495240290990281,0.973878563188881,0.927096919346881,0.805505730316706,0.379904831998975,0.400948657935247,0.359307675064257,0.180675701337446,0.424461417516962,0.551059746295291,0.308431822535197,0.408140768335453,0.967331496043121,0.735859627772406,0.374362554178969,0.0549440411401066,0.155592620179201,0.406269655581397,0.910329935069845,0.576626081181584,0.730146577734293,0.28752719292078,0.299351454945081,0.988492875400336,0.995904753034165,0.329689266528665,0.629953669280061,0.139768051454851,0.510206667492183,0.996202356055626,0.949497122511286,0.0850163129119073,0.613779506218188,0.906767010747295,0.546712166073333,0.966515997117,0.74968500599733,0.918100386724941,0.213025027383149,0.270347536149011,0.848347081509856,0.715185201354112,0.156829224307987,0.662450098583127
"IG",0.466868099384474,0.0245707611347239,0.08163888723324,0.0155008992216104,0.00175302054699991,0.62191608157115,0.737608153655176,0.636438699013605,0.748234347890242,0.981705784312256,0.931130725727779,0.561425649088069,0.730048031495291,0.764016881957857,0.755003053924745,0.507550213800042,0.568026902370891,0.836010419207764,0.0793175186048461,0.999886906208926,0.713662424501843,0.417294891629545,0.286064244118401,0.0687822421258288,0.405244172948831,0.827540018816789,0.384840058549934,0,0.477554496228746,0.312461098916803,0.696571195549647,0.00923946279998042,0.596776531106587,0.088426872371741,0.35886372711437,0.824865825812057,0.26420718314087,0.0474834076985694,0.010773126730166,0.0664118638610019,0.315577766513408,0.00325959268257583,0.611649775076401,0.973984525844028,0.633710835272056,0.646787011921209,0.0375123271166862,0.068700075619258,0.510219244825661,0.518201026248053,0.869167371110031,0.314335106185358,0.00125960478229437,0.483920725079604,0.0758736504104113,0.296109192033372,0.00644422263639663,0.00609732712588886,0.105098119079073,0.00400966666382326,0.0134646100481314,0.0347802939808209,0.0144936575181769,0.301796302153542,0.0301991769832803,0.000850377574904586,0.0351264449561707,0.0526984771073852,0.38209434781357,0.143249130008005,2.65724017427309e-05,0.0411295696571456,0.000360412933375086,0.855281287840258,0.196991488056014,0.516988290665242,0.756051392669283,0.04031824365961,0.0253871245748489,0.939819520372591,0.168486752103341,0.228708110566521,0.351461684382925,0.65889559351524,0.186911486012168,0.381933632058992,0.000214123234457006,0.00373945644694677,0.731817956139455,0.059128516592385,0.0878550669162043,0.529254338343846,0.0276169416466265,0.727448690328821,0.0824127361523809,0.352379378760779,0.0629359377299042,0.337219731921042,0.190714214960857,0.78764700278407,0.975819519518811,0.316223912761923,0.0993803945082922,0.584517046149075,0.402715188606123,0.554069279153634,0.289539293183738,0.573846282353648,0.650347580065453,0.339771835217676,0.0586169954056471,0.591938925074859,0.0469430491949829,0.326560355716082,0.888655161169896,0.0385722669862254,0.680807301111385,0.19173969932684,0.99936388629372,0.676211192373379,0.383480926223773,0.313229042556225,0.0708024838610302,0.00351757150784456,0.141791917058671,0.260405466759119
"CA1",0.162056148207497,0.0988785769382048,0.0198800733614048,0.204320816935305,0.345983915711259,0.177639796197427,0.00590619612558161,0.116418555313508,0.158841369535925,0.279073852371365,0.232650119341914,0.0508174812378379,0.418420056538242,0.828036233915294,0.1852629238928,0.298976804572456,0.827193943332822,0.650134707664192,0.80697279608216,0.781122794274457,0.0713321452432892,0.00950622543374357,0.00897187964327994,0.0171002045318019,0.009814717935643,0.628712295011629,0.895523380982681,0.477554496228746,0,0.0954444784518468,0.0642516931578013,0.856379760082874,0.374766729614748,0.720060459763298,0.00134929676999256,0.103021843556674,0.570024402954265,0.193432064296934,0.218055752554235,0.203307588965382,0.709819168589936,0.689752496220033,0.466274038962872,0.616140774873172,0.750471469235167,0.98625475483069,0.321174214179594,0.932432489556431,0.371284180847854,0.308125847655029,0.0583987191554518,0.77447873348231,0.358128965964684,0.655978329862615,0.0531166468753313,0.805753370952208,0.47936337927415,0.220497106667428,0.0225769694539025,0.0842610644445046,0.685798796239333,0.965653227894304,0.812893396997546,0.178727426453793,0.648865966915652,0.969534578487963,0.781130023629413,0.621059355049592,0.435883086712278,0.172221239260031,0.381033731546515,0.28159205409674,0.196507685877888,0.987474674434315,0.749384250748153,0.961149387219121,0.884501503194814,0.441365693190403,0.657750252531358,0.173912895586257,0.923189474629621,0.888768873174321,0.764338989578884,0.881047088039573,0.248177999572112,0.145255442750677,0.875499662389027,0.780651901005122,0.443506887223401,0.789952278469026,0.600081703819657,0.195862125249759,0.575192750615428,0.0195595831308372,0.146595234735746,0.460892451568248,0.427134821844532,0.322250108274591,0.912697328265505,0.776537533390651,0.458645642036377,0.000926867766943047,0.7556796523405,0.399334608173488,0.278001047994541,0.0332794309551823,0.162064103965012,0.197471257695177,0.865706020120365,0.591714325750002,0.728983684312386,0.0134285825373137,0.0905560129961112,0.472837764924128,0.391991618508166,0.90944242614407,0.0348137848806658,0.368584459821426,0.751673026961684,0.548671848738398,0.98480360786181,0.961361977942945,0.571887482776177,0.279651078471851,0.920689644625729,0.929513710529461
"CA2",0.764648269738627,0.399923729097717,0.442333030250926,0.407948331694392,0.399349342277298,0.466223236563595,0.106023128263165,0.273069895463591,0.165360767660526,0.177691370180659,0.10522805956663,0.0232100945093039,0.815736293895362,0.627206024959103,0.176056359337952,0.300977381717228,0.161026620338566,0.778298839367428,0.651776518345211,0.872825050958788,0.0179132569179034,0.460665441380983,0.399437238965678,0.393166088116698,0.0871012756744839,0.696620980022449,0.41787211750804,0.312461098916803,0.0954444784518468,0,0.121733134506927,0.813731516685027,0.763599185411818,0.87779437488378,0.0327651051727123,0.61660382896449,0.947486913500303,0.0282756171482541,0.0835794417498843,0.0042842041361857,0.839485705225704,0.0960266575299443,0.390850617113265,0.425912374413761,0.456644745972931,0.110708640543573,0.671045048337454,0.662968243012111,0.282337231994263,0.590182156717623,0.127042811365861,0.754838487787896,0.123578688685525,0.348365679059188,0.134504803204239,0.225193899735971,0.216863964638226,0.17562509816758,0.165523174011436,0.143182596679926,0.511483054253629,0.535597950844383,0.456756011000027,0.0082538900929783,0.771905422077437,0.713496963963579,0.960205849828772,0.656067274273319,0.990142105356119,0.100256092556376,0.231763534759148,0.497271517718293,0.1560199652369,0.52461605297682,0.78968856014608,0.228505612126211,0.646054401801563,0.24933950613588,0.958315328807157,0.713690322387101,0.623217072383866,0.326478831287262,0.98440019613278,0.683086003423566,0.570202974060517,0.105490923098299,0.52993815607051,0.554302029924757,0.271099274744553,0.987554626134095,0.881348879795512,0.691633127270881,0.530149452967391,0.430686370195534,0.011493068644866,0.777479157171112,0.903965113931621,0.0646221376556103,0.779140508915129,0.407376427965234,0.169657730623948,0.0591085495863258,0.695329793092155,0.372571003290161,0.513030536914983,0.165613019320368,0.0664469459445661,0.29246132636199,0.768569258356269,0.372821910766189,0.430089381495684,0.0536568640013808,0.0859117121037687,0.774697109256605,0.0376952653485305,0.537421253310791,0.582609767674995,0.960940179915826,0.325472574137455,0.559494499895923,0.936588438122444,0.918514297349593,0.138243401980949,0.274697886274179,0.961724795260955,0.578438441651436
"CA3",0.0285589056204804,0.553308133284933,0.500919972785431,0.775316830136896,0.91636559403446,0.047185929710067,0.0038772949465091,0.00110553359315768,0.00338083190244559,0.0192478128026429,0.00201418058690188,0.0125726780224561,0.191695043092985,0.449255668876266,0.0142801886646597,0.0380043609801311,0.659978436846854,0.172030109962666,0.094621346453517,0.202859546522996,0.00119841728538935,0.213785421048604,0.158183003075226,0.465713704606132,0.125048110906166,0.67439898920207,0.746358072874945,0.696571195549647,0.0642516931578013,0.121733134506927,0,0.149763732863009,0.768765866858032,0.444756149831859,0.0152725269290503,0.198430734602398,0.604046719291187,0.586344554466751,0.912760843739208,0.45873481331025,0.96140502389006,0.92232752255159,0.692403558291084,0.993573489915463,0.942753625570531,0.768769887561935,0.431518464032727,0.164910474886865,0.0392988633168776,0.733920740826446,0.00162450624623646,0.592869062368053,0.800167105512219,0.138083602754867,0.601094251581637,0.939892176489497,0.799316414889786,0.905568875994802,0.339556416882101,0.889629055958006,0.229769838775616,0.318494271658355,0.616664502341479,0.0757347043658103,0.384370781623799,0.233621007121625,0.0553596156387342,0.532166223205499,0.904890510352282,0.315293401426398,0.748314145063256,0.751082766838496,0.914918855742203,0.991724099483773,0.818717633825169,0.583016211844872,0.819924356053826,0.905616382908676,0.193555605221915,0.135732189248807,0.29384215122298,0.243702867720092,0.773294117692686,0.456468511739078,0.0644962749043257,0.0904746439418636,0.457465252295694,0.597572866423873,0.0595627474996176,0.338585694756518,0.182932634402067,0.274717913331772,0.37876448788344,0.109870599882908,0.54275235424352,0.0383938394421511,0.0788895478574618,0.481305306706092,0.3150740750146,0.470662972641646,0.0548102481790831,0.0419895227950635,0.101835856203791,0.0603590782371231,0.0350595796687817,0.0206634852837053,0.366311672861217,0.155629426524283,0.56096126589897,0.066152962098894,0.63460145148236,0.0289761204252974,0.627150283963499,0.583158210778633,0.0342898095901182,0.18033632368554,0.184428580995205,0.921510058960479,0.818241313055853,0.40880872488132,0.402963129257156,0.455738653697939,0.736739975450983,0.594864694539345,0.242821078805696,0.194760945831072
"DG",0.086327102867095,0.335087212802687,0.402406676199434,0.203202460315503,0.0508787981196855,0.054590428096489,0.370550306540444,0.0997722444520191,0.186992862089822,0.223050447626579,0.252768064572965,0.523855077622283,0.150092889070112,0.225046699094574,0.128884157070697,0.0436021681001691,0.373094727777049,0.297378678706644,0.0131356777311366,0.538930697842244,0.486996660151406,0.852029942117416,0.99680902122773,0.329307501368436,0.742805227036213,0.507730494888594,0.637553662159095,0.00923946279998042,0.856379760082874,0.813731516685027,0.149763732863009,0,0.445821617186102,0.108299943881956,0.837781003372699,0.441043997618207,0.316540884261452,0.399240284385647,0.176927812219256,0.356851998156699,0.27455504586902,0.0458189227750239,0.861753306584621,0.997250664877411,0.83834192681038,0.633692155455693,0.0334517701858597,0.0233887149331495,0.0937864815502557,0.911877115666494,0.27903091472402,0.432637268776048,0.0429774207078333,0.102855376512936,0.365085703809725,0.172247496033733,0.096572740939051,0.100819086530484,0.704625169758791,0.116145808632263,0.00991369575430985,0.00490374705650169,0.0895586391138194,0.914598626445558,0.118997645458912,0.00455273358511683,0.00567720866747817,0.134834001095286,0.588083422123081,0.875007486621974,0.0256911260896602,0.175747923432382,0.0376020525036117,0.623393628159689,0.347140581917808,0.803475227018481,0.834035776247266,0.347810686019601,0.0350781811408137,0.542428697739225,0.0612627442915251,0.0126521059060702,0.68276509922242,0.916757975904708,0.0100102688314245,0.20029464853917,0.0064769700369029,0.0356582260067959,0.40609488592952,0.0498720504675668,0.0076721981036056,0.0920039393044238,0.0105002489135198,0.274704354302552,0.141611489890564,0.123838056502515,0.0179300739831331,0.810597495285002,0.00788407522160094,0.655096800056943,0.277278492462143,0.952547878190264,0.0144446947687823,0.11954646386357,0.0522222907977542,0.916805685645175,0.256417664868338,0.953741548722098,0.851095048387321,0.148721913156518,0.123806272925662,0.63021808878333,0.321324974061505,0.128674254295408,0.495222580565543,0.0153872219908393,0.306181879190631,0.871828590624994,0.985216259969646,0.914148946724427,0.257837352265098,0.242313879108335,0.193657763713168,0.0135136492884952,0.0191907221182678,0.109072233415081
"proSub",0.797486729254643,0.588732964847188,0.218734462006202,0.228523810844028,0.236122992269892,0.544624094625028,0.961463921507853,0.554073410148185,0.381633934049919,0.148827341497157,0.286716650986144,0.484101250327082,0.498393991643825,0.0192943895584999,0.252869116098103,0.219687634173972,0.65432314329977,0.337673394680171,0.476197283540793,0.300834700145751,0.548570501353961,0.546012010567221,0.492005290204544,0.133161698773562,0.984152505402467,0.779236869110281,0.502483760377647,0.596776531106587,0.374766729614748,0.763599185411818,0.768765866858032,0.445821617186102,0,0.0919293315576248,0.6707255354786,0.504794510936022,0.962702067947494,0.958478935253155,0.731924094491439,0.949166751287146,0.0804807086335473,0.807783992535944,0.994834628562647,0.0765023092024513,0.154289184003836,0.4750725098316,0.0479754243044789,0.340798248747174,0.639571241472845,0.59906335054932,0.605830758407753,0.527926930639605,0.881665072178384,0.111431862795667,0.481533213293346,0.742827055617044,0.757380924820447,0.479384450633604,0.672515326547676,0.492518568450315,0.346584567197042,0.337482788874311,0.588938499365692,0.344974216249238,0.692193351572096,0.694359831371875,0.525309332391445,0.308095130963477,0.244299858795106,0.532414584467558,0.660055324225461,0.338884191818572,0.472129574619708,0.465614096284794,0.498339262077526,0.0849356577901905,0.0756405159634372,0.677639517608224,0.628937774154203,0.928697005240606,0.310010987123374,0.579240189691069,0.922411610042505,0.0648769302773685,0.993192734359332,0.976358069396252,0.714610405239079,0.995094423926006,0.125048493980247,0.0801618347692144,0.436412683197933,0.716252163846612,0.117841833017445,0.659066666059069,0.999690532927873,0.554371660616778,0.765160711400728,0.35170298735845,0.220789088744729,0.0802895293355205,0.0540331533452735,0.221030795555937,0.879567662854281,0.123787852423474,0.288495066496368,0.759325027447091,0.0847019794954806,0.532755566816067,0.890844206397629,0.152947361653463,0.449950494102609,0.981042606047343,0.908606070685865,0.688607974968116,0.212631979192112,0.951472055715497,0.581655531463542,0.00605671818731155,0.873865006108829,0.533228786797416,0.28951156535662,0.23870068612676,0.660173931366596,0.316580876878232,0.0756592546926261,0.0437124996580129
"Sub",0.226036384485921,0.294622698732788,0.174802746150054,0.0880415457879399,0.0133451631441963,0.496409329664735,0.868532081982846,0.221857439445534,0.134028020003518,0.403674308769128,0.274929926872646,0.599612368856471,0.962850119587224,0.533576280303474,0.5111788003353,0.378400607571869,0.944700354115365,0.674232706457939,0.131952828935717,0.701337198071351,0.598180493839318,0.793165865420297,0.597441555900764,0.199111788137137,0.899556127066914,0.231790008691966,0.497254523437408,0.088426872371741,0.720060459763298,0.87779437488378,0.444756149831859,0.108299943881956,0.0919293315576248,0,0.723110783202187,0.377290231238799,0.919446322058917,0.273589295012631,0.316704297418982,0.598560818548601,0.0758976198110641,0.26330681843079,0.402223569034773,0.0504869026190186,0.634458513554682,0.827747883232732,0.0302749727716362,0.0435763099221809,0.9084398921587,0.0890920657355304,0.3060618140481,0.801589466023057,0.353229646851214,0.0286699436959779,0.0831395046792075,0.777905548675204,0.0383463921348587,0.039597893382426,0.214317082399903,0.176533182211723,0.0544733785628663,0.042936954869425,0.431528580120102,0.714011794387053,0.184391068955268,0.111030664257218,0.0604536964328721,0.00119934993173918,0.712491998418742,0.895615970317488,0.148934851295811,0.00620492979810912,0.160344232717917,0.250552407519552,0.701377093143348,0.582464570062677,0.689507150193841,0.800135296781011,0.210365861633119,0.368835683433986,0.0279307443698088,0.392923523498784,0.768117091105092,0.325225418834922,0.259630655951409,0.398537357039981,0.0613790270754113,0.334582579493149,0.565900696951273,0.000455452672430111,0.0351205513524675,0.649742790839738,0.0200995188726162,0.909712324381984,0.924235967524902,0.0701378911670552,0.294764699996607,0.355424477474324,0.315792456116226,0.985377712773835,0.358112708814572,0.5013614941889,0.290382141461379,0.333399919969284,0.338419090174331,0.620206781306337,0.98529133203323,0.636033179615649,0.544135920160293,0.104002835085856,0.00341530330510658,0.695360158644894,0.253886067954089,0.65409544432167,0.664899363090841,0.179760575286704,0.397874532151541,0.873494684983593,0.0851459880995287,0.227682229583859,0.0141732076611064,0.00183506257032013,0.863730978496359,0.0762940816143682,0.0609901400235046,0.00133183149100448
"Clst",0.165103248977026,0.0704976863549156,0.0506666974939644,0.108038975263196,0.217681331592571,0.111360948442938,0.000808007178354737,0.0496174576562264,0.0725228843037654,0.0820804858756249,0.0533221237890031,0.00664696729214238,0.31561223723998,0.743945369483017,0.0847913690950873,0.178404452019089,0.952110007768385,0.400544173080892,0.707205422225927,0.463432403591443,0.00591802058637998,0.0328705108253254,0.0134509825907591,0.0387222737164682,0.013035470976645,0.773694337178754,0.472018985343568,0.35886372711437,0.00134929676999256,0.0327651051727123,0.0152725269290503,0.837781003372699,0.6707255354786,0.723110783202187,0,0.164860755116448,0.929476009930501,0.0828646147986186,0.151759135213183,0.0763907636394176,0.517101043322642,0.387187462874962,0.86449725818904,0.77664159276751,0.753670934936001,0.971291593313159,0.538369988922267,0.907409485333078,0.157842576282946,0.274476727584192,0.0322083008527148,0.99887082028195,0.196396125169225,0.45565083834665,0.0719522051337673,0.863636796563438,0.322025370132212,0.195609427825924,0.0189830176445143,0.106519904948145,0.813859520935367,0.929869371319026,0.750328816711882,0.0310408279057212,0.96247795822941,0.885037904278776,0.602884032205631,0.553994278691477,0.915389230307487,0.0641179116404545,0.300206987807884,0.331521393827376,0.184915973046496,0.855312351982578,0.667403568208715,0.699472604935085,0.957508367677779,0.297173176958366,0.838742224458368,0.201575801570834,0.974864243874354,0.828310746606252,0.565368636127672,0.697127100893443,0.308302437968821,0.223945023221848,0.687643956144424,0.624708720595936,0.120320192567041,0.78133277970327,0.708219184699402,0.317500669186751,0.669061597849374,0.0927409007970314,0.160224818955198,0.360700207541709,0.569380780812599,0.159151432901981,0.858627970147796,0.546941490884927,0.192612302673361,7.41647354631499e-05,0.579415040415458,0.278661569038169,0.238111611417063,0.0312429331439923,0.215812125949921,0.175343141384558,0.822972230997787,0.49082581974743,0.604253195753656,0.00550890482087456,0.100359030779751,0.8006096553455,0.119150352119653,0.873356025693915,0.172353334548584,0.831887581505293,0.845006937176888,0.458624159960035,0.992915763023482,0.923129971492068,0.411556746179427,0.388828632777249,0.878752578678831,0.84641377051417
"dEPn",0.517491178720966,0.698914474869402,0.222184344817114,0.859625329709923,0.746042012839874,0.344551263007447,0.14590268773297,0.475765263606953,0.661034132169781,0.549480659983223,0.633184603218915,0.480241902312136,0.233836593524181,0.892918935004746,0.148759098066627,0.237938257824764,0.569002040394928,0.686316229322116,0.58495732988745,0.804685633386379,0.373060784565113,0.340696420845545,0.283394281983991,0.34633308605437,0.445114517154629,0.475195800037371,0.634368407908429,0.824865825812057,0.103021843556674,0.61660382896449,0.198430734602398,0.441043997618207,0.504794510936022,0.377290231238799,0.164860755116448,0,0.0321554699771666,0.612127750501617,0.893023843130277,0.999585916230723,0.733055986202423,0.785988505622564,0.512206875619677,0.036995747216464,0.936296465677817,0.723351821405699,0.771515703846134,0.806592537046992,0.103132179271481,0.0795624884747272,0.311044216908455,0.872980671540807,0.797774646354321,0.678652122561258,0.0911740520687645,0.22552597286835,0.675337452713968,0.524370402373519,0.143184558586331,0.676358676828534,0.875015171419929,0.812682386949321,0.237617044401719,0.847658924570217,0.412359006390914,0.421126139308481,0.563420258578435,0.465546265201221,0.0599974759248436,0.914915798303816,0.78446352488034,0.236190892524057,0.978395904509403,0.412957336684575,0.249494043271234,0.806589155260835,0.474120106668177,0.467706972029022,0.259088742796587,0.969259316132742,0.601356669844512,0.621501509909099,0.218878629332184,0.380639833653629,0.341522655198142,0.167839167202026,0.667248599062025,0.357950700100697,0.842230493150679,0.74654562101611,0.813595528241939,0.182720827510164,0.886124747863748,0.00427726775065282,0.985560744420171,0.933633149998503,0.156876941552134,0.714491809861478,0.513315493327667,0.323628252346098,0.562479416849191,0.135314010328608,0.670059575161752,0.25389657251081,0.141180454044835,0.712602813484397,0.893271549535308,0.506594812804753,0.267303742649871,0.45103265342457,0.488086608297486,0.0207227226854403,0.266179392503351,0.146246781898967,0.332823484735723,0.690493750580677,0.474788699693114,0.521976413011774,0.179357580824944,0.354006490468942,0.419518630013634,0.346501205557886,0.493837059875803,0.804775344295625,0.686960874038525,0.515839990327034
"vEPn",0.739131766507838,0.498782529656163,0.837555115811046,0.162627532317469,0.312888157038591,0.809516373182494,0.699527491210075,0.852935231521873,0.867220127886029,0.970497154729108,0.946558634516103,0.951583475732855,0.609270327479151,0.964111600492782,0.322162814126992,0.404834055442119,0.726597653963755,0.908667404068382,0.508298742153871,0.884736364829294,0.927472940163351,0.918360053557491,0.999876475297316,0.892609875494524,0.999523893619009,0.549492767471983,0.059762399734842,0.26420718314087,0.570024402954265,0.947486913500303,0.604046719291187,0.316540884261452,0.962702067947494,0.919446322058917,0.929476009930501,0.0321554699771666,0,0.573418612827601,0.247072954161148,0.332035930993506,0.409020367026461,0.342291489567808,0.0654136849453334,0.250942441378306,0.854978704101842,0.966302947752762,0.675595569995569,0.458688395775803,0.492491303930401,0.630402368944912,0.494470938321544,0.488005759980907,0.302854889222801,0.730671262231514,0.519256867085599,0.256647201302636,0.579348836046489,0.720391193241376,0.810818513355327,0.663938636883174,0.529342652054826,0.413397087626235,0.0324562321390447,0.576848954681263,0.0815177838142414,0.144802710894391,0.594926607922921,0.751262709304746,0.0135908514741398,0.428063059075093,0.240273311002033,0.82337482352828,0.356664256480762,0.730869011866912,0.024092103349194,0.768228131872914,0.412207496135397,0.136655068320873,0.0919791293945213,0.744709296584225,0.834200677970077,0.805438683742046,0.0410832071603886,0.385891600682503,0.521836384784065,0.142738196435702,0.252615882467222,0.094825874951865,0.575044235836073,0.495372377151624,0.557138292591251,0.266897500801596,0.585145577341291,0.0384885809373294,0.915656879480537,0.933651691919954,0.112128363081389,0.52506015984686,0.345845126332458,0.319089810330272,0.721539473699602,0.823171093693861,0.99796987650146,0.228294044197925,0.142775379771563,0.831911780864959,0.967346008697014,0.501839634889685,0.266580760695221,0.176534992822104,0.990367972980236,0.261967816625975,0.635364074406303,0.0394361613220848,0.592250712427995,0.709255966331566,0.569799909786416,0.510591886962288,0.375698857572745,0.293247187925962,0.830901793154655,0.84062215296945,0.469443003298696,0.759189482814192,0.313592078080102,0.938971913669679
"LAn",0.72164812150713,0.140586904646271,0.233779493102247,0.0531108271169859,0.0385030012892882,0.483018592424425,0.234967457288415,0.78630296818475,0.764643516074008,0.366827684488155,0.509855311280672,0.119420955916547,0.948099595822978,0.454712921560365,0.418450282377196,0.487418300028102,0.267248736298489,0.721282253010218,0.193159268689266,0.652624698725951,0.210524270407478,0.378838044788148,0.312185500226317,0.248479154782222,0.0957949892625625,0.575022876706033,0.186149314123025,0.0474834076985694,0.193432064296934,0.0282756171482541,0.586344554466751,0.399240284385647,0.958478935253155,0.273589295012631,0.0828646147986186,0.612127750501617,0.573418612827601,0,0.00156375527754614,0.00131410835308856,0.528430245772021,0.0186926119730455,0.782688425455728,0.884283225898126,0.300138258329667,0.147268981704753,0.193334351157354,0.129338093021348,0.367418764494613,0.0727642804043946,0.712548774735916,0.586427465056159,0.0844631186099047,0.779621956006409,0.0235501031666452,0.65491282728266,0.00255158037822715,0.002787472399755,0.021789846683701,0.0172164706158962,0.077928119012263,0.186948624582664,0.101072263552478,0.0438991939270857,0.101845163532128,0.133365203929731,0.416360799507771,0.0462398928270324,0.803311356674205,0.0253251953424498,0.0208337863097731,0.0407710669426814,0.0187901726841607,0.485446909319863,0.795560414809158,0.527114672641702,0.897687035654676,0.0613115318210615,0.323867429264516,0.900479458088414,0.220233250065382,0.341271904675222,0.89212986567493,0.981478126388839,0.926998998893684,0.601363500269778,0.110401836153323,0.202739800676312,0.342294944228057,0.218553790090682,0.401865877695556,0.604575648602998,0.141311217824325,0.625294089190077,0.178536611177164,0.422066905259457,0.312860040562294,0.0157833903506353,0.722458218195622,0.368556901829063,0.418532919843791,0.0871828288467286,0.402190398863508,0.770331113525443,0.969809358235146,0.783302472801207,0.567101336986241,0.793077049617059,0.879970497281803,0.73161798413757,0.0519038824817119,0.125429376867365,0.0242770822893313,0.758028418782395,0.247417102820419,0.174452609574748,0.986351552221747,0.303166145841957,0.842834203801261,0.927400891766614,0.320859527567497,0.373734279815997,0.378656723501025,0.0635204456441044,0.57323391463945,0.60693999719004
"BLA",0.750616067549947,0.0575067594815118,0.15923530693472,0.0164612102655376,0.0230389595890672,0.683617102198789,0.371755142399683,0.932117240996522,0.883087679438001,0.611670599856175,0.747820762747572,0.211791117647404,0.834880388051662,0.815046880928018,0.850713172426894,0.906530737665292,0.21758173842646,0.667750687934042,0.112378682113308,0.597596537397636,0.42047863344634,0.248461112100853,0.232167657904724,0.133486244366619,0.0809228807902728,0.95599177049875,0.20138966409054,0.010773126730166,0.218055752554235,0.0835794417498843,0.912760843739208,0.176927812219256,0.731924094491439,0.316704297418982,0.151759135213183,0.893023843130277,0.247072954161148,0.00156375527754614,0,0.00283447599053446,0.548248424231049,0.0226719502325154,0.700962193218612,0.620766322575486,0.320643214836265,0.224177939292186,0.0692920483511955,0.092729375526682,0.953427573642179,0.25402455900792,0.896802686072676,0.508656202981063,0.0364938989084288,0.824176110613765,0.0721086469265101,0.539290426026652,0.00927049769995624,0.00384721690455094,0.0465522054061317,0.00249006000558203,0.0256266263097819,0.154545328354254,0.0432308571832444,0.093841377343758,0.0699336468776668,0.0270758091884749,0.214323465617493,0.0813317287703708,0.548021224474389,0.0216211638337167,0.00126529476756245,0.0694884847530668,0.000897550816495381,0.891269388975807,0.285653552247883,0.685990543234106,0.530649792978218,0.00819737045033161,0.12758584886697,0.81844721377631,0.302491629896683,0.355556473274392,0.42275580823617,0.882791029679725,0.850557150142057,0.975786684997886,0.0494971667634448,0.0439074015978315,0.503006238160846,0.175514842980749,0.40149461756902,0.802443047114711,0.0806529307854638,0.925289730064799,0.136137794712495,0.451380665809923,0.145019766348243,0.0682534386986948,0.473977773411008,0.80079182902832,0.753462329407546,0.165377632729729,0.292487086008603,0.807754187698286,0.637218290727518,0.607475953848709,0.476807838668043,0.830820292425342,0.0325646141000577,0.404522702848897,0.142385766060971,0.38594831395769,0.050497820775768,0.560920611183743,0.697721751866756,0.116817276844598,0.77107570128279,0.461337089023608,0.494811072273722,0.561107390346414,0.508808673274353,0.569784336294484,0.232275144783719,0.0204186813290495,0.36285611734634,0.561441247073234
"BMe",0.79680654605296,0.225038186596669,0.386510695830546,0.0759788367179131,0.079080981429347,0.659394729766719,0.276498185042122,0.653401732135028,0.554422342230334,0.411135113552057,0.360111923291045,0.102354888466148,0.641928006857639,0.724401620812469,0.579260546699572,0.688718773567055,0.108096297158851,0.599556911017314,0.222609155290852,0.633117584466925,0.133782919765843,0.503850633356387,0.422132419993516,0.296137447735609,0.131049976224056,0.664421063703488,0.104975940426908,0.0664118638610019,0.203307588965382,0.0042842041361857,0.45873481331025,0.356851998156699,0.949166751287146,0.598560818548601,0.0763907636394176,0.999585916230723,0.332035930993506,0.00131410835308856,0.00283447599053446,0,0.429588627488235,0.0187223007375018,0.964970893297165,0.481236324228592,0.539579823243082,0.106977957452368,0.255705751124931,0.182619315250109,0.504350431913081,0.377303865957518,0.567712444315852,0.901558055575786,0.0471156862683581,0.609663555838375,0.120151036013154,0.221100723478767,0.0362353968946887,0.0316344694513043,0.127881982967194,0.0425629544409847,0.134580759325867,0.166365595901897,0.100630113782728,0.0246600287955527,0.208295976856954,0.191940289124228,0.554851178972941,0.209098765202435,0.62102344445627,0.0528183457795394,0.0333071505200388,0.232793195162644,0.0228363720878237,0.460216598519911,0.643479731954772,0.566666484376008,0.928437976997132,0.0704994430411379,0.420742876079151,0.921135570513821,0.342285619410833,0.243136905329581,0.681569056645257,0.830495251005349,0.91778946967924,0.494190731161669,0.16715746920988,0.189813458142955,0.368793728023282,0.377391661654095,0.429785423076822,0.983710882929708,0.161992266653391,0.906978008434466,0.0906418203864406,0.698123180050525,0.331218787810983,0.0156601359132936,0.440216868154035,0.729895930234835,0.490275844936621,0.128347701903391,0.488559189687306,0.968052100137033,0.82354813123361,0.450935212574099,0.289420039578276,0.757527799299932,0.710112479307831,0.828969493941295,0.209036442481215,0.233300661052065,0.100482252625034,0.357214661355835,0.237690441958824,0.277423088515844,0.902923798888649,0.757470259011764,0.382608056757202,0.642842571709187,0.558605693634783,0.683548530876867,0.182686235387135,0.0963534084515711,0.458110663576282,0.910600050525454
"CCA",0.46632303771903,0.655250560608347,0.553187976783029,0.0988503958056904,0.0628760304152926,0.448317096030411,0.943836301642025,0.603653960616481,0.450671464069893,0.443008604280754,0.730408950135175,0.709341674261634,0.5367888160928,0.232427671788334,0.362741328949687,0.242859915134217,0.817450668547191,0.716053653657456,0.419883587148417,0.867818806809531,0.958293957638999,0.868064014560442,0.831645039087369,0.33246032997716,0.63209056680763,0.228566085068539,0.0554664629540913,0.315577766513408,0.709819168589936,0.839485705225704,0.96140502389006,0.27455504586902,0.0804807086335473,0.0758976198110641,0.517101043322642,0.733055986202423,0.409020367026461,0.528430245772021,0.548248424231049,0.429588627488235,0,0.468651189170736,0.338693709693627,0.199171441811243,0.0375865019648296,0.666133643978084,0.170037499131961,0.18564763614226,0.829080987165187,0.555743035646857,0.577921958373302,0.14267539656687,0.407637944669341,0.133407894352432,0.549635612980504,0.473988952306477,0.354844963449201,0.355159842266409,0.787763671966908,0.613046021883614,0.383107715100824,0.0568712370015603,0.617300646474551,0.849942782513021,0.562071237725817,0.494763969578954,0.688057337744244,0.151336992854016,0.999963511804689,0.742415862547619,0.457491481277083,0.400530896277335,0.403816619553933,0.0685202775998688,0.488924136095304,0.229032636518676,0.224450799230416,0.805892940836614,0.672461186552163,0.673513336715625,0.199774217134568,0.403928929828025,0.909012459953297,0.413720199988472,0.584758463693557,0.676728400155641,0.354294009516158,0.607605850349803,0.689517524832927,0.0287630053684882,0.080809922782514,0.167024589107242,0.0758315925178231,0.668303433952764,0.974977035661172,0.52054695139299,0.660949015096684,0.264070344594528,0.0285404815544986,0.25316808947568,0.268681714061966,0.541541652652112,0.975518650788044,0.137499188076257,0.179155343630907,0.82345411082617,0.640143394801325,0.450758198009819,0.320257628806823,0.167815310261188,0.308642024893516,0.951589191784935,0.992820891018806,0.0633471685917963,0.840491050661864,0.933020539718359,0.465406207303091,0.37088774733668,0.517512534465887,0.316987246585859,0.0522331453117452,0.0318943431726631,0.98174587859412,0.407567929058149,0.0142306589718749,0.0900790259025871
"PAn",0.332092502888389,0.160404132004699,0.35722357426607,0.115778608543325,0.02862557071009,0.662616386016261,0.75710179190344,0.734691764166816,0.960098785526704,0.674071954005416,0.719408739892146,0.382028226045432,0.577582774590561,0.7654442900827,0.885883849269314,0.835368393345016,0.3460522158263,0.698418085189357,0.0949651491712913,0.943330949897553,0.422446504635752,0.856635753786821,0.649000267481191,0.347723967217447,0.514826259907616,0.443354709815049,0.28694397013823,0.00325959268257583,0.689752496220033,0.0960266575299443,0.92232752255159,0.0458189227750239,0.807783992535944,0.26330681843079,0.387187462874962,0.785988505622564,0.342291489567808,0.0186926119730455,0.0226719502325154,0.0187223007375018,0.468651189170736,0,0.808124042686094,0.621306588309122,0.474008813816638,0.241982426185937,0.240007029903035,0.0978487040967166,0.920678230937114,0.568279494240629,0.970032949501183,0.354454965547367,0.00287460849359053,0.790442545657554,0.111670433798231,0.108598805827068,0.00558627888919234,0.0195566218024192,0.196898626107283,0.0399472353991622,0.0549856662447942,0.0407562582740297,0.00852578425141453,0.112536972634351,0.0298239204083441,0.0212535220405652,0.1470993046516,0.108443253997215,0.333316037232685,0.133060113934001,0.00529332062942127,0.117085486613857,0.0139902501639755,0.542479344484918,0.634236688185594,0.219594232762936,0.871589103877517,0.0723480506626663,0.0698418717918664,0.728029875504133,0.162613044111406,0.147096846199936,0.673479324660206,0.493754667072391,0.216919960741808,0.70357595391594,0.00238732608694266,0.0283946510757962,0.504918089867155,0.212499988038768,0.0854130476330238,0.483662670342258,0.0972992261591637,0.62195034020988,0.0744529228880054,0.367819094629989,0.0565960748336016,0.226524315165222,0.281562868243847,0.397171741496496,0.572530428027615,0.36361769263946,0.0930872937988362,0.938888212273094,0.601063493439062,0.717219904642884,0.27377938946673,0.541433102336031,0.666972971306073,0.754289471584133,0.0292152190992809,0.456986226882836,0.0504495280677616,0.262962800583259,0.32588145053445,0.0242969868235406,0.367322958942438,0.0419401490636132,0.912439781356834,0.790324180067988,0.408080101024539,0.399265127573998,0.0522530429946678,0.0341349964672996,0.31928031811399,0.597193162762023
"aAA",0.91016912749377,0.557660510450961,0.924364339776343,0.199783370615423,0.339540982444302,0.713296169777207,0.851412176342311,0.888723303811781,0.63529080249742,0.853207166627192,0.946054203943665,0.845457515591507,0.433497649498957,0.474620919209384,0.661732447454872,0.841350160593516,0.305724855739711,0.3408456804275,0.969494183141142,0.468532922340089,0.755776781541656,0.977338672388535,0.86805274869108,0.997824078491313,0.776562094565469,0.776053150213089,0.124524112800582,0.611649775076401,0.466274038962872,0.390850617113265,0.692403558291084,0.861753306584621,0.994834628562647,0.402223569034773,0.86449725818904,0.512206875619677,0.0654136849453334,0.782688425455728,0.700962193218612,0.964970893297165,0.338693709693627,0.808124042686094,0,0.753514966117043,0.759769630840747,0.347107973687183,0.978226302932607,0.732084353816047,0.848506427364949,0.541385205328445,0.374129483948497,0.376658349281118,0.895419816634348,0.960405310171542,0.642912891283239,0.740029294841795,0.595076048549875,0.838515824626222,0.929958119946473,0.929684702971688,0.949833078510096,0.784382748072988,0.193995244913324,0.97809992037786,0.0857637493491251,0.417547439994623,0.941236587317469,0.422435276426121,0.098023273129428,0.605751752967867,0.652094394719587,0.837687952235312,0.890394734660314,0.86848151728577,0.137437018828646,0.495602319102815,0.399561199753609,0.5051504604164,0.219417655077908,0.96194190905237,0.768380398108583,0.432041547124256,0.201428726172476,0.616494958547914,0.762043728935908,0.068619605382217,0.468493257697863,0.426887657883951,0.426222991561954,0.331981391465887,0.729897121294026,0.727026143953436,0.936938064791186,0.246186539171565,0.204042289189142,0.822430697126187,0.42524967127837,0.577040960967231,0.889788912686369,0.754991409941905,0.860831125708885,0.898780052905455,0.461159717772252,0.526760861509371,0.498635853640573,0.482822164280264,0.23691902028835,0.332369326829138,0.75823248533018,0.173622306058434,0.764103056784758,0.475070532390961,0.530612082114322,0.400402702443019,0.638376061626033,0.863070143712223,0.379844613371835,0.343502355299052,0.509064114651145,0.977767295086017,0.694421315996113,0.487444315020723,0.492909066920245,0.73083649694097,0.615574740730042,0.668112861130399
"CA",0.842628934969336,0.86150307463818,0.359108547103803,0.650250649877391,0.472084521621606,0.88366007373103,0.894109735898265,0.637682523628957,0.366800721841647,0.497576564584714,0.439732914593384,0.485394059716724,0.5145715950782,0.477995450656384,0.902252046133329,0.789366893069292,0.334737383073337,0.881924626113922,0.970404837704861,0.949025656675283,0.656198971124536,0.790006743671402,0.642818186250677,0.42787349914629,0.669164441895605,0.326630824926777,0.829241318281949,0.973984525844028,0.616140774873172,0.425912374413761,0.993573489915463,0.997250664877411,0.0765023092024513,0.0504869026190186,0.77664159276751,0.036995747216464,0.250942441378306,0.884283225898126,0.620766322575486,0.481236324228592,0.199171441811243,0.621306588309122,0.753514966117043,0,0.252251313675203,0.241796545444974,0.414368511174564,0.708059724551562,0.59136355797431,0.15800332869152,0.701743737448178,0.704412372234217,0.657987188964561,0.0648250158245116,0.343872050069798,0.201280082369525,0.726560432975882,0.64137807833415,0.529941900915906,0.959507257120786,0.840807490055547,0.669764636493693,0.355714512649125,0.27759288875621,0.737952290639982,0.805353483577446,0.943940465469265,0.222848999805038,0.151115118908887,0.418054757760838,0.7911193651678,0.221007967093828,0.885911015686384,0.285880287401396,0.679859748783782,0.226545049611179,0.380975091090845,0.232167398825636,0.622802032591957,0.5904260802338,0.333139267664386,0.891785548080472,0.345579426797347,0.15287656925446,0.994610522628164,0.943278053232689,0.941896112017787,0.471167518217529,0.472446459771996,0.171992281455932,0.518150780408793,0.870870417625386,0.472690767434558,0.294089282464099,0.407085236844953,0.515009342091684,0.432734869506996,0.923955821983462,0.920269829873528,0.939613470328493,0.423421143854727,0.580408781609362,0.816304900600958,0.764379972116496,0.973094169708164,0.653114791827602,0.599127191872383,0.722371598319116,0.324848362984072,0.549753448221934,0.357370366351041,0.542428185264791,0.807656789903169,0.615103583186182,0.71344356406723,0.743527453276007,0.869778910672092,0.417223544243734,0.00147981965806739,0.0956099466391347,0.129199260800251,0.0588511855849573,0.155542083246968,0.786577623825884,0.473651895969518,0.0475011869910661
"IAn",0.706443624222305,0.433056321890808,0.699738581261388,0.967671088091793,0.916108261016705,0.245760401077311,0.459940714620282,0.601988475117479,0.466634706269916,0.17731850032295,0.536877321978102,0.20961133659613,0.399978017550195,0.0654601241062642,0.188855444207866,0.138706048616267,0.871150502352276,0.73627000614002,0.896619926519343,0.933573916306368,0.578468916750619,0.393973531807113,0.552773717704369,0.997008555446198,0.126078343091949,0.395157712886599,0.547022277967025,0.633710835272056,0.750471469235167,0.456644745972931,0.942753625570531,0.83834192681038,0.154289184003836,0.634458513554682,0.753670934936001,0.936296465677817,0.854978704101842,0.300138258329667,0.320643214836265,0.539579823243082,0.0375865019648296,0.474008813816638,0.759769630840747,0.252251313675203,0,0.294420284787103,0.797620667544341,0.883019785920178,0.868887265761131,0.55788165211669,0.564772583014121,0.0292114336158432,0.679331483702573,0.160706137158831,0.47205538603471,0.634683379069955,0.445118952591725,0.477754308231323,0.245435237309651,0.340291321573582,0.709270354005809,0.523188275571549,0.413908419617311,0.18430574689312,0.416743094410519,0.536836818605891,0.703181764996265,0.920634276432797,0.653575874094967,0.0578285458340848,0.429249061088893,0.561680536051468,0.523559127076635,0.183083889359749,0.883154214908333,0.0875253922591634,0.0861531079384314,0.0876064565716738,0.455474653913833,0.72100504796456,0.728383035619692,0.760666301227297,0.797692462980878,0.329109763247047,0.790688074929787,0.806641127898422,0.589033786113741,0.454638021994633,0.264142216574396,0.493114728787778,0.440077317332345,0.100639331911137,0.629279858168316,0.575521635777247,0.460175070575692,0.966980205855496,0.561144565124048,0.807588771317832,0.135992279600991,0.0520976383826066,0.104412079975693,0.620675140803193,0.49865493082324,0.130374041374181,0.253214886582987,0.894735362757961,0.854384408569519,0.360163858869165,0.38863001892451,0.459240268322371,0.64352816800334,0.450936943202858,0.16820397418996,0.165527348963612,0.45911807020095,0.27667279361281,0.605894444654127,0.136886245812125,0.632180182931771,0.28197790933109,0.489402624031283,0.454167276344371,0.542149508601783,0.670409732735115,0.146914915530283,0.370337677446792
"MAn",0.221679019117506,0.612320304377774,0.562709422677691,0.860220610239686,0.916365421525255,0.827583122033359,0.804334101233024,0.576311329124389,0.80213376779777,0.959917615783927,0.899925613040562,0.71401015185283,0.163877773732647,0.646705728425072,0.90643381685913,0.821437165581369,0.00379248579075059,0.0472722099930791,0.106858711491358,0.0519211701035175,0.835393892438105,0.513059756461319,0.404344713902577,0.540169882842637,0.69805139247566,0.3216811910299,0.68021565161681,0.646787011921209,0.98625475483069,0.110708640543573,0.768769887561935,0.633692155455693,0.4750725098316,0.827747883232732,0.971291593313159,0.723351821405699,0.966302947752762,0.147268981704753,0.224177939292186,0.106977957452368,0.666133643978084,0.241982426185937,0.347107973687183,0.241796545444974,0.294420284787103,0,0.677116002366314,0.192540993731181,0.778711289850896,0.670618677640141,0.760966024236529,0.604602544295499,0.700843822632644,0.671842885705096,0.512796626360894,0.448537529823646,0.293700693407534,0.323703262137597,0.828936894314625,0.505327514667584,0.22903277294349,0.369591629433963,0.547470828916298,0.417025596893237,0.601136468130499,0.599885745751497,0.326305396072241,0.564055192531991,0.721275340241844,0.578948871712588,0.472033138819118,0.610987792378889,0.448603197415828,0.392031008420073,0.321793502002053,0.492151786097683,0.657468221591983,0.536473311652712,0.833314397882824,0.253295033872103,0.235922700335057,0.0748470334076338,0.308744055841049,0.592718369797045,0.955525736909156,0.263028884183367,0.668924154690379,0.850429083749269,0.782516649035216,0.927910059219,0.529128313247206,0.905243746793794,0.437479508449833,0.886872634419678,0.312363881385644,0.23193815610984,0.343832131678111,0.088500658295146,0.641942041893,0.624553654261065,0.805658553873812,0.994279378842684,0.165888102356398,0.96395196196648,0.703615285576316,0.609258722287311,0.735003313554455,0.651656525057585,0.838675841527158,0.999630000388065,0.397245573502307,0.78806568130431,0.400031334705306,0.779510605168088,0.506209310451097,0.176239554922115,0.734415334925068,0.977575659009901,0.281964239507566,0.757342031289372,0.541634849638338,0.887393015461301,0.501352256393167,0.376085959758638,0.83632066241162,0.915699210050198
"LSN",0.333526931731129,0.198769080935526,0.0910734230565915,0.0561745237150989,0.0218893355370251,0.436238402237715,0.96878641481297,0.290064463437204,0.255901566872861,0.262951945695722,0.247755321199444,0.783578208660856,0.414164070398845,0.149521970840665,0.291791059557339,0.210876925530417,0.306063570385135,0.25446177104578,0.0285050374984457,0.257277526990458,0.636253634527511,0.438871436325783,0.416121694351343,0.062560469888492,0.594283885827308,0.64344528927414,0.457198976482709,0.0375123271166862,0.321174214179594,0.671045048337454,0.431518464032727,0.0334517701858597,0.0479754243044789,0.0302749727716362,0.538369988922267,0.771515703846134,0.675595569995569,0.193334351157354,0.0692920483511955,0.255705751124931,0.170037499131961,0.240007029903035,0.978226302932607,0.414368511174564,0.797620667544341,0.677116002366314,0,0.0159817662890367,0.415564916470525,0.334740768850319,0.449174805482346,0.659741264547963,0.187800519586647,0.122465180756748,0.0785609705121305,0.868062980404018,0.0693193939809573,0.0179200249435475,0.209044288353203,0.0240546225246812,0.00253649125832756,0.0312721569945643,0.447240143446511,0.88369960646566,0.37204157362852,0.0471166683487429,0.0449190364427842,0.0288372688832387,0.605767741004496,0.690277442059957,0.0355632594885749,0.0236856555361642,0.0152419959887715,0.507435884308911,0.375261884687438,0.510110728957276,0.971491139802646,0.40930518527673,0.0912092822198197,0.71310010447893,0.0372424546451046,0.160004177967631,0.918689334552386,0.241057883731019,0.288724400268529,0.745476442171115,0.00483038391806884,0.0464818916895144,0.326819251763741,0.0077916755372712,0.0932342355256966,0.697707581086875,0.000625706856909804,0.856165939022078,0.346043094896456,0.122938489311534,0.084601493512862,0.237664434968178,0.0892091225493992,0.452496820424204,0.182660726483791,0.289067512430776,0.129832572813569,0.143543558859969,0.162684724025878,0.834025184270277,0.335602029724303,0.734531517893239,0.459802328190011,0.0651569218855915,0.0126823149293142,0.810887159409195,0.175914130920759,0.540155316156743,0.368383919469143,0.0113154996614573,0.877714690905871,0.161484761965224,0.985780056321802,0.697959959731538,0.120557731254987,0.135126595255676,0.652460987228201,0.00243043246203205,0.020890672528745,0.0162427312990475
"SFn",0.015752034872479,0.718047729656036,0.691094069247517,0.198642431820125,0.0545255128202051,0.212940433182555,0.393709860925286,0.0524070673532133,0.0595266998383514,0.184038934753295,0.143972830724377,0.492886777998032,0.1326775176464,0.470565278871798,0.192038719506546,0.177293231374244,0.102119290732961,0.0507559193115969,0.00010179746221113,0.0709462964620868,0.423718311324692,0.646131388982299,0.704995625721613,0.627603460673767,0.81597900777773,0.149258583419351,0.272572431540299,0.068700075619258,0.932432489556431,0.662968243012111,0.164910474886865,0.0233887149331495,0.340798248747174,0.0435763099221809,0.907409485333078,0.806592537046992,0.458688395775803,0.129338093021348,0.092729375526682,0.182619315250109,0.18564763614226,0.0978487040967166,0.732084353816047,0.708059724551562,0.883019785920178,0.192540993731181,0.0159817662890367,0,0.582631023070801,0.313057546341548,0.0989867056628272,0.839192909114482,0.301140943122344,0.129064828099241,0.227462350526891,0.573592158973918,0.0252551374520384,0.0294011259036015,0.567919543686223,0.160263383922823,0.000789827356112973,0.00132162951732034,0.205926232802359,0.864758049110881,0.110188323513617,0.0362342895163185,0.0201274715675444,0.00943921165799197,0.852078211325913,0.876271926841425,0.0695303906000081,0.0561024075498579,0.075472780541816,0.158579833524697,0.813825527464355,0.682204807296551,0.626704171943575,0.525590353911437,0.125703507292951,0.114639860245382,0.00221777490784695,0.0230200671291555,0.638186237854082,0.220043899981259,0.223168079111127,0.635246836707171,0.047986953068802,0.231055832068229,0.283798650591853,0.0066867000907753,0.00633322521108926,0.36898344028882,0.00106329940308498,0.493126705599165,0.574397018142702,0.00351284954741262,0.0224385900327418,0.247794242891275,0.0676851084235126,0.660694262339484,0.204133063562991,0.973043517257406,0.0436623625441523,0.0848691870504863,0.0417042259795691,0.458164386779795,0.829785909836258,0.249287884799174,0.879710746704649,0.0374752809003816,0.018078749248185,0.793276962235993,0.356504924697285,0.227805476928257,0.553182093134848,0.0170751885922419,0.286561750475579,0.664493347532926,0.923318646000082,0.317519264127176,0.0224205799314561,0.0554769496739702,0.79017611247796,0.0269271066439571,0.013154794165379,0.027007162420468
"DLS",0.42018049161056,0.876254551965593,0.946553858889215,0.918220273265784,0.952544072193885,0.0572835076469125,0.107162428200041,0.144826508575604,0.252390275811522,0.093522477129266,0.111070712296672,0.149043917231396,0.227084152942118,0.125872565549124,0.0329737306619772,0.0225302131249027,0.820029836193906,0.520041157827904,0.344049210511871,0.703125620746971,0.0824558043140093,0.77369868866201,0.681100963008521,0.872609513459238,0.425463033152026,0.524710998698479,0.445201104407504,0.510219244825661,0.371284180847854,0.282337231994263,0.0392988633168776,0.0937864815502557,0.639571241472845,0.9084398921587,0.157842576282946,0.103132179271481,0.492491303930401,0.367418764494613,0.953427573642179,0.504350431913081,0.829080987165187,0.920678230937114,0.848506427364949,0.59136355797431,0.868887265761131,0.778711289850896,0.415564916470525,0.582631023070801,0,0.128058941763591,0.249210523255176,0.405339483679009,0.640028460157104,0.323032110522644,0.546011088704097,0.543267853389055,0.792258043706723,0.876818688546478,0.402695488694918,0.806932430194408,0.404245282457231,0.55046453955524,0.645806370994903,0.239018416295192,0.776161243107057,0.236193377678684,0.121650896592394,0.807180320296016,0.615184010827807,0.495804230989094,0.576091726664869,0.855387739611029,0.63331161871548,0.361330912681432,0.282280066310547,0.918541056371096,0.569660782072425,0.76681515390915,0.229890804749258,0.998476479944742,0.808128104691398,0.243726764774633,0.459407244531472,0.901378047440089,0.0510374117869088,0.105605824097442,0.452687785187875,0.288108972800509,0.169769735768518,0.736529138110807,0.475645835300922,0.195588746629414,0.527276067397364,0.191702207451202,0.440096484276897,0.583346375430336,0.215283794236082,0.211213835026651,0.177405672982071,0.270054343996366,0.128988579827414,0.193080142561877,0.166499754969449,0.134523140994319,0.11471461803693,0.949759187351919,0.412303935063227,0.929311864769323,0.288018816311608,0.309879392079752,0.782337357451824,0.0737217432696668,0.762837281788025,0.521713811722111,0.0441239880508881,0.321806159844813,0.788854478231562,0.947213704023815,0.582821396489835,0.585528722238425,0.740718528616732,0.763485553571164,0.487093692606333,0.463049710072709,0.335525192217394,0.577287141455116
"DMS",0.828824110982062,0.444631927006229,0.313908987711041,0.234392572071903,0.199623630619992,0.282367966462751,0.335647253447025,0.982888982254032,0.744009540431846,0.633956203580848,0.979184491263539,0.531867335443175,0.339309459516934,0.403340063247937,0.394408668750085,0.334337763501841,0.979759728663454,0.950432355125095,0.557208091807145,0.64577035937555,0.685079675061868,0.431383388160375,0.40014816555275,0.453226980373696,0.326100681013693,0.430831847855563,0.516580225848951,0.518201026248053,0.308125847655029,0.590182156717623,0.733920740826446,0.911877115666494,0.59906335054932,0.0890920657355304,0.274476727584192,0.0795624884747272,0.630402368944912,0.0727642804043946,0.25402455900792,0.377303865957518,0.555743035646857,0.568279494240629,0.541385205328445,0.15800332869152,0.55788165211669,0.670618677640141,0.334740768850319,0.313057546341548,0.128058941763591,0,0.907503388527695,0.856554573475745,0.924717056416077,0.763652476582169,0.0499855773297636,0.185650969365036,0.0739425250374332,0.070373669127243,0.0419950955062777,0.269193186809953,0.332158865696727,0.591880322028457,0.801487165323346,0.601816300140053,0.398129313807509,0.634929121813779,0.730641697894924,0.0233582809476657,0.425999727450605,0.319841682418974,0.438098432413757,0.0223078916938402,0.416935262662284,0.386642420663923,0.703366119835732,0.707999621906276,0.943720015202953,0.662402631894857,0.820940995723997,0.60732262208654,0.258315546589924,0.935442038070592,0.47384013671512,0.327365532238149,0.535098052141164,0.60966120686048,0.581033700189795,0.950677946791465,0.6928718472115,0.168260921306251,0.688196674143428,0.181854636678092,0.371817039458938,0.203614608589878,0.812339273431651,0.281306848318835,0.921896141642629,0.125483998099891,0.65960094993515,0.352677532629487,0.738332027107413,0.200454606395132,0.925367467175567,0.7029173314896,0.666406722096566,0.416337541722736,0.4564656003507,0.678908510243475,0.733223870525583,0.569865805507402,0.0892546268699507,0.147392592789271,0.177490445854205,0.440819999685217,0.599601033024363,0.622958638966109,0.946634430871769,0.971209195860403,0.276753268443086,0.309925994558551,0.103181342265048,0.0954716795866585,0.409820642877753,0.404782500938605,0.843325960539669,0.225844706557594
"NACC.SHELL",0.0137311372998962,0.360267971854661,0.326141142265825,0.933060834500904,0.803744383938281,0.0919937473593118,0.00543756533806323,0.00139075146606008,0.000267660431210264,0.0160756263474998,0.00297541073355425,0.00784322255545927,0.198047366538271,0.522665415327523,0.0127851400861729,0.0547566145100043,0.61403123851738,0.134579522617731,0.101494882754151,0.128388781612466,0.00317987017799345,0.111610887257184,0.0921261112740454,0.344000184476022,0.0702683089362416,0.366193268198861,0.732579172791905,0.869167371110031,0.0583987191554518,0.127042811365861,0.00162450624623646,0.27903091472402,0.605830758407753,0.3060618140481,0.0322083008527148,0.311044216908455,0.494470938321544,0.712548774735916,0.896802686072676,0.567712444315852,0.577921958373302,0.970032949501183,0.374129483948497,0.701743737448178,0.564772583014121,0.760966024236529,0.449174805482346,0.0989867056628272,0.249210523255176,0.907503388527695,0,0.7712986245248,0.567300503397405,0.114117362658652,0.553383590112567,0.820428768262415,0.739605693426049,0.895897170889066,0.300274026852575,0.677597563972478,0.28086619474903,0.236335230639679,0.696641877610812,0.0631272015106141,0.360016260962172,0.373976050079875,0.160260866739001,0.342100653958626,0.989994028460548,0.238205129892234,0.924545901988137,0.736883064521507,0.916752644793049,0.517076345752246,0.923227412475717,0.246407987328996,0.895481424375619,0.658888509111303,0.302337102543682,0.0366377840001087,0.213676544253586,0.32310101710974,0.588742055222952,0.212492023557956,0.186311664392754,0.151741940861464,0.58262062277761,0.848936409268446,0.0659213672968205,0.181605164532905,0.130206521390005,0.254531502056967,0.31934305919389,0.0974661382985834,0.254815187880113,0.0173355666215247,0.116007656822199,0.828277296297708,0.344717030727323,0.317516694839129,0.0277047970535402,0.0509493624793605,0.304122074184894,0.0214986572231475,0.0143236323556083,0.00957571205082594,0.2008835462546,0.0125273232923659,0.780620801515661,0.0159773069830102,0.546240723482427,0.0331221220222445,0.399630392723658,0.384999923279109,0.0525140046531187,0.360933145102454,0.101643445371901,0.873436092100054,0.640936714304581,0.185784829619368,0.203627746194642,0.25980247425538,0.373041590075506,0.797976776848568,0.135847159067766,0.109241855696381
"NACC.CORE",0.894456532060921,0.303177675560391,0.302767011895707,0.945261791010219,0.796696579659695,0.94845467297807,0.844233206512413,0.800335899179808,0.952953733033832,0.727252704463986,0.877463399703724,0.664250298153394,0.737851947926107,0.658825778114208,0.590311296798662,0.748064232984924,0.982295331759696,0.956266190522055,0.562453373100961,0.902786923804216,0.975775517959857,0.448784145004942,0.531760567445456,0.553041558886972,0.409628444077985,0.663790558776993,0.165321484697176,0.314335106185358,0.77447873348231,0.754838487787896,0.592869062368053,0.432637268776048,0.527926930639605,0.801589466023057,0.99887082028195,0.872980671540807,0.488005759980907,0.586427465056159,0.508656202981063,0.901558055575786,0.14267539656687,0.354454965547367,0.376658349281118,0.704412372234217,0.0292114336158432,0.604602544295499,0.659741264547963,0.839192909114482,0.405339483679009,0.856554573475745,0.7712986245248,0,0.365614692689512,0.999215450569689,0.247669848922971,0.879425115158615,0.386727696629508,0.352898687763833,0.277534405167523,0.195343566056315,0.373373219956446,0.976467536231604,0.533409098929561,0.630155964070883,0.550503491533332,0.283811593963436,0.232499067597369,0.725648043703382,0.994655391267965,0.348774012652029,0.283861529448766,0.286138705178847,0.33216144846029,0.278955171605711,0.877624614641896,0.0744065695366687,0.41274377086853,0.261466539938372,0.381384179688279,0.909547615714513,0.717108874779738,0.802777364662834,0.991837720325049,0.492667600885161,0.414813133648578,0.802587741762064,0.337752639434225,0.358782233263175,0.870796910823377,0.905292886621047,0.935763928211142,0.492587119265232,0.830579840884795,0.57791721225305,0.207749174646276,0.661717326156684,0.504257134669385,0.6386337725481,0.397413962946779,0.10528878192407,0.463046236848764,0.783227951439064,0.0820124333223047,0.365857928840298,0.525720041256759,0.924627733192957,0.663694289764521,0.151154000292652,0.421892416632128,0.585894438649146,0.420274864708822,0.539082513611662,0.061360210516691,0.235230760124401,0.822225037857473,0.0999763220915306,0.838944359780952,0.283061766944125,0.898329235678151,0.160868683194423,0.651602689362948,0.810926842623344,0.304377612462937,0.226928915266346,0.550076541969662,0.990099995772763
"FStr",0.82731023480211,0.0274453328536107,0.101644230021942,0.0524230009142325,0.0227977375952849,0.735911332407642,0.470363800733236,0.87907501078633,0.67071551367813,0.597705150290334,0.519710703989556,0.265614729430138,0.77131597750695,0.82337280053543,0.899597581719793,0.726055045695595,0.621543587578675,0.88032548492921,0.289860477459203,0.610878528691626,0.290518417033708,0.384780964705611,0.230034303355822,0.0713825182878697,0.322571129018044,0.967601679553787,0.43920290523124,0.00125960478229437,0.358128965964684,0.123578688685525,0.800167105512219,0.0429774207078333,0.881665072178384,0.353229646851214,0.196396125169225,0.797774646354321,0.302854889222801,0.0844631186099047,0.0364938989084288,0.0471156862683581,0.407637944669341,0.00287460849359053,0.895419816634348,0.657987188964561,0.679331483702573,0.700843822632644,0.187800519586647,0.301140943122344,0.640028460157104,0.924717056416077,0.567300503397405,0.365614692689512,0,0.829168699521342,0.135495523923495,0.0843881287896388,0.0545215620657621,0.0533505969012504,0.156445654858842,0.0173874404299226,0.12572137216343,0.112208120627184,0.0276192601523729,0.109065662780358,0.126360000201454,0.0299843225857071,0.227704858142474,0.285246913653194,0.266568791221727,0.117176579441609,0.00372402439754312,0.206411604625748,0.00517932230541125,0.953247830822071,0.240658232658862,0.262069851749672,0.917544393847151,0.0501775766136354,0.115321357109634,0.613656075152141,0.420309810712138,0.319990458377761,0.24978003358886,0.292522357798418,0.265860594942023,0.614560520515247,0.013117803448355,0.0121030246290211,0.423051477430822,0.297247150728666,0.219775237116044,0.461545879039196,0.137628544929396,0.794503611502789,0.0166647351500429,0.881008340628402,0.19999235905603,0.422712244942989,0.245591393883145,0.669501042390028,0.611602546510344,0.217967567130899,0.219815308118307,0.952927240987918,0.718319079847752,0.191268701267815,0.0747840559428021,0.206796208726312,0.994162165922009,0.871709662185209,0.195484409481279,0.404747761897582,0.0578995436852117,0.278480871187198,0.460380532784429,0.137672829678722,0.837079768307844,0.239307393613179,0.761395610713831,0.363645015816329,0.791483565730428,0.689795727339337,0.00342571405239397,0.0292626511383783,0.324791477262211,0.712609565575262
"OT",0.0803113789841556,0.906568075123427,0.669290214506657,0.734599089855098,0.325172792776837,0.0311999578436699,0.179326568911829,0.0272080320819111,0.0182835934708469,0.0209258387000371,0.0325638595650418,0.0540102790185508,0.318940044408153,0.0683197134048199,0.0860146121739415,0.0330501825773815,0.95687734046946,0.292262981361618,0.175923298354177,0.458929848638911,0.123870671556637,0.476155133604671,0.612787894442494,0.648855981494907,0.152857996399052,0.135350572328255,0.835898467454259,0.483920725079604,0.655978329862615,0.348365679059188,0.138083602754867,0.102855376512936,0.111431862795667,0.0286699436959779,0.45565083834665,0.678652122561258,0.730671262231514,0.779621956006409,0.824176110613765,0.609663555838375,0.133407894352432,0.790442545657554,0.960405310171542,0.0648250158245116,0.160706137158831,0.671842885705096,0.122465180756748,0.129064828099241,0.323032110522644,0.763652476582169,0.114117362658652,0.999215450569689,0.829168699521342,0,0.563265238252011,0.964554838133754,0.533121047216389,0.512214472865271,0.854858992174292,0.809660344834927,0.21643074185315,0.0746851442363,0.901948812952328,0.0843881904547006,0.811092086750864,0.431741943018035,0.157714254233782,0.172655819937494,0.385170888871001,0.15333257713877,0.715012397631051,0.256255380376916,0.695270286287398,0.194407186449458,0.904017955785604,0.378332648553664,0.175220360491405,0.345972072021377,0.584912634580698,0.110238503298083,0.0391762418896213,0.230345265973748,0.389005383796566,0.146897438942035,0.044289352357324,0.364445577119987,0.361464090132632,0.866399763648541,0.0433502529755364,0.0421915494727395,0.0240219548061537,0.163827468932808,0.0721190833760804,0.711939238463301,0.866434974051837,0.0808086674516553,0.476642849061838,0.652685163161519,0.105789068803252,0.463514249949955,0.0385632182595158,0.568767052714531,0.214400922685565,0.0906402840936414,0.118803015984878,0.512522882653075,0.910290340745791,0.456333353360402,0.478254724461541,0.149612714310522,0.165814094802776,0.576025102081798,0.899169758398362,0.491917856871959,0.24216397169988,0.316131695802197,0.245952216005558,0.427243676157595,0.0980516152250613,0.0878771464674497,0.0536506380024679,0.0334548803182506,0.729694920496475,0.285423964948613,0.0316787884997709,0.00283232774995089
"MGCn",0.857245981082997,0.091404142137297,0.0207644718832351,0.134141308095703,0.0514231111760589,0.700149684644038,0.191691001802033,0.911421507641719,0.921639281463471,0.636884302207374,0.813688816449767,0.27091506897874,0.723699488621367,0.988492243696408,0.391810487103176,0.616556936280588,0.625765387768961,0.811318809425185,0.301666582080867,0.799251215032067,0.34872948462734,0.180398721223256,0.129887953855153,0.0482879905369028,0.131990550770592,0.487105801180241,0.86842635600593,0.0758736504104113,0.0531166468753313,0.134504803204239,0.601094251581637,0.365085703809725,0.481533213293346,0.0831395046792075,0.0719522051337673,0.0911740520687645,0.519256867085599,0.0235501031666452,0.0721086469265101,0.120151036013154,0.549635612980504,0.111670433798231,0.642912891283239,0.343872050069798,0.47205538603471,0.512796626360894,0.0785609705121305,0.227462350526891,0.546011088704097,0.0499855773297636,0.553383590112567,0.247669848922971,0.135495523923495,0.563265238252011,0,0.908352520638519,0.0160866673764068,0.00324061732085506,0.00253929931599868,0.00909167415922101,0.0887090350942322,0.244570816097981,0.554506686425245,0.286660093525088,0.47448576379232,0.258779861190529,0.331046389072965,0.0377922388409341,0.440674895266379,0.187984382865447,0.068701832154493,0.00183784333668927,0.0371774346648251,0.484623830264143,0.873503155210183,0.575440603331747,0.835185570004814,0.343173005255038,0.62856254592009,0.959651255148664,0.1091370119162,0.367824612453988,0.679436890190957,0.656513290855601,0.939424772176761,0.506585689081641,0.196046453665803,0.425491197347033,0.760945010316012,0.165107306392577,0.382853816592172,0.468074833030003,0.098928645419754,0.129041419891737,0.114574270930371,0.420270639167076,0.742798242545114,0.245902810290319,0.726217662675263,0.280589928990832,0.624767888266452,0.0400410529932143,0.271162701671232,0.624378276796099,0.667918580237149,0.602224946942107,0.361869223801622,0.38617489529413,0.404994165421249,0.953850664308058,0.0314000905559776,0.0254750661651837,0.00059041263498947,0.634920549227022,0.381546726879032,0.197020264881221,0.707627643955264,0.89566769955182,0.573819659785779,0.737585597371495,0.183144966978436,0.160299520895133,0.495205556870492,0.0190527010648542,0.579713252011323,0.235602661565047
"Gpe",0.501143010470543,0.899190202461654,0.810329367775426,0.742860624325197,0.558452177484741,0.224951281634847,0.733224650015673,0.873504418062122,0.775484312073676,0.953849594973538,0.607790004205488,0.779997838070331,0.110993817947759,0.572148484007669,0.630913326122932,0.375225281171466,0.272938758644574,0.597759854063547,0.454099435390085,0.939293193311121,0.523850736140651,0.46708730864571,0.649375362799336,0.936773422209177,0.728909833680678,0.57994492081727,0.42240300212086,0.296109192033372,0.805753370952208,0.225193899735971,0.939892176489497,0.172247496033733,0.742827055617044,0.777905548675204,0.863636796563438,0.22552597286835,0.256647201302636,0.65491282728266,0.539290426026652,0.221100723478767,0.473988952306477,0.108598805827068,0.740029294841795,0.201280082369525,0.634683379069955,0.448537529823646,0.868062980404018,0.573592158973918,0.543267853389055,0.185650969365036,0.820428768262415,0.879425115158615,0.0843881287896388,0.964554838133754,0.908352520638519,0,0.676743952199521,0.791381754305086,0.632749754334817,0.705832184297273,0.623776500375542,0.195779635192691,0.215051106919605,0.393669760527735,0.59173932240603,0.440480260854266,0.657258730878782,0.854201879430375,0.266505063801204,0.899920231803792,0.385393083081921,0.697233424286527,0.407897032573126,0.551249822681794,0.706605017277739,0.387163645688158,0.375315028557875,0.600891442604508,0.541477930602212,0.935272841165522,0.668819374483559,0.15234389488076,0.594290403393274,0.363421067946847,0.248625802275273,0.851057587680853,0.335344867316493,0.307793194244119,0.870725311760326,0.932101378266387,0.253286082081938,0.0408418817546862,0.487565993262793,0.184850068830678,0.130030241572264,0.904178893515003,0.337880778888946,0.736294521060137,0.117402814910109,0.758721346912177,0.918938678762368,0.959059526484729,0.406671434513424,0.612938270181971,0.384984017042126,0.340061087044383,0.0587139852629026,0.606769489929388,0.728510802888802,0.837563521669685,0.814198579566719,0.815406944722466,0.853908713609691,0.0238025255433171,0.493893646004981,0.476496777788603,0.387080733273335,0.799199960557422,0.317197274593102,0.54386741392589,0.866919370083279,0.798621532679577,0.0334090780220238,0.501842726171744,0.354350108219638,0.699940882702377
"Gpi",0.291513217261696,0.126512712812601,0.189623319565366,0.0425159879284945,0.00503371070825075,0.948680511788329,0.654027488583066,0.576941049873372,0.60165421623444,0.837306162077965,0.911208272923322,0.504467007472948,0.892817492678262,0.723068249503015,0.871410850535924,0.974556120501338,0.431359756582297,0.605715284277942,0.0525964597995393,0.629853602661343,0.65505697975304,0.607154470066843,0.470343506139649,0.230088841909259,0.386279704525077,0.348433088764565,0.29736400747092,0.00644422263639663,0.47936337927415,0.216863964638226,0.799316414889786,0.096572740939051,0.757380924820447,0.0383463921348587,0.322025370132212,0.675337452713968,0.579348836046489,0.00255158037822715,0.00927049769995624,0.0362353968946887,0.354844963449201,0.00558627888919234,0.595076048549875,0.726560432975882,0.445118952591725,0.293700693407534,0.0693193939809573,0.0252551374520384,0.792258043706723,0.0739425250374332,0.739605693426049,0.386727696629508,0.0545215620657621,0.533121047216389,0.0160866673764068,0.676743952199521,0,0.000120477430487097,0.0432973120617692,0.0141181278001227,0.0113053700624568,0.0386872821772626,0.0504684826291751,0.264247997027823,0.0229561164290869,0.0206192419568593,0.0826277196839906,0.00220863995183154,0.783309618817376,0.128241740096222,0.00532335040718503,0.00317078260525934,0.0101283209885864,0.401793319347644,0.728446063655538,0.598480417813225,0.989626042916473,0.112813696017079,0.109144029158139,0.560028967613402,0.0501887927481859,0.222087459703652,0.987754707597306,0.88626299090916,0.459627643512143,0.790144373440118,0.0137460424189416,0.107354646719307,0.70127718300267,0.0368071033350539,0.0850459042013175,0.973531640324323,0.031700779949128,0.932288233396209,0.28012416698092,0.119088922374556,0.115047831833928,0.106544494633832,0.44525003210211,0.399231026535481,0.820426252494232,0.258177710894089,0.12600240599254,0.83919297448231,0.620646941457372,0.878991234879758,0.685058718942355,0.941785990477961,0.73759728409231,0.377955346418898,0.00166767099003271,0.319457174633722,0.0217315341095715,0.615505710599211,0.558800996397051,0.0381617526686638,0.51133378188141,0.10346141414251,0.677615095566938,0.731539347791053,0.101491974048783,0.0956427204376201,0.394273767395544,0.0142857125872663,0.252810268359156,0.180670701209167
"SubInn",0.439258044279894,0.0744671774641205,0.0714255055222797,0.0268250298971718,0.00417510541811456,0.978022804508264,0.488263066572034,0.681309632677047,0.686246723911267,0.907854027248066,0.880892533277608,0.445397332011208,0.886103329939576,0.993756198878579,0.880553044368452,0.952831299814252,0.356202617903519,0.546852518187401,0.0553199983568274,0.533062766951923,0.623134070998732,0.342825523674203,0.27158504262206,0.0879914750889753,0.220471684888207,0.492980411639572,0.392847794264181,0.00609732712588886,0.220497106667428,0.17562509816758,0.905568875994802,0.100819086530484,0.479384450633604,0.039597893382426,0.195609427825924,0.524370402373519,0.720391193241376,0.002787472399755,0.00384721690455094,0.0316344694513043,0.355159842266409,0.0195566218024192,0.838515824626222,0.64137807833415,0.477754308231323,0.323703262137597,0.0179200249435475,0.0294011259036015,0.876818688546478,0.070373669127243,0.895897170889066,0.352898687763833,0.0533505969012504,0.512214472865271,0.00324061732085506,0.791381754305086,0.000120477430487097,0,0.016102258720322,0.00152703465429704,0.00513793169631897,0.0521587335576737,0.127960694950496,0.292104767865858,0.0893185288200741,0.0281473448446774,0.0915230835788045,0.00366037460269742,0.941785561334396,0.122858916051836,0.00314648636608146,0.00081830954752677,0.00202422172242477,0.475301224803565,0.64767494618473,0.744177551898594,0.933151802678197,0.11014125717381,0.169441039217233,0.758743068123783,0.0498038446969788,0.221624477156994,0.96450201341118,0.699851626916039,0.603617665749796,0.997523441371247,0.0253504243750369,0.112665310868336,0.841219013346941,0.034196807880616,0.139514303923477,0.852730521674684,0.0151762049898129,0.636372053087532,0.185607851382058,0.163432280646891,0.191983782956934,0.107441964264268,0.396131328448125,0.558959321011279,0.949705795007591,0.142889813547825,0.131596217394944,0.799918966567734,0.661759858328494,0.877959571499558,0.52283993707464,0.834255384237217,0.777060740274021,0.36624516619302,0.00666772160388291,0.231245829582274,0.00826226464941212,0.769043844588242,0.693676026541955,0.04700111070967,0.912211193178919,0.495609645355569,0.823966473332294,0.823185144904143,0.120657789879212,0.122964298011025,0.397736685155846,0.00224758789451608,0.224349126357491,0.142104027219196
"MSn",0.535549099151788,0.0127841044292469,0.0073862753727363,0.0587602557109378,0.0705156717498167,0.1956364561534,0.0339579440010829,0.395457116954117,0.469154342822655,0.214440455362091,0.411149805707182,0.0678222894733748,0.226076119444266,0.551362519120527,0.169597311424042,0.263929704506124,0.949027458082087,0.557149366133855,0.713794857272784,0.712656614608658,0.171751471449686,0.0220688745251535,0.0131915680485044,0.025165273663591,0.0137890465090469,0.848924765929249,0.740128604839655,0.105098119079073,0.0225769694539025,0.165523174011436,0.339556416882101,0.704625169758791,0.672515326547676,0.214317082399903,0.0189830176445143,0.143184558586331,0.810818513355327,0.021789846683701,0.0465522054061317,0.127881982967194,0.787763671966908,0.196898626107283,0.929958119946473,0.529941900915906,0.245435237309651,0.828936894314625,0.209044288353203,0.567919543686223,0.402695488694918,0.0419950955062777,0.300274026852575,0.277534405167523,0.156445654858842,0.854858992174292,0.00253929931599868,0.632749754334817,0.0432973120617692,0.016102258720322,0,0.00868547066604411,0.259073365737001,0.662130567275069,0.424573212437956,0.108512810196271,0.377712613568435,0.295040294531074,0.597466164536438,0.110506903168048,0.86182218277064,0.0227640435045815,0.0701831906778881,0.0174266305891667,0.0483505684640596,0.930525086936715,0.663237266651659,0.547962409517641,0.554631604715937,0.111307790297816,0.545109060811695,0.501730482646071,0.542348807369078,0.986735230048597,0.713607162394365,0.866852848753701,0.71739156005141,0.637015034316483,0.254499276217391,0.316803924615663,0.255330303605626,0.345348358105536,0.919379180400323,0.173575917606748,0.355800143143476,0.0998822327127482,0.2332493152665,0.891512763421011,0.86927224879406,0.1867355141583,0.777345726718343,0.224977633403129,0.301641208862892,0.00800110890408609,0.709196485118841,0.348212031291899,0.360625472754554,0.440521594422484,0.583828016909554,0.263116466238552,0.912481536923872,0.936162899244368,0.15053317822822,0.0162575270708842,0.00383706285298448,0.432585849114624,0.344807142338145,0.430578137758601,0.37031436317761,0.582378588703502,0.7039630132594,0.735120137359418,0.563365752098211,0.464534810907219,0.489194115144505,0.0973133966092689,0.985115304742146,0.572768045886353
"DBn",0.923042478974259,0.00935756691125162,0.012002488845377,0.0239194049985346,0.0160965050088857,0.813179726051621,0.274869571449921,0.930250326090738,0.868035836247803,0.699799691900519,0.851742266497405,0.244410010900851,0.960420034805635,0.845790914227187,0.775560166543536,0.986068517346293,0.458635378781679,0.84374732544706,0.168596604933943,0.831937037202389,0.452366999652895,0.0863343162022403,0.0711217795755733,0.0146896444034536,0.060768746214259,0.878375060966721,0.624265795250997,0.00400966666382326,0.0842610644445046,0.143182596679926,0.889629055958006,0.116145808632263,0.492518568450315,0.176533182211723,0.106519904948145,0.676358676828534,0.663938636883174,0.0172164706158962,0.00249006000558203,0.0425629544409847,0.613046021883614,0.0399472353991622,0.929684702971688,0.959507257120786,0.340291321573582,0.505327514667584,0.0240546225246812,0.160263383922823,0.806932430194408,0.269193186809953,0.677597563972478,0.195343566056315,0.0173874404299226,0.809660344834927,0.00909167415922101,0.705832184297273,0.0141181278001227,0.00152703465429704,0.00868547066604411,0,0.0223621970311856,0.186296394571613,0.145573761954269,0.186873122523502,0.19393405640766,0.0294100461272211,0.139855581894509,0.0805021937626881,0.880735072020076,0.050058212248043,0.000911956893200697,0.0168186696165493,8.78640749964777e-05,0.947588580323173,0.330451468873318,0.582475398037508,0.570812939513232,0.0297940290050223,0.171521528453168,0.635257027535121,0.250361343579603,0.408292719813048,0.49717104651788,0.91151356621429,0.677207756981765,0.996172859795262,0.0375977160998742,0.0440577098416207,0.664185464436767,0.156923798745222,0.400461837346784,0.714827195597467,0.0597798404633506,0.511322529600166,0.0565323071758713,0.528705559211203,0.283291646292369,0.248003089458325,0.459600830621984,0.649733115571348,0.794827847624513,0.078156889724296,0.1820749735774,0.981205976378678,0.87566082899196,0.391270534973554,0.278908825748401,0.387109628052071,0.100581660666005,0.578537916036821,0.103504075357635,0.205788912616456,0.00406601227421325,0.931643932581846,0.769270762243794,0.085381941417063,0.555188742383479,0.658626594868606,0.795000311345635,0.563054092226669,0.494190910362452,0.467420104825508,0.163598308940405,0.00156303423392038,0.39149666866046,0.36820249096544
"TnS",0.0962528126912755,0.30276072878634,0.283931339246174,0.117896768803611,0.0297043233728736,0.343275173200066,0.693660531195539,0.142866439113333,0.180129726745665,0.33693478798509,0.236152040792089,0.804454231956024,0.263746752406467,0.472065961751182,0.333558572102046,0.270316063428995,0.139248272796741,0.129673359719422,0.000578686268705827,0.153225896814113,0.590415432192923,0.811246566911704,0.794035251591655,0.274450433814937,0.698225350079017,0.439898954750122,0.502412337204413,0.0134646100481314,0.685798796239333,0.511483054253629,0.229769838775616,0.00991369575430985,0.346584567197042,0.0544733785628663,0.813859520935367,0.875015171419929,0.529342652054826,0.077928119012263,0.0256266263097819,0.134580759325867,0.383107715100824,0.0549856662447942,0.949833078510096,0.840807490055547,0.709270354005809,0.22903277294349,0.00253649125832756,0.000789827356112973,0.404245282457231,0.332158865696727,0.28086619474903,0.373373219956446,0.12572137216343,0.21643074185315,0.0887090350942322,0.623776500375542,0.0113053700624568,0.00513793169631897,0.259073365737001,0.0223621970311856,0,0.00918417034053472,0.151009487141683,0.87583373103854,0.104856237832042,0.0066455601126177,0.00412170414487695,0.0141905318958116,0.906043372970573,0.50676901227432,0.00953748752570023,0.0183179679405717,0.00872438468943973,0.481627200843881,0.579605188017809,0.974922532570336,0.98230826072051,0.221810127567087,0.0602119241042209,0.392780259739278,0.0119813961036491,0.0482410542974869,0.937247599540552,0.412984773547053,0.216125366743451,0.643594415823612,0.0106713313680397,0.0733291415174232,0.426791750116984,0.0173530635958142,0.0348656406635607,0.619570304668979,0.00105649363917066,0.771472868203163,0.256112570882395,0.0247022610157137,0.0202166952194827,0.30963889903018,0.0904081823676021,0.858525582331519,0.356078732298356,0.66122113815306,0.0152937168600381,0.208470632053862,0.131448106957765,0.794918984576713,0.56687296770699,0.66223360528722,0.403636940819133,0.0891972224236962,0.0172733531902947,0.936670160799735,0.111089617858741,0.456509461091468,0.578346396161177,0.000697247378184904,0.639974282315483,0.788896002504872,0.916253453685048,0.66163007642211,0.0796760299799761,0.11943806998266,0.474187623615914,0.000933901905505182,0.0470753889406349,0.0523935479696368
"BNST",0.0277337617841335,0.621410808012009,0.59981460146916,0.168360138361842,0.0269066766812144,0.0976041097612929,0.451609163807507,0.0998828199549569,0.138939959679046,0.230746187967726,0.306456369610948,0.569060044564948,0.100591415883883,0.301831606489267,0.204906103381375,0.104260711445946,0.181232733599511,0.128990296877687,0.00459921551973254,0.275121950978355,0.674143080641163,0.573821290848928,0.76520197653176,0.47717035085941,0.649494353123609,0.0925409017307132,0.252627951350886,0.0347802939808209,0.965653227894304,0.535597950844383,0.318494271658355,0.00490374705650169,0.337482788874311,0.042936954869425,0.929869371319026,0.812682386949321,0.413397087626235,0.186948624582664,0.154545328354254,0.166365595901897,0.0568712370015603,0.0407562582740297,0.784382748072988,0.669764636493693,0.523188275571549,0.369591629433963,0.0312721569945643,0.00132162951732034,0.55046453955524,0.591880322028457,0.236335230639679,0.976467536231604,0.112208120627184,0.0746851442363,0.244570816097981,0.195779635192691,0.0386872821772626,0.0521587335576737,0.662130567275069,0.186296394571613,0.00918417034053472,0,0.165690740292358,0.98877612036195,0.145181073093117,0.044541400321258,0.0497971457669809,0.0298380987812768,0.945178747287409,0.997410289536537,0.0659156066292241,0.107997094674538,0.070182753290319,0.0908444173848368,0.74198019781435,0.846430198154232,0.338178306280091,0.640133376947137,0.170177261633746,0.213941588624282,0.00401847243521878,0.0105106409802311,0.784068114543055,0.443850057797683,0.106555416888907,0.555080505056716,0.0341380746884258,0.198317517256187,0.383420871800893,0.00880550322292539,0.000145763625909394,0.104016007837927,0.000769725189093224,0.390008764799994,0.384209019116604,0.0432378893016849,0.0595520142516798,0.349511236102187,0.011779587939047,0.642449977835361,0.266690768850559,0.866629546725703,0.0586264540982464,0.0990687757634484,0.0457961379605495,0.817497594609665,0.459667807018432,0.52478782568741,0.61568257996239,0.116760150657296,0.0329408979315846,0.89476311932121,0.364312289672621,0.0650157604797916,0.811601213457283,0.0531480306820705,0.176961700439798,0.709562743151847,0.832667633341325,0.403824820124938,0.0453550568717976,0.0633644589686486,0.465186168271292,0.0274988437308989,0.00281081813158892,0.0436140115155199
"VALCT",0.467179252642646,0.149468784991699,0.617898925045037,0.0871686470386079,0.065934629175814,0.826882143146574,0.989457424987541,0.743648095672337,0.888291209833659,0.651500512936631,0.803838394891419,0.54547875577382,0.828269680716103,0.518135773453271,0.822541821081869,0.737290656058516,0.698134255996442,0.902732981206643,0.209218273977118,0.782736218915679,0.732661293153736,0.87836666092704,0.719179627536682,0.574429500000266,0.639713533352422,0.96777281061993,0.152720048820016,0.0144936575181769,0.812893396997546,0.456756011000027,0.616664502341479,0.0895586391138194,0.588938499365692,0.431528580120102,0.750328816711882,0.237617044401719,0.0324562321390447,0.101072263552478,0.0432308571832444,0.100630113782728,0.617300646474551,0.00852578425141453,0.193995244913324,0.355714512649125,0.413908419617311,0.547470828916298,0.447240143446511,0.205926232802359,0.645806370994903,0.801487165323346,0.696641877610812,0.533409098929561,0.0276192601523729,0.901948812952328,0.554506686425245,0.215051106919605,0.0504684826291751,0.127960694950496,0.424573212437956,0.145573761954269,0.151009487141683,0.165690740292358,0,0.189318973236561,0.000655093605503364,0.00757923487805052,0.170034459171618,0.233013353561594,0.0263464651256442,0.0958362972824776,0.0141609101361526,0.356289445460642,0.0584958489589725,0.861026411287571,0.163644218120036,0.292806277858002,0.458578278779968,0.0152352177501043,0.00133365809066493,0.978972809013043,0.583343060703742,0.457027564242564,0.168500459669208,0.221103747050343,0.19617750052091,0.17905075179834,0.0032654431909645,0.00156044495711695,0.33116919989934,0.295304370436133,0.233609620488109,0.459730680051259,0.304353022466709,0.191364075686433,0.298739508228788,0.515792896869038,0.00810206346238708,0.344010573744018,0.488798884744726,0.655788830867392,0.671927155062131,0.726519909125729,0.293456079989379,0.718912124677516,0.41283137142581,0.929753190943439,0.661921550336452,0.869433573675493,0.63841124780999,0.420504410299671,0.192784763142548,0.916010837869097,0.336118067012867,0.186854627173647,0.745139584931503,0.0942282074564828,0.322818513651018,0.0356742019887163,0.783401895230014,0.466987993150039,0.76842796962756,0.701484466012127,0.111839244256925,0.202091030999097,0.423756301054446,0.83297121536937
"VMT",0.344588029939473,0.154231100470003,0.403347127551225,0.28755210702796,0.41714133270844,0.132489381554705,0.0340466778406954,0.0726752122598797,0.0381140877182108,0.00866805516480817,0.0109774306822565,0.000503320594550671,0.46329163541492,0.152415244815814,0.0501940373631148,0.0938121451975316,0.725484566274453,0.410311204955192,0.840320592086813,0.410909304535342,0.00339355073563635,0.242737240614907,0.185335931209526,0.406592135964597,0.0316702783584407,0.679312964331428,0.277561830120822,0.301796302153542,0.178727426453793,0.0082538900929783,0.0757347043658103,0.914598626445558,0.344974216249238,0.714011794387053,0.0310408279057212,0.847658924570217,0.576848954681263,0.0438991939270857,0.093841377343758,0.0246600287955527,0.849942782513021,0.112536972634351,0.97809992037786,0.27759288875621,0.18430574689312,0.417025596893237,0.88369960646566,0.864758049110881,0.239018416295192,0.601816300140053,0.0631272015106141,0.630155964070883,0.109065662780358,0.0843881904547006,0.286660093525088,0.393669760527735,0.264247997027823,0.292104767865858,0.108512810196271,0.186873122523502,0.87583373103854,0.98877612036195,0.189318973236561,0,0.411650309629953,0.621659208494907,0.722872073508446,0.835419887390523,0.317883546679654,0.00441746757663681,0.216343306764685,0.658998325711006,0.219638493781433,0.794172539507776,0.722319396308212,0.120804002164813,0.597244258877857,0.0540012742932259,0.647084503449776,0.232377586593649,0.70946270643234,0.938916446608234,0.378248292979219,0.130790295733865,0.48581281617354,0.434391321146814,0.370258781800564,0.236798301456788,0.00989341992811249,0.727740706472013,0.680625563975832,0.454383644865423,0.939576202334761,0.579236711673368,0.133120822580686,0.389683810680721,0.830400305396817,0.0842139771634254,0.666079576092496,0.180818219163346,0.0154305585409894,0.0114097997291867,0.880983271002404,0.130092824175024,0.243918631252618,0.209809786269812,0.266179139873093,0.149914133528643,0.971984412424728,0.282811739115504,0.5466026538194,0.0718185447916482,0.131780470129807,0.967087050340394,0.0215223091842366,0.697873517587385,0.577702809243495,0.228555201160547,0.383825130937999,0.191371503296379,0.609230786712393,0.615509090908242,0.132462220615461,0.574563875577654,0.484032789485588,0.247744181489405
"VPLT",0.283026687056386,0.223086177062089,0.670488121168809,0.0925015109327629,0.0528909705690586,0.844479777900792,0.805272395849417,0.462221153948177,0.491436769949263,0.854461473064345,0.825560168770547,0.833531156783507,0.983652109679796,0.422720965166549,0.736413292502574,0.737644583143408,0.848320965317278,0.997512625740943,0.147093210112183,0.981347920770415,0.919975983406471,0.999804825615499,0.852965862054755,0.701755729309785,0.817285918267926,0.79271932062193,0.179048745076187,0.0301991769832803,0.648865966915652,0.771905422077437,0.384370781623799,0.118997645458912,0.692193351572096,0.184391068955268,0.96247795822941,0.412359006390914,0.0815177838142414,0.101845163532128,0.0699336468776668,0.208295976856954,0.562071237725817,0.0298239204083441,0.0857637493491251,0.737952290639982,0.416743094410519,0.601136468130499,0.37204157362852,0.110188323513617,0.776161243107057,0.398129313807509,0.360016260962172,0.550503491533332,0.126360000201454,0.811092086750864,0.47448576379232,0.59173932240603,0.0229561164290869,0.0893185288200741,0.377712613568435,0.19393405640766,0.104856237832042,0.145181073093117,0.000655093605503364,0.411650309629953,0,0.00760086758216669,0.0860355302795073,0.0726648769644423,0.0940068289315867,0.164566239767685,0.0302989749512623,0.176911364028778,0.105385669153373,0.962050700872155,0.272953584262326,0.541212635278943,0.466228401842373,0.0536408999840179,0.00197499024349894,0.637862433998223,0.382891588590086,0.529298780916339,0.370728688950241,0.500719098850723,0.218442510284505,0.122081988706738,0.00848596665416439,0.0265290603463935,0.493395085545687,0.133402110247148,0.164822888844647,0.613606429398254,0.247716679129127,0.238924158303338,0.696099128780546,0.21851246263492,0.00940228763259427,0.319238102588245,0.615226032622723,0.581862946073761,0.870682389976755,0.852264201911879,0.280618564191153,0.620587156291228,0.361037204093999,0.541987408956384,0.827913339266931,0.74564248653093,0.736834187397108,0.215271140016639,0.0907000116393038,0.852729249872442,0.365444802742818,0.327382198337378,0.951080423609581,0.0882463534510684,0.196380024820049,0.0473156181119404,0.779747181778939,0.89276791027138,0.421967668100885,0.356648422084531,0.416221606154206,0.225944986635597,0.376475780375723,0.471588156560077
"VPMT",0.249093474128201,0.0938486217717617,0.261674842119464,0.0528996909454577,0.0175469754595954,0.440131870052103,0.743209074219561,0.290763360576411,0.368658674074044,0.667258547550926,0.485218689813462,0.990895622735569,0.574258849938823,0.790538770655776,0.382545972031938,0.295472959225177,0.540978639553575,0.638789636123437,0.0309854968317851,0.731596829265165,0.70998556821243,0.677810324250301,0.594090593820339,0.249805977898528,0.68051860548257,0.948603042052207,0.437115347038159,0.000850377574904586,0.969534578487963,0.713496963963579,0.233621007121625,0.00455273358511683,0.694359831371875,0.111030664257218,0.885037904278776,0.421126139308481,0.144802710894391,0.133365203929731,0.0270758091884749,0.191940289124228,0.494763969578954,0.0212535220405652,0.417547439994623,0.805353483577446,0.536836818605891,0.599885745751497,0.0471166683487429,0.0362342895163185,0.236193377678684,0.634929121813779,0.373976050079875,0.283811593963436,0.0299843225857071,0.431741943018035,0.258779861190529,0.440480260854266,0.0206192419568593,0.0281473448446774,0.295040294531074,0.0294100461272211,0.0066455601126177,0.044541400321258,0.00757923487805052,0.621659208494907,0.00760086758216669,0,0.00492323058985432,0.0642050173201422,0.282624544045763,0.251440727794803,0.0010034257378238,0.0815506615481581,0.00721731533200417,0.926157578887244,0.146495890033661,0.623940809859818,0.49984890598559,0.0408034637136348,0.000657497261486612,0.825474506371738,0.185600295553108,0.178832343054936,0.331836073051315,0.757122092363476,0.0964171518096738,0.144878615564692,0.00022998002438154,0.00172389975388652,0.977155598212357,0.0567481837626887,0.080127875531068,0.460071688862495,0.040702723669219,0.368431283064507,0.194591721935651,0.165157524058861,0.00460323801323421,0.521611221547168,0.194366040441932,0.985929361370335,0.649726869318178,0.757914897455627,0.0543774726312788,0.318768898006487,0.174020376353832,0.984093062889474,0.578854455388511,0.994692436037058,0.353003791842236,0.123649123092393,0.0960625550006086,0.83380573553573,0.175696317853714,0.314803740156385,0.616664960125032,0.0142831899299954,0.491720252772587,0.273861248614905,0.940249021568415,0.741819796982318,0.385999409387303,0.340553133495946,0.203024756397023,0.0152339453331879,0.124077616928439,0.217970843311616
"PTTn",0.0644070113948209,0.401431355299091,0.464539722090449,0.326694496253515,0.0968927822409,0.141715919716709,0.300429978213365,0.0486916071744976,0.0998529506061637,0.176331634521723,0.102554690209693,0.42894405143044,0.107974120331722,0.433707733333509,0.175856018547812,0.138269638276517,0.133256463229953,0.0427418015241843,0.0031007574577382,0.105066101541428,0.260213327011256,0.889213458868854,0.876619952140545,0.515820781581827,0.857741147995104,0.603160471939558,0.964410187078669,0.0351264449561707,0.781130023629413,0.960205849828772,0.0553596156387342,0.00567720866747817,0.525309332391445,0.0604536964328721,0.602884032205631,0.563420258578435,0.594926607922921,0.416360799507771,0.214323465617493,0.554851178972941,0.688057337744244,0.1470993046516,0.941236587317469,0.943940465469265,0.703181764996265,0.326305396072241,0.0449190364427842,0.0201274715675444,0.121650896592394,0.730641697894924,0.160260866739001,0.232499067597369,0.227704858142474,0.157714254233782,0.331046389072965,0.657258730878782,0.0826277196839906,0.0915230835788045,0.597466164536438,0.139855581894509,0.00412170414487695,0.0497971457669809,0.170034459171618,0.722872073508446,0.0860355302795073,0.00492323058985432,0,0.0769412077516333,0.908919339217262,0.845868655937109,0.0533494359852735,0.0818123218530069,0.0870227547137542,0.823230006724716,0.578304330917452,0.85805107571895,0.878535905383827,0.365626149364971,0.0286483780750936,0.360508313886996,0.0605239358030949,0.0479884060490803,0.993191463661782,0.606746618593058,0.0578685283570857,0.208153735265032,0.0160014682327305,0.101691282584236,0.228740162428077,0.0608586969637153,0.0513472875174895,0.442834976316903,0.0350218878014372,0.486441215739682,0.390927617799942,0.034181671612457,0.0185811314540772,0.858636932011783,0.0654609712721643,0.8737050025931,0.272287112744015,0.762714109011247,0.00270358982732299,0.194201848523681,0.107340660167783,0.598938602095076,0.741385955258602,0.714632223610534,0.534998739122498,0.128914317789003,0.0980153940272112,0.605318803288237,0.291276958830843,0.546951614206911,0.34760920594975,0.000712054052248877,0.432236566414004,0.729518486543503,0.999822542146209,0.695066504340589,0.179251290715722,0.187122454584531,0.474655830722163,0.0254151513579548,0.113746101784235,0.0891308395407201
"MGC",0.178058020676583,0.290994235531421,0.245471728438457,0.0574437060672223,0.00798198960267413,0.765517758793611,0.962668263727138,0.289803902933639,0.208138657733441,0.645739657906004,0.420882180040025,0.945089004743804,0.876176703443484,0.929788398978744,0.735817891297586,0.665889216306634,0.593778385172751,0.465857950093903,0.0486347298178591,0.423158841461416,0.834675780309386,0.777584313431941,0.637248695831829,0.283145101592318,0.74937722236459,0.204333940822907,0.294003948717553,0.0526984771073852,0.621059355049592,0.656067274273319,0.532166223205499,0.134834001095286,0.308095130963477,0.00119934993173918,0.553994278691477,0.465546265201221,0.751262709304746,0.0462398928270324,0.0813317287703708,0.209098765202435,0.151336992854016,0.108443253997215,0.422435276426121,0.222848999805038,0.920634276432797,0.564055192531991,0.0288372688832387,0.00943921165799197,0.807180320296016,0.0233582809476657,0.342100653958626,0.725648043703382,0.285246913653194,0.172655819937494,0.0377922388409341,0.854201879430375,0.00220863995183154,0.00366037460269742,0.110506903168048,0.0805021937626881,0.0141905318958116,0.0298380987812768,0.233013353561594,0.835419887390523,0.0726648769644423,0.0642050173201422,0.0769412077516333,0,0.796978624862793,0.482471053020524,0.0599565844995347,0.00104437133990004,0.0696489364646434,0.212290074554137,0.807730314860813,0.765039236816628,0.833998372862154,0.446536129473803,0.179745662898973,0.315679762693853,0.0149342195611634,0.264423256334064,0.712081165168074,0.337099969443892,0.479099454312491,0.666765092918615,0.0513337124239371,0.281938807382155,0.793776260375424,0.00146354951597612,0.0471411724032975,0.914832389505857,0.0129215138246207,0.894617108653419,0.74334511345706,0.0322855161105141,0.179975391952021,0.124956783416937,0.391621504120818,0.763671756402038,0.600721861835382,0.402667856671548,0.216499245857201,0.450285002933718,0.382575773030351,0.526571912465277,0.954670575127329,0.534810041084845,0.703477368343037,0.115107082748022,0.000363764699879296,0.536343035203947,0.129838616238815,0.659166697563596,0.949005048922443,0.0965705726426355,0.436057714756229,0.92745966401356,0.3214611812319,0.287703882590979,0.00971153266008261,0.0068156170744931,0.987573635579039,0.041223671911318,0.103260602517676,0.0159116702377753
"dLGC",0.834399904822823,0.398671379212131,0.835214587542593,0.433212019051162,0.606836039349455,0.906023229024534,0.955591188592939,0.710031873408926,0.601933547105779,0.40748285640551,0.431810816939157,0.598351769147409,0.774571645693684,0.384620515859145,0.916366422972926,0.916193553315596,0.592527428558462,0.262531581355781,0.876140543970376,0.198567640017863,0.703024027775706,0.996054034635559,0.866860123166946,0.942142771797065,0.93846304556264,0.337891973563552,0.253246701255825,0.38209434781357,0.435883086712278,0.990142105356119,0.904890510352282,0.588083422123081,0.244299858795106,0.712491998418742,0.915389230307487,0.0599974759248436,0.0135908514741398,0.803311356674205,0.548021224474389,0.62102344445627,0.999963511804689,0.333316037232685,0.098023273129428,0.151115118908887,0.653575874094967,0.721275340241844,0.605767741004496,0.852078211325913,0.615184010827807,0.425999727450605,0.989994028460548,0.994655391267965,0.266568791221727,0.385170888871001,0.440674895266379,0.266505063801204,0.783309618817376,0.941785561334396,0.86182218277064,0.880735072020076,0.906043372970573,0.945178747287409,0.0263464651256442,0.317883546679654,0.0940068289315867,0.282624544045763,0.908919339217262,0.796978624862793,0,0.275419069373116,0.402483684267685,0.585477002885009,0.640183476394512,0.299767673656771,0.0822528938935548,0.278044556367431,0.216301993629139,0.115467407803001,0.0648481750279693,0.440284117807444,0.348205096288996,0.556198705578671,0.0187543331960607,0.0162400885329173,0.378959265109183,0.0938421040423106,0.244449710465335,0.0617894179032113,0.13955400864394,0.878859700055707,0.961886074997034,0.437106306077894,0.70912319194542,0.0784412634757806,0.825085378003752,0.549846779229726,0.184657154670683,0.939205168681544,0.980488453990378,0.90685192411477,0.486360895607215,0.823195194354795,0.859965252830544,0.982950617038951,0.729209722265001,0.661030345792476,0.95468347706423,0.74296200011385,0.612276338662503,0.856330648096155,0.860609050699746,0.480254051113119,0.780448947020373,0.236961256432975,0.841471904722675,0.803053193571063,0.486319239015856,0.0626561829730454,0.597661489228839,0.132676980831373,0.363917614792045,0.4880146441696,0.231182069953263,0.84839086080318,0.947950623164803,0.368808632252643
"LPT",0.373945272261904,0.026632081673597,0.174246580876142,0.102012460300739,0.225461209605391,0.0899340573210726,0.0526942180879092,0.183671393752861,0.168725370329505,0.0369305921123157,0.124008612415175,0.00925162006933904,0.266312129545402,0.151073706540955,0.138619788028491,0.152127392506084,0.918547468923823,0.363204947199505,0.915694965443497,0.503058780842339,0.0842208052553643,0.0668439981661064,0.0630108861301504,0.215935943572205,0.00605078296044852,0.351298679489513,0.410792077740951,0.143249130008005,0.172221239260031,0.100256092556376,0.315293401426398,0.875007486621974,0.532414584467558,0.895615970317488,0.0641179116404545,0.914915798303816,0.428063059075093,0.0253251953424498,0.0216211638337167,0.0528183457795394,0.742415862547619,0.133060113934001,0.605751752967867,0.418054757760838,0.0578285458340848,0.578948871712588,0.690277442059957,0.876271926841425,0.495804230989094,0.319841682418974,0.238205129892234,0.348774012652029,0.117176579441609,0.15333257713877,0.187984382865447,0.899920231803792,0.128241740096222,0.122858916051836,0.0227640435045815,0.050058212248043,0.50676901227432,0.997410289536537,0.0958362972824776,0.00441746757663681,0.164566239767685,0.251440727794803,0.845868655937109,0.482471053020524,0.275419069373116,0,0.0680017134911023,0.308167396402935,0.0837502181176328,0.407742705255587,0.331421662306977,0.261948376686251,0.152253148470757,0.0021974060789288,0.280268745826397,0.250788124430542,0.776413363941453,0.759738464922207,0.191289275518853,0.199633630343223,0.656252578060222,0.864356075365305,0.224371539641807,0.106671529660778,0.0259395032418458,0.8953843671168,0.68149614054825,0.237511965291145,0.845803103054095,0.560705074802235,0.249469636165908,0.678850736491356,0.53658249603245,0.165086704665107,0.578604221205065,0.22694062161793,0.0787563368235057,0.0560843592440959,0.936288158599527,0.257326014898926,0.378509653996185,0.408315500950055,0.662995149850338,0.265340120104953,0.417158315905605,0.756865894880426,0.449222741558404,0.148787990524496,0.0734061027322746,0.752087738153516,0.240842120418252,0.479061302223739,0.433921097037876,0.127374226392399,0.57897551775203,0.168011464853702,0.734704940541147,0.790927416044296,0.225270484280765,0.341478255009496,0.588777686862509,0.5537028510052
"PCT",0.556635688485987,0.0211223338625481,0.0848861354098336,0.0134751171199534,0.00465910792153701,0.841972971818834,0.620888978162722,0.746936719891568,0.853542137535746,0.866315447806863,0.994325644472078,0.428856103803621,0.769014008954052,0.903422985163446,0.856769906172678,0.670214374183332,0.428341610499306,0.776411147402682,0.073299777955828,0.849562035220959,0.656230673605185,0.310878764869384,0.24068752775763,0.0743973144768944,0.234088616873282,0.996903949711266,0.359587652490161,2.65724017427309e-05,0.381033731546515,0.231763534759148,0.748314145063256,0.0256911260896602,0.660055324225461,0.148934851295811,0.300206987807884,0.78446352488034,0.240273311002033,0.0208337863097731,0.00126529476756245,0.0333071505200388,0.457491481277083,0.00529332062942127,0.652094394719587,0.7911193651678,0.429249061088893,0.472033138819118,0.0355632594885749,0.0695303906000081,0.576091726664869,0.438098432413757,0.924545901988137,0.283861529448766,0.00372402439754312,0.715012397631051,0.068701832154493,0.385393083081921,0.00532335040718503,0.00314648636608146,0.0701831906778881,0.000911956893200697,0.00953748752570023,0.0659156066292241,0.0141609101361526,0.216343306764685,0.0302989749512623,0.0010034257378238,0.0533494359852735,0.0599565844995347,0.402483684267685,0.0680017134911023,0,0.0410051103800563,2.50477669074654e-05,0.988864692419966,0.184663426387761,0.526945566313773,0.571895728355189,0.0120475755389447,0.0280369410710441,0.860841697598883,0.214544647533953,0.268826565487986,0.324560652155319,0.691524476724718,0.329744828108934,0.518962113714239,0.00183121735734871,0.00340758171973338,0.660897248860274,0.0904520667514596,0.173121879727259,0.77446828030714,0.0379550975361143,0.828384321338465,0.0766344311552367,0.365633113304893,0.0606091760489754,0.254799544781953,0.275172107988259,0.777455405668594,0.939974185217449,0.270089203335682,0.114181118156156,0.650785528174317,0.46304394821743,0.565060088956769,0.342635228293812,0.621091334647295,0.209993600686014,0.337411371507387,0.0798791461255416,0.548726374045488,0.0355402072741117,0.434890121173867,0.892433009833782,0.0366045224190572,0.903751724073879,0.170495569022906,0.779191846520855,0.564289188459809,0.456668030537593,0.423088734288317,0.0975709059321571,0.00314981387813328,0.21152875737275,0.349724622227695
"PlnT",0.425429294063436,0.122306903838467,0.0555157101578878,0.0810299634745635,0.0165616396134022,0.989665257916684,0.592999267829302,0.519214599110325,0.449762081436878,0.899251402205471,0.594654173502236,0.734513114455898,0.842030034283387,0.944070790122385,0.890382456410276,0.951476529979596,0.708614646247054,0.643131217479265,0.108207055560959,0.584901196348909,0.925622696251889,0.35976581632651,0.290568215221966,0.10455810444675,0.374789541966547,0.40615880254927,0.709929609138423,0.0411295696571456,0.28159205409674,0.497271517718293,0.751082766838496,0.175747923432382,0.338884191818572,0.00620492979810912,0.331521393827376,0.236190892524057,0.82337482352828,0.0407710669426814,0.0694884847530668,0.232793195162644,0.400530896277335,0.117085486613857,0.837687952235312,0.221007967093828,0.561680536051468,0.610987792378889,0.0236856555361642,0.0561024075498579,0.855387739611029,0.0223078916938402,0.736883064521507,0.286138705178847,0.206411604625748,0.256255380376916,0.00183784333668927,0.697233424286527,0.00317078260525934,0.00081830954752677,0.0174266305891667,0.0168186696165493,0.0183179679405717,0.107997094674538,0.356289445460642,0.658998325711006,0.176911364028778,0.0815506615481581,0.0818123218530069,0.00104437133990004,0.585477002885009,0.308167396402935,0.0410051103800563,0,0.0353900017349754,0.464249536088038,0.889010564748518,0.913078569066589,0.985329466630552,0.337518898871098,0.263352587313545,0.604824862579015,0.0367195413834726,0.359924114441391,0.723844961227101,0.459001136976658,0.584450086149378,0.908762401243771,0.0677782303323759,0.274692055482835,0.91770827329443,0.0222135891379903,0.157794970132122,0.68407352916208,0.0312526536055724,0.417171820455851,0.425254051889288,0.105039022588713,0.344796892503883,0.245097627369789,0.573518905543696,0.460945557534818,0.892792637806651,0.193587936816552,0.159570999022989,0.860170184740523,0.800933120208225,0.837757919254328,0.790977247487762,0.902176985800759,0.74980719054689,0.352151300090228,0.00172696657588673,0.22868187563043,0.0149796616759521,0.827519925520134,0.887595645522384,0.0763290201451637,0.864939169517806,0.887977637598378,0.347638105870931,0.468918789625166,0.0450365553419775,0.0294980755888024,0.776530691065786,0.0125022156849508,0.287937014460607,0.0435909353884733
"EnT",0.666204816583298,0.0204998774397711,0.04519116684084,0.0124305745384173,0.00560850910708995,0.888734731557285,0.483669664143907,0.85362663186988,0.947984185611183,0.902398055377931,0.97167443500541,0.371990521101063,0.714930667422379,0.699690752977051,0.899072334484871,0.690305288068291,0.328567876279831,0.680334846445516,0.0812980405504169,0.740031825889443,0.564439665729043,0.215705362788035,0.168924834967419,0.0325448157350346,0.159435714200612,0.993182153300253,0.394475906977711,0.000360412933375086,0.196507685877888,0.1560199652369,0.914918855742203,0.0376020525036117,0.472129574619708,0.160344232717917,0.184915973046496,0.978395904509403,0.356664256480762,0.0187901726841607,0.000897550816495381,0.0228363720878237,0.403816619553933,0.0139902501639755,0.890394734660314,0.885911015686384,0.523559127076635,0.448603197415828,0.0152419959887715,0.075472780541816,0.63331161871548,0.416935262662284,0.916752644793049,0.33216144846029,0.00517932230541125,0.695270286287398,0.0371774346648251,0.407897032573126,0.0101283209885864,0.00202422172242477,0.0483505684640596,8.78640749964777e-05,0.00872438468943973,0.070182753290319,0.0584958489589725,0.219638493781433,0.105385669153373,0.00721731533200417,0.0870227547137542,0.0696489364646434,0.640183476394512,0.0837502181176328,2.50477669074654e-05,0.0353900017349754,0,0.899002755680809,0.221608705403616,0.654125012946339,0.672187986313657,0.0256182594922284,0.0839974434507565,0.766295305723571,0.188983647320655,0.247104282091302,0.400386226269814,0.883538377842427,0.463330360493533,0.780438108603844,0.00975729527286329,0.0125368850818738,0.765180983907048,0.0934079218368156,0.212061442625018,0.868046983416813,0.0236545208799759,0.917867460186646,0.0519419011127919,0.426176316993136,0.128802907651393,0.215692120937079,0.235676829213835,0.904520544128705,0.992189503533771,0.164684643130502,0.136073892811017,0.647525764274751,0.51221439571469,0.420223566809404,0.23620033005986,0.569719933074658,0.0744839487973196,0.379849223595226,0.0959831000590299,0.412559658024878,0.0237386968441225,0.496496750300982,0.88747615652221,0.0553748929975245,0.829357863728998,0.61125415589014,0.677343527815072,0.581172240186501,0.445577625925072,0.437675607548563,0.113676471530422,0.000787777003022078,0.188109363463471,0.32010549245815
"AVT",0.127802400527163,0.413772902270095,0.713498243078249,0.835302359642682,0.468282180046787,0.378004228581671,0.664414812494487,0.368963664356499,0.334437383473424,0.418543951002393,0.633155242318128,0.604763650190646,0.240759574486527,0.568015237259032,0.702076209098569,0.592711555047893,0.282185983353245,0.151379136362503,0.287394004800954,0.250763364353486,0.989186991793926,0.223474641614021,0.36072422873517,0.822359446661876,0.381274143042318,0.000661975107329562,0.351489783690024,0.855281287840258,0.987474674434315,0.52461605297682,0.991724099483773,0.623393628159689,0.465614096284794,0.250552407519552,0.855312351982578,0.412957336684575,0.730869011866912,0.485446909319863,0.891269388975807,0.460216598519911,0.0685202775998688,0.542479344484918,0.86848151728577,0.285880287401396,0.183083889359749,0.392031008420073,0.507435884308911,0.158579833524697,0.361330912681432,0.386642420663923,0.517076345752246,0.278955171605711,0.953247830822071,0.194407186449458,0.484623830264143,0.551249822681794,0.401793319347644,0.475301224803565,0.930525086936715,0.947588580323173,0.481627200843881,0.0908444173848368,0.861026411287571,0.794172539507776,0.962050700872155,0.926157578887244,0.823230006724716,0.212290074554137,0.299767673656771,0.407742705255587,0.988864692419966,0.464249536088038,0.899002755680809,0,0.234059704624205,0.454581322792387,0.0103263226200676,0.288172068707468,0.673532261213103,0.0838491031050385,0.0424049038075784,0.0558491529346385,0.0825505184946782,0.116497926144553,0.864737326441509,0.467633682885604,0.857267025959441,0.580007630332894,0.399610073682856,0.20187059019917,0.0822726212861216,0.354998176278927,0.178882104292335,0.962007746323373,0.947776480882157,0.196068239484786,0.91295628930845,0.337126112678705,0.236822047316016,0.806633122964827,0.493390002350918,0.890703872999778,0.666352248788402,0.435103834223749,0.41850200296142,0.498790812499745,0.824371793907022,0.303074254044218,0.101918029543428,0.613592786014806,0.23523201208826,0.716358075624651,0.897953089114392,0.290156837258509,0.603146598550149,0.769778440002207,0.222035578828581,0.332448684637652,0.520231500539574,0.0305339197946028,0.0259598856193399,0.0635695012799274,0.681640800783127,0.623136822677078,0.154462765203971,0.194815770635823
"AMn",0.569757608085993,0.0791024059231535,0.309460042085631,0.0595531130431213,0.223288150410384,0.90587892827293,0.778224841194386,0.78153887610994,0.863361395281897,0.951208830947212,0.924455860906405,0.786224724598547,0.773230646814046,0.635615231134806,0.450300560932532,0.455244303046116,0.652596689483437,0.395376805627022,0.885983459386645,0.442060575076723,0.982533883032328,0.238705208243779,0.211601280374716,0.182197081958591,0.516153371526209,0.107101705739633,0.343703090429462,0.196991488056014,0.749384250748153,0.78968856014608,0.818717633825169,0.347140581917808,0.498339262077526,0.701377093143348,0.667403568208715,0.249494043271234,0.024092103349194,0.795560414809158,0.285653552247883,0.643479731954772,0.488924136095304,0.634236688185594,0.137437018828646,0.679859748783782,0.883154214908333,0.321793502002053,0.375261884687438,0.813825527464355,0.282280066310547,0.703366119835732,0.923227412475717,0.877624614641896,0.240658232658862,0.904017955785604,0.873503155210183,0.706605017277739,0.728446063655538,0.64767494618473,0.663237266651659,0.330451468873318,0.579605188017809,0.74198019781435,0.163644218120036,0.722319396308212,0.272953584262326,0.146495890033661,0.578304330917452,0.807730314860813,0.0822528938935548,0.331421662306977,0.184663426387761,0.889010564748518,0.221608705403616,0.234059704624205,0,0.582163852904405,0.112799877470256,0.103345262392564,0.105626549310602,0.146684599414078,0.576568199240783,0.529408901340755,0.00107575736668292,0.362531927676373,0.616166572967969,0.111803981543383,0.254819076859388,0.0423415383028293,0.570822440863457,0.466795112530287,0.942604250141819,0.642712349338475,0.606645345557278,0.408762955928206,0.705235693268274,0.64931929638558,0.353476868400979,0.849050973510041,0.553747440475248,0.286305600050809,0.674254738546434,0.707011518298607,0.835908961715638,0.377342270322686,0.401082418539168,0.18598305286587,0.67445493252781,0.894287104041801,0.153435999658796,0.228239346381717,0.834678201958838,0.550498735072109,0.972906221214874,0.348080997901726,0.330503949779536,0.885796838751472,0.631348653673229,0.735572680566864,0.545917295083263,0.1237261746024,0.598746066057566,0.764453326113306,0.419101497999546,0.534987106042427,0.422942548280019,0.852869135174068
"IADT",0.839508416123302,0.548997405505237,0.821698695445423,0.774880853005131,0.962208102134981,0.774194499370376,0.528960082854952,0.545072977863078,0.281639464098759,0.141756260615045,0.226556818152326,0.18884729052962,0.721607425935045,0.209490615822084,0.0713623865885332,0.216520955506062,0.96286102119891,0.584433386168001,0.909589216721765,0.404871619198614,0.215386375173018,0.857702334061902,0.800080723022173,0.984832859166316,0.502204013329108,0.855792501039545,0.359219933255703,0.516988290665242,0.961149387219121,0.228505612126211,0.583016211844872,0.803475227018481,0.0849356577901905,0.582464570062677,0.699472604935085,0.806589155260835,0.768228131872914,0.527114672641702,0.685990543234106,0.566666484376008,0.229032636518676,0.219594232762936,0.495602319102815,0.226545049611179,0.0875253922591634,0.492151786097683,0.510110728957276,0.682204807296551,0.918541056371096,0.707999621906276,0.246407987328996,0.0744065695366687,0.262069851749672,0.378332648553664,0.575440603331747,0.387163645688158,0.598480417813225,0.744177551898594,0.547962409517641,0.582475398037508,0.974922532570336,0.846430198154232,0.292806277858002,0.120804002164813,0.541212635278943,0.623940809859818,0.85805107571895,0.765039236816628,0.278044556367431,0.261948376686251,0.526945566313773,0.913078569066589,0.654125012946339,0.454581322792387,0.582163852904405,0,0.804398869569746,0.290194441103423,0.509471302971936,0.722174877232858,0.795240454116068,0.91873099537269,0.781058153778793,0.0443453111824781,0.454488681775793,0.840034932965722,0.320898470569218,0.264446020463859,0.21769996069115,0.391729251517504,0.87928207338607,0.782169805122301,0.630548943273983,0.893995320676326,0.163701161001132,0.682801426447122,0.65591978262647,0.94378867741644,0.564146851542586,0.0116973013999543,0.0253693466825645,0.344856678050044,0.429818845182052,0.0432899615733067,0.173910936380344,0.616194547512355,0.178500579356652,0.067132071244606,0.733049999113789,0.0664362258019437,0.440100070224726,0.207693206746884,0.206486929663817,0.662005980932037,0.0233356911779615,0.161930569103405,0.796943823278383,0.0782144341346866,0.847242253206471,0.178242013626237,0.343370546795798,0.418410301741736,0.102241663996112,0.755316662397118,0.258270428842153,0.262427981155273
"IMDT",0.336732603006916,0.266084621107176,0.577304890248776,0.564568320414069,0.974355742068583,0.252777078670189,0.630690110071567,0.545732960341946,0.591399829655714,0.328070920578532,0.788060564243901,0.532706813383044,0.238126186953727,0.17738250367921,0.773540097666354,0.529173245497387,0.505732129863874,0.273031580081829,0.710740845596487,0.520922438251956,0.912157574575951,0.179007416552371,0.306978466897104,0.659003172198116,0.257883549233315,0.0161416687018749,0.902856372390968,0.756051392669283,0.884501503194814,0.646054401801563,0.819924356053826,0.834035776247266,0.0756405159634372,0.689507150193841,0.957508367677779,0.474120106668177,0.412207496135397,0.897687035654676,0.530649792978218,0.928437976997132,0.224450799230416,0.871589103877517,0.399561199753609,0.380975091090845,0.0861531079384314,0.657468221591983,0.971491139802646,0.626704171943575,0.569660782072425,0.943720015202953,0.895481424375619,0.41274377086853,0.917544393847151,0.175220360491405,0.835185570004814,0.375315028557875,0.989626042916473,0.933151802678197,0.554631604715937,0.570812939513232,0.98230826072051,0.338178306280091,0.458578278779968,0.597244258877857,0.466228401842373,0.49984890598559,0.878535905383827,0.833998372862154,0.216301993629139,0.152253148470757,0.571895728355189,0.985329466630552,0.672187986313657,0.0103263226200676,0.112799877470256,0.804398869569746,0,0.0979993458740275,0.310659345652711,0.198065207004956,0.214198882906167,0.184467320771139,0.0896940594148105,0.145502464139228,0.792903856618718,0.406791042233211,0.740762263110359,0.32020241440808,0.226176264026887,0.692273904125886,0.263159756460533,0.280688782886608,0.500753437076542,0.970754540748057,0.895977098839007,0.618049700807917,0.652002211251656,0.868126224197946,0.303670644040435,0.807811730273826,0.427074973808338,0.889980026436739,0.78526949106039,0.635017114375312,0.691340393743694,0.888871559275304,0.51782354438439,0.748594770007059,0.0702560975187952,0.681341830074231,0.636523767047546,0.781578969513576,0.881719597920265,0.452916232925269,0.331329163348397,0.925392574853831,0.322749987720809,0.113279281436313,0.591179647003847,0.139969819057401,0.285888076581164,0.369100055996996,0.873952963865806,0.978594304773403,0.320775628111141,0.424927674814583
"MDT",0.7544996725319,0.025365322580218,0.231376993496597,0.0746949708999266,0.155370731887576,0.446538686155406,0.344030799633935,0.589673132227874,0.495718361889449,0.273293682973973,0.459532493271755,0.131383618489979,0.687213896660142,0.419462290389137,0.648678967458625,0.664765184785029,0.694215383501073,0.64823213065059,0.474243979594376,0.737126533052021,0.396485149494981,0.159170136592476,0.16712387468121,0.237261440459439,0.0594855745974989,0.278966695847051,0.420193470637381,0.04031824365961,0.441365693190403,0.24933950613588,0.905616382908676,0.347810686019601,0.677639517608224,0.800135296781011,0.297173176958366,0.467706972029022,0.136655068320873,0.0613115318210615,0.00819737045033161,0.0704994430411379,0.805892940836614,0.0723480506626663,0.5051504604164,0.232167398825636,0.0876064565716738,0.536473311652712,0.40930518527673,0.525590353911437,0.76681515390915,0.662402631894857,0.658888509111303,0.261466539938372,0.0501775766136354,0.345972072021377,0.343173005255038,0.600891442604508,0.112813696017079,0.11014125717381,0.111307790297816,0.0297940290050223,0.221810127567087,0.640133376947137,0.0152352177501043,0.0540012742932259,0.0536408999840179,0.0408034637136348,0.365626149364971,0.446536129473803,0.115467407803001,0.0021974060789288,0.0120475755389447,0.337518898871098,0.0256182594922284,0.288172068707468,0.103345262392564,0.290194441103423,0.0979993458740275,0,0.0556436833723741,0.367246390171986,0.956107825106417,0.926723852366606,0.0736363323280553,0.196945499898291,0.782486114657749,0.590431285181007,0.0768034578641086,0.0100409098440337,0.165206317233823,0.655727775363939,0.941636309082587,0.65377475487324,0.538383595959406,0.841141093757916,0.162662868445326,0.999515201309109,0.156656674826955,0.34311469314977,0.958247268116968,0.558119177149056,0.368953353148242,0.305872746377837,0.499621899862751,0.773074053975469,0.999165386746246,0.465647672772919,0.584617381040783,0.443513235175709,0.131274071676528,0.736215359370587,0.471294073668685,0.604790400053496,0.136030445117883,0.813910015648754,0.717406050895722,0.219104440293386,0.656099765178575,0.114277077617972,0.391204446300326,0.111396781322605,0.745503440840928,0.782427688181374,0.118625839559106,0.171832976122341,0.958218265849044,0.776381635373068
"SMT",0.357283599256397,0.188138830086776,0.516520995935196,0.120873394665309,0.0847315136592458,0.551771764181936,0.627481477683003,0.337465884013373,0.370945389556259,0.74710897880878,0.475309213032375,0.899226496012529,0.797067346640721,0.843628389438283,0.311243953554246,0.299031086223265,0.881375640136162,0.948324094477464,0.125310402545738,0.985935394440025,0.584338482281579,0.851984078709728,0.773014503805106,0.500949237263724,0.883008496776728,0.842342184208717,0.42571435777725,0.0253871245748489,0.657750252531358,0.958315328807157,0.193555605221915,0.0350781811408137,0.628937774154203,0.210365861633119,0.838742224458368,0.259088742796587,0.0919791293945213,0.323867429264516,0.12758584886697,0.420742876079151,0.672461186552163,0.0698418717918664,0.219417655077908,0.622802032591957,0.455474653913833,0.833314397882824,0.0912092822198197,0.125703507292951,0.229890804749258,0.820940995723997,0.302337102543682,0.381384179688279,0.115321357109634,0.584912634580698,0.62856254592009,0.541477930602212,0.109144029158139,0.169441039217233,0.545109060811695,0.171521528453168,0.0602119241042209,0.170177261633746,0.00133365809066493,0.647084503449776,0.00197499024349894,0.000657497261486612,0.0286483780750936,0.179745662898973,0.0648481750279693,0.280268745826397,0.0280369410710441,0.263352587313545,0.0839974434507565,0.673532261213103,0.105626549310602,0.509471302971936,0.310659345652711,0.0556436833723741,0,0.877839613067025,0.466542812892428,0.411154445160844,0.23270644741986,0.333481570933005,0.0904532924092758,0.0550306694758374,0.00564364728808052,0.00394738796810527,0.765669117452159,0.0999206215946347,0.201703535460795,0.486630495908108,0.153418968458661,0.212865746206812,0.486691532280649,0.282310773444076,0.00412252669828695,0.702730282580319,0.413773870634478,0.903396256379147,0.639995667094746,0.961903250891859,0.191011545717448,0.256677810897335,0.166000117834781,0.755214388152625,0.923804470614856,0.899902839463683,0.428471195238924,0.039113241143314,0.219894555768785,0.575947408552029,0.454373240860406,0.362703333835121,0.412184323042519,0.0615153790553648,0.367054968458038,0.0177464099775873,0.99371009894314,0.637546892298178,0.654161287873996,0.561682333918264,0.270466196232262,0.138935573837158,0.185416068200255,0.289642042442469
"pRE",0.00469216090419942,0.169030344720311,0.230496034170159,0.53320208127723,0.978361743744383,0.165535398354328,0.082809074682429,0.0143401967965656,0.00820336772423891,0.0425951978343074,0.0323522695869427,0.0903348054169984,0.187243388699322,0.896886116457805,0.258323523674447,0.341171522242723,0.367439492181241,0.0449565868015714,0.128159484644149,0.064061464996706,0.146414613450675,0.0284272995595619,0.0386464535309876,0.165629749514561,0.121099540354033,0.0165045241252996,0.87796886731985,0.939819520372591,0.173912895586257,0.713690322387101,0.135732189248807,0.542428697739225,0.928697005240606,0.368835683433986,0.201575801570834,0.969259316132742,0.744709296584225,0.900479458088414,0.81844721377631,0.921135570513821,0.673513336715625,0.728029875504133,0.96194190905237,0.5904260802338,0.72100504796456,0.253295033872103,0.71310010447893,0.114639860245382,0.998476479944742,0.60732262208654,0.0366377840001087,0.909547615714513,0.613656075152141,0.110238503298083,0.959651255148664,0.935272841165522,0.560028967613402,0.758743068123783,0.501730482646071,0.635257027535121,0.392780259739278,0.213941588624282,0.978972809013043,0.232377586593649,0.637862433998223,0.825474506371738,0.360508313886996,0.315679762693853,0.440284117807444,0.250788124430542,0.860841697598883,0.604824862579015,0.766295305723571,0.0838491031050385,0.146684599414078,0.722174877232858,0.198065207004956,0.367246390171986,0.877839613067025,0,0.0526809795698206,0.174359207754872,0.0553282115564228,0.0326401391774904,0.408156285873251,0.914322648931224,0.809693330919643,0.62624562005913,0.0457066640227056,0.313407043982759,0.1075718760572,0.438889072683891,0.339506016818639,0.467755151823166,0.627143882973421,0.0100239008976201,0.407332351626575,0.869208973003976,0.498585921551667,0.885880583628726,0.0823491873563752,0.254130568541595,0.253516946285288,0.217351623578499,0.201302958760738,0.0471803737060493,0.51094098009503,0.0868464633382081,0.450580580081525,0.289050559472443,0.261600600125183,0.50535404330703,0.853092667471871,0.628281825317357,0.716750776540483,0.347999576417288,0.0331786539403521,0.833322650387589,0.458127825802659,0.0189602039458025,0.0653365812412974,0.151166190035908,0.454114409557333,0.822837701924719,0.276045509280359,0.0991523827631027
"PVT",0.0165404907327607,0.931255598456374,0.621581070531394,0.454460602402691,0.119775700898609,0.15831170161211,0.463131871808152,0.0573451191470483,0.0705351309607307,0.173827327822043,0.158155303708226,0.453541489198968,0.163228639106536,0.377179546552919,0.367619628110408,0.25890803536986,0.163701076158399,0.0444656874743891,0.00544159208169886,0.0917740645434944,0.515420151475879,0.554992793954063,0.654400784050996,0.632514524148785,0.66479369019254,0.0231791610451627,0.652112134687923,0.168486752103341,0.923189474629621,0.623217072383866,0.29384215122298,0.0612627442915251,0.310010987123374,0.0279307443698088,0.974864243874354,0.601356669844512,0.834200677970077,0.220233250065382,0.302491629896683,0.342285619410833,0.199774217134568,0.162613044111406,0.768380398108583,0.333139267664386,0.728383035619692,0.235922700335057,0.0372424546451046,0.00221777490784695,0.808128104691398,0.258315546589924,0.213676544253586,0.717108874779738,0.420309810712138,0.0391762418896213,0.1091370119162,0.668819374483559,0.0501887927481859,0.0498038446969788,0.542348807369078,0.250361343579603,0.0119813961036491,0.00401847243521878,0.583343060703742,0.70946270643234,0.382891588590086,0.185600295553108,0.0605239358030949,0.0149342195611634,0.348205096288996,0.776413363941453,0.214544647533953,0.0367195413834726,0.188983647320655,0.0424049038075784,0.576568199240783,0.795240454116068,0.214198882906167,0.956107825106417,0.466542812892428,0.0526809795698206,0,0.0118815539000725,0.19449586051528,0.11245964778285,0.260228503276024,0.993174961149969,0.165439284086058,0.609956282806705,0.179391734294462,0.0190924313083648,0.00453495892415629,0.425089638046057,0.00363060863737811,0.928896627373888,0.533799365474271,0.00505408775208652,0.212773034485057,0.41578542234546,0.0861909682672146,0.96555176459775,0.269226772948081,0.87162224445342,0.0351398730579233,0.236761630060144,0.176195339739905,0.476547152857721,0.691469752551199,0.453926634899017,0.426975193305536,0.210149830638085,0.00804742584165823,0.826240005660183,0.246324610675833,0.464961517632156,0.839604597825178,0.0458438860203876,0.267924374682473,0.443256341730164,0.527315429331695,0.0888177890104022,0.00113070212928618,0.00924146164241343,0.898756963727758,0.0380716555565364,0.0382094776856734,0.0133184665884225
"PT",0.0259128139657522,0.820951280456408,0.974177737850108,0.751707669935346,0.359930704856829,0.04024107991778,0.292664108374932,0.0921171250877101,0.221519221751265,0.191236424511015,0.306522220473163,0.542500153130405,0.0106561331152276,0.307358113163012,0.164399594511557,0.0753807259794299,0.0254230970211389,0.0161495582795568,0.00672530711456424,0.0865240562971341,0.638619970312441,0.3718442444808,0.421411040359291,0.927016796711412,0.618704098853294,0.0510727419455455,0.678970114448032,0.228708110566521,0.888768873174321,0.326478831287262,0.243702867720092,0.0126521059060702,0.579240189691069,0.392923523498784,0.828310746606252,0.621501509909099,0.805438683742046,0.341271904675222,0.355556473274392,0.243136905329581,0.403928929828025,0.147096846199936,0.432041547124256,0.891785548080472,0.760666301227297,0.0748470334076338,0.160004177967631,0.0230200671291555,0.243726764774633,0.935442038070592,0.32310101710974,0.802777364662834,0.319990458377761,0.230345265973748,0.367824612453988,0.15234389488076,0.222087459703652,0.221624477156994,0.986735230048597,0.408292719813048,0.0482410542974869,0.0105106409802311,0.457027564242564,0.938916446608234,0.529298780916339,0.178832343054936,0.0479884060490803,0.264423256334064,0.556198705578671,0.759738464922207,0.268826565487986,0.359924114441391,0.247104282091302,0.0558491529346385,0.529408901340755,0.91873099537269,0.184467320771139,0.926723852366606,0.411154445160844,0.174359207754872,0.0118815539000725,0,0.229545555679299,0.322344052002849,0.10534046926734,0.717270269944481,0.243884454964525,0.468546392019445,0.224153237076359,0.225379342790645,0.0195688840885615,0.122869455178852,0.0347006024247267,0.368926332991115,0.246753022641369,0.0815155778775142,0.0857918658883664,0.451913785450279,0.00812152330856756,0.724516807879226,0.32982169830549,0.839799353138251,0.02317010044371,0.157986800779944,0.0502692631556293,0.793522954336979,0.356581502508801,0.618190930269032,0.637603359995362,0.390719762062937,0.208357138306886,0.83085558585463,0.448160800659673,0.161398489564468,0.94186151985289,0.0778351615261041,0.322691885560414,0.452950526469346,0.733783830538284,0.405207878751517,0.157072596479574,0.304857053995778,0.436965325110812,0.0953756132524958,0.0584450365093837,0.256467437450191
"RE",0.250603141180464,0.0894500278077478,0.431000340798932,0.17897906076794,0.487738694127408,0.573407650269669,0.512814157086138,0.346002730878055,0.350855438974628,0.42344284080259,0.400442157366157,0.41013657804247,0.487623374720587,0.901793043260597,0.931329263645639,0.914465591797772,0.453921023314255,0.133504237438254,0.62862895347355,0.148337225492002,0.594811607113762,0.210647527491418,0.183531558989253,0.308778463347913,0.376468882121219,0.0316446355068501,0.495240290990281,0.351461684382925,0.764338989578884,0.98440019613278,0.773294117692686,0.68276509922242,0.922411610042505,0.768117091105092,0.565368636127672,0.218878629332184,0.0410832071603886,0.89212986567493,0.42275580823617,0.681569056645257,0.909012459953297,0.673479324660206,0.201428726172476,0.345579426797347,0.797692462980878,0.308744055841049,0.918689334552386,0.638186237854082,0.459407244531472,0.47384013671512,0.588742055222952,0.991837720325049,0.24978003358886,0.389005383796566,0.679436890190957,0.594290403393274,0.987754707597306,0.96450201341118,0.713607162394365,0.49717104651788,0.937247599540552,0.784068114543055,0.168500459669208,0.378248292979219,0.370728688950241,0.331836073051315,0.993191463661782,0.712081165168074,0.0187543331960607,0.191289275518853,0.324560652155319,0.723844961227101,0.400386226269814,0.0825505184946782,0.00107575736668292,0.781058153778793,0.0896940594148105,0.0736363323280553,0.23270644741986,0.0553282115564228,0.19449586051528,0.229545555679299,0,0.0648200413238874,0.816203439257139,0.193775147145242,0.444123795060353,0.0988224022110902,0.190886323317835,0.948473057455168,0.609159701328156,0.841454636705528,0.825282793530099,0.471577897377492,0.617851495426693,0.234874572770472,0.587093612724995,0.991955929177052,0.98114335690109,0.625552935633738,0.708604415493444,0.667948061260074,0.575136274933349,0.921064087319915,0.892688927337469,0.0868776707764585,0.635306335178547,0.475434743872567,0.23373979105609,0.74526165500759,0.575324481543894,0.735212422850127,0.947370869833396,0.518467528238094,0.748585736023382,0.877871769770432,0.536131228071484,0.408548411095477,0.455058514223603,0.0138102091834023,0.20181466516012,0.334471244815467,0.254728860018982,0.898675125187609,0.994190280964186,0.498864913499237
"XiT",0.263697812358944,0.324756669467477,0.866923632839842,0.876181730713051,0.942155157732632,0.512269069297349,0.460802929737409,0.1921557305134,0.0982523118658026,0.0700133560390077,0.0785350515454398,0.18889495596685,0.335481473051079,0.225611650832185,0.31967855589732,0.435510814235121,0.313321923631464,0.0531481902495892,0.298510733675793,0.0217848048553878,0.229596458770928,0.600545471834393,0.495790857716345,0.898129721768179,0.542460440260326,0.190489438248173,0.973878563188881,0.65889559351524,0.881047088039573,0.683086003423566,0.456468511739078,0.916757975904708,0.0648769302773685,0.325225418834922,0.697127100893443,0.380639833653629,0.385891600682503,0.981478126388839,0.882791029679725,0.830495251005349,0.413720199988472,0.493754667072391,0.616494958547914,0.15287656925446,0.329109763247047,0.592718369797045,0.241057883731019,0.220043899981259,0.901378047440089,0.327365532238149,0.212492023557956,0.492667600885161,0.292522357798418,0.146897438942035,0.656513290855601,0.363421067946847,0.88626299090916,0.699851626916039,0.866852848753701,0.91151356621429,0.412984773547053,0.443850057797683,0.221103747050343,0.130790295733865,0.500719098850723,0.757122092363476,0.606746618593058,0.337099969443892,0.0162400885329173,0.199633630343223,0.691524476724718,0.459001136976658,0.883538377842427,0.116497926144553,0.362531927676373,0.0443453111824781,0.145502464139228,0.196945499898291,0.333481570933005,0.0326401391774904,0.11245964778285,0.322344052002849,0.0648200413238874,0,0.631506208673522,0.458791401882607,0.505896681052764,0.141841859870688,0.0271406125064568,0.256601615651895,0.454521686420368,0.954344621402804,0.245494792469664,0.593868517202175,0.504201961530248,0.114072592058115,0.77950685470213,0.590213403922437,0.49223057452507,0.303854616363193,0.0619301778671262,0.701146554605644,0.699913432621863,0.197740163118735,0.342556544986885,0.284671157406403,0.379401253256774,0.0823269857181453,0.906914651048752,0.221039520576004,0.513288366583534,0.829228290310647,0.833912574095032,0.902159767937686,0.293293928622322,0.887011350365015,0.988003321890568,0.0376659545357311,0.606362448200237,0.0402825214268463,0.0871797018531665,0.184567367050042,0.105634394162092,0.663234469488003,0.245866498909615,0.0692746715513412
"Rh",0.102351748711686,0.772041948295193,0.921459385101394,0.769327097955006,0.377628365939645,0.0175885345857337,0.134340968439292,0.0533531806257705,0.108970578352103,0.0989700738704792,0.125904255201902,0.201708100378395,0.295475742627479,0.227587148064426,0.0589602623143327,0.0101544212024732,0.958905499673648,0.598839606414176,0.161060383617444,0.972937133433815,0.219642713486005,0.398459024360369,0.543057260985064,0.915869060496254,0.254337532704926,0.541747225899636,0.927096919346881,0.186911486012168,0.248177999572112,0.570202974060517,0.0644962749043257,0.0100102688314245,0.993192734359332,0.259630655951409,0.308302437968821,0.341522655198142,0.521836384784065,0.926998998893684,0.850557150142057,0.91778946967924,0.584758463693557,0.216919960741808,0.762043728935908,0.994610522628164,0.790688074929787,0.955525736909156,0.288724400268529,0.223168079111127,0.0510374117869088,0.535098052141164,0.186311664392754,0.414813133648578,0.265860594942023,0.044289352357324,0.939424772176761,0.248625802275273,0.459627643512143,0.603617665749796,0.71739156005141,0.677207756981765,0.216125366743451,0.106555416888907,0.19617750052091,0.48581281617354,0.218442510284505,0.0964171518096738,0.0578685283570857,0.479099454312491,0.378959265109183,0.656252578060222,0.329744828108934,0.584450086149378,0.463330360493533,0.864737326441509,0.616166572967969,0.454488681775793,0.792903856618718,0.782486114657749,0.0904532924092758,0.408156285873251,0.260228503276024,0.10534046926734,0.816203439257139,0.631506208673522,0,0.0616571579510665,0.0910944041509913,0.190236886396206,0.314183003325702,0.218946241207709,0.0414033965801814,0.0541941444784448,0.195266674431967,0.129221595468438,0.553372785016891,0.235378038697387,0.0737194564736648,0.544125276498434,0.0899867321771749,0.90898179052625,0.12359625899108,0.395486040901067,0.0688249315256464,0.121360285597681,0.0837214249010649,0.658144594761542,0.58021243433764,0.9965991036516,0.758570683560591,0.247037010593792,0.332418558724861,0.328143616577273,0.789265288810032,0.254334706107706,0.324042878921054,0.104473469025826,0.0682819474195146,0.332056925088435,0.612076045632813,0.835095613527668,0.532955843936733,0.424863685442447,0.342196729422985,0.284389952589531,0.0851238445721887,0.155545026444195
"CMT",0.471470781654129,0.576995480110543,0.995202703468418,0.535032968598994,0.477438177613019,0.303389601489486,0.203191724649062,0.250574737011466,0.240184452909692,0.437390406095429,0.310133949870909,0.246730225129837,0.994638239309281,0.818787275620772,0.147760500316444,0.14815539786466,0.310549316061682,0.60886708623116,0.646218745036618,0.514922734596277,0.177240722117976,0.70689075984169,0.823433487478587,0.976715068459744,0.310838834432252,0.672017120152976,0.805505730316706,0.381933632058992,0.145255442750677,0.105490923098299,0.0904746439418636,0.20029464853917,0.976358069396252,0.398537357039981,0.223945023221848,0.167839167202026,0.142738196435702,0.601363500269778,0.975786684997886,0.494190731161669,0.676728400155641,0.70357595391594,0.068619605382217,0.943278053232689,0.806641127898422,0.263028884183367,0.745476442171115,0.635246836707171,0.105605824097442,0.60966120686048,0.151741940861464,0.802587741762064,0.614560520515247,0.364445577119987,0.506585689081641,0.851057587680853,0.790144373440118,0.997523441371247,0.637015034316483,0.996172859795262,0.643594415823612,0.555080505056716,0.17905075179834,0.434391321146814,0.122081988706738,0.144878615564692,0.208153735265032,0.666765092918615,0.0938421040423106,0.864356075365305,0.518962113714239,0.908762401243771,0.780438108603844,0.467633682885604,0.111803981543383,0.840034932965722,0.406791042233211,0.590431285181007,0.0550306694758374,0.914322648931224,0.993174961149969,0.717270269944481,0.193775147145242,0.458791401882607,0.0616571579510665,0,0.23989521183051,0.198391285770667,0.865562836934154,0.378601020992869,0.369139660306491,0.207924407414921,0.737278840066626,0.059981853376537,0.279179121882751,0.580625404849002,0.16034440936491,0.386424618676391,0.609959966332885,0.655593510736772,0.40726028304395,0.340197215891785,0.623861201501845,0.260438750075365,0.196515779162835,0.251513333742875,0.301299049765117,0.675545809052048,0.713617602411723,0.166469050895836,0.805935803723145,0.106705095944922,0.610631793187401,0.364244858136752,0.184529970168342,0.55928833009618,0.20494647912273,0.286403993353327,0.532549116774631,0.839187158200794,0.936266256494278,0.704499746293801,0.837896567617494,0.862015155445213,0.40492463871522,0.477256411142573
"PCn",0.321079430558052,0.0969979587929904,0.223814109775696,0.0453495648538373,0.00633556563606571,0.508355084922614,0.949072908963541,0.425268868124324,0.499414401411088,0.882815569435149,0.709998816086769,0.793411574078361,0.71279138929963,0.892532805813459,0.568837281707739,0.374256115118338,0.686866620540476,0.816614595330848,0.0643729578355734,0.989022177976749,0.964862177138058,0.719947908732852,0.559452458900722,0.200891183315715,0.703032349235545,0.735283434809834,0.379904831998975,0.000214123234457006,0.875499662389027,0.52993815607051,0.457465252295694,0.0064769700369029,0.714610405239079,0.0613790270754113,0.687643956144424,0.667248599062025,0.252615882467222,0.110401836153323,0.0494971667634448,0.16715746920988,0.354294009516158,0.00238732608694266,0.468493257697863,0.941896112017787,0.589033786113741,0.668924154690379,0.00483038391806884,0.047986953068802,0.452687785187875,0.581033700189795,0.58262062277761,0.337752639434225,0.013117803448355,0.361464090132632,0.196046453665803,0.335344867316493,0.0137460424189416,0.0253504243750369,0.254499276217391,0.0375977160998742,0.0106713313680397,0.0341380746884258,0.0032654431909645,0.370258781800564,0.00848596665416439,0.00022998002438154,0.0160014682327305,0.0513337124239371,0.244449710465335,0.224371539641807,0.00183121735734871,0.0677782303323759,0.00975729527286329,0.857267025959441,0.254819076859388,0.320898470569218,0.740762263110359,0.0768034578641086,0.00564364728808052,0.809693330919643,0.165439284086058,0.243884454964525,0.444123795060353,0.505896681052764,0.0910944041509913,0.23989521183051,0,0.00430166393576378,0.735667015598961,0.0207198563345792,0.0657341487968187,0.450671996985369,0.0159501444403441,0.494936214631112,0.23011322924554,0.242599149057772,0.019844347189039,0.428448698548763,0.218385118042548,0.615768184663875,0.876096583006633,0.563475048721642,0.101441495096048,0.406443662741523,0.267748514261529,0.897432545032678,0.475225458736343,0.768846745368909,0.759948288201511,0.145230770837827,0.0439678307263308,0.862391370278949,0.135796856671893,0.322753205484832,0.968382219430226,0.0225401608709162,0.383279228950776,0.0393240514291018,0.83779639153894,0.816104220280137,0.362005006176298,0.28883922962417,0.105850558607599,0.0137687992590525,0.0725852257487133,0.119771733393176
"CLT",0.728464231819431,0.0422884841575208,0.211671052504401,0.0402380816388176,0.0426666703862383,0.755415545437416,0.870565825805314,0.789751065893943,0.918953913459165,0.821105186612144,0.966969885377339,0.562055975492433,0.858633019706044,0.925693928342146,0.605479267462751,0.460705438889895,0.78556623989374,0.863196118006208,0.219295529784236,0.742655032943936,0.82578251951776,0.435830159327257,0.359376294403772,0.155625582683448,0.457543853697362,0.616693872993326,0.400948657935247,0.00373945644694677,0.780651901005122,0.554302029924757,0.597572866423873,0.0356582260067959,0.995094423926006,0.334582579493149,0.624708720595936,0.357950700100697,0.094825874951865,0.202739800676312,0.0439074015978315,0.189813458142955,0.607605850349803,0.0283946510757962,0.426887657883951,0.471167518217529,0.454638021994633,0.850429083749269,0.0464818916895144,0.231055832068229,0.288108972800509,0.950677946791465,0.848936409268446,0.358782233263175,0.0121030246290211,0.866399763648541,0.425491197347033,0.307793194244119,0.107354646719307,0.112665310868336,0.316803924615663,0.0440577098416207,0.0733291415174232,0.198317517256187,0.00156044495711695,0.236798301456788,0.0265290603463935,0.00172389975388652,0.101691282584236,0.281938807382155,0.0617894179032113,0.106671529660778,0.00340758171973338,0.274692055482835,0.0125368850818738,0.580007630332894,0.0423415383028293,0.264446020463859,0.32020241440808,0.0100409098440337,0.00394738796810527,0.62624562005913,0.609956282806705,0.468546392019445,0.0988224022110902,0.141841859870688,0.190236886396206,0.198391285770667,0.00430166393576378,0,0.440114939900372,0.181463181944844,0.32376206252377,0.563008192641453,0.135598656772561,0.432133113838866,0.120782308367326,0.657427078423225,0.0377637489940487,0.558466057161443,0.346740085171739,0.929926341221454,0.919445389860045,0.561135648071604,0.258547930053282,0.48725547178992,0.352307632015149,0.489469936984404,0.334824307404736,0.579333369588394,0.298509376105472,0.2204921650467,0.29877139551767,0.976897834253737,0.248630235063633,0.346710911599799,0.815827864704162,0.099492360769144,0.792560405434711,0.0669614460149822,0.681832370881203,0.301680781597481,0.912638378650296,0.806239311430098,0.0459347051105462,0.059116094784996,0.225369644820034,0.541288853787758
"RT",0.100504794766302,0.211181098777838,0.59098690065656,0.459069929987973,0.750062195886411,0.0329642147420988,0.0399469898117735,0.0188759130349847,0.0202009950716887,0.00020348261786482,0.00318116753176154,0.00788804466791008,0.060775177379222,0.0341176118228013,0.0246899258847459,0.0343263615113757,0.364885673494546,0.0286667143638304,0.213463136033505,0.0483949478828514,0.0170990190244506,0.250700118520551,0.17737186463954,0.646616981319976,0.118670961053287,0.345507288945354,0.359307675064257,0.731817956139455,0.443506887223401,0.271099274744553,0.0595627474996176,0.40609488592952,0.125048493980247,0.565900696951273,0.120320192567041,0.842230493150679,0.575044235836073,0.342294944228057,0.503006238160846,0.368793728023282,0.689517524832927,0.504918089867155,0.426222991561954,0.472446459771996,0.264142216574396,0.782516649035216,0.326819251763741,0.283798650591853,0.169769735768518,0.6928718472115,0.0659213672968205,0.870796910823377,0.423051477430822,0.0433502529755364,0.760945010316012,0.870725311760326,0.70127718300267,0.841219013346941,0.255330303605626,0.664185464436767,0.426791750116984,0.383420871800893,0.33116919989934,0.00989341992811249,0.493395085545687,0.977155598212357,0.228740162428077,0.793776260375424,0.13955400864394,0.0259395032418458,0.660897248860274,0.91770827329443,0.765180983907048,0.399610073682856,0.570822440863457,0.21769996069115,0.226176264026887,0.165206317233823,0.765669117452159,0.0457066640227056,0.179391734294462,0.224153237076359,0.190886323317835,0.0271406125064568,0.314183003325702,0.865562836934154,0.735667015598961,0.440114939900372,0,0.444760138289681,0.283352097948497,0.335283011198085,0.306254006444998,0.665916852729098,0.709113027182975,0.123777100703459,0.710438935789339,0.296197523316495,0.186646114001761,0.146825505480478,0.00374678975759713,0.0512901665304305,0.273548436321583,0.0484603980899477,0.0882901386359455,0.367076102702009,0.865241401764374,0.168995867552196,0.948369537455914,0.213094803739572,0.949279333304531,0.182361738470543,0.519489710939211,0.74701972205941,0.0531147601125635,0.545615528514632,0.646994408497605,0.113424795875185,0.897939557250353,0.146241877581392,0.306403750546056,0.439286012775998,0.395007569985926,0.669209208640126,0.164262074515067,0.119023507669539
"IGLLGC",0.140182193603191,0.356269858600907,0.283977770205618,0.04383525232033,0.00650272008601038,0.373638099729311,0.695193794884483,0.1573470426476,0.0925381445431316,0.257085017059972,0.210562454598143,0.525799241952377,0.565054480514521,0.366445685694239,0.251547410832791,0.194488503803094,0.6407476365188,0.401384410249232,0.0429554028838184,0.422977505737773,0.513775909694321,0.92184148112287,0.749390031906351,0.235823353213818,0.865996602658905,0.255595450686217,0.180675701337446,0.059128516592385,0.789952278469026,0.987554626134095,0.338585694756518,0.0498720504675668,0.0801618347692144,0.000455452672430111,0.78133277970327,0.74654562101611,0.495372377151624,0.218553790090682,0.175514842980749,0.377391661654095,0.0287630053684882,0.212499988038768,0.331981391465887,0.171992281455932,0.493114728787778,0.927910059219,0.0077916755372712,0.0066867000907753,0.736529138110807,0.168260921306251,0.181605164532905,0.905292886621047,0.297247150728666,0.0421915494727395,0.165107306392577,0.932101378266387,0.0368071033350539,0.034196807880616,0.345348358105536,0.156923798745222,0.0173530635958142,0.00880550322292539,0.295304370436133,0.727740706472013,0.133402110247148,0.0567481837626887,0.0608586969637153,0.00146354951597612,0.878859700055707,0.8953843671168,0.0904520667514596,0.0222135891379903,0.0934079218368156,0.20187059019917,0.466795112530287,0.391729251517504,0.692273904125886,0.655727775363939,0.0999206215946347,0.313407043982759,0.0190924313083648,0.225379342790645,0.948473057455168,0.256601615651895,0.218946241207709,0.378601020992869,0.0207198563345792,0.181463181944844,0.444760138289681,0,0.0151331775127817,0.426252265878873,0.00241091643374876,0.744537966172584,0.866301710078622,0.0456455126329408,0.100795695038505,0.19407480019196,0.123257562996703,0.575201356545443,0.181898101614523,0.597403406546267,0.263800843933288,0.102347589359272,0.0997769596916151,0.651578156899817,0.926134530995211,0.363168360512357,0.86757999735621,0.0196611248481883,0.00446404500625955,0.998216665159727,0.39590816676644,0.297842670191891,0.470497539394954,0.116355382582752,0.398764641774262,0.625506769442358,0.324405210030027,0.300551186495918,0.0143277523876058,0.00810606136822613,0.973034874884404,0.0512959562826387,0.0069491814705051,0.00139934853176228
"vlLGC",0.00760872319283413,0.857919813987966,0.811227865864803,0.353736885955887,0.0741136920944193,0.035821097117962,0.235126145373326,0.0349729958223695,0.0580967224912969,0.147013502110666,0.187604706708436,0.310396255949644,0.114616791924151,0.324967305303538,0.152849347707837,0.0668034608893279,0.357374761736182,0.157471471268977,0.0127038169116908,0.351719575317102,0.439123243486179,0.323689009132532,0.505275608973682,0.727360691530407,0.31621017850263,0.0459861462707415,0.424461417516962,0.0878550669162043,0.600081703819657,0.881348879795512,0.182932634402067,0.0076721981036056,0.436412683197933,0.0351205513524675,0.708219184699402,0.813595528241939,0.557138292591251,0.401865877695556,0.40149461756902,0.429785423076822,0.080809922782514,0.0854130476330238,0.729897121294026,0.518150780408793,0.440077317332345,0.529128313247206,0.0932342355256966,0.00633322521108926,0.475645835300922,0.688196674143428,0.130206521390005,0.935763928211142,0.219775237116044,0.0240219548061537,0.382853816592172,0.253286082081938,0.0850459042013175,0.139514303923477,0.919379180400323,0.400461837346784,0.0348656406635607,0.000145763625909394,0.233609620488109,0.680625563975832,0.164822888844647,0.080127875531068,0.0513472875174895,0.0471411724032975,0.961886074997034,0.68149614054825,0.173121879727259,0.157794970132122,0.212061442625018,0.0822726212861216,0.942604250141819,0.87928207338607,0.263159756460533,0.941636309082587,0.201703535460795,0.1075718760572,0.00453495892415629,0.0195688840885615,0.609159701328156,0.454521686420368,0.0414033965801814,0.369139660306491,0.0657341487968187,0.32376206252377,0.283352097948497,0.0151331775127817,0,0.0553139990011203,0.00884072025494224,0.286622488276229,0.599987172812575,0.0262110599539255,0.0800785248339593,0.620478945074187,0.0228219946528738,0.745904709934166,0.223153414840076,0.823695382060482,0.0528660928078572,0.102038916336464,0.0452053775680464,0.559786470323875,0.644392273642519,0.470216006085382,0.440062272981514,0.137878828380096,0.0426878414536703,0.698433648139276,0.527597754754782,0.0855496923256387,0.735074686723781,0.0746056489565198,0.0517818853692746,0.919836173419858,0.52630697326352,0.239100462591079,0.0326576710242359,0.0360671405299091,0.618011305873276,0.0865763249363869,0.00712198012332624,0.0319791496764563
"subGn",0.128016818838521,0.634005128718548,0.511897568693836,0.914276118370301,0.609029428837744,0.0073648532383196,0.0866498962910352,0.158324961990834,0.258866590031054,0.142912232021525,0.395359481350977,0.175376107373964,0.0569391657335574,0.168576772588434,0.0503353866475622,0.0132527397189394,0.659151437214276,0.436222102960702,0.343787343939041,0.856058867878808,0.409097147962657,0.109008285762693,0.222655868133422,0.752189965464296,0.0558868054696988,0.32845056074555,0.551059746295291,0.529254338343846,0.195862125249759,0.691633127270881,0.274717913331772,0.0920039393044238,0.716252163846612,0.649742790839738,0.317500669186751,0.182720827510164,0.266897500801596,0.604575648602998,0.802443047114711,0.983710882929708,0.167024589107242,0.483662670342258,0.727026143953436,0.870870417625386,0.100639331911137,0.905243746793794,0.697707581086875,0.36898344028882,0.195588746629414,0.181854636678092,0.254531502056967,0.492587119265232,0.461545879039196,0.163827468932808,0.468074833030003,0.0408418817546862,0.973531640324323,0.852730521674684,0.173575917606748,0.714827195597467,0.619570304668979,0.104016007837927,0.459730680051259,0.454383644865423,0.613606429398254,0.460071688862495,0.442834976316903,0.914832389505857,0.437106306077894,0.237511965291145,0.77446828030714,0.68407352916208,0.868046983416813,0.354998176278927,0.642712349338475,0.782169805122301,0.280688782886608,0.65377475487324,0.486630495908108,0.438889072683891,0.425089638046057,0.122869455178852,0.841454636705528,0.954344621402804,0.0541941444784448,0.207924407414921,0.450671996985369,0.563008192641453,0.335283011198085,0.426252265878873,0.0553139990011203,0,0.347822625788994,0.0253357689335167,0.848071128834484,0.544578474734771,0.301952648985215,0.75149112979818,0.0322475979976318,0.241533066983127,0.194393826885758,0.301331790644142,0.424998948349021,0.0712714592130759,0.0360862019190981,0.952992309354274,0.491320629267817,0.570769466908311,0.629405182648218,0.384840903692022,0.841523621734499,0.150185229806108,0.448439859382782,0.00521412208591225,0.54900585653874,0.629107463479244,0.0713016921610683,0.904009730680789,0.983255529204473,0.731248311942131,0.645068485516978,0.634004752033978,0.50866917518007,0.745283129945296,0.0627464553898783,0.498241748808805
"MHb",0.102911734417541,0.38632467466369,0.261041661847623,0.0858008272040735,0.0140485224084546,0.223461978700372,0.715177258746486,0.158101468364467,0.164873433932391,0.21733961956314,0.249289913800898,0.675336185370685,0.193043069252685,0.189345503924371,0.242433270854262,0.146316370305346,0.177127153220984,0.129687608203732,0.00479106317907308,0.195355582838916,0.66529524844009,0.918725717199064,0.801611992026525,0.191906899460074,0.943358034951943,0.233014895098633,0.308431822535197,0.0276169416466265,0.575192750615428,0.530149452967391,0.37876448788344,0.0105002489135198,0.117841833017445,0.0200995188726162,0.669061597849374,0.886124747863748,0.585145577341291,0.141311217824325,0.0806529307854638,0.161992266653391,0.0758315925178231,0.0972992261591637,0.936938064791186,0.472690767434558,0.629279858168316,0.437479508449833,0.000625706856909804,0.00106329940308498,0.527276067397364,0.371817039458938,0.31934305919389,0.830579840884795,0.137628544929396,0.0721190833760804,0.098928645419754,0.487565993262793,0.031700779949128,0.0151762049898129,0.355800143143476,0.0597798404633506,0.00105649363917066,0.000769725189093224,0.304353022466709,0.939576202334761,0.247716679129127,0.040702723669219,0.0350218878014372,0.0129215138246207,0.70912319194542,0.845803103054095,0.0379550975361143,0.0312526536055724,0.0236545208799759,0.178882104292335,0.606645345557278,0.630548943273983,0.500753437076542,0.538383595959406,0.153418968458661,0.339506016818639,0.00363060863737811,0.0347006024247267,0.825282793530099,0.245494792469664,0.195266674431967,0.737278840066626,0.0159501444403441,0.135598656772561,0.306254006444998,0.00241091643374876,0.00884072025494224,0.347822625788994,0,0.81156578587022,0.337458086696059,0.0484321482231117,0.0715277479888169,0.235466296335255,0.0254022853294863,0.53471729437084,0.195394215970378,0.535307287854654,0.0695412211198319,0.103335646843937,0.0812043466102181,0.975740691132066,0.383636796114064,0.583833202526407,0.985799879250808,0.0730505547184326,0.00913337201170259,0.884484022222488,0.213607799391083,0.236915891288895,0.592380090867797,0.0217236246788081,0.583380205296557,0.235886636614246,0.884660301817363,0.460986002872364,0.0399558495696718,0.058299259302928,0.573709315268663,0.0035475986328194,0.0033659742677885,0.0128227301911147
"LHb",0.16588337135658,0.53272166417556,0.15685478718947,0.963907954428617,0.939390312900518,0.122168402572169,0.0391689716852856,0.183736009449319,0.270002677613991,0.320342957319459,0.408397179697412,0.206801977776037,0.178176600145324,0.816054490964294,0.0665429440618857,0.097454293335179,0.73788025285969,0.60402331775915,0.41879372297605,0.820180894079296,0.242497432612195,0.0838448728730228,0.113517690529544,0.264652873320595,0.10041077515897,0.832651822750476,0.408140768335453,0.727448690328821,0.0195595831308372,0.430686370195534,0.109870599882908,0.274704354302552,0.659066666059069,0.909712324381984,0.0927409007970314,0.00427726775065282,0.0384885809373294,0.625294089190077,0.925289730064799,0.906978008434466,0.668303433952764,0.62195034020988,0.246186539171565,0.294089282464099,0.575521635777247,0.886872634419678,0.856165939022078,0.493126705599165,0.191702207451202,0.203614608589878,0.0974661382985834,0.57791721225305,0.794503611502789,0.711939238463301,0.129041419891737,0.184850068830678,0.932288233396209,0.636372053087532,0.0998822327127482,0.511322529600166,0.771472868203163,0.390008764799994,0.191364075686433,0.579236711673368,0.238924158303338,0.368431283064507,0.486441215739682,0.894617108653419,0.0784412634757806,0.560705074802235,0.828384321338465,0.417171820455851,0.917867460186646,0.962007746323373,0.408762955928206,0.893995320676326,0.970754540748057,0.841141093757916,0.212865746206812,0.467755151823166,0.928896627373888,0.368926332991115,0.471577897377492,0.593868517202175,0.129221595468438,0.059981853376537,0.494936214631112,0.432133113838866,0.665916852729098,0.744537966172584,0.286622488276229,0.0253357689335167,0.81156578587022,0,0.561629692723911,0.532414143350422,0.103348822312964,0.78278432655375,0.304704479506978,0.350220619042432,0.365576930687003,0.0859605196395635,0.601566757086708,0.116524120070315,0.0434225189781026,0.274447847311272,0.6608049116465,0.262056787545101,0.767625739591833,0.258141387545451,0.898538863260408,0.0136528051259185,0.211155921274861,0.030483043982664,0.38033699455193,0.628935065457894,0.0619696695406615,0.496318100597175,0.683324137900987,0.92521635066205,0.974373731083009,0.943267431317196,0.734097912805663,0.813774139825904,0.32363326689024,0.976725639663276
"SON",0.979829881688877,0.197772666027986,0.209636897209811,0.456420513646668,0.343878760823429,0.813991778926087,0.344178532584164,0.706519903566364,0.431029905211107,0.600872933469868,0.472660288674262,0.183343600827187,0.56629388227115,0.718423872155001,0.562546490556224,0.984245726499911,0.285260856161101,0.737039728543578,0.407650420755409,0.974384271775995,0.188737267796155,0.399836950133228,0.36044057576458,0.192323366441196,0.199764327219166,0.960496170798545,0.967331496043121,0.0824127361523809,0.146595234735746,0.011493068644866,0.54275235424352,0.141611489890564,0.999690532927873,0.924235967524902,0.160224818955198,0.985560744420171,0.915656879480537,0.178536611177164,0.136137794712495,0.0906418203864406,0.974977035661172,0.0744529228880054,0.204042289189142,0.407085236844953,0.460175070575692,0.312363881385644,0.346043094896456,0.574397018142702,0.440096484276897,0.812339273431651,0.254815187880113,0.207749174646276,0.0166647351500429,0.866434974051837,0.114574270930371,0.130030241572264,0.28012416698092,0.185607851382058,0.2332493152665,0.0565323071758713,0.256112570882395,0.384209019116604,0.298739508228788,0.133120822580686,0.696099128780546,0.194591721935651,0.390927617799942,0.74334511345706,0.825085378003752,0.249469636165908,0.0766344311552367,0.425254051889288,0.0519419011127919,0.947776480882157,0.705235693268274,0.163701161001132,0.895977098839007,0.162662868445326,0.486691532280649,0.627143882973421,0.533799365474271,0.246753022641369,0.617851495426693,0.504201961530248,0.553372785016891,0.279179121882751,0.23011322924554,0.120782308367326,0.709113027182975,0.866301710078622,0.599987172812575,0.848071128834484,0.337458086696059,0.561629692723911,0,0.938258633375888,0.505063306923651,0.566153542419112,0.325982085760887,0.574682605524031,0.4961760523599,0.199139395488052,0.174758001941176,0.672621726171729,0.86858860624494,0.11906638257404,0.0146851785188803,0.117521176294413,0.91703588381129,0.543471502772517,0.486686448554351,0.0889157091462727,0.0389720358004072,0.740227156545842,0.265952633301871,0.217755280176015,0.624866650766397,0.94109443411592,0.401280710913446,0.238251481314286,0.868063046018551,0.826029605823096,0.00366803115484861,0.0662503878533786,0.73158090223105,0.897203756787738
"PVH",0.00205199374423279,0.751489576826433,0.882021758513569,0.712330093370758,0.322202594341719,0.172704990826268,0.139986742099332,0.00491441645019805,0.00491837052017698,0.0920997786641231,0.0261353072222583,0.172408011125574,0.205569062956381,0.677199025601001,0.1874285183224,0.229123758876919,0.245741658437345,0.0380736522442221,0.00435804496672209,0.0405849232263416,0.120443069778655,0.320182520197293,0.312157730047981,0.80119363411843,0.420156147090364,0.0898071307242948,0.735859627772406,0.352379378760779,0.460892451568248,0.777479157171112,0.0383938394421511,0.123838056502515,0.554371660616778,0.0701378911670552,0.360700207541709,0.933633149998503,0.933651691919954,0.422066905259457,0.451380665809923,0.698123180050525,0.52054695139299,0.367819094629989,0.822430697126187,0.515009342091684,0.966980205855496,0.23193815610984,0.122938489311534,0.00351284954741262,0.583346375430336,0.281306848318835,0.0173355666215247,0.661717326156684,0.881008340628402,0.0808086674516553,0.420270639167076,0.904178893515003,0.119088922374556,0.163432280646891,0.891512763421011,0.528705559211203,0.0247022610157137,0.0432378893016849,0.515792896869038,0.389683810680721,0.21851246263492,0.165157524058861,0.034181671612457,0.0322855161105141,0.549846779229726,0.678850736491356,0.365633113304893,0.105039022588713,0.426176316993136,0.196068239484786,0.64931929638558,0.682801426447122,0.618049700807917,0.999515201309109,0.282310773444076,0.0100239008976201,0.00505408775208652,0.0815155778775142,0.234874572770472,0.114072592058115,0.235378038697387,0.580625404849002,0.242599149057772,0.657427078423225,0.123777100703459,0.0456455126329408,0.0262110599539255,0.544578474734771,0.0484321482231117,0.532414143350422,0.938258633375888,0,0.0852959630983969,0.628261536987387,0.255034616391695,0.920509148448611,0.170119499129386,0.534741613964785,0.0420376572305434,0.149579609367646,0.0924961982593384,0.0849539265421951,0.64034746065873,0.126255136581715,0.929320210753921,0.0682271396183559,0.0493286862801692,0.561963742199955,0.589757587787496,0.617466165006693,0.403093783281532,0.0455158501614707,0.150121234770499,0.858182882193023,0.533049773887587,0.0701118094730965,0.00820454223042707,0.030734789191806,0.690254373105445,0.173455299061749,0.105553559274952,0.0260694976436327
"IPVH",0.0847206367371467,0.570099696130753,0.969419149239806,0.304156185777605,0.172008417428363,0.271440602611912,0.303016508827377,0.109844068936868,0.156458404439001,0.34690726118131,0.228218036954196,0.607393837929626,0.280146742098132,0.948077630330132,0.125745630974177,0.14879271812644,0.35999182205678,0.340957577802526,0.0135943900023318,0.415842488123407,0.384562515127975,0.6304654193531,0.673535682626518,0.92864218126936,0.813634611955121,0.726452133619884,0.374362554178969,0.0629359377299042,0.427134821844532,0.903965113931621,0.0788895478574618,0.0179300739831331,0.765160711400728,0.294764699996607,0.569380780812599,0.156876941552134,0.112128363081389,0.312860040562294,0.145019766348243,0.331218787810983,0.660949015096684,0.0565960748336016,0.42524967127837,0.432734869506996,0.561144565124048,0.343832131678111,0.084601493512862,0.0224385900327418,0.215283794236082,0.921896141642629,0.116007656822199,0.504257134669385,0.19999235905603,0.476642849061838,0.742798242545114,0.337880778888946,0.115047831833928,0.191983782956934,0.86927224879406,0.283291646292369,0.0202166952194827,0.0595520142516798,0.00810206346238708,0.830400305396817,0.00940228763259427,0.00460323801323421,0.0185811314540772,0.179975391952021,0.184657154670683,0.53658249603245,0.0606091760489754,0.344796892503883,0.128802907651393,0.91295628930845,0.353476868400979,0.65591978262647,0.652002211251656,0.156656674826955,0.00412252669828695,0.407332351626575,0.212773034485057,0.0857918658883664,0.587093612724995,0.77950685470213,0.0737194564736648,0.16034440936491,0.019844347189039,0.0377637489940487,0.710438935789339,0.100795695038505,0.0800785248339593,0.301952648985215,0.0715277479888169,0.103348822312964,0.505063306923651,0.0852959630983969,0,0.616859339866555,0.197271817136689,0.86855894638776,0.294642805485161,0.644467999047917,0.069058248962089,0.0747878869485534,0.0308613821136606,0.475746809592267,0.915280452283261,0.511511804118293,0.498736031650902,0.0165698511237666,0.189315584555977,0.388536937955835,0.582877466558653,0.205062833773664,0.382911613896516,0.020628657807811,0.186743798034647,0.195889308953161,0.768624427679287,0.94152035538305,0.44930029504485,0.495368629082783,0.390363452540562,0.131057956259458,0.0745242497662481,0.243393394392675
"ArH",0.844575481815617,0.446517273677194,0.573398271228425,0.0412416998043909,0.0909239035673212,0.466696493226757,0.352582503309657,0.707625200216729,0.774947534050833,0.397006177256241,0.455316391966788,0.222337960557166,0.88204256715887,0.44187719992539,0.543847060412013,0.52360463584313,0.0574093049209807,0.514456068701473,0.407750272433182,0.337738332694176,0.240571776619236,0.644893945929297,0.55240019688217,0.46444858130563,0.305245936698015,0.575616147159636,0.0549440411401066,0.337219731921042,0.322250108274591,0.0646221376556103,0.481305306706092,0.810597495285002,0.35170298735845,0.355424477474324,0.159151432901981,0.714491809861478,0.52506015984686,0.0157833903506353,0.0682534386986948,0.0156601359132936,0.264070344594528,0.226524315165222,0.577040960967231,0.923955821983462,0.807588771317832,0.088500658295146,0.237664434968178,0.247794242891275,0.211213835026651,0.125483998099891,0.828277296297708,0.6386337725481,0.422712244942989,0.652685163161519,0.245902810290319,0.736294521060137,0.106544494633832,0.107441964264268,0.1867355141583,0.248003089458325,0.30963889903018,0.349511236102187,0.344010573744018,0.0842139771634254,0.319238102588245,0.521611221547168,0.858636932011783,0.124956783416937,0.939205168681544,0.165086704665107,0.254799544781953,0.245097627369789,0.215692120937079,0.337126112678705,0.849050973510041,0.94378867741644,0.868126224197946,0.34311469314977,0.702730282580319,0.869208973003976,0.41578542234546,0.451913785450279,0.991955929177052,0.590213403922437,0.544125276498434,0.386424618676391,0.428448698548763,0.558466057161443,0.296197523316495,0.19407480019196,0.620478945074187,0.75149112979818,0.235466296335255,0.78278432655375,0.566153542419112,0.628261536987387,0.616859339866555,0,0.665053194362305,0.844180265126103,0.506402753572605,0.168176833955047,0.961575893651989,0.934872325892565,0.858892956846588,0.892216452923024,0.769608301365828,0.692585846599419,0.828542867293361,0.53258490700092,0.254416677014035,0.325581266726382,0.379132220963947,0.58641379052445,0.196941213752607,0.646826736786787,0.927154945077993,0.628054442150666,0.584920411858248,0.87238060379646,0.279100131768797,0.323338186574321,0.796715844195262,0.370718232266452,0.464249391298295,0.625395586497881
"ADPO",0.115442492275256,0.893747243130513,0.802478596602691,0.392083265777344,0.222196019580821,0.0209141786821222,0.32829815769724,0.139083183588472,0.238400593504708,0.104760478501855,0.279424614400671,0.391593820509525,0.0259603338304552,0.0495800378792203,0.0700704548111491,0.0184432825126605,0.200002553018604,0.131354037535272,0.0473569890052606,0.333431061134363,0.538738050154496,0.558648758817377,0.680228891047925,0.563869094586947,0.488056386226758,0.339267343694718,0.155592620179201,0.190714214960857,0.912697328265505,0.779140508915129,0.3150740750146,0.00788407522160094,0.220789088744729,0.315792456116226,0.858627970147796,0.513315493327667,0.345845126332458,0.722458218195622,0.473977773411008,0.440216868154035,0.0285404815544986,0.281562868243847,0.889788912686369,0.920269829873528,0.135992279600991,0.641942041893,0.0892091225493992,0.0676851084235126,0.177405672982071,0.65960094993515,0.344717030727323,0.397413962946779,0.245591393883145,0.105789068803252,0.726217662675263,0.117402814910109,0.44525003210211,0.396131328448125,0.777345726718343,0.459600830621984,0.0904081823676021,0.011779587939047,0.488798884744726,0.666079576092496,0.615226032622723,0.194366040441932,0.0654609712721643,0.391621504120818,0.980488453990378,0.578604221205065,0.275172107988259,0.573518905543696,0.235676829213835,0.236822047316016,0.553747440475248,0.564146851542586,0.303670644040435,0.958247268116968,0.413773870634478,0.498585921551667,0.0861909682672146,0.00812152330856756,0.98114335690109,0.49223057452507,0.0899867321771749,0.609959966332885,0.218385118042548,0.346740085171739,0.186646114001761,0.123257562996703,0.0228219946528738,0.0322475979976318,0.0254022853294863,0.304704479506978,0.325982085760887,0.255034616391695,0.197271817136689,0.665053194362305,0,0.121267969812483,0.110573494817957,0.846754667972747,0.0174805336753965,0.0291440776324192,0.0212428505077916,0.811967520072201,0.250025322675471,0.557240525260517,0.946552905709563,0.174983695366222,0.440111603860631,0.522957066100636,0.853927960746638,0.013274073984259,0.477337451098395,0.170461274639577,0.447932838124858,0.38177372573486,0.696179047616276,0.673723225984866,0.2779260764783,0.343392417597481,0.404106456894665,0.102564886280807,0.0020102473158976,0.171444884206338
"AVPO",0.765699184277587,0.595019975413645,0.691754812754537,0.798462562403905,0.98369547530769,0.321097538762757,0.32658918453334,0.492552240290414,0.392111628069152,0.0787514249756177,0.268611640545762,0.190900504225944,0.196063612043252,0.0331196295450423,0.0265388308076758,0.0571405900472248,0.572195687535685,0.405956622442886,0.706633773104124,0.402949905967546,0.255648831310884,0.716346801474014,0.649773681517813,0.953573638987583,0.414745599609573,0.790608520414093,0.406269655581397,0.78764700278407,0.776537533390651,0.407376427965234,0.470662972641646,0.655096800056943,0.0802895293355205,0.985377712773835,0.546941490884927,0.323628252346098,0.319089810330272,0.368556901829063,0.80079182902832,0.729895930234835,0.25316808947568,0.397171741496496,0.754991409941905,0.939613470328493,0.0520976383826066,0.624553654261065,0.452496820424204,0.660694262339484,0.270054343996366,0.352677532629487,0.317516694839129,0.10528878192407,0.669501042390028,0.463514249949955,0.280589928990832,0.758721346912177,0.399231026535481,0.558959321011279,0.224977633403129,0.649733115571348,0.858525582331519,0.642449977835361,0.655788830867392,0.180818219163346,0.581862946073761,0.985929361370335,0.8737050025931,0.763671756402038,0.90685192411477,0.22694062161793,0.777455405668594,0.460945557534818,0.904520544128705,0.806633122964827,0.286305600050809,0.0116973013999543,0.807811730273826,0.558119177149056,0.903396256379147,0.885880583628726,0.96555176459775,0.724516807879226,0.625552935633738,0.303854616363193,0.90898179052625,0.655593510736772,0.615768184663875,0.929926341221454,0.146825505480478,0.575201356545443,0.745904709934166,0.241533066983127,0.53471729437084,0.350220619042432,0.574682605524031,0.920509148448611,0.86855894638776,0.844180265126103,0.121267969812483,0,0.0155845665992122,0.261848978598728,0.726991040354568,0.0127077807655877,0.0555275081882189,0.859707263748527,0.919151916770197,0.163761287356675,0.376754047689056,0.114103337728222,0.165643785641668,0.105344982096872,0.130416851391962,0.187925446713418,0.0432951594328415,0.414723191643493,0.789224601440579,0.0901596574181503,0.21635044238846,0.937859583831177,0.940477490367056,0.939151164526933,0.644667607533738,0.935655658720795,0.126471316194035,0.510337193870044
"AVPV",0.157209917704895,0.486457897350498,0.75944651183458,0.940278759448454,0.804535596798268,0.0562875387327479,0.056461681900923,0.0322979104597945,0.0151459125962937,0.000199418044238206,0.00485803655748254,0.00901973896370187,0.111203795842608,0.0183836593373799,0.000994162055676624,0.00486795065462149,0.551087343091525,0.119706065760309,0.216797464658106,0.134812468210673,0.0153354845310321,0.408387708811947,0.359994118708507,0.94261186434618,0.145323259644988,0.588194748701066,0.910329935069845,0.975819519518811,0.458645642036377,0.169657730623948,0.0548102481790831,0.277278492462143,0.0540331533452735,0.358112708814572,0.192612302673361,0.562479416849191,0.721539473699602,0.418532919843791,0.753462329407546,0.490275844936621,0.268681714061966,0.572530428027615,0.860831125708885,0.423421143854727,0.104412079975693,0.805658553873812,0.182660726483791,0.204133063562991,0.128988579827414,0.738332027107413,0.0277047970535402,0.463046236848764,0.611602546510344,0.0385632182595158,0.624767888266452,0.918938678762368,0.820426252494232,0.949705795007591,0.301641208862892,0.794827847624513,0.356078732298356,0.266690768850559,0.671927155062131,0.0154305585409894,0.870682389976755,0.649726869318178,0.272287112744015,0.600721861835382,0.486360895607215,0.0787563368235057,0.939974185217449,0.892792637806651,0.992189503533771,0.493390002350918,0.674254738546434,0.0253693466825645,0.427074973808338,0.368953353148242,0.639995667094746,0.0823491873563752,0.269226772948081,0.32982169830549,0.708604415493444,0.0619301778671262,0.12359625899108,0.40726028304395,0.876096583006633,0.919445389860045,0.00374678975759713,0.181898101614523,0.223153414840076,0.194393826885758,0.195394215970378,0.365576930687003,0.4961760523599,0.170119499129386,0.294642805485161,0.506402753572605,0.110573494817957,0.0155845665992122,0,0.0112494792557398,0.516269647085062,0.000952707740002907,0.010261662064071,0.436184989114926,0.620666358301086,0.0688809259267626,0.697225924380092,0.0218954357420229,0.995479239983654,0.0783322799412209,0.343134694331724,0.347108010159806,0.00613753145264356,0.633524912459092,0.638371103839445,0.141009791787213,0.915497661840695,0.301935306973156,0.316776127236764,0.384453990402571,0.437963310957693,0.640986601077994,0.034242976826782,0.0595548790707744
"DMH",0.259349759795184,0.0591991917087884,0.0179898158551046,0.0966958078494259,0.176527128052781,0.142638270543581,0.00219885492331018,0.0949349786547987,0.103946636952599,0.0190662691619067,0.0366975170616839,0.00308971751736303,0.277418884030974,0.607797209839642,0.0285065190047668,0.129707667726901,0.956678357281408,0.410848035971155,0.827311852466261,0.471452018858894,0.00373719197206506,0.0274525755476686,0.0111122619655006,0.0123339514835326,0.0205148849190945,0.837498373658518,0.576626081181584,0.316223912761923,0.000926867766943047,0.0591085495863258,0.0419895227950635,0.952547878190264,0.221030795555937,0.5013614941889,7.41647354631499e-05,0.135314010328608,0.823171093693861,0.0871828288467286,0.165377632729729,0.128347701903391,0.541541652652112,0.36361769263946,0.898780052905455,0.580408781609362,0.620675140803193,0.994279378842684,0.289067512430776,0.973043517257406,0.193080142561877,0.200454606395132,0.0509493624793605,0.783227951439064,0.217967567130899,0.568767052714531,0.0400410529932143,0.959059526484729,0.258177710894089,0.142889813547825,0.00800110890408609,0.078156889724296,0.66122113815306,0.866629546725703,0.726519909125729,0.0114097997291867,0.852264201911879,0.757914897455627,0.762714109011247,0.402667856671548,0.823195194354795,0.0560843592440959,0.270089203335682,0.193587936816552,0.164684643130502,0.890703872999778,0.707011518298607,0.344856678050044,0.889980026436739,0.305872746377837,0.961903250891859,0.254130568541595,0.87162224445342,0.839799353138251,0.667948061260074,0.701146554605644,0.395486040901067,0.340197215891785,0.563475048721642,0.561135648071604,0.0512901665304305,0.597403406546267,0.823695382060482,0.301331790644142,0.535307287854654,0.0859605196395635,0.199139395488052,0.534741613964785,0.644467999047917,0.168176833955047,0.846754667972747,0.261848978598728,0.0112494792557398,0,0.765982068870902,0.141506242444926,0.191952082398697,0.109991051093098,0.270786428428033,0.155315950799931,0.909024708622654,0.474467047418202,0.432269933627285,0.00292145562292409,0.0655618498890476,0.674948426160063,0.0150329787069689,0.955451577893517,0.217102473908386,0.656575689249085,0.945849226362529,0.611494367834964,0.830753485805135,0.741192569051231,0.439093332103482,0.289506204255042,0.89405980154783,0.928520341178774
"MePO",0.040879059361757,0.734109064382648,0.669681542855961,0.798599058672282,0.341931317116793,0.0926483357168633,0.305161195505262,0.059996182473269,0.175201073010776,0.269944978960135,0.185945147779502,0.530937745780107,0.136337299930591,0.528210678699397,0.357833420838196,0.234486660799124,0.180541046006937,0.0965054770757958,0.00760147545464625,0.211918546437213,0.403735954942488,0.651910700505988,0.643494807744611,0.764445834171454,0.809823908545056,0.353542394067182,0.730146577734293,0.0993803945082922,0.7556796523405,0.695329793092155,0.101835856203791,0.0144446947687823,0.879567662854281,0.290382141461379,0.579415040415458,0.670059575161752,0.99796987650146,0.402190398863508,0.292487086008603,0.488559189687306,0.975518650788044,0.0930872937988362,0.461159717772252,0.816304900600958,0.49865493082324,0.165888102356398,0.129832572813569,0.0436623625441523,0.166499754969449,0.925367467175567,0.304122074184894,0.0820124333223047,0.219815308118307,0.214400922685565,0.271162701671232,0.406671434513424,0.12600240599254,0.131596217394944,0.709196485118841,0.1820749735774,0.0152937168600381,0.0586264540982464,0.293456079989379,0.880983271002404,0.280618564191153,0.0543774726312788,0.00270358982732299,0.216499245857201,0.859965252830544,0.936288158599527,0.114181118156156,0.159570999022989,0.136073892811017,0.666352248788402,0.835908961715638,0.429818845182052,0.78526949106039,0.499621899862751,0.191011545717448,0.253516946285288,0.0351398730579233,0.02317010044371,0.575136274933349,0.699913432621863,0.0688249315256464,0.623861201501845,0.101441495096048,0.258547930053282,0.273548436321583,0.263800843933288,0.0528660928078572,0.424998948349021,0.0695412211198319,0.601566757086708,0.174758001941176,0.0420376572305434,0.069058248962089,0.961575893651989,0.0174805336753965,0.726991040354568,0.516269647085062,0.765982068870902,0,0.443071464784496,0.254377744093885,0.65873575025303,0.503233047339059,0.964653504662273,0.897499021765174,0.476233223422142,0.117158440690232,0.82971626139842,0.169651070212134,0.664207789058147,0.717891747678232,0.00105778673760706,0.358423233519315,0.791117866975902,0.960764818763046,0.532557870673073,0.0942651629639207,0.163064310595935,0.299133931148922,0.0272618434888898,0.243046622571976,0.233783103483517
"MPA",0.0955843759860761,0.683073659096339,0.716147392376384,0.566479294202366,0.475667217466438,0.0521456582073057,0.0635165241783682,0.039146264162484,0.0273955180523953,0.00610041118199409,0.0305908443272923,0.0454470277658154,0.0561094429955162,0.0536304786251283,0.00023825688535557,0.00203060687296684,0.365630494153051,0.120320804180738,0.100765207053592,0.15963499278316,0.0592797810301159,0.358092984535028,0.360221070114556,0.979113525302819,0.1937072409599,0.567994620097174,0.28752719292078,0.584517046149075,0.399334608173488,0.372571003290161,0.0603590782371231,0.11954646386357,0.123787852423474,0.333399919969284,0.278661569038169,0.25389657251081,0.228294044197925,0.770331113525443,0.807754187698286,0.968052100137033,0.137499188076257,0.938888212273094,0.526760861509371,0.764379972116496,0.130374041374181,0.96395196196648,0.143543558859969,0.0848691870504863,0.134523140994319,0.7029173314896,0.0214986572231475,0.365857928840298,0.952927240987918,0.0906402840936414,0.624378276796099,0.612938270181971,0.83919297448231,0.799918966567734,0.348212031291899,0.981205976378678,0.208470632053862,0.0990687757634484,0.718912124677516,0.130092824175024,0.620587156291228,0.318768898006487,0.194201848523681,0.450285002933718,0.982950617038951,0.257326014898926,0.650785528174317,0.860170184740523,0.647525764274751,0.435103834223749,0.377342270322686,0.0432899615733067,0.635017114375312,0.773074053975469,0.256677810897335,0.217351623578499,0.236761630060144,0.157986800779944,0.921064087319915,0.197740163118735,0.121360285597681,0.260438750075365,0.406443662741523,0.48725547178992,0.0484603980899477,0.102347589359272,0.102038916336464,0.0712714592130759,0.103335646843937,0.116524120070315,0.672621726171729,0.149579609367646,0.0747878869485534,0.934872325892565,0.0291440776324192,0.0127077807655877,0.000952707740002907,0.141506242444926,0.443071464784496,0,7.2243614472174e-05,0.487494608930669,0.889177767651846,0.0541866788575743,0.605443755004694,0.00460983889992835,0.759785321767375,0.0581464357764822,0.397709515807073,0.0716041996819322,0.0281801699314525,0.447542907831353,0.417941846032217,0.315106289445475,0.738929257147887,0.475637763965344,0.299261847032494,0.376708139444728,0.771870866527122,0.486452079532016,0.00556113419422746,0.0914099388664405
"PSN",0.0350449965844868,0.718219420949878,0.626693528579697,0.550624004061724,0.397895287714918,0.029565160647616,0.0398422344233717,0.020862699402436,0.0247917650575451,0.0149385089328659,0.0428337943282815,0.0668944261153649,0.0283319997642531,0.125383809442597,0.000621413609727987,0.00227572154251576,0.264637577166397,0.0922084221657043,0.0410631642736347,0.155304472849279,0.0774962182086243,0.248783877418404,0.267009766885257,0.863395764990253,0.183100297612803,0.467704105368166,0.299351454945081,0.402715188606123,0.278001047994541,0.513030536914983,0.0350595796687817,0.0522222907977542,0.288495066496368,0.338419090174331,0.238111611417063,0.141180454044835,0.142775379771563,0.969809358235146,0.637218290727518,0.82354813123361,0.179155343630907,0.601063493439062,0.498635853640573,0.973094169708164,0.253214886582987,0.703615285576316,0.162684724025878,0.0417042259795691,0.11471461803693,0.666406722096566,0.0143236323556083,0.525720041256759,0.718319079847752,0.118803015984878,0.667918580237149,0.384984017042126,0.620646941457372,0.661759858328494,0.360625472754554,0.87566082899196,0.131448106957765,0.0457961379605495,0.41283137142581,0.243918631252618,0.361037204093999,0.174020376353832,0.107340660167783,0.382575773030351,0.729209722265001,0.378509653996185,0.46304394821743,0.800933120208225,0.51221439571469,0.41850200296142,0.401082418539168,0.173910936380344,0.691340393743694,0.999165386746246,0.166000117834781,0.201302958760738,0.176195339739905,0.0502692631556293,0.892688927337469,0.342556544986885,0.0837214249010649,0.196515779162835,0.267748514261529,0.352307632015149,0.0882901386359455,0.0997769596916151,0.0452053775680464,0.0360862019190981,0.0812043466102181,0.0434225189781026,0.86858860624494,0.0924961982593384,0.0308613821136606,0.858892956846588,0.0212428505077916,0.0555275081882189,0.010261662064071,0.191952082398697,0.254377744093885,7.2243614472174e-05,0,0.394787179481192,0.993067513782061,0.0734092419044202,0.643963787364131,0.00780475744005129,0.58778278649959,0.0532100957091189,0.522554848024816,0.0326179755556348,0.0743764851625949,0.271347885256885,0.226841499193002,0.558639730664871,0.713736946209392,0.536989504545452,0.294616559092033,0.380580890357817,0.977604772365707,0.387987455980022,0.00544043256812722,0.126594155323676
"SPZ",0.10951114771756,0.183052200680228,0.182882969870152,0.468996539195082,0.688768589246687,0.559072732544788,0.0460794631840827,0.0665164362814822,0.0436878802519298,0.298329090740642,0.0945630723379199,0.090341346408212,0.746137017213214,0.572331165740073,0.337763093079268,0.671408142610362,0.924421177654918,0.381210616261216,0.478007772360025,0.272906419950047,0.0376709342380468,0.12361349775594,0.088377103391566,0.104975834277964,0.163564569637153,0.264801252076608,0.988492875400336,0.554069279153634,0.0332794309551823,0.165613019320368,0.0206634852837053,0.916805685645175,0.759325027447091,0.620206781306337,0.0312429331439923,0.712602813484397,0.831911780864959,0.783302472801207,0.607475953848709,0.450935212574099,0.82345411082617,0.717219904642884,0.482822164280264,0.653114791827602,0.894735362757961,0.609258722287311,0.834025184270277,0.458164386779795,0.949759187351919,0.416337541722736,0.00957571205082594,0.924627733192957,0.191268701267815,0.512522882653075,0.602224946942107,0.340061087044383,0.878991234879758,0.877959571499558,0.440521594422484,0.391270534973554,0.794918984576713,0.817497594609665,0.929753190943439,0.209809786269812,0.541987408956384,0.984093062889474,0.598938602095076,0.526571912465277,0.661030345792476,0.408315500950055,0.565060088956769,0.837757919254328,0.420223566809404,0.498790812499745,0.18598305286587,0.616194547512355,0.888871559275304,0.465647672772919,0.755214388152625,0.0471803737060493,0.476547152857721,0.793522954336979,0.0868776707764585,0.284671157406403,0.658144594761542,0.251513333742875,0.897432545032678,0.489469936984404,0.367076102702009,0.651578156899817,0.559786470323875,0.952992309354274,0.975740691132066,0.274447847311272,0.11906638257404,0.0849539265421951,0.475746809592267,0.892216452923024,0.811967520072201,0.859707263748527,0.436184989114926,0.109991051093098,0.65873575025303,0.487494608930669,0.394787179481192,0,0.0516051507711681,0.0572954710453202,0.914589146971244,0.299435869974742,0.633568484752945,0.100116375647646,0.492132082762802,0.85595887739969,0.368947107046448,0.702340386114542,0.138673347875705,0.747640822655832,0.41708714419651,0.0803501684826028,0.315749452586836,0.394066468066589,0.129421220261723,0.646808284018372,0.881796761599605,0.462796868357895
"SCN",0.838198703411794,0.404348294484673,0.297148951322306,0.582201198395176,0.49579166410917,0.617296036846235,0.452077172533248,0.627750461076767,0.373437548677904,0.768386531126341,0.367995186836851,0.330586999753675,0.500753068223171,0.110798297595377,0.775552826372065,0.626103571428099,0.477536024783936,0.847491004290196,0.717612864718123,0.821443703625233,0.15805567000838,0.559771110164025,0.465681740852415,0.18248161696024,0.50919852433513,0.964374482323021,0.995904753034165,0.289539293183738,0.162064103965012,0.0664469459445661,0.366311672861217,0.256417664868338,0.0847019794954806,0.98529133203323,0.215812125949921,0.893271549535308,0.967346008697014,0.567101336986241,0.476807838668043,0.289420039578276,0.640143394801325,0.27377938946673,0.23691902028835,0.599127191872383,0.854384408569519,0.735003313554455,0.335602029724303,0.829785909836258,0.412303935063227,0.4564656003507,0.2008835462546,0.663694289764521,0.0747840559428021,0.910290340745791,0.361869223801622,0.0587139852629026,0.685058718942355,0.52283993707464,0.583828016909554,0.278908825748401,0.56687296770699,0.459667807018432,0.661921550336452,0.266179139873093,0.827913339266931,0.578854455388511,0.741385955258602,0.954670575127329,0.95468347706423,0.662995149850338,0.342635228293812,0.790977247487762,0.23620033005986,0.824371793907022,0.67445493252781,0.178500579356652,0.51782354438439,0.584617381040783,0.923804470614856,0.51094098009503,0.691469752551199,0.356581502508801,0.635306335178547,0.379401253256774,0.58021243433764,0.301299049765117,0.475225458736343,0.334824307404736,0.865241401764374,0.926134530995211,0.644392273642519,0.491320629267817,0.383636796114064,0.6608049116465,0.0146851785188803,0.64034746065873,0.915280452283261,0.769608301365828,0.250025322675471,0.919151916770197,0.620666358301086,0.270786428428033,0.503233047339059,0.889177767651846,0.993067513782061,0.0516051507711681,0,0.130213090633948,0.817589057203419,0.38174595215878,0.806264346355031,0.227424136832169,0.298120978694897,0.505887177722063,0.053935399592125,0.594591282151368,0.624446384544962,0.120830203184508,0.447653499158397,0.388111295657192,0.795385216235125,0.797360412140299,0.0117419753478545,0.222519284537085,0.502677447524536,0.888899495467373
"AHN",0.136537102866543,0.154300598529492,0.151156194326281,0.89599585143326,0.905928317641003,0.490750272785976,0.0967719396239253,0.11316341334396,0.0458268223030922,0.100903665973556,0.0857531291985383,0.0787806754978824,0.300977959083143,0.72578312822902,0.0984376289437495,0.303302685930332,0.461328743091254,0.153752668287613,0.344544286528734,0.0781308799787354,0.0802401604009627,0.14385186099658,0.102899704564742,0.216275732540198,0.179003425819515,0.383634330643859,0.329689266528665,0.573846282353648,0.197471257695177,0.29246132636199,0.155629426524283,0.953741548722098,0.532755566816067,0.636033179615649,0.175343141384558,0.506594812804753,0.501839634889685,0.793077049617059,0.830820292425342,0.757527799299932,0.450758198009819,0.541433102336031,0.332369326829138,0.722371598319116,0.360163858869165,0.651656525057585,0.734531517893239,0.249287884799174,0.929311864769323,0.678908510243475,0.0125273232923659,0.151154000292652,0.206796208726312,0.456333353360402,0.38617489529413,0.606769489929388,0.941785990477961,0.834255384237217,0.263116466238552,0.387109628052071,0.66223360528722,0.52478782568741,0.869433573675493,0.149914133528643,0.74564248653093,0.994692436037058,0.714632223610534,0.534810041084845,0.74296200011385,0.265340120104953,0.621091334647295,0.902176985800759,0.569719933074658,0.303074254044218,0.894287104041801,0.067132071244606,0.748594770007059,0.443513235175709,0.899902839463683,0.0868464633382081,0.453926634899017,0.618190930269032,0.475434743872567,0.0823269857181453,0.9965991036516,0.675545809052048,0.768846745368909,0.579333369588394,0.168995867552196,0.363168360512357,0.470216006085382,0.570769466908311,0.583833202526407,0.262056787545101,0.117521176294413,0.126255136581715,0.511511804118293,0.692585846599419,0.557240525260517,0.163761287356675,0.0688809259267626,0.155315950799931,0.964653504662273,0.0541866788575743,0.0734092419044202,0.0572954710453202,0.130213090633948,0,0.734633299687336,0.0440094328030561,0.943159996447349,0.102718098821516,0.158716547919307,0.422151558346942,0.15546976451326,0.957330195005379,0.344344193804989,0.46866223998795,0.944308335412191,0.117592562401069,0.219695462831883,0.365011320562575,0.0911891973819421,0.692922288415312,0.272378413242451,0.30463970632783
"SMN",0.6979878959948,0.524120318668911,0.822636931158823,0.398548768842772,0.898317799853713,0.701114194749242,0.968276963317214,0.957354656094822,0.979854662352592,0.888162482991033,0.738420757841858,0.943714308974745,0.942941530741647,0.913150707899137,0.603253989102521,0.843681069725025,0.646307177738302,0.895667837489245,0.701112078741137,0.649527286315468,0.603383263915548,0.409096855112076,0.637747485779811,0.737218047994768,0.370304176957891,0.0802298138930901,0.629953669280061,0.650347580065453,0.865706020120365,0.768569258356269,0.56096126589897,0.851095048387321,0.890844206397629,0.544135920160293,0.822972230997787,0.267303742649871,0.266580760695221,0.879970497281803,0.0325646141000577,0.710112479307831,0.320257628806823,0.666972971306073,0.75823248533018,0.324848362984072,0.38863001892451,0.838675841527158,0.459802328190011,0.879710746704649,0.288018816311608,0.733223870525583,0.780620801515661,0.421892416632128,0.994162165922009,0.478254724461541,0.404994165421249,0.728510802888802,0.73759728409231,0.777060740274021,0.912481536923872,0.100581660666005,0.403636940819133,0.61568257996239,0.63841124780999,0.971984412424728,0.736834187397108,0.353003791842236,0.534998739122498,0.703477368343037,0.612276338662503,0.417158315905605,0.209993600686014,0.74980719054689,0.0744839487973196,0.101918029543428,0.153435999658796,0.733049999113789,0.0702560975187952,0.131274071676528,0.428471195238924,0.450580580081525,0.426975193305536,0.637603359995362,0.23373979105609,0.906914651048752,0.758570683560591,0.713617602411723,0.759948288201511,0.298509376105472,0.948369537455914,0.86757999735621,0.440062272981514,0.629405182648218,0.985799879250808,0.767625739591833,0.91703588381129,0.929320210753921,0.498736031650902,0.828542867293361,0.946552905709563,0.376754047689056,0.697225924380092,0.909024708622654,0.897499021765174,0.605443755004694,0.643963787364131,0.914589146971244,0.817589057203419,0.734633299687336,0,0.415364268550108,0.331865972934133,0.402009205197555,0.698216719951035,0.880691868190619,0.234811903562979,0.670426767088349,0.314519993280953,0.944496065462841,0.181673625515658,0.249937129221628,0.375857987252911,0.296665868676092,0.896178881965162,0.38925869422828,0.975150875620759,0.76816125924821
"MPO",0.147104522525829,0.822661077815257,0.896482250179447,0.208712616735404,0.19524852841211,0.317715242299605,0.221884549082372,0.0706620946191027,0.0261812189721757,0.069544419655104,0.0437476480925935,0.156105881043206,0.368469996855328,0.311022323554496,0.0229340340108884,0.0636704432768197,0.583347206361469,0.288558983031431,0.0774721681266003,0.216493188801388,0.0888611226040594,0.767648591650537,0.754861336161602,0.747978228242551,0.540185382215012,0.735112469151028,0.139768051454851,0.339771835217676,0.591714325750002,0.372821910766189,0.066152962098894,0.148721913156518,0.152947361653463,0.104002835085856,0.49082581974743,0.45103265342457,0.176534992822104,0.73161798413757,0.404522702848897,0.828969493941295,0.167815310261188,0.754289471584133,0.173622306058434,0.549753448221934,0.459240268322371,0.999630000388065,0.0651569218855915,0.0374752809003816,0.309879392079752,0.569865805507402,0.0159773069830102,0.585894438649146,0.871709662185209,0.149612714310522,0.953850664308058,0.837563521669685,0.377955346418898,0.36624516619302,0.936162899244368,0.578537916036821,0.0891972224236962,0.116760150657296,0.420504410299671,0.282811739115504,0.215271140016639,0.123649123092393,0.128914317789003,0.115107082748022,0.856330648096155,0.756865894880426,0.337411371507387,0.352151300090228,0.379849223595226,0.613592786014806,0.228239346381717,0.0664362258019437,0.681341830074231,0.736215359370587,0.039113241143314,0.289050559472443,0.210149830638085,0.390719762062937,0.74526165500759,0.221039520576004,0.247037010593792,0.166469050895836,0.145230770837827,0.2204921650467,0.213094803739572,0.0196611248481883,0.137878828380096,0.384840903692022,0.0730505547184326,0.258141387545451,0.543471502772517,0.0682271396183559,0.0165698511237666,0.53258490700092,0.174983695366222,0.114103337728222,0.0218954357420229,0.474467047418202,0.476233223422142,0.00460983889992835,0.00780475744005129,0.299435869974742,0.38174595215878,0.0440094328030561,0.415364268550108,0,0.308005470730136,0.184451775980153,0.75685368446964,0.248845325386715,0.0389411066470339,0.261986318788472,0.502393100380382,0.606225162612896,0.856700772168972,0.475017896003239,0.163069613751905,0.184228626103587,0.596784005581137,0.331836629490497,0.0206584497888092,0.0349667500654791
"VMHn",0.170225893613691,0.376433819617311,0.314818142094458,0.187609079040852,0.0284980032087102,0.665744640400337,0.954735719843055,0.328921767709628,0.307679911465408,0.836612132818044,0.569051490048951,0.872460451122259,0.8202619501542,0.786019553382846,0.973036154774051,0.812297443615316,0.582132555908578,0.486617802862295,0.0564822841183498,0.5495732886012,0.922567175059531,0.965058177942404,0.790462899803511,0.391154197113441,0.808190410494705,0.144710748225468,0.510206667492183,0.0586169954056471,0.728983684312386,0.430089381495684,0.63460145148236,0.123806272925662,0.449950494102609,0.00341530330510658,0.604253195753656,0.488086608297486,0.990367972980236,0.0519038824817119,0.142385766060971,0.209036442481215,0.308642024893516,0.0292152190992809,0.764103056784758,0.357370366351041,0.64352816800334,0.397245573502307,0.0126823149293142,0.018078749248185,0.782337357451824,0.0892546268699507,0.546240723482427,0.420274864708822,0.195484409481279,0.165814094802776,0.0314000905559776,0.814198579566719,0.00166767099003271,0.00666772160388291,0.15053317822822,0.103504075357635,0.0172733531902947,0.0329408979315846,0.192784763142548,0.5466026538194,0.0907000116393038,0.0960625550006086,0.0980153940272112,0.000363764699879296,0.860609050699746,0.449222741558404,0.0798791461255416,0.00172696657588673,0.0959831000590299,0.23523201208826,0.834678201958838,0.440100070224726,0.636523767047546,0.471294073668685,0.219894555768785,0.261600600125183,0.00804742584165823,0.208357138306886,0.575324481543894,0.513288366583534,0.332418558724861,0.805935803723145,0.0439678307263308,0.29877139551767,0.949279333304531,0.00446404500625955,0.0426878414536703,0.841523621734499,0.00913337201170259,0.898538863260408,0.486686448554351,0.0493286862801692,0.189315584555977,0.254416677014035,0.440111603860631,0.165643785641668,0.995479239983654,0.432269933627285,0.117158440690232,0.759785321767375,0.58778278649959,0.633568484752945,0.806264346355031,0.943159996447349,0.331865972934133,0.308005470730136,0,0.39654831340958,0.0648036121592586,0.740347323136815,0.452921470430191,0.0437126648095258,0.28718098330039,0.519179607902396,0.32239397925151,0.359593478291637,0.0160928041422655,0.0125617304343167,0.628534975355048,0.0334560910368583,0.147236263171458,0.0053181715746697
"PHn",0.286356884999136,0.219556157723121,0.0992751154546841,0.465884906880625,0.459213768719035,0.128883839902427,0.00534272969904125,0.110754555471358,0.12374084064563,0.0709598424234407,0.0918873344266607,0.0198696010597481,0.220509809783563,0.458554057698234,0.0115748024021774,0.0574702569251802,0.913845070340882,0.47660511853323,0.657562440357887,0.523280719805304,0.0159804810007598,0.113273100544133,0.0735051230276747,0.162370097030251,0.0470355739509459,0.822833972144944,0.996202356055626,0.591938925074859,0.0134285825373137,0.0536568640013808,0.0289761204252974,0.63021808878333,0.981042606047343,0.695360158644894,0.00550890482087456,0.0207227226854403,0.261967816625975,0.125429376867365,0.38594831395769,0.233300661052065,0.951589191784935,0.456986226882836,0.475070532390961,0.542428185264791,0.450936943202858,0.78806568130431,0.810887159409195,0.793276962235993,0.0737217432696668,0.147392592789271,0.0331221220222445,0.539082513611662,0.404747761897582,0.576025102081798,0.0254750661651837,0.815406944722466,0.319457174633722,0.231245829582274,0.0162575270708842,0.205788912616456,0.936670160799735,0.89476311932121,0.916010837869097,0.0718185447916482,0.852729249872442,0.83380573553573,0.605318803288237,0.536343035203947,0.480254051113119,0.148787990524496,0.548726374045488,0.22868187563043,0.412559658024878,0.716358075624651,0.550498735072109,0.207693206746884,0.781578969513576,0.604790400053496,0.575947408552029,0.50535404330703,0.826240005660183,0.83085558585463,0.735212422850127,0.829228290310647,0.328143616577273,0.106705095944922,0.862391370278949,0.976897834253737,0.182361738470543,0.998216665159727,0.698433648139276,0.150185229806108,0.884484022222488,0.0136528051259185,0.0889157091462727,0.561963742199955,0.388536937955835,0.325581266726382,0.522957066100636,0.105344982096872,0.0783322799412209,0.00292145562292409,0.82971626139842,0.0581464357764822,0.0532100957091189,0.100116375647646,0.227424136832169,0.102718098821516,0.402009205197555,0.184451775980153,0.39654831340958,0,0.0352554788050088,0.300864324630024,0.0308841414020938,0.98171410079909,0.322332350797382,0.94231109357995,0.688782004283045,0.881637442479763,0.824289118378404,0.757726194471606,0.600979627051172,0.482991484626694,0.489801613417088,0.861207146265218
"LHA",0.969040090134473,0.0529492936441979,0.0290972658300314,0.206554820294355,0.10082175484609,0.668163015960017,0.184025771912341,0.781879408258645,0.667304723721859,0.413344623694608,0.611200219867958,0.151702971484661,0.700459898392912,0.74067953783242,0.286199987496622,0.505873398725027,0.623125514104628,0.962490789304667,0.343566963800598,0.999759338210702,0.266708924851964,0.155951156135692,0.123362404468088,0.0738281716229649,0.0754466200680322,0.781033858574433,0.949497122511286,0.0469430491949829,0.0905560129961112,0.0859117121037687,0.627150283963499,0.321324974061505,0.908606070685865,0.253886067954089,0.100359030779751,0.266179392503351,0.635364074406303,0.0242770822893313,0.050497820775768,0.100482252625034,0.992820891018806,0.0504495280677616,0.530612082114322,0.807656789903169,0.16820397418996,0.400031334705306,0.175914130920759,0.356504924697285,0.762837281788025,0.177490445854205,0.399630392723658,0.061360210516691,0.0578995436852117,0.899169758398362,0.00059041263498947,0.853908713609691,0.0217315341095715,0.00826226464941212,0.00383706285298448,0.00406601227421325,0.111089617858741,0.364312289672621,0.336118067012867,0.131780470129807,0.365444802742818,0.175696317853714,0.291276958830843,0.129838616238815,0.780448947020373,0.0734061027322746,0.0355402072741117,0.0149796616759521,0.0237386968441225,0.897953089114392,0.972906221214874,0.206486929663817,0.881719597920265,0.136030445117883,0.454373240860406,0.853092667471871,0.246324610675833,0.448160800659673,0.947370869833396,0.833912574095032,0.789265288810032,0.610631793187401,0.135796856671893,0.248630235063633,0.519489710939211,0.39590816676644,0.527597754754782,0.448439859382782,0.213607799391083,0.211155921274861,0.0389720358004072,0.589757587787496,0.582877466558653,0.379132220963947,0.853927960746638,0.130416851391962,0.343134694331724,0.0655618498890476,0.169651070212134,0.397709515807073,0.522554848024816,0.492132082762802,0.298120978694897,0.158716547919307,0.698216719951035,0.75685368446964,0.0648036121592586,0.0352554788050088,0,0.575717446025433,0.277759148710383,0.110591851637201,0.684430231616511,0.394911308451424,0.829391657154067,0.798671839250978,0.442671176866807,0.400521377132847,0.204646703232336,0.0196823248176284,0.878625207917025,0.558142104077267
"LPO",0.23061968740471,0.937960728554484,0.620146220232432,0.382613726973847,0.304807291149736,0.144093853715254,0.343967099886559,0.414459095039222,0.502726910346131,0.406007579993968,0.769185566723534,0.581658860139772,0.0886691255418286,0.367915310286296,0.133214807983362,0.0887727116468857,0.375349994033853,0.465725909121455,0.273958074904188,0.759357999732901,0.845123300091319,0.281774552862373,0.451106636477821,0.963759633748851,0.333311701922859,0.431400684658422,0.0850163129119073,0.326560355716082,0.472837764924128,0.774697109256605,0.583158210778633,0.128674254295408,0.688607974968116,0.65409544432167,0.8006096553455,0.146246781898967,0.0394361613220848,0.758028418782395,0.560920611183743,0.357214661355835,0.0633471685917963,0.262962800583259,0.400402702443019,0.615103583186182,0.165527348963612,0.779510605168088,0.540155316156743,0.227805476928257,0.521713811722111,0.440819999685217,0.384999923279109,0.235230760124401,0.278480871187198,0.491917856871959,0.634920549227022,0.0238025255433171,0.615505710599211,0.769043844588242,0.432585849114624,0.931643932581846,0.456509461091468,0.0650157604797916,0.186854627173647,0.967087050340394,0.327382198337378,0.314803740156385,0.546951614206911,0.659166697563596,0.236961256432975,0.752087738153516,0.434890121173867,0.827519925520134,0.496496750300982,0.290156837258509,0.348080997901726,0.662005980932037,0.452916232925269,0.813910015648754,0.362703333835121,0.628281825317357,0.464961517632156,0.161398489564468,0.518467528238094,0.902159767937686,0.254334706107706,0.364244858136752,0.322753205484832,0.346710911599799,0.74701972205941,0.297842670191891,0.0855496923256387,0.00521412208591225,0.236915891288895,0.030483043982664,0.740227156545842,0.617466165006693,0.205062833773664,0.58641379052445,0.013274073984259,0.187925446713418,0.347108010159806,0.674948426160063,0.664207789058147,0.0716041996819322,0.0326179755556348,0.85595887739969,0.505887177722063,0.422151558346942,0.880691868190619,0.248845325386715,0.740347323136815,0.300864324630024,0.575717446025433,0,0.787473492972119,0.660539672689661,0.173040865444134,0.912450550298448,0.613452517519689,0.971435128771176,0.575280797168355,0.626584810908482,0.4388995629258,0.616381937016953,0.0410188731399904,0.6184998009539
"PSTN",0.49671940174624,0.729474574531414,0.83199574928604,0.977404787002834,0.900751933522275,0.255679351627306,0.0987046983663733,0.118128957922896,0.0697204448649051,0.0205587296277708,0.0138318912559886,0.0282459311851537,0.456085130476061,0.125641335156736,0.00976177682625293,0.0463374666537164,0.994232149977853,0.455810693529482,0.501498337022227,0.35885638226477,0.00551335912139348,0.787414038624149,0.611184552517483,0.926441962239986,0.335467654632413,0.57976137652251,0.613779506218188,0.888655161169896,0.391991618508166,0.0376952653485305,0.0342898095901182,0.495222580565543,0.212631979192112,0.664899363090841,0.119150352119653,0.332823484735723,0.592250712427995,0.247417102820419,0.697721751866756,0.237690441958824,0.840491050661864,0.32588145053445,0.638376061626033,0.71344356406723,0.45911807020095,0.506209310451097,0.368383919469143,0.553182093134848,0.0441239880508881,0.599601033024363,0.0525140046531187,0.822225037857473,0.460380532784429,0.24216397169988,0.381546726879032,0.493893646004981,0.558800996397051,0.693676026541955,0.344807142338145,0.769270762243794,0.578346396161177,0.811601213457283,0.745139584931503,0.0215223091842366,0.951080423609581,0.616664960125032,0.34760920594975,0.949005048922443,0.841471904722675,0.240842120418252,0.892433009833782,0.887595645522384,0.88747615652221,0.603146598550149,0.330503949779536,0.0233356911779615,0.331329163348397,0.717406050895722,0.412184323042519,0.716750776540483,0.839604597825178,0.94186151985289,0.748585736023382,0.293293928622322,0.324042878921054,0.184529970168342,0.968382219430226,0.815827864704162,0.0531147601125635,0.470497539394954,0.735074686723781,0.54900585653874,0.592380090867797,0.38033699455193,0.265952633301871,0.403093783281532,0.382911613896516,0.196941213752607,0.477337451098395,0.0432951594328415,0.00613753145264356,0.0150329787069689,0.717891747678232,0.0281801699314525,0.0743764851625949,0.368947107046448,0.053935399592125,0.15546976451326,0.234811903562979,0.0389411066470339,0.452921470430191,0.0308841414020938,0.277759148710383,0.787473492972119,0,0.856666876969647,0.972802958137189,0.397492666554823,0.861414508208863,0.776227704849749,0.830863353711681,0.850315785999975,0.420964384400287,0.90150387843211,0.27846050008185,0.248851549870197
"STN",0.0975196726551161,0.451916780166702,0.515970908476723,0.434302912997372,0.163339101081597,0.304843946782635,0.569675518402096,0.137461834517157,0.235406077224354,0.448382382317213,0.258958912914293,0.857157342360671,0.337852311953471,0.8390302360412,0.481191336638105,0.367834558296577,0.261805420221054,0.217574880121031,0.00380629232398079,0.300712726922077,0.606216569914132,0.913086800235281,0.932616017848284,0.596128996147092,0.864135758331583,0.496728372383703,0.906767010747295,0.0385722669862254,0.90944242614407,0.537421253310791,0.18033632368554,0.0153872219908393,0.951472055715497,0.179760575286704,0.873356025693915,0.690493750580677,0.709255966331566,0.174452609574748,0.116817276844598,0.277423088515844,0.933020539718359,0.0242969868235406,0.863070143712223,0.743527453276007,0.27667279361281,0.176239554922115,0.0113154996614573,0.0170751885922419,0.321806159844813,0.622958638966109,0.360933145102454,0.0999763220915306,0.137672829678722,0.316131695802197,0.197020264881221,0.476496777788603,0.0381617526686638,0.04700111070967,0.430578137758601,0.085381941417063,0.000697247378184904,0.0531480306820705,0.0942282074564828,0.697873517587385,0.0882463534510684,0.0142831899299954,0.000712054052248877,0.0965705726426355,0.803053193571063,0.479061302223739,0.0366045224190572,0.0763290201451637,0.0553748929975245,0.769778440002207,0.885796838751472,0.161930569103405,0.925392574853831,0.219104440293386,0.0615153790553648,0.347999576417288,0.0458438860203876,0.0778351615261041,0.877871769770432,0.887011350365015,0.104473469025826,0.55928833009618,0.0225401608709162,0.099492360769144,0.545615528514632,0.116355382582752,0.0746056489565198,0.629107463479244,0.0217236246788081,0.628935065457894,0.217755280176015,0.0455158501614707,0.020628657807811,0.646826736786787,0.170461274639577,0.414723191643493,0.633524912459092,0.955451577893517,0.00105778673760706,0.447542907831353,0.271347885256885,0.702340386114542,0.594591282151368,0.957330195005379,0.670426767088349,0.261986318788472,0.0437126648095258,0.98171410079909,0.110591851637201,0.660539672689661,0.856666876969647,0,0.384762222735851,0.368554782310417,0.979204182392475,0.854616121922372,0.186092778191023,0.241398700398419,0.289656990065756,0.00944450456213423,0.181975873332738,0.126505136290664
"ZI",0.0234206136979982,0.426735224738191,0.254225369484994,0.838624479756604,0.681321969020566,0.110486944619949,0.0746444635931793,0.0807248216976231,0.121143130986474,0.402848243419581,0.379234459628605,0.209824949313782,0.356786756333437,0.83360128735143,0.346247773624418,0.301800611095707,0.938363212939842,0.528668377068265,0.315409974622109,0.805318880638713,0.364844101293942,0.0200005943370431,0.0723594810751923,0.245050823273082,0.039988265501523,0.0686551780502632,0.546712166073333,0.680807301111385,0.0348137848806658,0.582609767674995,0.184428580995205,0.306181879190631,0.581655531463542,0.397874532151541,0.172353334548584,0.474788699693114,0.569799909786416,0.986351552221747,0.77107570128279,0.902923798888649,0.465406207303091,0.367322958942438,0.379844613371835,0.869778910672092,0.605894444654127,0.734415334925068,0.877714690905871,0.286561750475579,0.788854478231562,0.946634430871769,0.101643445371901,0.838944359780952,0.837079768307844,0.245952216005558,0.707627643955264,0.387080733273335,0.51133378188141,0.912211193178919,0.37031436317761,0.555188742383479,0.639974282315483,0.176961700439798,0.322818513651018,0.577702809243495,0.196380024820049,0.491720252772587,0.432236566414004,0.436057714756229,0.486319239015856,0.433921097037876,0.903751724073879,0.864939169517806,0.829357863728998,0.222035578828581,0.631348653673229,0.796943823278383,0.322749987720809,0.656099765178575,0.367054968458038,0.0331786539403521,0.267924374682473,0.322691885560414,0.536131228071484,0.988003321890568,0.0682819474195146,0.20494647912273,0.383279228950776,0.792560405434711,0.646994408497605,0.398764641774262,0.0517818853692746,0.0713016921610683,0.583380205296557,0.0619696695406615,0.624866650766397,0.150121234770499,0.186743798034647,0.927154945077993,0.447932838124858,0.789224601440579,0.638371103839445,0.217102473908386,0.358423233519315,0.417941846032217,0.226841499193002,0.138673347875705,0.624446384544962,0.344344193804989,0.314519993280953,0.502393100380382,0.28718098330039,0.322332350797382,0.684430231616511,0.173040865444134,0.972802958137189,0.384762222735851,0,0.391337308997574,0.308602774540643,0.236426635851937,0.277023166331636,0.257334324886026,0.963106124529373,0.99648641702054,0.35632368634085,0.459583289939444
"FF",0.950230413374301,0.374334593434524,0.892987355697029,0.817428519312525,0.67862459845348,0.65637304608481,0.891833895649313,0.789917817610427,0.665967900379543,0.219534787134265,0.469188905996182,0.473518269429794,0.358323955538092,0.0542879701628758,0.450778045216496,0.472664577798494,0.339936316828733,0.234619167713112,0.764695035806669,0.21140072860508,0.661295611892991,0.981578628755547,0.90730864545732,0.641669328125171,0.812260034448755,0.669518274795295,0.966515997117,0.19173969932684,0.368584459821426,0.960940179915826,0.921510058960479,0.871828590624994,0.00605671818731155,0.873494684983593,0.831887581505293,0.521976413011774,0.510591886962288,0.303166145841957,0.461337089023608,0.757470259011764,0.37088774733668,0.0419401490636132,0.343502355299052,0.417223544243734,0.136886245812125,0.977575659009901,0.161484761965224,0.664493347532926,0.947213704023815,0.971209195860403,0.873436092100054,0.283061766944125,0.239307393613179,0.427243676157595,0.89566769955182,0.799199960557422,0.10346141414251,0.495609645355569,0.582378588703502,0.658626594868606,0.788896002504872,0.709562743151847,0.0356742019887163,0.228555201160547,0.0473156181119404,0.273861248614905,0.729518486543503,0.92745966401356,0.0626561829730454,0.127374226392399,0.170495569022906,0.887977637598378,0.61125415589014,0.332448684637652,0.735572680566864,0.0782144341346866,0.113279281436313,0.114277077617972,0.0177464099775873,0.833322650387589,0.443256341730164,0.452950526469346,0.408548411095477,0.0376659545357311,0.332056925088435,0.286403993353327,0.0393240514291018,0.0669614460149822,0.113424795875185,0.625506769442358,0.919836173419858,0.904009730680789,0.235886636614246,0.496318100597175,0.94109443411592,0.858182882193023,0.195889308953161,0.628054442150666,0.38177372573486,0.0901596574181503,0.141009791787213,0.656575689249085,0.791117866975902,0.315106289445475,0.558639730664871,0.747640822655832,0.120830203184508,0.46866223998795,0.944496065462841,0.606225162612896,0.519179607902396,0.94231109357995,0.394911308451424,0.912450550298448,0.397492666554823,0.368554782310417,0.391337308997574,0,0.563882610211231,0.479864292825501,0.577809006330505,0.77218997023215,0.284561070866638,0.656059049301059,0.30288017111992,0.368503634621897
"TN",0.705433137920334,0.938822804787812,0.694138418357334,0.944002409264084,0.642243474572372,0.874767924721416,0.886485772616073,0.587833971884002,0.378032641999742,0.818212526790303,0.556590249423758,0.509136700393584,0.334623310149441,0.712238941397692,0.807597862962975,0.9579952942979,0.136616936845675,0.525186586341895,0.828678992809869,0.488409491393087,0.657840045536463,0.824359694655115,0.968275789152966,0.902028791668478,0.468895079071971,0.338390714539431,0.74968500599733,0.99936388629372,0.751673026961684,0.325472574137455,0.818241313055853,0.985216259969646,0.873865006108829,0.0851459880995287,0.845006937176888,0.179357580824944,0.375698857572745,0.842834203801261,0.494811072273722,0.382608056757202,0.517512534465887,0.912439781356834,0.509064114651145,0.00147981965806739,0.632180182931771,0.281964239507566,0.985780056321802,0.923318646000082,0.582821396489835,0.276753268443086,0.640936714304581,0.898329235678151,0.761395610713831,0.0980516152250613,0.573819659785779,0.317197274593102,0.677615095566938,0.823966473332294,0.7039630132594,0.795000311345635,0.916253453685048,0.832667633341325,0.783401895230014,0.383825130937999,0.779747181778939,0.940249021568415,0.999822542146209,0.3214611812319,0.597661489228839,0.57897551775203,0.779191846520855,0.347638105870931,0.677343527815072,0.520231500539574,0.545917295083263,0.847242253206471,0.591179647003847,0.391204446300326,0.99371009894314,0.458127825802659,0.527315429331695,0.733783830538284,0.455058514223603,0.606362448200237,0.612076045632813,0.532549116774631,0.83779639153894,0.681832370881203,0.897939557250353,0.324405210030027,0.52630697326352,0.983255529204473,0.884660301817363,0.683324137900987,0.401280710913446,0.533049773887587,0.768624427679287,0.584920411858248,0.696179047616276,0.21635044238846,0.915497661840695,0.945849226362529,0.960764818763046,0.738929257147887,0.713736946209392,0.41708714419651,0.447653499158397,0.944308335412191,0.181673625515658,0.856700772168972,0.32239397925151,0.688782004283045,0.829391657154067,0.613452517519689,0.861414508208863,0.979204182392475,0.308602774540643,0.563882610211231,0,0.172311127990712,0.262082820424571,0.113791037800873,0.22167909279683,0.908414653694591,0.891799304592593,0.0894851439440041
"reSN",0.101928283934202,0.238594847892009,0.570588839583178,0.65865185109193,0.929352261761087,0.371723141879898,0.309352446715572,0.108733431925752,0.0721235674317073,0.198324665858602,0.148746950210576,0.165507179556179,0.562449371774001,0.704953944849887,0.556494386588527,0.59312395214343,0.784544137023491,0.220458217717674,0.426711127655928,0.236201150217724,0.293799628663058,0.201919826403628,0.240839232429698,0.509229733158733,0.186163380204068,0.0186001811553396,0.918100386724941,0.676211192373379,0.548671848738398,0.559494499895923,0.40880872488132,0.914148946724427,0.533228786797416,0.227682229583859,0.458624159960035,0.354006490468942,0.293247187925962,0.927400891766614,0.561107390346414,0.642842571709187,0.316987246585859,0.790324180067988,0.977767295086017,0.0956099466391347,0.28197790933109,0.757342031289372,0.697959959731538,0.317519264127176,0.585528722238425,0.309925994558551,0.185784829619368,0.160868683194423,0.363645015816329,0.0878771464674497,0.737585597371495,0.54386741392589,0.731539347791053,0.823185144904143,0.735120137359418,0.563054092226669,0.66163007642211,0.403824820124938,0.466987993150039,0.191371503296379,0.89276791027138,0.741819796982318,0.695066504340589,0.287703882590979,0.132676980831373,0.168011464853702,0.564289188459809,0.468918789625166,0.581172240186501,0.0305339197946028,0.1237261746024,0.178242013626237,0.139969819057401,0.111396781322605,0.637546892298178,0.0189602039458025,0.0888177890104022,0.405207878751517,0.0138102091834023,0.0402825214268463,0.835095613527668,0.839187158200794,0.816104220280137,0.301680781597481,0.146241877581392,0.300551186495918,0.239100462591079,0.731248311942131,0.460986002872364,0.92521635066205,0.238251481314286,0.0701118094730965,0.94152035538305,0.87238060379646,0.673723225984866,0.937859583831177,0.301935306973156,0.611494367834964,0.532557870673073,0.475637763965344,0.536989504545452,0.0803501684826028,0.388111295657192,0.117592562401069,0.249937129221628,0.475017896003239,0.359593478291637,0.881637442479763,0.798671839250978,0.971435128771176,0.776227704849749,0.854616121922372,0.236426635851937,0.479864292825501,0.172311127990712,0,0.0255517333347207,0.0439694064390906,0.151449402845664,0.974421524474101,0.412526848172259,0.109658688979844
"cSN",0.0556039051415239,0.979997121383412,0.733250027364395,0.401582323062369,0.160652916479083,0.393275158151493,0.585907563737114,0.103630334455763,0.075067476449606,0.278727424644299,0.197653314822316,0.450441502185172,0.50248960490103,0.625749374363171,0.507403784933871,0.463665022535313,0.495545220751081,0.189430449017234,0.0634721959614225,0.211741671231582,0.52368230898194,0.598610480041041,0.720544000301541,0.75913905012444,0.614525326444333,0.0309947908479253,0.213025027383149,0.383480926223773,0.98480360786181,0.936588438122444,0.402963129257156,0.257837352265098,0.28951156535662,0.0141732076611064,0.992915763023482,0.419518630013634,0.830901793154655,0.320859527567497,0.508808673274353,0.558605693634783,0.0522331453117452,0.408080101024539,0.694421315996113,0.129199260800251,0.489402624031283,0.541634849638338,0.120557731254987,0.0224205799314561,0.740718528616732,0.103181342265048,0.203627746194642,0.651602689362948,0.791483565730428,0.0536506380024679,0.183144966978436,0.866919370083279,0.101491974048783,0.120657789879212,0.563365752098211,0.494190910362452,0.0796760299799761,0.0453550568717976,0.76842796962756,0.609230786712393,0.421967668100885,0.385999409387303,0.179251290715722,0.00971153266008261,0.363917614792045,0.734704940541147,0.456668030537593,0.0450365553419775,0.445577625925072,0.0259598856193399,0.598746066057566,0.343370546795798,0.285888076581164,0.745503440840928,0.654161287873996,0.0653365812412974,0.00113070212928618,0.157072596479574,0.20181466516012,0.0871797018531665,0.532955843936733,0.936266256494278,0.362005006176298,0.912638378650296,0.306403750546056,0.0143277523876058,0.0326576710242359,0.645068485516978,0.0399558495696718,0.974373731083009,0.868063046018551,0.00820454223042707,0.44930029504485,0.279100131768797,0.2779260764783,0.940477490367056,0.316776127236764,0.830753485805135,0.0942651629639207,0.299261847032494,0.294616559092033,0.315749452586836,0.795385216235125,0.219695462831883,0.375857987252911,0.163069613751905,0.0160928041422655,0.824289118378404,0.442671176866807,0.575280797168355,0.830863353711681,0.186092778191023,0.277023166331636,0.577809006330505,0.262082820424571,0.0255517333347207,0,0.000330117461602182,0.576903537853284,0.18319805567109,0.0863821529968968,0.00929396124817357
"VTA",0.11424254860749,0.793833971858841,0.544776697437544,0.302065220278715,0.104036661835167,0.438952784584655,0.685729174081117,0.151022870123363,0.101028963389207,0.361950320031016,0.252782791591698,0.485766169564774,0.762155891272787,0.661258061834656,0.574265245531661,0.48198284354251,0.84898267660656,0.433592300760624,0.138360748682098,0.474607224534176,0.571289868816217,0.743502775504853,0.927208309112759,0.592595492519237,0.621501274836083,0.0616183220108294,0.270347536149011,0.313229042556225,0.961361977942945,0.918514297349593,0.455738653697939,0.242313879108335,0.23870068612676,0.00183506257032013,0.923129971492068,0.346501205557886,0.84062215296945,0.373734279815997,0.569784336294484,0.683548530876867,0.0318943431726631,0.399265127573998,0.487444315020723,0.0588511855849573,0.454167276344371,0.887393015461301,0.135126595255676,0.0554769496739702,0.763485553571164,0.0954716795866585,0.25980247425538,0.810926842623344,0.689795727339337,0.0334548803182506,0.160299520895133,0.798621532679577,0.0956427204376201,0.122964298011025,0.464534810907219,0.467420104825508,0.11943806998266,0.0633644589686486,0.701484466012127,0.615509090908242,0.356648422084531,0.340553133495946,0.187122454584531,0.0068156170744931,0.4880146441696,0.790927416044296,0.423088734288317,0.0294980755888024,0.437675607548563,0.0635695012799274,0.764453326113306,0.418410301741736,0.369100055996996,0.782427688181374,0.561682333918264,0.151166190035908,0.00924146164241343,0.304857053995778,0.334471244815467,0.184567367050042,0.424863685442447,0.704499746293801,0.28883922962417,0.806239311430098,0.439286012775998,0.00810606136822613,0.0360671405299091,0.634004752033978,0.058299259302928,0.943267431317196,0.826029605823096,0.030734789191806,0.495368629082783,0.323338186574321,0.343392417597481,0.939151164526933,0.384453990402571,0.741192569051231,0.163064310595935,0.376708139444728,0.380580890357817,0.394066468066589,0.797360412140299,0.365011320562575,0.296665868676092,0.184228626103587,0.0125617304343167,0.757726194471606,0.400521377132847,0.626584810908482,0.850315785999975,0.241398700398419,0.257334324886026,0.77218997023215,0.113791037800873,0.0439694064390906,0.000330117461602182,0,0.566833164857616,0.197754311331918,0.103618425613734,0.0055009001695569
"PAG",0.932712068111457,0.0963142060315356,0.329954989964074,0.394907027833973,0.316467554417251,0.715761587860472,0.591941414503802,0.691875760725558,0.400259049874455,0.507332906488062,0.38182213080758,0.277212443773161,0.519495734148303,0.879853892234402,0.801903724813531,0.859455784709006,0.369472640768844,0.844075735764457,0.597343933692001,0.435499055787484,0.29306443542531,0.565676141494659,0.421062408691249,0.286630654809081,0.428364623260344,0.737963971745365,0.848347081509856,0.0708024838610302,0.571887482776177,0.138243401980949,0.736739975450983,0.193657763713168,0.660173931366596,0.863730978496359,0.411556746179427,0.493837059875803,0.469443003298696,0.378656723501025,0.232275144783719,0.182686235387135,0.98174587859412,0.0522530429946678,0.492909066920245,0.155542083246968,0.542149508601783,0.501352256393167,0.652460987228201,0.79017611247796,0.487093692606333,0.409820642877753,0.373041590075506,0.304377612462937,0.00342571405239397,0.729694920496475,0.495205556870492,0.0334090780220238,0.394273767395544,0.397736685155846,0.489194115144505,0.163598308940405,0.474187623615914,0.465186168271292,0.111839244256925,0.132462220615461,0.416221606154206,0.203024756397023,0.474655830722163,0.987573635579039,0.231182069953263,0.225270484280765,0.0975709059321571,0.776530691065786,0.113676471530422,0.681640800783127,0.419101497999546,0.102241663996112,0.873952963865806,0.118625839559106,0.270466196232262,0.454114409557333,0.898756963727758,0.436965325110812,0.254728860018982,0.105634394162092,0.342196729422985,0.837896567617494,0.105850558607599,0.0459347051105462,0.395007569985926,0.973034874884404,0.618011305873276,0.50866917518007,0.573709315268663,0.734097912805663,0.00366803115484861,0.690254373105445,0.390363452540562,0.796715844195262,0.404106456894665,0.644667607533738,0.437963310957693,0.439093332103482,0.299133931148922,0.771870866527122,0.977604772365707,0.129421220261723,0.0117419753478545,0.0911891973819421,0.896178881965162,0.596784005581137,0.628534975355048,0.600979627051172,0.204646703232336,0.4388995629258,0.420964384400287,0.289656990065756,0.963106124529373,0.284561070866638,0.22167909279683,0.151449402845664,0.576903537853284,0.566833164857616,0,0.215790944405239,0.795725042008753,0.611907218993623
"SCO",0.344651262054648,0.100843101952062,0.0619788093251534,0.080326182815545,0.0172622506345225,0.486624361492165,0.816433907950434,0.433641211725344,0.533109141128868,0.625120307731896,0.563216887659806,0.768534341041558,0.448470245154082,0.398093300996108,0.654712402963934,0.433563807242159,0.241001143225345,0.330582541673508,0.0224069227919363,0.421992897847122,0.943528348758094,0.408244985873485,0.358470287394139,0.0599439779874904,0.3817723100596,0.611692552434468,0.715185201354112,0.00351757150784456,0.279651078471851,0.274697886274179,0.594864694539345,0.0135136492884952,0.316580876878232,0.0762940816143682,0.388828632777249,0.804775344295625,0.759189482814192,0.0635204456441044,0.0204186813290495,0.0963534084515711,0.407567929058149,0.0341349964672996,0.73083649694097,0.786577623825884,0.670409732735115,0.376085959758638,0.00243043246203205,0.0269271066439571,0.463049710072709,0.404782500938605,0.797976776848568,0.226928915266346,0.0292626511383783,0.285423964948613,0.0190527010648542,0.501842726171744,0.0142857125872663,0.00224758789451608,0.0973133966092689,0.00156303423392038,0.000933901905505182,0.0274988437308989,0.202091030999097,0.574563875577654,0.225944986635597,0.0152339453331879,0.0254151513579548,0.041223671911318,0.84839086080318,0.341478255009496,0.00314981387813328,0.0125022156849508,0.000787777003022078,0.623136822677078,0.534987106042427,0.755316662397118,0.978594304773403,0.171832976122341,0.138935573837158,0.822837701924719,0.0380716555565364,0.0953756132524958,0.898675125187609,0.663234469488003,0.284389952589531,0.862015155445213,0.0137687992590525,0.059116094784996,0.669209208640126,0.0512959562826387,0.0865763249363869,0.745283129945296,0.0035475986328194,0.813774139825904,0.0662503878533786,0.173455299061749,0.131057956259458,0.370718232266452,0.102564886280807,0.935655658720795,0.640986601077994,0.289506204255042,0.0272618434888898,0.486452079532016,0.387987455980022,0.646808284018372,0.222519284537085,0.692922288415312,0.38925869422828,0.331836629490497,0.0334560910368583,0.482991484626694,0.0196823248176284,0.616381937016953,0.90150387843211,0.00944450456213423,0.99648641702054,0.656059049301059,0.908414653694591,0.974421524474101,0.18319805567109,0.197754311331918,0.215790944405239,0,0.105047488630067,0.112708723263779
"PreCN",0.0813139381285995,0.759710307620648,0.654075765992297,0.174537517203938,0.0699233777123745,0.0682416716585439,0.317381840250997,0.0884260934505091,0.0785341973521088,0.0586706829394942,0.143597288774615,0.263497713423525,0.0902291949655467,0.0588109076409025,0.0346509184841499,0.0144059281201682,0.310359896442781,0.156863833764909,0.0333148759469445,0.268786792732888,0.362021774283525,0.63019956860885,0.780672677960724,0.436910423027994,0.453768228379474,0.251829122855866,0.156829224307987,0.141791917058671,0.920689644625729,0.961724795260955,0.242821078805696,0.0191907221182678,0.0756592546926261,0.0609901400235046,0.878752578678831,0.686960874038525,0.313592078080102,0.57323391463945,0.36285611734634,0.458110663576282,0.0142306589718749,0.31928031811399,0.615574740730042,0.473651895969518,0.146914915530283,0.83632066241162,0.020890672528745,0.013154794165379,0.335525192217394,0.843325960539669,0.135847159067766,0.550076541969662,0.324791477262211,0.0316787884997709,0.579713252011323,0.354350108219638,0.252810268359156,0.224349126357491,0.985115304742146,0.39149666866046,0.0470753889406349,0.00281081813158892,0.423756301054446,0.484032789485588,0.376475780375723,0.124077616928439,0.113746101784235,0.103260602517676,0.947950623164803,0.588777686862509,0.21152875737275,0.287937014460607,0.188109363463471,0.154462765203971,0.422942548280019,0.258270428842153,0.320775628111141,0.958218265849044,0.185416068200255,0.276045509280359,0.0382094776856734,0.0584450365093837,0.994190280964186,0.245866498909615,0.0851238445721887,0.40492463871522,0.0725852257487133,0.225369644820034,0.164262074515067,0.0069491814705051,0.00712198012332624,0.0627464553898783,0.0033659742677885,0.32363326689024,0.73158090223105,0.105553559274952,0.0745242497662481,0.464249391298295,0.0020102473158976,0.126471316194035,0.034242976826782,0.89405980154783,0.243046622571976,0.00556113419422746,0.00544043256812722,0.881796761599605,0.502677447524536,0.272378413242451,0.975150875620759,0.0206584497888092,0.147236263171458,0.489801613417088,0.878625207917025,0.0410188731399904,0.27846050008185,0.181975873332738,0.35632368634085,0.30288017111992,0.891799304592593,0.412526848172259,0.0863821529968968,0.103618425613734,0.795725042008753,0.105047488630067,0,0.0189083952480346
"APTN",0.110123770532897,0.700930360125873,0.378956338156428,0.275403332447813,0.0965896617212555,0.220190462158636,0.441361707852165,0.0594402419957613,0.0228313731644887,0.0719129006651728,0.04696883370467,0.198920202410611,0.511110204942952,0.179838356023052,0.165663320127923,0.126186444774851,0.756874930558124,0.268696915305075,0.0743977706735846,0.282598272790909,0.210381508174837,0.903637174524971,0.99148928135127,0.373614428132287,0.554438117336007,0.195635182010531,0.662450098583127,0.260405466759119,0.929513710529461,0.578438441651436,0.194760945831072,0.109072233415081,0.0437124996580129,0.00133183149100448,0.84641377051417,0.515839990327034,0.938971913669679,0.60693999719004,0.561441247073234,0.910600050525454,0.0900790259025871,0.597193162762023,0.668112861130399,0.0475011869910661,0.370337677446792,0.915699210050198,0.0162427312990475,0.027007162420468,0.577287141455116,0.225844706557594,0.109241855696381,0.990099995772763,0.712609565575262,0.00283232774995089,0.235602661565047,0.699940882702377,0.180670701209167,0.142104027219196,0.572768045886353,0.36820249096544,0.0523935479696368,0.0436140115155199,0.83297121536937,0.247744181489405,0.471588156560077,0.217970843311616,0.0891308395407201,0.0159116702377753,0.368808632252643,0.5537028510052,0.349724622227695,0.0435909353884733,0.32010549245815,0.194815770635823,0.852869135174068,0.262427981155273,0.424927674814583,0.776381635373068,0.289642042442469,0.0991523827631027,0.0133184665884225,0.256467437450191,0.498864913499237,0.0692746715513412,0.155545026444195,0.477256411142573,0.119771733393176,0.541288853787758,0.119023507669539,0.00139934853176228,0.0319791496764563,0.498241748808805,0.0128227301911147,0.976725639663276,0.897203756787738,0.0260694976436327,0.243393394392675,0.625395586497881,0.171444884206338,0.510337193870044,0.0595548790707744,0.928520341178774,0.233783103483517,0.0914099388664405,0.126594155323676,0.462796868357895,0.888899495467373,0.30463970632783,0.76816125924821,0.0349667500654791,0.0053181715746697,0.861207146265218,0.558142104077267,0.6184998009539,0.248851549870197,0.126505136290664,0.459583289939444,0.368503634621897,0.0894851439440041,0.109658688979844,0.00929396124817357,0.0055009001695569,0.611907218993623,0.112708723263779,0.0189083952480346,0
