Region ID;Region Name;Region pixels;Region area;Area unit;Object count;Object pixels;Object area;Area unit;Load;;;;;;;;;;;;;;
0;Clear Label;0;0;um2;6998;72355;72355;um2;0;;;;;;;;;;;;;;
997;root;4617698;4617698.188187;um2;1181;13492;13492;um2;0.002922;;;;;;;;;;;;;;
8;Basic cell groups and regions;0;0;um2;0;0;0;um2;0;;;;;;;;;;;;;;
567;Cerebrum;0;0;um2;0;0;0;um2;0;;;;;;;;;;;;;;
688;Cerebral cortex;0;0;um2;0;0;0;um2;0;;;;;;;;;;;;;;
695;Cortical plate;0;0;um2;0;0;0;um2;0;;;;;;;;;;;;;;
315;Isocortex;0;0;um2;0;0;0;um2;0;;;;;;;;;;;;;;
184;Frontal pole, cerebral cortex;0;0;um2;0;0;0;um2;0;;;;;;;;;;;;;;
68;Frontal pole, layer 1;0;0;um2;0;0;0;um2;0;;;;;;;;;;;;;;
667;Frontal pole, layer 2/3;0;0;um2;0;0;0;um2;0;;;;;;;;;;;;;;
526157192;Frontal pole, layer 5;0;0;um2;0;0;0;um2;0;;;;;;;;;;;;;;
526157196;Frontal pole, layer 6a;220242;220242.217834;um2;261;6273;6273;um2;0.028482;;;;;;;;;;;;;;
526322264;Frontal pole, layer 6b;0;0;um2;0;0;0;um2;0;;;;;;;;;;;;;;
500;Somatomotor areas;0;0;um2;0;0;0;um2;0;;;;;;;;;;;;;;
107;Somatomotor areas, Layer 1;0;0;um2;0;0;0;um2;0;;;;;;;;;;;;;;
219;Somatomotor areas, Layer 2/3;0;0;um2;0;0;0;um2;0;;;;;;;;;;;;;;
299;Somatomotor areas, Layer 5;0;0;um2;0;0;0;um2;0;;;;;;;;;;;;;;
644;Somatomotor areas, Layer 6a;0;0;um2;0;0;0;um2;0;;;;;;;;;;;;;;
947;Somatomotor areas, Layer 6b;0;0;um2;0;0;0;um2;0;;;;;;;;;;;;;;
985;Primary motor area;0;0;um2;0;0;0;um2;0;;;;;;;;;;;;;;
320;Primary motor area, Layer 1;4865358;4865358.228729;um2;1975;31742;31742;um2;0.006524;;;;;;;;;;;;;;
943;Primary motor area, Layer 2/3;14785070;14785069.642975;um2;24981;414877;414877;um2;0.028061;;;;;;;;;;;;;;
648;Primary motor area, Layer 5;13460074;13460074.199005;um2;20551;384317;384317;um2;0.028552;;;;;;;;;;;;;;
844;Primary motor area, Layer 6a;12061543;12061542.810852;um2;23205;415592;415592;um2;0.034456;;;;;;;;;;;;;;
882;Primary motor area, Layer 6b;716748;716748.083069;um2;538;8327;8327;um2;0.011618;;;;;;;;;;;;;;
993;Secondary motor area;0;0;um2;0;0;0;um2;0;;;;;;;;;;;;;;
656;Secondary motor area, layer 1;5841542;5841541.529755;um2;2096;37500;37500;um2;0.006420;;;;;;;;;;;;;;
962;Secondary motor area, layer 2/3;10159097;10159097.354584;um2;15537;289448;289448;um2;0.028492;;;;;;;;;;;;;;
767;Secondary motor area, layer 5;14771855;14771855.312042;um2;24413;489730;489730;um2;0.033153;;;;;;;;;;;;;;
1021;Secondary motor area, layer 6a;10049437;10049436.794434;um2;17390;340044;340044;um2;0.033837;;;;;;;;;;;;;;
1085;Secondary motor area, layer 6b;321361;321360.556366;um2;321;5193;5193;um2;0.016159;;;;;;;;;;;;;;
453;Somatosensory areas;0;0;um2;0;0;0;um2;0;;;;;;;;;;;;;;
12993;Somatosensory areas, layer 1;0;0;um2;0;0;0;um2;0;;;;;;;;;;;;;;
12994;Somatosensory areas, layer 2/3;0;0;um2;0;0;0;um2;0;;;;;;;;;;;;;;
12995;Somatosensory areas, layer 4;0;0;um2;0;0;0;um2;0;;;;;;;;;;;;;;
12996;Somatosensory areas, layer 5;0;0;um2;0;0;0;um2;0;;;;;;;;;;;;;;
12997;Somatosensory areas, layer 6a;0;0;um2;0;0;0;um2;0;;;;;;;;;;;;;;
12998;Somatosensory areas, layer 6b;0;0;um2;0;0;0;um2;0;;;;;;;;;;;;;;
322;Primary somatosensory area;0;0;um2;0;0;0;um2;0;;;;;;;;;;;;;;
793;Primary somatosensory area, layer 1;0;0;um2;0;0;0;um2;0;;;;;;;;;;;;;;
346;Primary somatosensory area, layer 2/3;0;0;um2;0;0;0;um2;0;;;;;;;;;;;;;;
865;Primary somatosensory area, layer 4;0;0;um2;0;0;0;um2;0;;;;;;;;;;;;;;
921;Primary somatosensory area, layer 5;0;0;um2;0;0;0;um2;0;;;;;;;;;;;;;;
686;Primary somatosensory area, layer 6a;0;0;um2;0;0;0;um2;0;;;;;;;;;;;;;;
719;Primary somatosensory area, layer 6b;0;0;um2;0;0;0;um2;0;;;;;;;;;;;;;;
353;Primary somatosensory area, nose;0;0;um2;0;0;0;um2;0;;;;;;;;;;;;;;
558;Primary somatosensory area, nose, layer 1;1402369;1402368.927490;um2;1102;14747;14747;um2;0.010516;;;;;;;;;;;;;;
838;Primary somatosensory area, nose, layer 2/3;2145628;2145628.405182;um2;6796;93071;93071;um2;0.043377;;;;;;;;;;;;;;
654;Primary somatosensory area, nose, layer 4;1771029;1771028.608887;um2;10853;110715;110715;um2;0.062515;;;;;;;;;;;;;;
702;Primary somatosensory area, nose, layer 5;1870045;1870045.455109;um2;5290;70767;70767;um2;0.037842;;;;;;;;;;;;;;
889;Primary somatosensory area, nose, layer 6a;2607488;2607488.119324;um2;11556;166083;166083;um2;0.063695;;;;;;;;;;;;;;
929;Primary somatosensory area, nose, layer 6b;164337;164336.871948;um2;324;4596;4596;um2;0.027967;;;;;;;;;;;;;;
329;Primary somatosensory area, barrel field;0;0;um2;0;0;0;um2;0;;;;;;;;;;;;;;
981;Primary somatosensory area, barrel field, layer 1;2010929;2010929.262817;um2;2614;38966;38966;um2;0.019377;;;;;;;;;;;;;;
201;Primary somatosensory area, barrel field, layer 2/3;3651770;3651769.570892;um2;12662;159026;159026;um2;0.043548;;;;;;;;;;;;;;
1047;Primary somatosensory area, barrel field, layer 4;3098544;3098544.499603;um2;16142;154497;154497;um2;0.049861;;;;;;;;;;;;;;
1070;Primary somatosensory area, barrel field, layer 5;2902508;2902508.027283;um2;7547;109533;109533;um2;0.037737;;;;;;;;;;;;;;
1038;Primary somatosensory area, barrel field, layer 6a;3112555;3112554.735336;um2;13103;188028;188028;um2;0.060410;;;;;;;;;;;;;;
1062;Primary somatosensory area, barrel field, layer 6b;348178;348178.419525;um2;677;10159;10159;um2;0.029178;;;;;;;;;;;;;;
480149202;Rostrolateral lateral visual area;0;0;um2;0;0;0;um2;0;;;;;;;;;;;;;;
480149206;Rostrolateral lateral visual area, layer 1;0;0;um2;0;0;0;um2;0;;;;;;;;;;;;;;
480149210;Rostrolateral lateral visual area, layer 2/3;0;0;um2;0;0;0;um2;0;;;;;;;;;;;;;;
480149214;Rostrolateral lateral visual area, layer 4;0;0;um2;0;0;0;um2;0;;;;;;;;;;;;;;
480149218;Rostrolateral lateral visual area,layer 5;0;0;um2;0;0;0;um2;0;;;;;;;;;;;;;;
480149222;Rostrolateral lateral visual area, layer 6a;0;0;um2;0;0;0;um2;0;;;;;;;;;;;;;;
480149226;Rostrolateral lateral visual area, layer 6b;0;0;um2;0;0;0;um2;0;;;;;;;;;;;;;;
337;Primary somatosensory area, lower limb;0;0;um2;0;0;0;um2;0;;;;;;;;;;;;;;
1030;Primary somatosensory area, lower limb, layer 1;863427;863427.093018;um2;861;13580;13580;um2;0.015728;;;;;;;;;;;;;;
113;Primary somatosensory area, lower limb, layer 2/3;1973782;1973782.027313;um2;6656;91849;91849;um2;0.046535;;;;;;;;;;;;;;
1094;Primary somatosensory area, lower limb, layer 4;807339;807339.011932;um2;4518;54709;54709;um2;0.067765;;;;;;;;;;;;;;
1128;Primary somatosensory area, lower limb, layer 5;1615943;1615943.125824;um2;4144;64080;64080;um2;0.039655;;;;;;;;;;;;;;
478;Primary somatosensory area, lower limb, layer 6a;1418340;1418340.460754;um2;4298;67006;67006;um2;0.047243;;;;;;;;;;;;;;
510;Primary somatosensory area, lower limb, layer 6b;119425;119425.056061;um2;102;1721;1721;um2;0.014411;;;;;;;;;;;;;;
345;Primary somatosensory area, mouth;0;0;um2;0;0;0;um2;0;;;;;;;;;;;;;;
878;Primary somatosensory area, mouth, layer 1;3477914;3477914.174164;um2;1939;29137;29137;um2;0.008378;;;;;;;;;;;;;;
657;Primary somatosensory area, mouth, layer 2/3;6574695;6574694.751465;um2;12546;179880;179880;um2;0.027359;;;;;;;;;;;;;;
950;Primary somatosensory area, mouth, layer 4;4051253;4051252.920135;um2;12441;149810;149810;um2;0.036979;;;;;;;;;;;;;;
974;Primary somatosensory area, mouth, layer 5;5045950;5045949.858398;um2;7344;118903;118903;um2;0.023564;;;;;;;;;;;;;;
1102;Primary somatosensory area, mouth, layer 6a;6511837;6511837.403778;um2;18937;290303;290303;um2;0.044581;;;;;;;;;;;;;;
2;Primary somatosensory area, mouth, layer 6b;471353;471352.848694;um2;279;3898;3898;um2;0.008270;;;;;;;;;;;;;;
369;Primary somatosensory area, upper limb;0;0;um2;0;0;0;um2;0;;;;;;;;;;;;;;
450;Primary somatosensory area, upper limb, layer 1;1747617;1747616.926941;um2;1768;27534;27534;um2;0.015755;;;;;;;;;;;;;;
854;Primary somatosensory area, upper limb, layer 2/3;3699335;3699335.111420;um2;12867;189212;189212;um2;0.051148;;;;;;;;;;;;;;
577;Primary somatosensory area, upper limb, layer 4;1949507;1949506.768768;um2;10934;133643;133643;um2;0.068552;;;;;;;;;;;;;;
625;Primary somatosensory area, upper limb, layer 5;2877429;2877429.401550;um2;7740;128003;128003;um2;0.044485;;;;;;;;;;;;;;
945;Primary somatosensory area, upper limb, layer 6a;3096665;3096665.327850;um2;11606;184494;184494;um2;0.059578;;;;;;;;;;;;;;
1026;Primary somatosensory area, upper limb, layer 6b;177425;177424.719025;um2;197;3006;3006;um2;0.016942;;;;;;;;;;;;;;
361;Primary somatosensory area, trunk;0;0;um2;0;0;0;um2;0;;;;;;;;;;;;;;
1006;Primary somatosensory area, trunk, layer 1;492075;492074.875854;um2;309;4714;4714;um2;0.009580;;;;;;;;;;;;;;
670;Primary somatosensory area, trunk, layer 2/3;1100915;1100914.906067;um2;2302;32835;32835;um2;0.029825;;;;;;;;;;;;;;
1086;Primary somatosensory area, trunk, layer 4;359909;359908.774292;um2;1484;19783;19783;um2;0.054967;;;;;;;;;;;;;;
1111;Primary somatosensory area, trunk, layer 5;860203;860202.875916;um2;1971;30793;30793;um2;0.035797;;;;;;;;;;;;;;
9;Primary somatosensory area, trunk, layer 6a;546162;546161.907227;um2;1447;21467;21467;um2;0.039305;;;;;;;;;;;;;;
461;Primary somatosensory area, trunk, layer 6b;77355;77354.832062;um2;100;1507;1507;um2;0.019482;;;;;;;;;;;;;;
182305689;Primary somatosensory area, unassigned;0;0;um2;0;0;0;um2;0;;;;;;;;;;;;;;
182305693;Primary somatosensory area, unassigned, layer 1;544340;544340.372375;um2;749;12077;12077;um2;0.022186;;;;;;;;;;;;;;
182305697;Primary somatosensory area, unassigned, layer 2/3;1034601;1034601.392334;um2;4131;57857;57857;um2;0.055922;;;;;;;;;;;;;;
182305701;Primary somatosensory area, unassigned, layer 4;549024;549023.864014;um2;3320;37494;37494;um2;0.068292;;;;;;;;;;;;;;
182305705;Primary somatosensory area, unassigned, layer 5;760513;760513.043304;um2;2195;33526;33526;um2;0.044083;;;;;;;;;;;;;;
182305709;Primary somatosensory area, unassigned, layer 6a;871504;871504.303070;um2;3548;54359;54359;um2;0.062374;;;;;;;;;;;;;;
182305713;Primary somatosensory area, unassigned, layer 6b;71932;71931.614929;um2;104;1469;1469;um2;0.020422;;;;;;;;;;;;;;
378;Supplemental somatosensory area;0;0;um2;0;0;0;um2;0;;;;;;;;;;;;;;
873;Supplemental somatosensory area, layer 1;3610841;3610840.915588;um2;2690;35813;35813;um2;0.009918;;;;;;;;;;;;;;
806;Supplemental somatosensory area, layer 2/3;6699975;6699974.739166;um2;15269;202952;202952;um2;0.030291;;;;;;;;;;;;;;
1035;Supplemental somatosensory area, layer 4;3654237;3654237.252136;um2;13337;144409;144409;um2;0.039518;;;;;;;;;;;;;;
1090;Supplemental somatosensory area, layer 5;6774794;6774794.267319;um2;14797;219342;219342;um2;0.032376;;;;;;;;;;;;;;
862;Supplemental somatosensory area, layer 6a;6506677;6506676.711395;um2;21656;327299;327299;um2;0.050302;;;;;;;;;;;;;;
893;Supplemental somatosensory area, layer 6b;604919;604919.139908;um2;937;14612;14612;um2;0.024155;;;;;;;;;;;;;;
1057;Gustatory areas;0;0;um2;0;0;0;um2;0;;;;;;;;;;;;;;
36;Gustatory areas, layer 1;787347;787346.640442;um2;207;2385;2385;um2;0.003029;;;;;;;;;;;;;;
180;Gustatory areas, layer 2/3;1756664;1756664.457062;um2;2313;37949;37949;um2;0.021603;;;;;;;;;;;;;;
148;Gustatory areas, layer 4;675977;675976.510193;um2;1546;21237;21237;um2;0.031417;;;;;;;;;;;;;;
187;Gustatory areas, layer 5;2564698;2564698.273346;um2;4007;73288;73288;um2;0.028576;;;;;;;;;;;;;;
638;Gustatory areas, layer 6a;1913953;1913953.220428;um2;4251;75028;75028;um2;0.039201;;;;;;;;;;;;;;
662;Gustatory areas, layer 6b;156580;156580.207581;um2;90;1466;1466;um2;0.009363;;;;;;;;;;;;;;
677;Visceral area;0;0;um2;0;0;0;um2;0;;;;;;;;;;;;;;
897;Visceral area, layer 1;750982;750982.013153;um2;354;4330;4330;um2;0.005766;;;;;;;;;;;;;;
1106;Visceral area, layer 2/3;1517211;1517211.169128;um2;2089;26873;26873;um2;0.017712;;;;;;;;;;;;;;
1010;Visceral area, layer 4;552027;552026.819977;um2;1236;13599;13599;um2;0.024635;;;;;;;;;;;;;;
1058;Visceral area, layer 5;2040626;2040626.281982;um2;3656;56579;56579;um2;0.027726;;;;;;;;;;;;;;
857;Visceral area, layer 6a;1511432;1511431.694183;um2;3993;68569;68569;um2;0.045367;;;;;;;;;;;;;;
849;Visceral area, layer 6b;141464;141464.377106;um2;199;3434;3434;um2;0.024275;;;;;;;;;;;;;;
247;Auditory areas;0;0;um2;0;0;0;um2;0;;;;;;;;;;;;;;
1011;Dorsal auditory area;0;0;um2;0;0;0;um2;0;;;;;;;;;;;;;;
527;Dorsal auditory area, layer 1;430586;430586.228760;um2;502;7482;7482;um2;0.017376;;;;;;;;;;;;;;
600;Dorsal auditory area, layer 2/3;722040;722040.043793;um2;2130;30713;30713;um2;0.042536;;;;;;;;;;;;;;
678;Dorsal auditory area, layer 4;296619;296619.192673;um2;1461;17487;17487;um2;0.058954;;;;;;;;;;;;;;
252;Dorsal auditory area, layer 5;706159;706158.823990;um2;2203;35178;35178;um2;0.049816;;;;;;;;;;;;;;
156;Dorsal auditory area, layer 6a;378194;378193.997009;um2;1462;23214;23214;um2;0.061381;;;;;;;;;;;;;;
243;Dorsal auditory area, layer 6b;59464;59463.619919;um2;114;1881;1881;um2;0.031633;;;;;;;;;;;;;;
480149230;Laterolateral anterior visual area;0;0;um2;0;0;0;um2;0;;;;;;;;;;;;;;
480149234;Laterolateral anterior visual area, layer 1;0;0;um2;0;0;0;um2;0;;;;;;;;;;;;;;
480149238;Laterolateral anterior visual area, layer 2/3;0;0;um2;0;0;0;um2;0;;;;;;;;;;;;;;
480149242;Laterolateral anterior visual area, layer 4;0;0;um2;0;0;0;um2;0;;;;;;;;;;;;;;
480149246;Laterolateral anterior visual area,layer 5;0;0;um2;0;0;0;um2;0;;;;;;;;;;;;;;
480149250;Laterolateral anterior visual area, layer 6a;0;0;um2;0;0;0;um2;0;;;;;;;;;;;;;;
480149254;Laterolateral anterior visual area, layer 6b;0;0;um2;0;0;0;um2;0;;;;;;;;;;;;;;
1002;Primary auditory area;0;0;um2;0;0;0;um2;0;;;;;;;;;;;;;;
735;Primary auditory area, layer 1;459972;459971.864151;um2;587;8297;8297;um2;0.018038;;;;;;;;;;;;;;
251;Primary auditory area, layer 2/3;631188;631187.571503;um2;1688;23092;23092;um2;0.036585;;;;;;;;;;;;;;
816;Primary auditory area, layer 4;299455;299454.623932;um2;1097;13286;13286;um2;0.044367;;;;;;;;;;;;;;
847;Primary auditory area, layer 5;974188;974188.245834;um2;2487;38083;38083;um2;0.039092;;;;;;;;;;;;;;
954;Primary auditory area, layer 6a;373345;373345.155853;um2;1313;20630;20630;um2;0.055257;;;;;;;;;;;;;;
1005;Primary auditory area, layer 6b;54655;54654.939987;um2;87;1324;1324;um2;0.024225;;;;;;;;;;;;;;
1027;Posterior auditory area;0;0;um2;0;0;0;um2;0;;;;;;;;;;;;;;
696;Posterior auditory area, layer 1;0;0;um2;0;0;0;um2;0;;;;;;;;;;;;;;
643;Posterior auditory area, layer 2/3;0;0;um2;0;0;0;um2;0;;;;;;;;;;;;;;
759;Posterior auditory area, layer 4;0;0;um2;0;0;0;um2;0;;;;;;;;;;;;;;
791;Posterior auditory area, layer 5;0;0;um2;0;0;0;um2;0;;;;;;;;;;;;;;
249;Posterior auditory area, layer 6a;0;0;um2;0;0;0;um2;0;;;;;;;;;;;;;;
456;Posterior auditory area, layer 6b;0;0;um2;0;0;0;um2;0;;;;;;;;;;;;;;
1018;Ventral auditory area;0;0;um2;0;0;0;um2;0;;;;;;;;;;;;;;
959;Ventral auditory area, layer 1;392192;392192.424332;um2;213;2961;2961;um2;0.007550;;;;;;;;;;;;;;
755;Ventral auditory area, layer 2/3;587825;587824.635056;um2;970;13881;13881;um2;0.023614;;;;;;;;;;;;;;
990;Ventral auditory area, layer 4;347519;347518.911362;um2;887;10780;10780;um2;0.031020;;;;;;;;;;;;;;
1023;Ventral auditory area, layer 5;908226;908226.138855;um2;1974;31607;31607;um2;0.034801;;;;;;;;;;;;;;
520;Ventral auditory area, layer 6a;486628;486627.858322;um2;1661;26930;26930;um2;0.055340;;;;;;;;;;;;;;
598;Ventral auditory area, layer 6b;62396;62396.485779;um2;106;1882;1882;um2;0.030162;;;;;;;;;;;;;;
669;Visual areas;0;0;um2;0;0;0;um2;0;;;;;;;;;;;;;;
801;Visual areas, layer 1;0;0;um2;0;0;0;um2;0;;;;;;;;;;;;;;
561;Visual areas, layer 2/3;0;0;um2;0;0;0;um2;0;;;;;;;;;;;;;;
913;Visual areas, layer 4;0;0;um2;0;0;0;um2;0;;;;;;;;;;;;;;
937;Visual areas, layer 5;0;0;um2;0;0;0;um2;0;;;;;;;;;;;;;;
457;Visual areas, layer 6a;0;0;um2;0;0;0;um2;0;;;;;;;;;;;;;;
497;Visual areas, layer 6b;0;0;um2;0;0;0;um2;0;;;;;;;;;;;;;;
402;Anterolateral visual area;0;0;um2;0;0;0;um2;0;;;;;;;;;;;;;;
1074;Anterolateral visual area, layer 1;10840;10839.705276;um2;17;241;241;um2;0.022233;;;;;;;;;;;;;;
905;Anterolateral visual area, layer 2/3;27701;27701.469040;um2;94;1476;1476;um2;0.053282;;;;;;;;;;;;;;
1114;Anterolateral visual area, layer 4;17825;17825.293121;um2;86;1380;1380;um2;0.077418;;;;;;;;;;;;;;
233;Anterolateral visual area, layer 5;14212;14212.058029;um2;38;627;627;um2;0.044117;;;;;;;;;;;;;;
601;Anterolateral visual area, layer 6a;964;963.529358;um2;3;52;52;um2;0.053968;;;;;;;;;;;;;;
649;Anterolateral visual area, layer 6b;0;0;um2;0;0;0;um2;0;;;;;;;;;;;;;;
394;Anteromedial visual area;0;0;um2;0;0;0;um2;0;;;;;;;;;;;;;;
281;Anteromedial visual area, layer 1;265552;265551.910126;um2;125;1446;1446;um2;0.005445;;;;;;;;;;;;;;
1066;Anteromedial visual area, layer 2/3;473584;473584.465668;um2;1155;17623;17623;um2;0.037212;;;;;;;;;;;;;;
401;Anteromedial visual area, layer 4;137806;137806.274292;um2;592;8332;8332;um2;0.060462;;;;;;;;;;;;;;
433;Anteromedial visual area, layer 5;515705;515705.171249;um2;1968;30828;30828;um2;0.059778;;;;;;;;;;;;;;
1046;Anteromedial visual area, layer 6a;308418;308417.518036;um2;1197;18156;18156;um2;0.058868;;;;;;;;;;;;;;
441;Anteromedial visual area, layer 6b;52585;52585.368698;um2;60;815;815;um2;0.015499;;;;;;;;;;;;;;
409;Lateral visual area;0;0;um2;0;0;0;um2;0;;;;;;;;;;;;;;
421;Lateral visual area, layer 1;0;0;um2;0;0;0;um2;0;;;;;;;;;;;;;;
973;Lateral visual area, layer 2/3;0;0;um2;0;0;0;um2;0;;;;;;;;;;;;;;
573;Lateral visual area, layer 4;0;0;um2;0;0;0;um2;0;;;;;;;;;;;;;;
613;Lateral visual area, layer 5;0;0;um2;0;0;0;um2;0;;;;;;;;;;;;;;
74;Lateral visual area, layer 6a;0;0;um2;0;0;0;um2;0;;;;;;;;;;;;;;
121;Lateral visual area, layer 6b;0;0;um2;0;0;0;um2;0;;;;;;;;;;;;;;
385;Primary visual area;0;0;um2;0;0;0;um2;0;;;;;;;;;;;;;;
593;Primary visual area, layer 1;45768;45767.644501;um2;59;725;725;um2;0.015841;;;;;;;;;;;;;;
821;Primary visual area, layer 2/3;84791;84790.583496;um2;285;3193;3193;um2;0.037657;;;;;;;;;;;;;;
721;Primary visual area, layer 4;43359;43358.821106;um2;198;2038;2038;um2;0.047003;;;;;;;;;;;;;;
778;Primary visual area, layer 5;79491;79491.172028;um2;237;3408;3408;um2;0.042873;;;;;;;;;;;;;;
33;Primary visual area, layer 6a;49863;49862.644272;um2;284;4314;4314;um2;0.086518;;;;;;;;;;;;;;
305;Primary visual area, layer 6b;7708;7708.234863;um2;39;527;527;um2;0.068368;;;;;;;;;;;;;;
425;Posterolateral visual area;0;0;um2;0;0;0;um2;0;;;;;;;;;;;;;;
750;Posterolateral visual area, layer 1;0;0;um2;0;0;0;um2;0;;;;;;;;;;;;;;
269;Posterolateral visual area, layer 2/3;0;0;um2;0;0;0;um2;0;;;;;;;;;;;;;;
869;Posterolateral visual area, layer 4;0;0;um2;0;0;0;um2;0;;;;;;;;;;;;;;
902;Posterolateral visual area, layer 5;0;0;um2;0;0;0;um2;0;;;;;;;;;;;;;;
377;Posterolateral visual area, layer 6a;0;0;um2;0;0;0;um2;0;;;;;;;;;;;;;;
393;Posterolateral visual area, layer 6b;0;0;um2;0;0;0;um2;0;;;;;;;;;;;;;;
533;posteromedial visual area;0;0;um2;0;0;0;um2;0;;;;;;;;;;;;;;
805;posteromedial visual area, layer 1;8913;8912.646561;um2;3;48;48;um2;0.005386;;;;;;;;;;;;;;
41;posteromedial visual area, layer 2/3;16380;16379.999084;um2;52;590;590;um2;0.036020;;;;;;;;;;;;;;
501;posteromedial visual area, layer 4;7467;7467.352524;um2;48;425;425;um2;0.056914;;;;;;;;;;;;;;
565;posteromedial visual area, layer 5;24329;24329.116287;um2;24;372;372;um2;0.015290;;;;;;;;;;;;;;
257;posteromedial visual area, layer 6a;15176;15175.587387;um2;85;1289;1289;um2;0.084939;;;;;;;;;;;;;;
469;posteromedial visual area, layer 6b;3372;3372.352753;um2;16;220;220;um2;0.065236;;;;;;;;;;;;;;
312782574;Laterointermediate area;0;0;um2;0;0;0;um2;0;;;;;;;;;;;;;;
312782578;Laterointermediate area, layer 1;0;0;um2;0;0;0;um2;0;;;;;;;;;;;;;;
312782582;Laterointermediate area, layer 2/3;0;0;um2;0;0;0;um2;0;;;;;;;;;;;;;;
312782586;Laterointermediate area, layer 4;0;0;um2;0;0;0;um2;0;;;;;;;;;;;;;;
312782590;Laterointermediate area, layer 5;0;0;um2;0;0;0;um2;0;;;;;;;;;;;;;;
312782594;Laterointermediate area, layer 6a;0;0;um2;0;0;0;um2;0;;;;;;;;;;;;;;
312782598;Laterointermediate area, layer 6b;0;0;um2;0;0;0;um2;0;;;;;;;;;;;;;;
312782628;Postrhinal area;0;0;um2;0;0;0;um2;0;;;;;;;;;;;;;;
312782632;Postrhinal area, layer 1;0;0;um2;0;0;0;um2;0;;;;;;;;;;;;;;
312782636;Postrhinal area, layer 2/3;0;0;um2;0;0;0;um2;0;;;;;;;;;;;;;;
312782640;Postrhinal area, layer 4;0;0;um2;0;0;0;um2;0;;;;;;;;;;;;;;
312782644;Postrhinal area, layer 5;0;0;um2;0;0;0;um2;0;;;;;;;;;;;;;;
312782648;Postrhinal area, layer 6a;0;0;um2;0;0;0;um2;0;;;;;;;;;;;;;;
312782652;Postrhinal area, layer 6b;0;0;um2;0;0;0;um2;0;;;;;;;;;;;;;;
31;Anterior cingulate area;0;0;um2;0;0;0;um2;0;;;;;;;;;;;;;;
572;Anterior cingulate area, layer 1;0;0;um2;0;0;0;um2;0;;;;;;;;;;;;;;
1053;Anterior cingulate area, layer 2/3;0;0;um2;0;0;0;um2;0;;;;;;;;;;;;;;
739;Anterior cingulate area, layer 5;0;0;um2;0;0;0;um2;0;;;;;;;;;;;;;;
179;Anterior cingulate area, layer 6a;0;0;um2;0;0;0;um2;0;;;;;;;;;;;;;;
227;Anterior cingulate area, layer 6b;0;0;um2;0;0;0;um2;0;;;;;;;;;;;;;;
39;Anterior cingulate area, dorsal part;0;0;um2;0;0;0;um2;0;;;;;;;;;;;;;;
935;Anterior cingulate area, dorsal part, layer 1;2465198;2465198.464966;um2;1404;23226;23226;um2;0.009422;;;;;;;;;;;;;;
211;Anterior cingulate area, dorsal part, layer 2/3;2549444;2549444.310547;um2;5476;99879;99879;um2;0.039177;;;;;;;;;;;;;;
1015;Anterior cingulate area, dorsal part, layer 5;5186301;5186301.497253;um2;11403;230978;230978;um2;0.044536;;;;;;;;;;;;;;
919;Anterior cingulate area, dorsal part, layer 6a;3099602;3099601.809570;um2;8024;149414;149414;um2;0.048204;;;;;;;;;;;;;;
927;Anterior cingulate area, dorsal part, layer 6b;98263;98262.808350;um2;139;2038;2038;um2;0.020740;;;;;;;;;;;;;;
48;Anterior cingulate area, ventral part;0;0;um2;0;0;0;um2;0;;;;;;;;;;;;;;
588;Anterior cingulate area, ventral part, layer 1;2178524;2178523.538330;um2;1895;37159;37159;um2;0.017057;;;;;;;;;;;;;;
296;Anterior cingulate area, ventral part, layer 2/3;2278254;2278254.461700;um2;6537;119008;119008;um2;0.052236;;;;;;;;;;;;;;
772;Anterior cingulate area, ventral part, layer 5;4274403;4274402.625183;um2;11069;217749;217749;um2;0.050943;;;;;;;;;;;;;;
810;Anterior cingulate area, ventral part, 6a;1484131;1484130.896210;um2;3892;69081;69081;um2;0.046546;;;;;;;;;;;;;;
819;Anterior cingulate area, ventral part, 6b;225533;225533.344330;um2;218;3341;3341;um2;0.014814;;;;;;;;;;;;;;
972;Prelimbic area;0;0;um2;0;0;0;um2;0;;;;;;;;;;;;;;
171;Prelimbic area, layer 1;878938;878938.287048;um2;989;22202;22202;um2;0.025260;;;;;;;;;;;;;;
195;Prelimbic area, layer 2;0;0;um2;0;0;0;um2;0;;;;;;;;;;;;;;
304;Prelimbic area, layer 2/3;774988;774987.741760;um2;1538;36128;36128;um2;0.046618;;;;;;;;;;;;;;
363;Prelimbic area, layer 5;2399633;2399633.117584;um2;5141;127759;127759;um2;0.053241;;;;;;;;;;;;;;
84;Prelimbic area, layer 6a;1782697;1782697.231628;um2;3490;86307;86307;um2;0.048414;;;;;;;;;;;;;;
132;Prelimbic area, layer 6b;114507;114506.913696;um2;122;2541;2541;um2;0.022191;;;;;;;;;;;;;;
44;Infralimbic area;0;0;um2;0;0;0;um2;0;;;;;;;;;;;;;;
707;Infralimbic area, layer 1;620425;620424.615875;um2;565;14034;14034;um2;0.022620;;;;;;;;;;;;;;
747;Infralimbic area, layer 2;0;0;um2;0;0;0;um2;0;;;;;;;;;;;;;;
556;Infralimbic area, layer 2/3;581239;581238.830566;um2;915;24032;24032;um2;0.041346;;;;;;;;;;;;;;
827;Infralimbic area, layer 5;1288083;1288083.297668;um2;2790;73278;73278;um2;0.056889;;;;;;;;;;;;;;
1054;Infralimbic area, layer 6a;764155;764154.762299;um2;1573;39158;39158;um2;0.051244;;;;;;;;;;;;;;
1081;Infralimbic area, layer 6b;41624;41623.851410;um2;22;443;443;um2;0.010643;;;;;;;;;;;;;;
714;Orbital area;0;0;um2;0;0;0;um2;0;;;;;;;;;;;;;;
264;Orbital area, layer 1;0;0;um2;0;0;0;um2;0;;;;;;;;;;;;;;
492;Orbital area, layer 2/3;0;0;um2;0;0;0;um2;0;;;;;;;;;;;;;;
352;Orbital area, layer 5;0;0;um2;0;0;0;um2;0;;;;;;;;;;;;;;
476;Orbital area, layer 6a;0;0;um2;0;0;0;um2;0;;;;;;;;;;;;;;
516;Orbital area, layer 6b;0;0;um2;0;0;0;um2;0;;;;;;;;;;;;;;
723;Orbital area, lateral part;0;0;um2;0;0;0;um2;0;;;;;;;;;;;;;;
448;Orbital area, lateral part, layer 1;64001;64000.763062;um2;7;54;54;um2;0.000844;;;;;;;;;;;;;;
412;Orbital area, lateral part, layer 2/3;946354;946353.581726;um2;709;15854;15854;um2;0.016753;;;;;;;;;;;;;;
630;Orbital area, lateral part, layer 5;2664110;2664109.510437;um2;5137;108089;108089;um2;0.040572;;;;;;;;;;;;;;
440;Orbital area, lateral part, layer 6a;1637078;1637077.708435;um2;2592;57424;57424;um2;0.035077;;;;;;;;;;;;;;
488;Orbital area, lateral part, layer 6b;134498;134497.516388;um2;102;2245;2245;um2;0.016692;;;;;;;;;;;;;;
731;Orbital area, medial part;0;0;um2;0;0;0;um2;0;;;;;;;;;;;;;;
484;Orbital area, medial part, layer 1;157947;157946.837280;um2;74;1169;1169;um2;0.007401;;;;;;;;;;;;;;
524;Orbital area, medial part, layer 2;0;0;um2;0;0;0;um2;0;;;;;;;;;;;;;;
582;Orbital area, medial part, layer 2/3;264007;264006.509766;um2;218;5526;5526;um2;0.020931;;;;;;;;;;;;;;
620;Orbital area, medial part, layer 5;717085;717084.517273;um2;1253;29378;29378;um2;0.040969;;;;;;;;;;;;;;
910;Orbital area, medial part, layer 6a;653059;653059.111084;um2;1167;28758;28758;um2;0.044036;;;;;;;;;;;;;;
527696977;Orbital area, medial part, layer 6b;11132;11132.400879;um2;6;122;122;um2;0.010959;;;;;;;;;;;;;;
738;Orbital area, ventral part;0;0;um2;0;0;0;um2;0;;;;;;;;;;;;;;
746;Orbital area, ventrolateral part;0;0;um2;0;0;0;um2;0;;;;;;;;;;;;;;
969;Orbital area, ventrolateral part, layer 1;0;0;um2;0;0;0;um2;0;;;;;;;;;;;;;;
288;Orbital area, ventrolateral part, layer 2/3;341668;341667.981201;um2;298;7908;7908;um2;0.023145;;;;;;;;;;;;;;
1125;Orbital area, ventrolateral part, layer 5;761982;761981.832886;um2;1567;36391;36391;um2;0.047758;;;;;;;;;;;;;;
608;Orbital area, ventrolateral part, layer 6a;748918;748917.925720;um2;1432;33698;33698;um2;0.044996;;;;;;;;;;;;;;
680;Orbital area, ventrolateral part, layer 6b;51654;51654.368103;um2;46;1184;1184;um2;0.022922;;;;;;;;;;;;;;
95;Agranular insular area;0;0;um2;0;0;0;um2;0;;;;;;;;;;;;;;
104;Agranular insular area, dorsal part;0;0;um2;0;0;0;um2;0;;;;;;;;;;;;;;
996;Agranular insular area, dorsal part, layer 1;850382;850382.420044;um2;121;1869;1869;um2;0.002198;;;;;;;;;;;;;;
328;Agranular insular area, dorsal part, layer 2/3;2371601;2371601.456848;um2;2058;43947;43947;um2;0.018531;;;;;;;;;;;;;;
1101;Agranular insular area, dorsal part, layer 5;5085446;5085445.588959;um2;6036;142482;142482;um2;0.028018;;;;;;;;;;;;;;
783;Agranular insular area, dorsal part, layer 6a;3311952;3311952.261444;um2;5020;107650;107650;um2;0.032503;;;;;;;;;;;;;;
831;Agranular insular area, dorsal part, layer 6b;255039;255038.834137;um2;168;3421;3421;um2;0.013414;;;;;;;;;;;;;;
111;Agranular insular area, posterior part;0;0;um2;0;0;0;um2;0;;;;;;;;;;;;;;
120;Agranular insular area, posterior part, layer 1;1386445;1386445.247437;um2;588;8548;8548;um2;0.006165;;;;;;;;;;;;;;
163;Agranular insular area, posterior part, layer 2/3;2865689;2865689.410980;um2;3537;63200;63200;um2;0.022054;;;;;;;;;;;;;;
344;Agranular insular area, posterior part, layer 5;2843138;2843138.080688;um2;4513;89800;89800;um2;0.031585;;;;;;;;;;;;;;
314;Agranular insular area, posterior part, layer 6a;1530405;1530405.301056;um2;3364;65242;65242;um2;0.042631;;;;;;;;;;;;;;
355;Agranular insular area, posterior part, layer 6b;51513;51513.005859;um2;68;1000;1000;um2;0.019413;;;;;;;;;;;;;;
119;Agranular insular area, ventral part;0;0;um2;0;0;0;um2;0;;;;;;;;;;;;;;
704;Agranular insular area, ventral part, layer 1;769244;769244.488678;um2;132;1478;1478;um2;0.001921;;;;;;;;;;;;;;
694;Agranular insular area, ventral part, layer 2/3;2365470;2365470.318542;um2;2603;57468;57468;um2;0.024295;;;;;;;;;;;;;;
800;Agranular insular area, ventral part, layer 5;3068010;3068009.527832;um2;4967;109818;109818;um2;0.035795;;;;;;;;;;;;;;
675;Agranular insular area, ventral part, layer 6a;879044;879043.508820;um2;1925;43952;43952;um2;0.050000;;;;;;;;;;;;;;
699;Agranular insular area, ventral part, layer 6b;18238;18237.945892;um2;16;384;384;um2;0.021055;;;;;;;;;;;;;;
254;Retrosplenial area;0;0;um2;0;0;0;um2;0;;;;;;;;;;;;;;
894;Retrosplenial area, lateral agranular part;0;0;um2;0;0;0;um2;0;;;;;;;;;;;;;;
671;Retrosplenial area, lateral agranular part, layer 1;448693;448693.331985;um2;164;1767;1767;um2;0.003938;;;;;;;;;;;;;;
965;Retrosplenial area, lateral agranular part, layer 2/3;816291;816291.036957;um2;1824;25589;25589;um2;0.031348;;;;;;;;;;;;;;
774;Retrosplenial area, lateral agranular part, layer 5;966632;966631.766556;um2;2287;35906;35906;um2;0.037145;;;;;;;;;;;;;;
906;Retrosplenial area, lateral agranular part, layer 6a;600398;600398.494385;um2;1659;25039;25039;um2;0.041704;;;;;;;;;;;;;;
279;Retrosplenial area, lateral agranular part, layer 6b;55396;55396.270248;um2;80;1202;1202;um2;0.021698;;;;;;;;;;;;;;
480149258;Mediomedial anterior visual area;0;0;um2;0;0;0;um2;0;;;;;;;;;;;;;;
480149262;Mediomedial anterior visual area, layer 1;0;0;um2;0;0;0;um2;0;;;;;;;;;;;;;;
480149266;Mediomedial anterior visual area, layer 2/3;0;0;um2;0;0;0;um2;0;;;;;;;;;;;;;;
480149270;Mediomedial anterior visual area, layer 4;0;0;um2;0;0;0;um2;0;;;;;;;;;;;;;;
480149274;Mediomedial anterior visual area,layer 5;0;0;um2;0;0;0;um2;0;;;;;;;;;;;;;;
480149278;Mediomedial anterior visual area, layer 6a;0;0;um2;0;0;0;um2;0;;;;;;;;;;;;;;
480149282;Mediomedial anterior visual area, layer 6b;0;0;um2;0;0;0;um2;0;;;;;;;;;;;;;;
480149286;Mediomedial posterior visual area;0;0;um2;0;0;0;um2;0;;;;;;;;;;;;;;
480149290;Mediomedial posterior visual area, layer 1;0;0;um2;0;0;0;um2;0;;;;;;;;;;;;;;
480149294;Mediomedial posterior visual area, layer 2/3;0;0;um2;0;0;0;um2;0;;;;;;;;;;;;;;
480149298;Mediomedial posterior visual area, layer 4;0;0;um2;0;0;0;um2;0;;;;;;;;;;;;;;
480149302;Mediomedial posterior visual area,layer 5;0;0;um2;0;0;0;um2;0;;;;;;;;;;;;;;
480149306;Mediomedial posterior visual area, layer 6a;0;0;um2;0;0;0;um2;0;;;;;;;;;;;;;;
480149310;Mediomedial posterior visual area, layer 6b;0;0;um2;0;0;0;um2;0;;;;;;;;;;;;;;
480149314;Medial visual area;0;0;um2;0;0;0;um2;0;;;;;;;;;;;;;;
480149318;Medial visual area, layer 1;0;0;um2;0;0;0;um2;0;;;;;;;;;;;;;;
480149322;Medial visual area, layer 2/3;0;0;um2;0;0;0;um2;0;;;;;;;;;;;;;;
480149326;Medial visual area, layer 4;0;0;um2;0;0;0;um2;0;;;;;;;;;;;;;;
480149330;Medial visual area,layer 5;0;0;um2;0;0;0;um2;0;;;;;;;;;;;;;;
480149334;Medial visual area, layer 6a;0;0;um2;0;0;0;um2;0;;;;;;;;;;;;;;
480149338;Medial visual area, layer 6b;0;0;um2;0;0;0;um2;0;;;;;;;;;;;;;;
879;Retrosplenial area, dorsal part;0;0;um2;0;0;0;um2;0;;;;;;;;;;;;;;
442;Retrosplenial area, dorsal part, layer 1;897762;897761.714386;um2;285;2344;2344;um2;0.002611;;;;;;;;;;;;;;
434;Retrosplenial area, dorsal part, layer 2/3;1380425;1380425.231567;um2;3091;27335;27335;um2;0.019802;;;;;;;;;;;;;;
545;Retrosplenial area, dorsal part, layer 4;0;0;um2;0;0;0;um2;0;;;;;;;;;;;;;;
610;Retrosplenial area, dorsal part, layer 5;1677404;1677403.513168;um2;2157;26918;26918;um2;0.016047;;;;;;;;;;;;;;
274;Retrosplenial area, dorsal part, layer 6a;1058875;1058874.529831;um2;2816;36348;36348;um2;0.034327;;;;;;;;;;;;;;
330;Retrosplenial area, dorsal part, layer 6b;52922;52922.357086;um2;114;1459;1459;um2;0.027569;;;;;;;;;;;;;;
886;Retrosplenial area, ventral part;0;0;um2;0;0;0;um2;0;;;;;;;;;;;;;;
542;Retrosplenial area, ventral part, layer 1;1106276;1106276.218109;um2;512;4059;4059;um2;0.003669;;;;;;;;;;;;;;
606;Retrosplenial area, ventral part, layer 2;0;0;um2;0;0;0;um2;0;;;;;;;;;;;;;;
430;Retrosplenial area, ventral part, layer 2/3;1358965;1358964.523956;um2;3422;31438;31438;um2;0.023134;;;;;;;;;;;;;;
687;Retrosplenial area, ventral part, layer 5;1967944;1967943.748001;um2;4024;49406;49406;um2;0.025105;;;;;;;;;;;;;;
590;Retrosplenial area, ventral part, layer 6a;667939;667939.058838;um2;1616;18286;18286;um2;0.027377;;;;;;;;;;;;;;
622;Retrosplenial area, ventral part, layer 6b;90430;90430.217651;um2;161;1658;1658;um2;0.018335;;;;;;;;;;;;;;
22;Posterior parietal association areas;0;0;um2;0;0;0;um2;0;;;;;;;;;;;;;;
532;Posterior parietal association areas, layer 1;0;0;um2;0;0;0;um2;0;;;;;;;;;;;;;;
241;Posterior parietal association areas, layer 2/3;0;0;um2;0;0;0;um2;0;;;;;;;;;;;;;;
635;Posterior parietal association areas, layer 4;0;0;um2;0;0;0;um2;0;;;;;;;;;;;;;;
683;Posterior parietal association areas, layer 5;0;0;um2;0;0;0;um2;0;;;;;;;;;;;;;;
308;Posterior parietal association areas, layer 6a;0;0;um2;0;0;0;um2;0;;;;;;;;;;;;;;
340;Posterior parietal association areas, layer 6b;0;0;um2;0;0;0;um2;0;;;;;;;;;;;;;;
312782546;Anterior area;0;0;um2;0;0;0;um2;0;;;;;;;;;;;;;;
312782550;Anterior area, layer 1;582043;582043.220551;um2;684;9870;9870;um2;0.016958;;;;;;;;;;;;;;
312782554;Anterior area, layer 2/3;1120249;1120249.185165;um2;3374;46945;46945;um2;0.041906;;;;;;;;;;;;;;
312782558;Anterior area, layer 4;402843;402843.089737;um2;1891;27025;27025;um2;0.067086;;;;;;;;;;;;;;
312782562;Anterior area, layer 5;916529;916528.633499;um2;2632;41417;41417;um2;0.045189;;;;;;;;;;;;;;
312782566;Anterior area, layer 6a;558355;558355.365143;um2;1995;30391;30391;um2;0.054429;;;;;;;;;;;;;;
312782570;Anterior area, layer 6b;100735;100735.454041;um2;221;3070;3070;um2;0.030476;;;;;;;;;;;;;;
417;Rostrolateral visual area;0;0;um2;0;0;0;um2;0;;;;;;;;;;;;;;
312782604;Rostrolateral area, layer 1;255445;255445.456314;um2;423;5786;5786;um2;0.022651;;;;;;;;;;;;;;
312782608;Rostrolateral area, layer 2/3;470765;470765.298019;um2;1632;20591;20591;um2;0.043739;;;;;;;;;;;;;;
312782612;Rostrolateral area, layer 4;247920;247919.839706;um2;836;11509;11509;um2;0.046422;;;;;;;;;;;;;;
312782616;Rostrolateral area, layer 5;394754;394753.953278;um2;1070;17354;17354;um2;0.043962;;;;;;;;;;;;;;
312782620;Rostrolateral area, layer 6a;242668;242667.546661;um2;1079;16702;16702;um2;0.068827;;;;;;;;;;;;;;
312782624;Rostrolateral area, layer 6b;45032;45032.117432;um2;144;2131;2131;um2;0.047322;;;;;;;;;;;;;;
541;Temporal association areas;0;0;um2;0;0;0;um2;0;;;;;;;;;;;;;;
97;Temporal association areas, layer 1;425594;425594.273849;um2;276;4004;4004;um2;0.009408;;;;;;;;;;;;;;
1127;Temporal association areas, layer 2/3;623996;623996.436920;um2;998;15882;15882;um2;0.025452;;;;;;;;;;;;;;
234;Temporal association areas, layer 4;239223;239222.968933;um2;530;8016;8016;um2;0.033508;;;;;;;;;;;;;;
289;Temporal association areas, layer 5;925941;925941.087601;um2;1950;35103;35103;um2;0.037911;;;;;;;;;;;;;;
729;Temporal association areas, layer 6a;651510;651510.227539;um2;1814;32255;32255;um2;0.049508;;;;;;;;;;;;;;
786;Temporal association areas, layer 6b;70602;70601.665176;um2;94;1818;1818;um2;0.025750;;;;;;;;;;;;;;
922;Perirhinal area;0;0;um2;0;0;0;um2;0;;;;;;;;;;;;;;
540;Perirhinal area, layer 1;248385;248385.357986;um2;74;1006;1006;um2;0.004050;;;;;;;;;;;;;;
888;Perirhinal area, layer 2/3;358997;358997.267563;um2;816;14373;14373;um2;0.040037;;;;;;;;;;;;;;
692;Perirhinal area, layer 5;144945;144945.159164;um2;411;7717;7717;um2;0.053241;;;;;;;;;;;;;;
335;Perirhinal area, layer 6a;7899;7898.789673;um2;22;498;498;um2;0.063048;;;;;;;;;;;;;;
368;Perirhinal area, layer 6b;0;0;um2;0;0;0;um2;0;;;;;;;;;;;;;;
895;Ectorhinal area;0;0;um2;0;0;0;um2;0;;;;;;;;;;;;;;
836;Ectorhinal area/Layer 1;298459;298459.141251;um2;192;2924;2924;um2;0.009797;;;;;;;;;;;;;;
427;Ectorhinal area/Layer 2/3;584842;584841.720428;um2;1160;19023;19023;um2;0.032527;;;;;;;;;;;;;;
988;Ectorhinal area/Layer 5;771715;771714.541641;um2;2005;37113;37113;um2;0.048092;;;;;;;;;;;;;;
977;Ectorhinal area/Layer 6a;621396;621395.910812;um2;1847;36864;36864;um2;0.059324;;;;;;;;;;;;;;
1045;Ectorhinal area/Layer 6b;75421;75420.948044;um2;128;2426;2426;um2;0.032166;;;;;;;;;;;;;;
698;Olfactory areas;7563055;7563054.663406;um2;10611;234199;234199;um2;0.030966;;;;;;;;;;;;;;
507;Main olfactory bulb;0;0;um2;0;0;0;um2;0;;;;;;;;;;;;;;
212;Main olfactory bulb, glomerular layer;0;0;um2;0;0;0;um2;0;;;;;;;;;;;;;;
220;Main olfactory bulb, granule layer;0;0;um2;0;0;0;um2;0;;;;;;;;;;;;;;
228;Main olfactory bulb, inner plexiform layer;0;0;um2;0;0;0;um2;0;;;;;;;;;;;;;;
236;Main olfactory bulb, mitral layer;0;0;um2;0;0;0;um2;0;;;;;;;;;;;;;;
244;Main olfactory bulb, outer plexiform layer;0;0;um2;0;0;0;um2;0;;;;;;;;;;;;;;
151;Accessory olfactory bulb;0;0;um2;0;0;0;um2;0;;;;;;;;;;;;;;
188;Accessory olfactory bulb, glomerular layer;0;0;um2;0;0;0;um2;0;;;;;;;;;;;;;;
196;Accessory olfactory bulb, granular layer;0;0;um2;0;0;0;um2;0;;;;;;;;;;;;;;
204;Accessory olfactory bulb, mitral layer;0;0;um2;0;0;0;um2;0;;;;;;;;;;;;;;
159;Anterior olfactory nucleus;4644356;4644356.052673;um2;7371;184760;184760;um2;0.039782;;;;;;;;;;;;;;
167;Anterior olfactory nucleus, dorsal part;0;0;um2;0;0;0;um2;0;;;;;;;;;;;;;;
175;Anterior olfactory nucleus, external part;0;0;um2;0;0;0;um2;0;;;;;;;;;;;;;;
183;Anterior olfactory nucleus, lateral part;0;0;um2;0;0;0;um2;0;;;;;;;;;;;;;;
191;Anterior olfactory nucleus, medial part;0;0;um2;0;0;0;um2;0;;;;;;;;;;;;;;
199;Anterior olfactory nucleus, posteroventral part;0;0;um2;0;0;0;um2;0;;;;;;;;;;;;;;
160;Anterior olfactory nucleus, layer 1;0;0;um2;0;0;0;um2;0;;;;;;;;;;;;;;
168;Anterior olfactory nucleus, layer 2;0;0;um2;0;0;0;um2;0;;;;;;;;;;;;;;
589;Taenia tecta;0;0;um2;0;0;0;um2;0;;;;;;;;;;;;;;
597;Taenia tecta, dorsal part;2853336;2853335.589386;um2;4048;100843;100843;um2;0.035342;;;;;;;;;;;;;;
297;Taenia tecta, dorsal part, layers 1-4;0;0;um2;0;0;0;um2;0;;;;;;;;;;;;;;
1034;Taenia tecta, dorsal part, layer 1;0;0;um2;0;0;0;um2;0;;;;;;;;;;;;;;
1042;Taenia tecta, dorsal part, layer 2;0;0;um2;0;0;0;um2;0;;;;;;;;;;;;;;
1050;Taenia tecta, dorsal part, layer 3;0;0;um2;0;0;0;um2;0;;;;;;;;;;;;;;
1059;Taenia tecta, dorsal part, layer 4;0;0;um2;0;0;0;um2;0;;;;;;;;;;;;;;
605;Taenia tecta, ventral part;1204739;1204739.385498;um2;700;14789;14789;um2;0.012276;;;;;;;;;;;;;;
306;Taenia tecta, ventral part, layers 1-3;0;0;um2;0;0;0;um2;0;;;;;;;;;;;;;;
1067;Taenia tecta, ventral part, layer 1;0;0;um2;0;0;0;um2;0;;;;;;;;;;;;;;
1075;Taenia tecta, ventral part, layer 2;0;0;um2;0;0;0;um2;0;;;;;;;;;;;;;;
1082;Taenia tecta, ventral part, layer 3;0;0;um2;0;0;0;um2;0;;;;;;;;;;;;;;
814;Dorsal peduncular area;2485304;2485303.923004;um2;4185;105184;105184;um2;0.042322;;;;;;;;;;;;;;
496;Dorsal peduncular area, layer 1;0;0;um2;0;0;0;um2;0;;;;;;;;;;;;;;
535;Dorsal peduncular area, layer 2;0;0;um2;0;0;0;um2;0;;;;;;;;;;;;;;
360;Dorsal peduncular area, layer 2/3;0;0;um2;0;0;0;um2;0;;;;;;;;;;;;;;
646;Dorsal peduncular area, layer 5;0;0;um2;0;0;0;um2;0;;;;;;;;;;;;;;
267;Dorsal peduncular area, layer 6a;0;0;um2;0;0;0;um2;0;;;;;;;;;;;;;;
961;Piriform area;42122766;42122765.844513;um2;60358;1106400;1106400;um2;0.026266;;;;;;;;;;;;;;
152;Piriform area, layers 1-3;0;0;um2;0;0;0;um2;0;;;;;;;;;;;;;;
276;Piriform area, molecular layer;0;0;um2;0;0;0;um2;0;;;;;;;;;;;;;;
284;Piriform area, pyramidal layer;0;0;um2;0;0;0;um2;0;;;;;;;;;;;;;;
291;Piriform area, polymorph layer;0;0;um2;0;0;0;um2;0;;;;;;;;;;;;;;
619;Nucleus of the lateral olfactory tract;0;0;um2;0;0;0;um2;0;;;;;;;;;;;;;;
392;Nucleus of the lateral olfactory tract, layers 1-3;0;0;um2;0;0;0;um2;0;;;;;;;;;;;;;;
260;Nucleus of the lateral olfactory tract, molecular layer;408119;408118.642883;um2;265;3934;3934;um2;0.009639;;;;;;;;;;;;;;
268;Nucleus of the lateral olfactory tract, pyramidal layer;507657;507656.587463;um2;1013;16290;16290;um2;0.032089;;;;;;;;;;;;;;
1139;Nucleus of the lateral olfactory tract, layer 3;205944;205943.621033;um2;430;6674;6674;um2;0.032407;;;;;;;;;;;;;;
631;Cortical amygdalar area;0;0;um2;0;0;0;um2;0;;;;;;;;;;;;;;
639;Cortical amygdalar area, anterior part;2497748;2497747.906891;um2;3357;58929;58929;um2;0.023593;;;;;;;;;;;;;;
192;Cortical amygdalar area, anterior part, layer 1;0;0;um2;0;0;0;um2;0;;;;;;;;;;;;;;
200;Cortical amygdalar area, anterior part, layer 2;0;0;um2;0;0;0;um2;0;;;;;;;;;;;;;;
208;Cortical amygdalar area, anterior part, layer 3;0;0;um2;0;0;0;um2;0;;;;;;;;;;;;;;
647;Cortical amygdalar area, posterior part;0;0;um2;0;0;0;um2;0;;;;;;;;;;;;;;
655;Cortical amygdalar area, posterior part, lateral zone;2471711;2471710.842987;um2;1099;15568;15568;um2;0.006298;;;;;;;;;;;;;;
584;Cortical amygdalar area, posterior part, lateral zone, layers 1-2;0;0;um2;0;0;0;um2;0;;;;;;;;;;;;;;
376;Cortical amygdalar area, posterior part, lateral zone, layers 1-3;0;0;um2;0;0;0;um2;0;;;;;;;;;;;;;;
216;Cortical amygdalar area, posterior part, lateral zone, layer 1;0;0;um2;0;0;0;um2;0;;;;;;;;;;;;;;
224;Cortical amygdalar area, posterior part, lateral zone, layer 2;0;0;um2;0;0;0;um2;0;;;;;;;;;;;;;;
232;Cortical amygdalar area, posterior part, lateral zone, layer 3;0;0;um2;0;0;0;um2;0;;;;;;;;;;;;;;
663;Cortical amygdalar area, posterior part, medial zone;2224301;2224301.023636;um2;1539;25043;25043;um2;0.011259;;;;;;;;;;;;;;
592;Cortical amygdalar area, posterior part, medial zone, layers 1-2;0;0;um2;0;0;0;um2;0;;;;;;;;;;;;;;
383;Cortical amygdalar area, posterior part, medial zone, layers 1-3;0;0;um2;0;0;0;um2;0;;;;;;;;;;;;;;
240;Cortical amygdalar area, posterior part, medial zone, layer 1;0;0;um2;0;0;0;um2;0;;;;;;;;;;;;;;
248;Cortical amygdalar area, posterior part, medial zone, layer 2;0;0;um2;0;0;0;um2;0;;;;;;;;;;;;;;
256;Cortical amygdalar area, posterior part, medial zone, layer 3;0;0;um2;0;0;0;um2;0;;;;;;;;;;;;;;
788;Piriform-amygdalar area;3533573;3533573.273346;um2;3030;50878;50878;um2;0.014398;;;;;;;;;;;;;;
400;Piriform-amygdalar area, layers 1-3;0;0;um2;0;0;0;um2;0;;;;;;;;;;;;;;
408;Piriform-amygdalar area, molecular layer;0;0;um2;0;0;0;um2;0;;;;;;;;;;;;;;
416;Piriform-amygdalar area, pyramidal layer;0;0;um2;0;0;0;um2;0;;;;;;;;;;;;;;
424;Piriform-amygdalar area, polymorph layer;0;0;um2;0;0;0;um2;0;;;;;;;;;;;;;;
566;Postpiriform transition area;290745;290744.983749;um2;195;3277;3277;um2;0.011271;;;;;;;;;;;;;;
517;Postpiriform transition area, layers 1-3;0;0;um2;0;0;0;um2;0;;;;;;;;;;;;;;
1140;Postpiriform transition area, layers 1;0;0;um2;0;0;0;um2;0;;;;;;;;;;;;;;
1141;Postpiriform transition area, layers 2;0;0;um2;0;0;0;um2;0;;;;;;;;;;;;;;
1142;Postpiriform transition area, layers 3;0;0;um2;0;0;0;um2;0;;;;;;;;;;;;;;
1089;Hippocampal formation;305188;305188.181122;um2;189;2544;2544;um2;0.008336;;;;;;;;;;;;;;
1080;Hippocampal region;0;0;um2;0;0;0;um2;0;;;;;;;;;;;;;;
375;Ammon's horn;0;0;um2;0;0;0;um2;0;;;;;;;;;;;;;;
382;Field CA1;9402131;9402131.436508;um2;8584;124919;124919;um2;0.013286;;;;;;;;;;;;;;
391;Field CA1, stratum lacunosum-moleculare;0;0;um2;0;0;0;um2;0;;;;;;;;;;;;;;
399;Field CA1, stratum oriens;0;0;um2;0;0;0;um2;0;;;;;;;;;;;;;;
407;Field CA1, pyramidal layer;0;0;um2;0;0;0;um2;0;;;;;;;;;;;;;;
415;Field CA1, stratum radiatum;0;0;um2;0;0;0;um2;0;;;;;;;;;;;;;;
423;Field CA2;950461;950461.283646;um2;621;10158;10158;um2;0.010687;;;;;;;;;;;;;;
431;Field CA2, stratum lacunosum-moleculare;0;0;um2;0;0;0;um2;0;;;;;;;;;;;;;;
438;Field CA2, stratum oriens;0;0;um2;0;0;0;um2;0;;;;;;;;;;;;;;
446;Field CA2, pyramidal layer;0;0;um2;0;0;0;um2;0;;;;;;;;;;;;;;
454;Field CA2, stratum radiatum;0;0;um2;0;0;0;um2;0;;;;;;;;;;;;;;
463;Field CA3;9826183;9826183.487030;um2;7010;112727;112727;um2;0.011472;;;;;;;;;;;;;;
471;Field CA3, stratum lacunosum-moleculare;0;0;um2;0;0;0;um2;0;;;;;;;;;;;;;;
479;Field CA3, stratum lucidum;0;0;um2;0;0;0;um2;0;;;;;;;;;;;;;;
486;Field CA3, stratum oriens;0;0;um2;0;0;0;um2;0;;;;;;;;;;;;;;
495;Field CA3, pyramidal layer;0;0;um2;0;0;0;um2;0;;;;;;;;;;;;;;
504;Field CA3, stratum radiatum;0;0;um2;0;0;0;um2;0;;;;;;;;;;;;;;
726;Dentate gyrus;0;0;um2;0;0;0;um2;0;;;;;;;;;;;;;;
10703;Dentate gyrus, molecular layer;4084766;4084765.929413;um2;846;14063;14063;um2;0.003443;;;;;;;;;;;;;;
10704;Dentate gyrus, polymorph layer;542330;542330.099518;um2;570;7970;7970;um2;0.014696;;;;;;;;;;;;;;
632;Dentate gyrus, granule cell layer;1628379;1628378.945190;um2;1523;27674;27674;um2;0.016995;;;;;;;;;;;;;;
10702;Dentate gyrus, subgranular zone;0;0;um2;0;0;0;um2;0;;;;;;;;;;;;;;
734;Dentate gyrus crest;0;0;um2;0;0;0;um2;0;;;;;;;;;;;;;;
742;Dentate gyrus crest, molecular layer;0;0;um2;0;0;0;um2;0;;;;;;;;;;;;;;
751;Dentate gyrus crest, polymorph layer;0;0;um2;0;0;0;um2;0;;;;;;;;;;;;;;
758;Dentate gyrus crest, granule cell layer;0;0;um2;0;0;0;um2;0;;;;;;;;;;;;;;
766;Dentate gyrus lateral blade;0;0;um2;0;0;0;um2;0;;;;;;;;;;;;;;
775;Dentate gyrus lateral blade, molecular layer;0;0;um2;0;0;0;um2;0;;;;;;;;;;;;;;
782;Dentate gyrus lateral blade, polymorph layer;0;0;um2;0;0;0;um2;0;;;;;;;;;;;;;;
790;Dentate gyrus lateral blade, granule cell layer;0;0;um2;0;0;0;um2;0;;;;;;;;;;;;;;
799;Dentate gyrus medial blade;0;0;um2;0;0;0;um2;0;;;;;;;;;;;;;;
807;Dentate gyrus medial blade, molecular layer;0;0;um2;0;0;0;um2;0;;;;;;;;;;;;;;
815;Dentate gyrus medial blade, polymorph layer;0;0;um2;0;0;0;um2;0;;;;;;;;;;;;;;
823;Dentate gyrus medial blade, granule cell layer;0;0;um2;0;0;0;um2;0;;;;;;;;;;;;;;
982;Fasciola cinerea;134448;134448.315033;um2;98;1071;1071;um2;0.007966;;;;;;;;;;;;;;
19;Induseum griseum;495007;495006.584747;um2;201;2657;2657;um2;0.005368;;;;;;;;;;;;;;
822;Retrohippocampal region;0;0;um2;0;0;0;um2;0;;;;;;;;;;;;;;
909;Entorhinal area;0;0;um2;0;0;0;um2;0;;;;;;;;;;;;;;
918;Entorhinal area, lateral part;0;0;um2;0;0;0;um2;0;;;;;;;;;;;;;;
1121;Entorhinal area, lateral part, layer 1;335014;335014.347504;um2;82;1050;1050;um2;0.003134;;;;;;;;;;;;;;
20;Entorhinal area, lateral part, layer 2;458551;458551.220245;um2;656;10964;10964;um2;0.023910;;;;;;;;;;;;;;
999;Entorhinal area, lateral part, layer 2/3;0;0;um2;0;0;0;um2;0;;;;;;;;;;;;;;
715;Entorhinal area, lateral part, layer 2a;0;0;um2;0;0;0;um2;0;;;;;;;;;;;;;;
764;Entorhinal area, lateral part, layer 2b;0;0;um2;0;0;0;um2;0;;;;;;;;;;;;;;
52;Entorhinal area, lateral part, layer 3;500454;500453.926346;um2;833;16424;16424;um2;0.032818;;;;;;;;;;;;;;
92;Entorhinal area, lateral part, layer 4;0;0;um2;0;0;0;um2;0;;;;;;;;;;;;;;
312;Entorhinal area, lateral part, layer 4/5;0;0;um2;0;0;0;um2;0;;;;;;;;;;;;;;
139;Entorhinal area, lateral part, layer 5;539486;539486.419312;um2;766;15863;15863;um2;0.029404;;;;;;;;;;;;;;
387;Entorhinal area, lateral part, layer 5/6;0;0;um2;0;0;0;um2;0;;;;;;;;;;;;;;
28;Entorhinal area, lateral part, layer 6a;149149;149148.552231;um2;229;4852;4852;um2;0.032531;;;;;;;;;;;;;;
60;Entorhinal area, lateral part, layer 6b;0;0;um2;0;0;0;um2;0;;;;;;;;;;;;;;
926;Entorhinal area, medial part, dorsal zone;0;0;um2;0;0;0;um2;0;;;;;;;;;;;;;;
526;Entorhinal area, medial part, dorsal zone, layer 1;0;0;um2;0;0;0;um2;0;;;;;;;;;;;;;;
543;Entorhinal area, medial part, dorsal zone, layer 2;0;0;um2;0;0;0;um2;0;;;;;;;;;;;;;;
468;Entorhinal area, medial part, dorsal zone, layer 2a;0;0;um2;0;0;0;um2;0;;;;;;;;;;;;;;
508;Entorhinal area, medial part, dorsal zone, layer 2b;0;0;um2;0;0;0;um2;0;;;;;;;;;;;;;;
664;Entorhinal area, medial part, dorsal zone, layer 3;0;0;um2;0;0;0;um2;0;;;;;;;;;;;;;;
712;Entorhinal area, medial part, dorsal zone, layer 4;0;0;um2;0;0;0;um2;0;;;;;;;;;;;;;;
727;Entorhinal area, medial part, dorsal zone, layer 5;0;0;um2;0;0;0;um2;0;;;;;;;;;;;;;;
550;Entorhinal area, medial part, dorsal zone, layer 5/6;0;0;um2;0;0;0;um2;0;;;;;;;;;;;;;;
743;Entorhinal area, medial part, dorsal zone, layer 6;0;0;um2;0;0;0;um2;0;;;;;;;;;;;;;;
934;Entorhinal area, medial part, ventral zone;0;0;um2;0;0;0;um2;0;;;;;;;;;;;;;;
259;Entorhinal area, medial part, ventral zone, layer 1;0;0;um2;0;0;0;um2;0;;;;;;;;;;;;;;
324;Entorhinal area, medial part, ventral zone, layer 2;0;0;um2;0;0;0;um2;0;;;;;;;;;;;;;;
371;Entorhinal area, medial part, ventral zone, layer 3;0;0;um2;0;0;0;um2;0;;;;;;;;;;;;;;
419;Entorhinal area, medial part, ventral zone, layer 4;0;0;um2;0;0;0;um2;0;;;;;;;;;;;;;;
1133;Entorhinal area, medial part, ventral zone, layer 5/6;0;0;um2;0;0;0;um2;0;;;;;;;;;;;;;;
843;Parasubiculum;0;0;um2;0;0;0;um2;0;;;;;;;;;;;;;;
10693;Parasubiculum, layer 1;0;0;um2;0;0;0;um2;0;;;;;;;;;;;;;;
10694;Parasubiculum, layer 2;0;0;um2;0;0;0;um2;0;;;;;;;;;;;;;;
10695;Parasubiculum, layer 3;0;0;um2;0;0;0;um2;0;;;;;;;;;;;;;;
1037;Postsubiculum;0;0;um2;0;0;0;um2;0;;;;;;;;;;;;;;
10696;Postsubiculum, layer 1;0;0;um2;0;0;0;um2;0;;;;;;;;;;;;;;
10697;Postsubiculum, layer 2;0;0;um2;0;0;0;um2;0;;;;;;;;;;;;;;
10698;Postsubiculum, layer 3;0;0;um2;0;0;0;um2;0;;;;;;;;;;;;;;
1084;Presubiculum;0;0;um2;0;0;0;um2;0;;;;;;;;;;;;;;
10699;Presubiculum, layer 1;0;0;um2;0;0;0;um2;0;;;;;;;;;;;;;;
10700;Presubiculum, layer 2;0;0;um2;0;0;0;um2;0;;;;;;;;;;;;;;
10701;Presubiculum, layer 3;0;0;um2;0;0;0;um2;0;;;;;;;;;;;;;;
502;Subiculum;272647;272647.275101;um2;119;1273;1273;um2;0.004669;;;;;;;;;;;;;;
509;Subiculum, dorsal part;0;0;um2;0;0;0;um2;0;;;;;;;;;;;;;;
829;Subiculum, dorsal part, molecular layer;0;0;um2;0;0;0;um2;0;;;;;;;;;;;;;;
845;Subiculum, dorsal part, pyramidal layer;0;0;um2;0;0;0;um2;0;;;;;;;;;;;;;;
837;Subiculum, dorsal part, stratum radiatum;0;0;um2;0;0;0;um2;0;;;;;;;;;;;;;;
518;Subiculum, ventral part;0;0;um2;0;0;0;um2;0;;;;;;;;;;;;;;
853;Subiculum, ventral part, molecular layer;0;0;um2;0;0;0;um2;0;;;;;;;;;;;;;;
870;Subiculum, ventral part, pyramidal layer;0;0;um2;0;0;0;um2;0;;;;;;;;;;;;;;
861;Subiculum, ventral part, stratum radiatum;0;0;um2;0;0;0;um2;0;;;;;;;;;;;;;;
484682470;Prosubiculum;62275;62274.786835;um2;34;420;420;um2;0.006744;;;;;;;;;;;;;;
484682475;Prosubiculum, dorsal part;0;0;um2;0;0;0;um2;0;;;;;;;;;;;;;;
484682479;Prosubiculum, dorsal part, molecular layer;0;0;um2;0;0;0;um2;0;;;;;;;;;;;;;;
484682483;Prosubiculum, dorsal part, pyramidal layer;0;0;um2;0;0;0;um2;0;;;;;;;;;;;;;;
484682487;Prosubiculum, dorsal part, stratum radiatum;0;0;um2;0;0;0;um2;0;;;;;;;;;;;;;;
484682492;Prosubiculum, ventral part;0;0;um2;0;0;0;um2;0;;;;;;;;;;;;;;
484682496;Prosubiculum, ventral part, molecular layer;0;0;um2;0;0;0;um2;0;;;;;;;;;;;;;;
484682500;Prosubiculum, ventral part, pyramidal layer;0;0;um2;0;0;0;um2;0;;;;;;;;;;;;;;
484682504;Prosubiculum, ventral part, stratum radiatum;0;0;um2;0;0;0;um2;0;;;;;;;;;;;;;;
589508447;Hippocampo-amygdalar transition area;31796;31796.468811;um2;35;461;461;um2;0.014498;;;;;;;;;;;;;;
484682508;Area prostriata;0;0;um2;0;0;0;um2;0;;;;;;;;;;;;;;
703;Cortical subplate;1164611;1164611.433075;um2;1587;29828;29828;um2;0.025612;;;;;;;;;;;;;;
16;Layer 6b, isocortex;0;0;um2;0;0;0;um2;0;;;;;;;;;;;;;;
583;Claustrum;2662965;2662965.154724;um2;5701;119443;119443;um2;0.044853;;;;;;;;;;;;;;
942;Endopiriform nucleus;0;0;um2;0;0;0;um2;0;;;;;;;;;;;;;;
952;Endopiriform nucleus, dorsal part;6557839;6557839.382187;um2;10300;228326;228326;um2;0.034817;;;;;;;;;;;;;;
966;Endopiriform nucleus, ventral part;2579328;2579327.789856;um2;2583;51312;51312;um2;0.019894;;;;;;;;;;;;;;
131;Lateral amygdalar nucleus;2280902;2280902.419312;um2;1689;30691;30691;um2;0.013456;;;;;;;;;;;;;;
295;Basolateral amygdalar nucleus;0;0;um2;0;0;0;um2;0;;;;;;;;;;;;;;
303;Basolateral amygdalar nucleus, anterior part;2013178;2013177.603180;um2;3243;68730;68730;um2;0.034140;;;;;;;;;;;;;;
311;Basolateral amygdalar nucleus, posterior part;1645975;1645975.038559;um2;2024;41696;41696;um2;0.025332;;;;;;;;;;;;;;
451;Basolateral amygdalar nucleus, ventral part;1107830;1107829.795441;um2;869;18203;18203;um2;0.016431;;;;;;;;;;;;;;
319;Basomedial amygdalar nucleus;0;0;um2;0;0;0;um2;0;;;;;;;;;;;;;;
327;Basomedial amygdalar nucleus, anterior part;2282452;2282451.960754;um2;3588;69713;69713;um2;0.030543;;;;;;;;;;;;;;
334;Basomedial amygdalar nucleus, posterior part;1940070;1940070.455841;um2;2318;49181;49181;um2;0.025350;;;;;;;;;;;;;;
780;Posterior amygdalar nucleus;1816355;1816354.728241;um2;1415;27119;27119;um2;0.014930;;;;;;;;;;;;;;
623;Cerebral nuclei;0;0;um2;0;0;0;um2;0;;;;;;;;;;;;;;
477;Striatum;8645384;8645384.289307;um2;11496;197778;197778;um2;0.022877;;;;;;;;;;;;;;
485;Striatum dorsal region;0;0;um2;0;0;0;um2;0;;;;;;;;;;;;;;
672;Caudoputamen;64482043;64482042.678680;um2;70435;954900;954900;um2;0.014809;;;;;;;;;;;;;;
493;Striatum ventral region;0;0;um2;0;0;0;um2;0;;;;;;;;;;;;;;
56;Nucleus accumbens;13123747;13123746.847137;um2;18154;310616;310616;um2;0.023668;;;;;;;;;;;;;;
998;Fundus of striatum;1778867;1778867.466675;um2;1709;28617;28617;um2;0.016087;;;;;;;;;;;;;;
754;Olfactory tubercle;15898677;15898676.730042;um2;9552;119490;119490;um2;0.007516;;;;;;;;;;;;;;
481;Islands of Calleja;0;0;um2;0;0;0;um2;0;;;;;;;;;;;;;;
489;Major island of Calleja;0;0;um2;0;0;0;um2;0;;;;;;;;;;;;;;
144;Olfactory tubercle, layers 1-3;0;0;um2;0;0;0;um2;0;;;;;;;;;;;;;;
458;Olfactory tubercle, molecular layer;0;0;um2;0;0;0;um2;0;;;;;;;;;;;;;;
465;Olfactory tubercle, pyramidal layer;0;0;um2;0;0;0;um2;0;;;;;;;;;;;;;;
473;Olfactory tubercle, polymorph layer;0;0;um2;0;0;0;um2;0;;;;;;;;;;;;;;
549009199;Lateral strip of striatum;0;0;um2;0;0;0;um2;0;;;;;;;;;;;;;;
275;Lateral septal complex;0;0;um2;0;0;0;um2;0;;;;;;;;;;;;;;
242;Lateral septal nucleus;0;0;um2;0;0;0;um2;0;;;;;;;;;;;;;;
250;Lateral septal nucleus, caudal (caudodorsal) part;2055176;2055176.266357;um2;1396;23320;23320;um2;0.011347;;;;;;;;;;;;;;
258;Lateral septal nucleus, rostral (rostroventral) part;6792015;6792014.954315;um2;10524;203029;203029;um2;0.029892;;;;;;;;;;;;;;
266;Lateral septal nucleus, ventral part;1711001;1711001.451172;um2;3574;66480;66480;um2;0.038854;;;;;;;;;;;;;;
310;Septofimbrial nucleus;1480392;1480392.016418;um2;1007;14067;14067;um2;0.009502;;;;;;;;;;;;;;
333;Septohippocampal nucleus;92097;92096.745117;um2;44;885;885;um2;0.009609;;;;;;;;;;;;;;
278;Striatum-like amygdalar nuclei;0;0;um2;0;0;0;um2;0;;;;;;;;;;;;;;
23;Anterior amygdalar area;1959725;1959724.569427;um2;3151;52713;52713;um2;0.026898;;;;;;;;;;;;;;
292;Bed nucleus of the accessory olfactory tract;77427;77426.762634;um2;6;31;31;um2;0.000400;;;;;;;;;;;;;;
536;Central amygdalar nucleus;0;0;um2;0;0;0;um2;0;;;;;;;;;;;;;;
544;Central amygdalar nucleus, capsular part;889890;889890.012695;um2;1329;23994;23994;um2;0.026963;;;;;;;;;;;;;;
551;Central amygdalar nucleus, lateral part;696689;696688.899567;um2;1223;21500;21500;um2;0.030860;;;;;;;;;;;;;;
559;Central amygdalar nucleus, medial part;1886891;1886891.416595;um2;2362;45272;45272;um2;0.023993;;;;;;;;;;;;;;
1105;Intercalated amygdalar nucleus;550283;550283.104736;um2;930;17390;17390;um2;0.031602;;;;;;;;;;;;;;
403;Medial amygdalar nucleus;5685452;5685452.493347;um2;7299;126469;126469;um2;0.022244;;;;;;;;;;;;;;
411;Medial amygdalar nucleus, anterodorsal part;0;0;um2;0;0;0;um2;0;;;;;;;;;;;;;;
418;Medial amygdalar nucleus, anteroventral part;0;0;um2;0;0;0;um2;0;;;;;;;;;;;;;;
426;Medial amygdalar nucleus, posterodorsal part;0;0;um2;0;0;0;um2;0;;;;;;;;;;;;;;
472;Medial amygdalar nucleus, posterodorsal part, sublayer a;0;0;um2;0;0;0;um2;0;;;;;;;;;;;;;;
480;Medial amygdalar nucleus, posterodorsal part, sublayer b;0;0;um2;0;0;0;um2;0;;;;;;;;;;;;;;
487;Medial amygdalar nucleus, posterodorsal part, sublayer c;0;0;um2;0;0;0;um2;0;;;;;;;;;;;;;;
435;Medial amygdalar nucleus, posteroventral part;0;0;um2;0;0;0;um2;0;;;;;;;;;;;;;;
803;Pallidum;2310724;2310723.752716;um2;1836;25474;25474;um2;0.011024;;;;;;;;;;;;;;
818;Pallidum, dorsal region;0;0;um2;0;0;0;um2;0;;;;;;;;;;;;;;
1022;Globus pallidus, external segment;2423063;2423063.344879;um2;880;11201;11201;um2;0.004623;;;;;;;;;;;;;;
1031;Globus pallidus, internal segment;1046051;1046050.966339;um2;838;11999;11999;um2;0.011471;;;;;;;;;;;;;;
835;Pallidum, ventral region;0;0;um2;0;0;0;um2;0;;;;;;;;;;;;;;
342;Substantia innominata;11151117;11151117.105774;um2;7662;115954;115954;um2;0.010398;;;;;;;;;;;;;;
298;Magnocellular nucleus;1587566;1587566.009369;um2;1184;13634;13634;um2;0.008588;;;;;;;;;;;;;;
826;Pallidum, medial region;0;0;um2;0;0;0;um2;0;;;;;;;;;;;;;;
904;Medial septal complex;0;0;um2;0;0;0;um2;0;;;;;;;;;;;;;;
564;Medial septal nucleus;1816366;1816365.521729;um2;1619;23244;23244;um2;0.012797;;;;;;;;;;;;;;
596;Diagonal band nucleus;2994766;2994765.984375;um2;2393;27985;27985;um2;0.009345;;;;;;;;;;;;;;
581;Triangular nucleus of septum;1169788;1169787.868866;um2;418;4119;4119;um2;0.003521;;;;;;;;;;;;;;
809;Pallidum, caudal region;0;0;um2;0;0;0;um2;0;;;;;;;;;;;;;;
351;Bed nuclei of the stria terminalis;4073114;4073114.033722;um2;5400;102583;102583;um2;0.025185;;;;;;;;;;;;;;
359;Bed nuclei of the stria terminalis, anterior division;0;0;um2;0;0;0;um2;0;;;;;;;;;;;;;;
537;Bed nuclei of the stria terminalis, anterior division, anterolateral area;0;0;um2;0;0;0;um2;0;;;;;;;;;;;;;;
498;Bed nuclei of the stria terminalis, anterior division, anteromedial area;0;0;um2;0;0;0;um2;0;;;;;;;;;;;;;;
505;Bed nuclei of the stria terminalis, anterior division, dorsomedial nucleus;0;0;um2;0;0;0;um2;0;;;;;;;;;;;;;;
513;Bed nuclei of the stria terminalis, anterior division, fusiform nucleus;0;0;um2;0;0;0;um2;0;;;;;;;;;;;;;;
546;Bed nuclei of the stria terminalis, anterior division, juxtacapsular nucleus;0;0;um2;0;0;0;um2;0;;;;;;;;;;;;;;
521;Bed nuclei of the stria terminalis, anterior division, magnocellular nucleus;0;0;um2;0;0;0;um2;0;;;;;;;;;;;;;;
554;Bed nuclei of the stria terminalis, anterior division, oval nucleus;0;0;um2;0;0;0;um2;0;;;;;;;;;;;;;;
562;Bed nuclei of the stria terminalis, anterior division, rhomboid nucleus;0;0;um2;0;0;0;um2;0;;;;;;;;;;;;;;
529;Bed nuclei of the stria terminalis, anterior division, ventral nucleus;0;0;um2;0;0;0;um2;0;;;;;;;;;;;;;;
367;Bed nuclei of the stria terminalis, posterior division;0;0;um2;0;0;0;um2;0;;;;;;;;;;;;;;
569;Bed nuclei of the stria terminalis, posterior division, dorsal nucleus;0;0;um2;0;0;0;um2;0;;;;;;;;;;;;;;
578;Bed nuclei of the stria terminalis, posterior division, principal nucleus;0;0;um2;0;0;0;um2;0;;;;;;;;;;;;;;
585;Bed nuclei of the stria terminalis, posterior division, interfascicular nucleus;0;0;um2;0;0;0;um2;0;;;;;;;;;;;;;;
594;Bed nuclei of the stria terminalis, posterior division, transverse nucleus;0;0;um2;0;0;0;um2;0;;;;;;;;;;;;;;
602;Bed nuclei of the stria terminalis, posterior division, strial extension;0;0;um2;0;0;0;um2;0;;;;;;;;;;;;;;
287;Bed nucleus of the anterior commissure;15051;15050.796021;um2;16;274;274;um2;0.018205;;;;;;;;;;;;;;
343;Brain stem;0;0;um2;0;0;0;um2;0;;;;;;;;;;;;;;
1129;Interbrain;0;0;um2;0;0;0;um2;0;;;;;;;;;;;;;;
549;Thalamus;2002599;2002598.647430;um2;1705;27660;27660;um2;0.013812;;;;;;;;;;;;;;
864;Thalamus, sensory-motor cortex related;0;0;um2;0;0;0;um2;0;;;;;;;;;;;;;;
637;Ventral group of the dorsal thalamus;0;0;um2;0;0;0;um2;0;;;;;;;;;;;;;;
629;Ventral anterior-lateral complex of the thalamus;1556492;1556492.105377;um2;686;9627;9627;um2;0.006185;;;;;;;;;;;;;;
685;Ventral medial nucleus of the thalamus;2148743;2148743.381866;um2;2076;32818;32818;um2;0.015273;;;;;;;;;;;;;;
709;Ventral posterior complex of the thalamus;0;0;um2;0;0;0;um2;0;;;;;;;;;;;;;;
718;Ventral posterolateral nucleus of the thalamus;2063733;2063732.724030;um2;527;5285;5285;um2;0.002561;;;;;;;;;;;;;;
725;Ventral posterolateral nucleus of the thalamus, parvicellular part;231084;231083.637634;um2;21;204;204;um2;0.000883;;;;;;;;;;;;;;
733;Ventral posteromedial nucleus of the thalamus;3844263;3844262.695557;um2;1148;9922;9922;um2;0.002581;;;;;;;;;;;;;;
741;Ventral posteromedial nucleus of the thalamus, parvicellular part;521244;521243.892517;um2;266;3996;3996;um2;0.007666;;;;;;;;;;;;;;
563807435;Posterior triangular thalamic nucleus;241161;241160.905609;um2;275;4026;4026;um2;0.016694;;;;;;;;;;;;;;
406;Subparafascicular nucleus;0;0;um2;0;0;0;um2;0;;;;;;;;;;;;;;
414;Subparafascicular nucleus, magnocellular part;196811;196811.062653;um2;502;8834;8834;um2;0.044886;;;;;;;;;;;;;;
422;Subparafascicular nucleus, parvicellular part;221215;221215.126114;um2;217;3755;3755;um2;0.016974;;;;;;;;;;;;;;
609;Subparafascicular area;580176;580175.870117;um2;1075;19665;19665;um2;0.033895;;;;;;;;;;;;;;
1044;Peripeduncular nucleus;0;0;um2;0;0;0;um2;0;;;;;;;;;;;;;;
1008;Geniculate group, dorsal thalamus;0;0;um2;0;0;0;um2;0;;;;;;;;;;;;;;
475;Medial geniculate complex;0;0;um2;0;0;0;um2;0;;;;;;;;;;;;;;
1072;Medial geniculate complex, dorsal part;20716;20715.881195;um2;3;30;30;um2;0.001448;;;;;;;;;;;;;;
1079;Medial geniculate complex, ventral part;39746;39745.586014;um2;4;26;26;um2;0.000654;;;;;;;;;;;;;;
1088;Medial geniculate complex, medial part;169797;169797.425842;um2;33;345;345;um2;0.002032;;;;;;;;;;;;;;
170;Dorsal part of the lateral geniculate complex;0;0;um2;0;0;0;um2;0;;;;;;;;;;;;;;
496345664;Dorsal part of the lateral geniculate complex, shell;351314;351313.823242;um2;69;655;655;um2;0.001864;;;;;;;;;;;;;;
496345668;Dorsal part of the lateral geniculate complex, core;994467;994467.006851;um2;310;3716;3716;um2;0.003737;;;;;;;;;;;;;;
496345672;Dorsal part of the lateral geniculate complex, ipsilateral zone;235647;235647.276749;um2;31;297;297;um2;0.001260;;;;;;;;;;;;;;
856;Thalamus, polymodal association cortex related;0;0;um2;0;0;0;um2;0;;;;;;;;;;;;;;
138;Lateral group of the dorsal thalamus;0;0;um2;0;0;0;um2;0;;;;;;;;;;;;;;
218;Lateral posterior nucleus of the thalamus;2235186;2235186.150879;um2;806;10461;10461;um2;0.004680;;;;;;;;;;;;;;
1020;Posterior complex of the thalamus;2966084;2966084.092560;um2;670;6656;6656;um2;0.002244;;;;;;;;;;;;;;
1029;Posterior limiting nucleus of the thalamus;106311;106311.125595;um2;75;916;916;um2;0.008616;;;;;;;;;;;;;;
325;Suprageniculate nucleus;43841;43840.585785;um2;19;221;221;um2;0.005041;;;;;;;;;;;;;;
560581551;Ethmoid nucleus of the thalamus;546488;546487.954956;um2;376;5167;5167;um2;0.009455;;;;;;;;;;;;;;
560581555;Retroethmoid nucleus;0;0;um2;0;0;0;um2;0;;;;;;;;;;;;;;
239;Anterior group of the dorsal thalamus;0;0;um2;0;0;0;um2;0;;;;;;;;;;;;;;
255;Anteroventral nucleus of thalamus;510437;510436.540619;um2;499;7620;7620;um2;0.014928;;;;;;;;;;;;;;
127;Anteromedial nucleus;0;0;um2;0;0;0;um2;0;;;;;;;;;;;;;;
1096;Anteromedial nucleus, dorsal part;524024;524023.642181;um2;716;12562;12562;um2;0.023972;;;;;;;;;;;;;;
1104;Anteromedial nucleus, ventral part;362465;362465.460510;um2;497;8398;8398;um2;0.023169;;;;;;;;;;;;;;
64;Anterodorsal nucleus;381160;381160.191376;um2;69;854;854;um2;0.002241;;;;;;;;;;;;;;
1120;Interanteromedial nucleus of the thalamus;71351;71350.650055;um2;229;4078;4078;um2;0.057154;;;;;;;;;;;;;;
1113;Interanterodorsal nucleus of the thalamus;223276;223276.464447;um2;419;7724;7724;um2;0.034594;;;;;;;;;;;;;;
155;Lateral dorsal nucleus of thalamus;2192330;2192329.993805;um2;423;5762;5762;um2;0.002628;;;;;;;;;;;;;;
444;Medial group of the dorsal thalamus;0;0;um2;0;0;0;um2;0;;;;;;;;;;;;;;
59;Intermediodorsal nucleus of the thalamus;451210;451210.098389;um2;1025;16660;16660;um2;0.036923;;;;;;;;;;;;;;
362;Mediodorsal nucleus of thalamus;2953874;2953873.888580;um2;3359;50213;50213;um2;0.016999;;;;;;;;;;;;;;
617;Mediodorsal nucleus of the thalamus, central part;0;0;um2;0;0;0;um2;0;;;;;;;;;;;;;;
626;Mediodorsal nucleus of the thalamus, lateral part;0;0;um2;0;0;0;um2;0;;;;;;;;;;;;;;
636;Mediodorsal nucleus of the thalamus, medial part;0;0;um2;0;0;0;um2;0;;;;;;;;;;;;;;
366;Submedial nucleus of the thalamus;674065;674065.370941;um2;415;6497;6497;um2;0.009639;;;;;;;;;;;;;;
1077;Perireunensis nucleus;369370;369370.314392;um2;625;10932;10932;um2;0.029596;;;;;;;;;;;;;;
571;Midline group of the dorsal thalamus;0;0;um2;0;0;0;um2;0;;;;;;;;;;;;;;
149;Paraventricular nucleus of the thalamus;1435551;1435550.775391;um2;3452;52343;52343;um2;0.036462;;;;;;;;;;;;;;
15;Parataenial nucleus;855711;855711.071381;um2;1167;19986;19986;um2;0.023356;;;;;;;;;;;;;;
181;Nucleus of reuniens;1040132;1040132.228760;um2;1445;23731;23731;um2;0.022815;;;;;;;;;;;;;;
560581559;Xiphoid thalamic nucleus;226794;226794.334930;um2;459;7965;7965;um2;0.035120;;;;;;;;;;;;;;
51;Intralaminar nuclei of the dorsal thalamus;0;0;um2;0;0;0;um2;0;;;;;;;;;;;;;;
189;Rhomboid nucleus;216988;216987.543823;um2;464;7458;7458;um2;0.034371;;;;;;;;;;;;;;
599;Central medial nucleus of the thalamus;547023;547022.616608;um2;1116;17339;17339;um2;0.031697;;;;;;;;;;;;;;
907;Paracentral nucleus;548537;548537.354401;um2;400;5788;5788;um2;0.010552;;;;;;;;;;;;;;
575;Central lateral nucleus of the thalamus;841465;841465.025391;um2;893;13375;13375;um2;0.015895;;;;;;;;;;;;;;
930;Parafascicular nucleus;1295767;1295766.573792;um2;1009;15425;15425;um2;0.011904;;;;;;;;;;;;;;
560581563;Posterior intralaminar thalamic nucleus;0;0;um2;0;0;0;um2;0;;;;;;;;;;;;;;
262;Reticular nucleus of the thalamus;2517070;2517069.791534;um2;1344;16952;16952;um2;0.006735;;;;;;;;;;;;;;
1014;Geniculate group, ventral thalamus;0;0;um2;0;0;0;um2;0;;;;;;;;;;;;;;
27;Intergeniculate leaflet of the lateral geniculate complex;143060;143060.064621;um2;333;5109;5109;um2;0.035712;;;;;;;;;;;;;;
563807439;Intermediate geniculate nucleus;31294;31294.057770;um2;34;568;568;um2;0.018150;;;;;;;;;;;;;;
178;Ventral part of the lateral geniculate complex;801700;801699.582169;um2;1408;20199;20199;um2;0.025195;;;;;;;;;;;;;;
300;Ventral part of the lateral geniculate complex, lateral zone;0;0;um2;0;0;0;um2;0;;;;;;;;;;;;;;
316;Ventral part of the lateral geniculate complex, medial zone;0;0;um2;0;0;0;um2;0;;;;;;;;;;;;;;
321;Subgeniculate nucleus;52390;52389.949921;um2;35;506;506;um2;0.009658;;;;;;;;;;;;;;
958;Epithalamus;0;0;um2;0;0;0;um2;0;;;;;;;;;;;;;;
483;Medial habenula;675117;675116.853821;um2;484;5316;5316;um2;0.007874;;;;;;;;;;;;;;
186;Lateral habenula;703949;703949.197327;um2;1001;11357;11357;um2;0.016133;;;;;;;;;;;;;;
953;Pineal body;0;0;um2;0;0;0;um2;0;;;;;;;;;;;;;;
1097;Hypothalamus;8761708;8761707.861237;um2;13133;210231;210231;um2;0.023994;;;;;;;;;;;;;;
157;Periventricular zone;0;0;um2;0;0;0;um2;0;;;;;;;;;;;;;;
390;Supraoptic nucleus;181912;181912.424011;um2;98;953;953;um2;0.005239;;;;;;;;;;;;;;
332;Accessory supraoptic group;32309;32308.535858;um2;88;1536;1536;um2;0.047542;;;;;;;;;;;;;;
432;Nucleus circularis;0;0;um2;0;0;0;um2;0;;;;;;;;;;;;;;
38;Paraventricular hypothalamic nucleus;571315;571314.561859;um2;1559;21392;21392;um2;0.037443;;;;;;;;;;;;;;
71;Paraventricular hypothalamic nucleus, magnocellular division;0;0;um2;0;0;0;um2;0;;;;;;;;;;;;;;
47;Paraventricular hypothalamic nucleus, magnocellular division, anterior magnocellular part;0;0;um2;0;0;0;um2;0;;;;;;;;;;;;;;
79;Paraventricular hypothalamic nucleus, magnocellular division, medial magnocellular part;0;0;um2;0;0;0;um2;0;;;;;;;;;;;;;;
103;Paraventricular hypothalamic nucleus, magnocellular division, posterior magnocellular part;0;0;um2;0;0;0;um2;0;;;;;;;;;;;;;;
652;Paraventricular hypothalamic nucleus, magnocellular division, posterior magnocellular part, lateral zone;0;0;um2;0;0;0;um2;0;;;;;;;;;;;;;;
660;Paraventricular hypothalamic nucleus, magnocellular division, posterior magnocellular part, medial zone;0;0;um2;0;0;0;um2;0;;;;;;;;;;;;;;
94;Paraventricular hypothalamic nucleus, parvicellular division;0;0;um2;0;0;0;um2;0;;;;;;;;;;;;;;
55;Paraventricular hypothalamic nucleus, parvicellular division, anterior parvicellular part;0;0;um2;0;0;0;um2;0;;;;;;;;;;;;;;
87;Paraventricular hypothalamic nucleus, parvicellular division, medial parvicellular part, dorsal zone;0;0;um2;0;0;0;um2;0;;;;;;;;;;;;;;
110;Paraventricular hypothalamic nucleus, parvicellular division, periventricular part;0;0;um2;0;0;0;um2;0;;;;;;;;;;;;;;
30;Periventricular hypothalamic nucleus, anterior part;154048;154047.729706;um2;394;5036;5036;um2;0.032691;;;;;;;;;;;;;;
118;Periventricular hypothalamic nucleus, intermediate part;512574;512573.584259;um2;656;8192;8192;um2;0.015982;;;;;;;;;;;;;;
223;Arcuate hypothalamic nucleus;790749;790748.942169;um2;135;1044;1044;um2;0.001320;;;;;;;;;;;;;;
141;Periventricular region;0;0;um2;0;0;0;um2;0;;;;;;;;;;;;;;
72;Anterodorsal preoptic nucleus;959988;959988.264465;um2;2186;34891;34891;um2;0.036345;;;;;;;;;;;;;;
80;Anterior hypothalamic area;0;0;um2;0;0;0;um2;0;;;;;;;;;;;;;;
263;Anteroventral preoptic nucleus;692633;692632.526794;um2;695;8481;8481;um2;0.012245;;;;;;;;;;;;;;
272;Anteroventral periventricular nucleus;1052040;1052039.850983;um2;725;7432;7432;um2;0.007064;;;;;;;;;;;;;;
830;Dorsomedial nucleus of the hypothalamus;892793;892792.894318;um2;1666;25663;25663;um2;0.028745;;;;;;;;;;;;;;
668;Dorsomedial nucleus of the hypothalamus, anterior part;0;0;um2;0;0;0;um2;0;;;;;;;;;;;;;;
676;Dorsomedial nucleus of the hypothalamus, posterior part;0;0;um2;0;0;0;um2;0;;;;;;;;;;;;;;
684;Dorsomedial nucleus of the hypothalamus, ventral part;0;0;um2;0;0;0;um2;0;;;;;;;;;;;;;;
452;Median preoptic nucleus;202912;202911.872864;um2;320;4372;4372;um2;0.021546;;;;;;;;;;;;;;
523;Medial preoptic area;2851715;2851714.821411;um2;3922;57735;57735;um2;0.020246;;;;;;;;;;;;;;
763;Vascular organ of the lamina terminalis;49648;49647.565002;um2;18;143;143;um2;0.002880;;;;;;;;;;;;;;
914;Posterodorsal preoptic nucleus;45743;45742.615356;um2;28;431;431;um2;0.009422;;;;;;;;;;;;;;
1109;Parastrial nucleus;590404;590404.233246;um2;976;16073;16073;um2;0.027224;;;;;;;;;;;;;;
1124;Suprachiasmatic preoptic nucleus;0;0;um2;0;0;0;um2;0;;;;;;;;;;;;;;
126;Periventricular hypothalamic nucleus, posterior part;377925;377925.303131;um2;35;194;194;um2;0.000513;;;;;;;;;;;;;;
133;Periventricular hypothalamic nucleus, preoptic part;599502;599502.266602;um2;927;11214;11214;um2;0.018706;;;;;;;;;;;;;;
347;Subparaventricular zone;382109;382108.756104;um2;1017;14960;14960;um2;0.039151;;;;;;;;;;;;;;
286;Suprachiasmatic nucleus;337204;337204.358490;um2;1262;10983;10983;um2;0.032571;;;;;;;;;;;;;;
338;Subfornical organ;45853;45852.576111;um2;5;25;25;um2;0.000545;;;;;;;;;;;;;;
576073699;Ventromedial preoptic nucleus;201868;201867.677734;um2;95;1015;1015;um2;0.005028;;;;;;;;;;;;;;
689;Ventrolateral preoptic nucleus;319776;319776.443420;um2;122;1323;1323;um2;0.004137;;;;;;;;;;;;;;
467;Hypothalamic medial zone;0;0;um2;0;0;0;um2;0;;;;;;;;;;;;;;
88;Anterior hypothalamic nucleus;2380897;2380897.145050;um2;3838;68842;68842;um2;0.028914;;;;;;;;;;;;;;
700;Anterior hypothalamic nucleus, anterior part;0;0;um2;0;0;0;um2;0;;;;;;;;;;;;;;
708;Anterior hypothalamic nucleus, central part;0;0;um2;0;0;0;um2;0;;;;;;;;;;;;;;
716;Anterior hypothalamic nucleus, dorsal part;0;0;um2;0;0;0;um2;0;;;;;;;;;;;;;;
724;Anterior hypothalamic nucleus, posterior part;0;0;um2;0;0;0;um2;0;;;;;;;;;;;;;;
331;Mammillary body;0;0;um2;0;0;0;um2;0;;;;;;;;;;;;;;
210;Lateral mammillary nucleus;230545;230544.734665;um2;68;664;664;um2;0.002880;;;;;;;;;;;;;;
491;Medial mammillary nucleus;0;0;um2;0;0;0;um2;0;;;;;;;;;;;;;;
732;Medial mammillary nucleus, median part;178520;178519.856216;um2;164;2092;2092;um2;0.011719;;;;;;;;;;;;;;
606826647;Medial mammillary nucleus, lateral part;319173;319173.196960;um2;182;1791;1791;um2;0.005611;;;;;;;;;;;;;;
606826651;Medial mammillary nucleus, medial part;244292;244291.715332;um2;141;1339;1339;um2;0.005481;;;;;;;;;;;;;;
606826655;Medial mammillary nucleus, posterior part;0;0;um2;0;0;0;um2;0;;;;;;;;;;;;;;
606826659;Medial mammillary nucleus, dorsal part;27220;27219.704361;um2;5;30;30;um2;0.001102;;;;;;;;;;;;;;
525;Supramammillary nucleus;526475;526475.209015;um2;730;10077;10077;um2;0.019141;;;;;;;;;;;;;;
1110;Supramammillary nucleus, lateral part;0;0;um2;0;0;0;um2;0;;;;;;;;;;;;;;
1118;Supramammillary nucleus, medial part;0;0;um2;0;0;0;um2;0;;;;;;;;;;;;;;
557;Tuberomammillary nucleus;0;0;um2;0;0;0;um2;0;;;;;;;;;;;;;;
1126;Tuberomammillary nucleus, dorsal part;126623;126623.063751;um2;203;1566;1566;um2;0.012367;;;;;;;;;;;;;;
1;Tuberomammillary nucleus, ventral part;243987;243986.751099;um2;65;525;525;um2;0.002152;;;;;;;;;;;;;;
515;Medial preoptic nucleus;1624907;1624907.177734;um2;2311;38102;38102;um2;0.023449;;;;;;;;;;;;;;
740;Medial preoptic nucleus, central part;0;0;um2;0;0;0;um2;0;;;;;;;;;;;;;;
748;Medial preoptic nucleus, lateral part;0;0;um2;0;0;0;um2;0;;;;;;;;;;;;;;
756;Medial preoptic nucleus, medial part;0;0;um2;0;0;0;um2;0;;;;;;;;;;;;;;
980;Dorsal premammillary nucleus;472338;472337.500397;um2;249;2083;2083;um2;0.004410;;;;;;;;;;;;;;
1004;Ventral premammillary nucleus;587855;587854.919281;um2;174;1214;1214;um2;0.002065;;;;;;;;;;;;;;
63;Paraventricular hypothalamic nucleus, descending division;335387;335386.594086;um2;1067;17422;17422;um2;0.051946;;;;;;;;;;;;;;
439;Paraventricular hypothalamic nucleus, descending division, dorsal parvicellular part;0;0;um2;0;0;0;um2;0;;;;;;;;;;;;;;
447;Paraventricular hypothalamic nucleus, descending division, forniceal part;0;0;um2;0;0;0;um2;0;;;;;;;;;;;;;;
455;Paraventricular hypothalamic nucleus, descending division, lateral parvicellular part;0;0;um2;0;0;0;um2;0;;;;;;;;;;;;;;
464;Paraventricular hypothalamic nucleus, descending division, medial parvicellular part, ventral zone;0;0;um2;0;0;0;um2;0;;;;;;;;;;;;;;
693;Ventromedial hypothalamic nucleus;1516329;1516329.287872;um2;827;10828;10828;um2;0.007141;;;;;;;;;;;;;;
761;Ventromedial hypothalamic nucleus, anterior part;0;0;um2;0;0;0;um2;0;;;;;;;;;;;;;;
769;Ventromedial hypothalamic nucleus, central part;0;0;um2;0;0;0;um2;0;;;;;;;;;;;;;;
777;Ventromedial hypothalamic nucleus, dorsomedial part;0;0;um2;0;0;0;um2;0;;;;;;;;;;;;;;
785;Ventromedial hypothalamic nucleus, ventrolateral part;0;0;um2;0;0;0;um2;0;;;;;;;;;;;;;;
946;Posterior hypothalamic nucleus;1942664;1942663.909531;um2;4553;74292;74292;um2;0.038242;;;;;;;;;;;;;;
290;Hypothalamic lateral zone;0;0;um2;0;0;0;um2;0;;;;;;;;;;;;;;
194;Lateral hypothalamic area;6093356;6093356.348969;um2;7994;122081;122081;um2;0.020035;;;;;;;;;;;;;;
226;Lateral preoptic area;2547665;2547664.816467;um2;3600;54184;54184;um2;0.021268;;;;;;;;;;;;;;
356;Preparasubthalamic nucleus;41662;41661.507568;um2;96;1372;1372;um2;0.032932;;;;;;;;;;;;;;
364;Parasubthalamic nucleus;422848;422848.338623;um2;624;7662;7662;um2;0.018120;;;;;;;;;;;;;;
576073704;Perifornical nucleus;660517;660516.950836;um2;1211;20309;20309;um2;0.030747;;;;;;;;;;;;;;
173;Retrochiasmatic area;647105;647105.462524;um2;476;6854;6854;um2;0.010592;;;;;;;;;;;;;;
470;Subthalamic nucleus;449125;449124.512573;um2;680;5566;5566;um2;0.012393;;;;;;;;;;;;;;
614;Tuberal nucleus;1551788;1551788.279297;um2;496;6181;6181;um2;0.003983;;;;;;;;;;;;;;
797;Zona incerta;3276486;3276486.385361;um2;5310;79627;79627;um2;0.024303;;;;;;;;;;;;;;
796;Dopaminergic A13 group;0;0;um2;0;0;0;um2;0;;;;;;;;;;;;;;
804;Fields of Forel;471681;471681.103607;um2;787;12619;12619;um2;0.026753;;;;;;;;;;;;;;
10671;Median eminence;183765;183764.825043;um2;5;27;27;um2;0.000147;;;;;;;;;;;;;;
313;Midbrain;4105339;4105338.955719;um2;6678;99722;99722;um2;0.024291;;;;;;;;;;;;;;
339;Midbrain, sensory related;0;0;um2;0;0;0;um2;0;;;;;;;;;;;;;;
302;Superior colliculus, sensory related;0;0;um2;0;0;0;um2;0;;;;;;;;;;;;;;
851;Superior colliculus, optic layer;0;0;um2;0;0;0;um2;0;;;;;;;;;;;;;;
842;Superior colliculus, superficial gray layer;0;0;um2;0;0;0;um2;0;;;;;;;;;;;;;;
834;Superior colliculus, zonal layer;0;0;um2;0;0;0;um2;0;;;;;;;;;;;;;;
4;Inferior colliculus;0;0;um2;0;0;0;um2;0;;;;;;;;;;;;;;
811;Inferior colliculus, central nucleus;0;0;um2;0;0;0;um2;0;;;;;;;;;;;;;;
820;Inferior colliculus, dorsal nucleus;0;0;um2;0;0;0;um2;0;;;;;;;;;;;;;;
828;Inferior colliculus, external nucleus;0;0;um2;0;0;0;um2;0;;;;;;;;;;;;;;
580;Nucleus of the brachium of the inferior colliculus;0;0;um2;0;0;0;um2;0;;;;;;;;;;;;;;
271;Nucleus sagulum;0;0;um2;0;0;0;um2;0;;;;;;;;;;;;;;
874;Parabigeminal nucleus;0;0;um2;0;0;0;um2;0;;;;;;;;;;;;;;
460;Midbrain trigeminal nucleus;0;0;um2;0;0;0;um2;0;;;;;;;;;;;;;;
599626923;Subcommissural organ;27676;27676.033157;um2;4;27;27;um2;0.000976;;;;;;;;;;;;;;
323;Midbrain, motor related;0;0;um2;0;0;0;um2;0;;;;;;;;;;;;;;
381;Substantia nigra, reticular part;420977;420977.215271;um2;206;1960;1960;um2;0.004656;;;;;;;;;;;;;;
749;Ventral tegmental area;84550;84549.701157;um2;26;271;271;um2;0.003205;;;;;;;;;;;;;;
607344830;Paranigral nucleus;0;0;um2;0;0;0;um2;0;;;;;;;;;;;;;;
246;Midbrain reticular nucleus, retrorubral area;0;0;um2;0;0;0;um2;0;;;;;;;;;;;;;;
128;Midbrain reticular nucleus;384448;384448.213806;um2;551;9373;9373;um2;0.024380;;;;;;;;;;;;;;
539;Midbrain reticular nucleus, magnocellular part;0;0;um2;0;0;0;um2;0;;;;;;;;;;;;;;
548;Midbrain reticular nucleus, magnocellular part, general;0;0;um2;0;0;0;um2;0;;;;;;;;;;;;;;
555;Midbrain reticular nucleus, parvicellular part;0;0;um2;0;0;0;um2;0;;;;;;;;;;;;;;
294;Superior colliculus, motor related;0;0;um2;0;0;0;um2;0;;;;;;;;;;;;;;
26;Superior colliculus, motor related, deep gray layer;0;0;um2;0;0;0;um2;0;;;;;;;;;;;;;;
42;Superior colliculus, motor related, deep white layer;0;0;um2;0;0;0;um2;0;;;;;;;;;;;;;;
17;Superior colliculus, motor related, intermediate white layer;0;0;um2;0;0;0;um2;0;;;;;;;;;;;;;;
10;Superior colliculus, motor related, intermediate gray layer;0;0;um2;0;0;0;um2;0;;;;;;;;;;;;;;
494;Superior colliculus, motor related, intermediate gray layer, sublayer a;0;0;um2;0;0;0;um2;0;;;;;;;;;;;;;;
503;Superior colliculus, motor related, intermediate gray layer, sublayer b;0;0;um2;0;0;0;um2;0;;;;;;;;;;;;;;
511;Superior colliculus, motor related, intermediate gray layer, sublayer c;0;0;um2;0;0;0;um2;0;;;;;;;;;;;;;;
795;Periaqueductal gray;435432;435431.972275;um2;955;15586;15586;um2;0.035794;;;;;;;;;;;;;;
50;Precommissural nucleus;397505;397505.389252;um2;595;8640;8640;um2;0.021736;;;;;;;;;;;;;;
67;Interstitial nucleus of Cajal;0;0;um2;0;0;0;um2;0;;;;;;;;;;;;;;
587;Nucleus of Darkschewitsch;0;0;um2;0;0;0;um2;0;;;;;;;;;;;;;;
614454277;Supraoculomotor periaqueductal gray;0;0;um2;0;0;0;um2;0;;;;;;;;;;;;;;
1100;Pretectal region;0;0;um2;0;0;0;um2;0;;;;;;;;;;;;;;
215;Anterior pretectal nucleus;961563;961562.902481;um2;1110;13930;13930;um2;0.014487;;;;;;;;;;;;;;
531;Medial pretectal area;0;0;um2;0;0;0;um2;0;;;;;;;;;;;;;;
628;Nucleus of the optic tract;41191;41190.880051;um2;4;32;32;um2;0.000777;;;;;;;;;;;;;;
634;Nucleus of the posterior commissure;186097;186097.368164;um2;347;4793;4793;um2;0.025755;;;;;;;;;;;;;;
706;Olivary pretectal nucleus;57958;57958.102646;um2;27;224;224;um2;0.003865;;;;;;;;;;;;;;
1061;Posterior pretectal nucleus;18789;18788.822479;um2;12;145;145;um2;0.007717;;;;;;;;;;;;;;
549009203;Retroparafascicular nucleus;93462;93462.347717;um2;189;3313;3313;um2;0.035447;;;;;;;;;;;;;;
549009207;Intercollicular nucleus;0;0;um2;0;0;0;um2;0;;;;;;;;;;;;;;
616;Cuneiform nucleus;0;0;um2;0;0;0;um2;0;;;;;;;;;;;;;;
214;Red nucleus;0;0;um2;0;0;0;um2;0;;;;;;;;;;;;;;
35;Oculomotor nucleus;0;0;um2;0;0;0;um2;0;;;;;;;;;;;;;;
549009211;Medial accesory oculomotor nucleus;0;0;um2;0;0;0;um2;0;;;;;;;;;;;;;;
975;Edinger-Westphal nucleus;0;0;um2;0;0;0;um2;0;;;;;;;;;;;;;;
115;Trochlear nucleus;0;0;um2;0;0;0;um2;0;;;;;;;;;;;;;;
606826663;Paratrochlear nucleus;0;0;um2;0;0;0;um2;0;;;;;;;;;;;;;;
757;Ventral tegmental nucleus;0;0;um2;0;0;0;um2;0;;;;;;;;;;;;;;
231;Anterior tegmental nucleus;0;0;um2;0;0;0;um2;0;;;;;;;;;;;;;;
66;Lateral terminal nucleus of the accessory optic tract;0;0;um2;0;0;0;um2;0;;;;;;;;;;;;;;
75;Dorsal terminal nucleus of the accessory optic tract;0;0;um2;0;0;0;um2;0;;;;;;;;;;;;;;
58;Medial terminal nucleus of the accessory optic tract;0;0;um2;0;0;0;um2;0;;;;;;;;;;;;;;
615;Substantia nigra, lateral part;0;0;um2;0;0;0;um2;0;;;;;;;;;;;;;;
348;Midbrain, behavioral state related;0;0;um2;0;0;0;um2;0;;;;;;;;;;;;;;
374;Substantia nigra, compact part;72265;72264.701843;um2;41;487;487;um2;0.006739;;;;;;;;;;;;;;
1052;Pedunculopontine nucleus;0;0;um2;0;0;0;um2;0;;;;;;;;;;;;;;
165;Midbrain raphe nuclei;0;0;um2;0;0;0;um2;0;;;;;;;;;;;;;;
12;Interfascicular nucleus raphe;0;0;um2;0;0;0;um2;0;;;;;;;;;;;;;;
100;Interpeduncular nucleus;0;0;um2;0;0;0;um2;0;;;;;;;;;;;;;;
607344834;Interpeduncular nucleus, rostral;0;0;um2;0;0;0;um2;0;;;;;;;;;;;;;;
607344838;Interpeduncular nucleus, caudal;0;0;um2;0;0;0;um2;0;;;;;;;;;;;;;;
607344842;Interpeduncular nucleus, apical;0;0;um2;0;0;0;um2;0;;;;;;;;;;;;;;
607344846;Interpeduncular nucleus, lateral;0;0;um2;0;0;0;um2;0;;;;;;;;;;;;;;
607344850;Interpeduncular nucleus, intermediate;0;0;um2;0;0;0;um2;0;;;;;;;;;;;;;;
607344854;Interpeduncular nucleus, dorsomedial;0;0;um2;0;0;0;um2;0;;;;;;;;;;;;;;
607344858;Interpeduncular nucleus, dorsolateral;0;0;um2;0;0;0;um2;0;;;;;;;;;;;;;;
607344862;Interpeduncular nucleus, rostrolateral;0;0;um2;0;0;0;um2;0;;;;;;;;;;;;;;
197;Rostral linear nucleus raphe;0;0;um2;0;0;0;um2;0;;;;;;;;;;;;;;
591;Central linear nucleus raphe;0;0;um2;0;0;0;um2;0;;;;;;;;;;;;;;
872;Dorsal nucleus raphe;0;0;um2;0;0;0;um2;0;;;;;;;;;;;;;;
1065;Hindbrain;0;0;um2;0;0;0;um2;0;;;;;;;;;;;;;;
771;Pons;0;0;um2;0;0;0;um2;0;;;;;;;;;;;;;;
1132;Pons, sensory related;0;0;um2;0;0;0;um2;0;;;;;;;;;;;;;;
612;Nucleus of the lateral lemniscus;0;0;um2;0;0;0;um2;0;;;;;;;;;;;;;;
82;Nucleus of the lateral lemniscus, dorsal part;0;0;um2;0;0;0;um2;0;;;;;;;;;;;;;;
90;Nucleus of the lateral lemniscus, horizontal part;0;0;um2;0;0;0;um2;0;;;;;;;;;;;;;;
99;Nucleus of the lateral lemniscus, ventral part;0;0;um2;0;0;0;um2;0;;;;;;;;;;;;;;
7;Principal sensory nucleus of the trigeminal;0;0;um2;0;0;0;um2;0;;;;;;;;;;;;;;
867;Parabrachial nucleus;0;0;um2;0;0;0;um2;0;;;;;;;;;;;;;;
123;Koelliker-Fuse subnucleus;0;0;um2;0;0;0;um2;0;;;;;;;;;;;;;;
881;Parabrachial nucleus, lateral division;0;0;um2;0;0;0;um2;0;;;;;;;;;;;;;;
860;Parabrachial nucleus, lateral division, central lateral part;0;0;um2;0;0;0;um2;0;;;;;;;;;;;;;;
868;Parabrachial nucleus, lateral division, dorsal lateral part;0;0;um2;0;0;0;um2;0;;;;;;;;;;;;;;
875;Parabrachial nucleus, lateral division, external lateral part;0;0;um2;0;0;0;um2;0;;;;;;;;;;;;;;
883;Parabrachial nucleus, lateral division, superior lateral part;0;0;um2;0;0;0;um2;0;;;;;;;;;;;;;;
891;Parabrachial nucleus, lateral division, ventral lateral part;0;0;um2;0;0;0;um2;0;;;;;;;;;;;;;;
890;Parabrachial nucleus, medial division;0;0;um2;0;0;0;um2;0;;;;;;;;;;;;;;
899;Parabrachial nucleus, medial division, external medial part;0;0;um2;0;0;0;um2;0;;;;;;;;;;;;;;
915;Parabrachial nucleus, medial division, medial medial part;0;0;um2;0;0;0;um2;0;;;;;;;;;;;;;;
923;Parabrachial nucleus, medial division, ventral medial part;0;0;um2;0;0;0;um2;0;;;;;;;;;;;;;;
398;Superior olivary complex;0;0;um2;0;0;0;um2;0;;;;;;;;;;;;;;
122;Superior olivary complex, periolivary region;0;0;um2;0;0;0;um2;0;;;;;;;;;;;;;;
105;Superior olivary complex, medial part;0;0;um2;0;0;0;um2;0;;;;;;;;;;;;;;
114;Superior olivary complex, lateral part;0;0;um2;0;0;0;um2;0;;;;;;;;;;;;;;
987;Pons, motor related;0;0;um2;0;0;0;um2;0;;;;;;;;;;;;;;
280;Barrington's nucleus;0;0;um2;0;0;0;um2;0;;;;;;;;;;;;;;
880;Dorsal tegmental nucleus;0;0;um2;0;0;0;um2;0;;;;;;;;;;;;;;
283;Lateral tegmental nucleus;0;0;um2;0;0;0;um2;0;;;;;;;;;;;;;;
599626927;Posterodorsal tegmental nucleus;0;0;um2;0;0;0;um2;0;;;;;;;;;;;;;;
898;Pontine central gray;0;0;um2;0;0;0;um2;0;;;;;;;;;;;;;;
931;Pontine gray;0;0;um2;0;0;0;um2;0;;;;;;;;;;;;;;
1093;Pontine reticular nucleus, caudal part;0;0;um2;0;0;0;um2;0;;;;;;;;;;;;;;
552;Pontine reticular nucleus, ventral part;0;0;um2;0;0;0;um2;0;;;;;;;;;;;;;;
318;Supragenual nucleus;0;0;um2;0;0;0;um2;0;;;;;;;;;;;;;;
462;Superior salivatory nucleus;0;0;um2;0;0;0;um2;0;;;;;;;;;;;;;;
534;Supratrigeminal nucleus;0;0;um2;0;0;0;um2;0;;;;;;;;;;;;;;
574;Tegmental reticular nucleus;0;0;um2;0;0;0;um2;0;;;;;;;;;;;;;;
621;Motor nucleus of trigeminal;0;0;um2;0;0;0;um2;0;;;;;;;;;;;;;;
549009215;Peritrigeminal zone;0;0;um2;0;0;0;um2;0;;;;;;;;;;;;;;
549009219;Accessory trigeminal nucleus;0;0;um2;0;0;0;um2;0;;;;;;;;;;;;;;
549009223;Parvicellular motor 5 nucleus;0;0;um2;0;0;0;um2;0;;;;;;;;;;;;;;
549009227;Intertrigeminal nucleus;0;0;um2;0;0;0;um2;0;;;;;;;;;;;;;;
1117;Pons, behavioral state related;0;0;um2;0;0;0;um2;0;;;;;;;;;;;;;;
679;Superior central nucleus raphe;0;0;um2;0;0;0;um2;0;;;;;;;;;;;;;;
137;Superior central nucleus raphe, lateral part;0;0;um2;0;0;0;um2;0;;;;;;;;;;;;;;
130;Superior central nucleus raphe, medial part;0;0;um2;0;0;0;um2;0;;;;;;;;;;;;;;
147;Locus ceruleus;0;0;um2;0;0;0;um2;0;;;;;;;;;;;;;;
162;Laterodorsal tegmental nucleus;0;0;um2;0;0;0;um2;0;;;;;;;;;;;;;;
604;Nucleus incertus;0;0;um2;0;0;0;um2;0;;;;;;;;;;;;;;
146;Pontine reticular nucleus;0;0;um2;0;0;0;um2;0;;;;;;;;;;;;;;
238;Nucleus raphe pontis;0;0;um2;0;0;0;um2;0;;;;;;;;;;;;;;
350;Subceruleus nucleus;0;0;um2;0;0;0;um2;0;;;;;;;;;;;;;;
358;Sublaterodorsal nucleus;0;0;um2;0;0;0;um2;0;;;;;;;;;;;;;;
354;Medulla;0;0;um2;0;0;0;um2;0;;;;;;;;;;;;;;
386;Medulla, sensory related;0;0;um2;0;0;0;um2;0;;;;;;;;;;;;;;
207;Area postrema;0;0;um2;0;0;0;um2;0;;;;;;;;;;;;;;
607;Cochlear nuclei;0;0;um2;0;0;0;um2;0;;;;;;;;;;;;;;
112;Granular lamina of the cochlear nuclei;0;0;um2;0;0;0;um2;0;;;;;;;;;;;;;;
560;Cochlear nucleus, subpedunclular granular region;0;0;um2;0;0;0;um2;0;;;;;;;;;;;;;;
96;Dorsal cochlear nucleus;0;0;um2;0;0;0;um2;0;;;;;;;;;;;;;;
101;Ventral cochlear nucleus;0;0;um2;0;0;0;um2;0;;;;;;;;;;;;;;
720;Dorsal column nuclei;0;0;um2;0;0;0;um2;0;;;;;;;;;;;;;;
711;Cuneate nucleus;0;0;um2;0;0;0;um2;0;;;;;;;;;;;;;;
1039;Gracile nucleus;0;0;um2;0;0;0;um2;0;;;;;;;;;;;;;;
903;External cuneate nucleus;0;0;um2;0;0;0;um2;0;;;;;;;;;;;;;;
642;Nucleus of the trapezoid body;0;0;um2;0;0;0;um2;0;;;;;;;;;;;;;;
651;Nucleus of the solitary tract;0;0;um2;0;0;0;um2;0;;;;;;;;;;;;;;
659;Nucleus of the solitary tract, central part;0;0;um2;0;0;0;um2;0;;;;;;;;;;;;;;
666;Nucleus of the solitary tract, commissural part;0;0;um2;0;0;0;um2;0;;;;;;;;;;;;;;
674;Nucleus of the solitary tract, gelatinous part;0;0;um2;0;0;0;um2;0;;;;;;;;;;;;;;
682;Nucleus of the solitary tract, lateral part;0;0;um2;0;0;0;um2;0;;;;;;;;;;;;;;
691;Nucleus of the solitary tract, medial part;0;0;um2;0;0;0;um2;0;;;;;;;;;;;;;;
429;Spinal nucleus of the trigeminal, caudal part;0;0;um2;0;0;0;um2;0;;;;;;;;;;;;;;
437;Spinal nucleus of the trigeminal, interpolar part;0;0;um2;0;0;0;um2;0;;;;;;;;;;;;;;
445;Spinal nucleus of the trigeminal, oral part;0;0;um2;0;0;0;um2;0;;;;;;;;;;;;;;
77;Spinal nucleus of the trigeminal, oral part, caudal dorsomedial part;0;0;um2;0;0;0;um2;0;;;;;;;;;;;;;;
53;Spinal nucleus of the trigeminal, oral part, middle dorsomedial part, dorsal zone;0;0;um2;0;0;0;um2;0;;;;;;;;;;;;;;
61;Spinal nucleus of the trigeminal, oral part, middle dorsomedial part, ventral zone;0;0;um2;0;0;0;um2;0;;;;;;;;;;;;;;
45;Spinal nucleus of the trigeminal, oral part, rostral dorsomedial part;0;0;um2;0;0;0;um2;0;;;;;;;;;;;;;;
69;Spinal nucleus of the trigeminal, oral part, ventrolateral part;0;0;um2;0;0;0;um2;0;;;;;;;;;;;;;;
589508451;Paratrigeminal nucleus;0;0;um2;0;0;0;um2;0;;;;;;;;;;;;;;
789;Nucleus z;0;0;um2;0;0;0;um2;0;;;;;;;;;;;;;;
370;Medulla, motor related;0;0;um2;0;0;0;um2;0;;;;;;;;;;;;;;
653;Abducens nucleus;0;0;um2;0;0;0;um2;0;;;;;;;;;;;;;;
568;Accessory abducens nucleus;0;0;um2;0;0;0;um2;0;;;;;;;;;;;;;;
661;Facial motor nucleus;0;0;um2;0;0;0;um2;0;;;;;;;;;;;;;;
576;Accessory facial motor nucleus;0;0;um2;0;0;0;um2;0;;;;;;;;;;;;;;
640;Efferent vestibular nucleus;0;0;um2;0;0;0;um2;0;;;;;;;;;;;;;;
135;Nucleus ambiguus;0;0;um2;0;0;0;um2;0;;;;;;;;;;;;;;
939;Nucleus ambiguus, dorsal division;0;0;um2;0;0;0;um2;0;;;;;;;;;;;;;;
143;Nucleus ambiguus, ventral division;0;0;um2;0;0;0;um2;0;;;;;;;;;;;;;;
839;Dorsal motor nucleus of the vagus nerve;0;0;um2;0;0;0;um2;0;;;;;;;;;;;;;;
887;Efferent cochlear group;0;0;um2;0;0;0;um2;0;;;;;;;;;;;;;;
1048;Gigantocellular reticular nucleus;0;0;um2;0;0;0;um2;0;;;;;;;;;;;;;;
372;Infracerebellar nucleus;0;0;um2;0;0;0;um2;0;;;;;;;;;;;;;;
83;Inferior olivary complex;0;0;um2;0;0;0;um2;0;;;;;;;;;;;;;;
136;Intermediate reticular nucleus;0;0;um2;0;0;0;um2;0;;;;;;;;;;;;;;
106;Inferior salivatory nucleus;0;0;um2;0;0;0;um2;0;;;;;;;;;;;;;;
203;Linear nucleus of the medulla;0;0;um2;0;0;0;um2;0;;;;;;;;;;;;;;
235;Lateral reticular nucleus;0;0;um2;0;0;0;um2;0;;;;;;;;;;;;;;
955;Lateral reticular nucleus, magnocellular part;0;0;um2;0;0;0;um2;0;;;;;;;;;;;;;;
963;Lateral reticular nucleus, parvicellular part;0;0;um2;0;0;0;um2;0;;;;;;;;;;;;;;
307;Magnocellular reticular nucleus;0;0;um2;0;0;0;um2;0;;;;;;;;;;;;;;
395;Medullary reticular nucleus;0;0;um2;0;0;0;um2;0;;;;;;;;;;;;;;
1098;Medullary reticular nucleus, dorsal part;0;0;um2;0;0;0;um2;0;;;;;;;;;;;;;;
1107;Medullary reticular nucleus, ventral part;0;0;um2;0;0;0;um2;0;;;;;;;;;;;;;;
852;Parvicellular reticular nucleus;0;0;um2;0;0;0;um2;0;;;;;;;;;;;;;;
859;Parasolitary nucleus;0;0;um2;0;0;0;um2;0;;;;;;;;;;;;;;
938;Paragigantocellular reticular nucleus;0;0;um2;0;0;0;um2;0;;;;;;;;;;;;;;
970;Paragigantocellular reticular nucleus, dorsal part;0;0;um2;0;0;0;um2;0;;;;;;;;;;;;;;
978;Paragigantocellular reticular nucleus, lateral part;0;0;um2;0;0;0;um2;0;;;;;;;;;;;;;;
154;Perihypoglossal nuclei;0;0;um2;0;0;0;um2;0;;;;;;;;;;;;;;
161;Nucleus intercalatus;0;0;um2;0;0;0;um2;0;;;;;;;;;;;;;;
177;Nucleus of Roller;0;0;um2;0;0;0;um2;0;;;;;;;;;;;;;;
169;Nucleus prepositus;0;0;um2;0;0;0;um2;0;;;;;;;;;;;;;;
995;Paramedian reticular nucleus;0;0;um2;0;0;0;um2;0;;;;;;;;;;;;;;
1069;Parapyramidal nucleus;0;0;um2;0;0;0;um2;0;;;;;;;;;;;;;;
185;Parapyramidal nucleus, deep part;0;0;um2;0;0;0;um2;0;;;;;;;;;;;;;;
193;Parapyramidal nucleus, superficial part;0;0;um2;0;0;0;um2;0;;;;;;;;;;;;;;
701;Vestibular nuclei;0;0;um2;0;0;0;um2;0;;;;;;;;;;;;;;
209;Lateral vestibular nucleus;0;0;um2;0;0;0;um2;0;;;;;;;;;;;;;;
202;Medial vestibular nucleus;0;0;um2;0;0;0;um2;0;;;;;;;;;;;;;;
225;Spinal vestibular nucleus;0;0;um2;0;0;0;um2;0;;;;;;;;;;;;;;
217;Superior vestibular nucleus;0;0;um2;0;0;0;um2;0;;;;;;;;;;;;;;
765;Nucleus x;0;0;um2;0;0;0;um2;0;;;;;;;;;;;;;;
773;Hypoglossal nucleus;0;0;um2;0;0;0;um2;0;;;;;;;;;;;;;;
781;Nucleus y;0;0;um2;0;0;0;um2;0;;;;;;;;;;;;;;
76;Interstitial nucleus of the vestibular nerve;0;0;um2;0;0;0;um2;0;;;;;;;;;;;;;;
379;Medulla, behavioral state related;0;0;um2;0;0;0;um2;0;;;;;;;;;;;;;;
206;Nucleus raphe magnus;0;0;um2;0;0;0;um2;0;;;;;;;;;;;;;;
230;Nucleus raphe pallidus;0;0;um2;0;0;0;um2;0;;;;;;;;;;;;;;
222;Nucleus raphe obscurus;0;0;um2;0;0;0;um2;0;;;;;;;;;;;;;;
512;Cerebellum;0;0;um2;0;0;0;um2;0;;;;;;;;;;;;;;
528;Cerebellar cortex;0;0;um2;0;0;0;um2;0;;;;;;;;;;;;;;
1144;Cerebellar cortex, molecular layer;0;0;um2;0;0;0;um2;0;;;;;;;;;;;;;;
1145;Cerebellar cortex, Purkinje layer;0;0;um2;0;0;0;um2;0;;;;;;;;;;;;;;
1143;Cerebellar cortex, granular layer;0;0;um2;0;0;0;um2;0;;;;;;;;;;;;;;
645;Vermal regions;0;0;um2;0;0;0;um2;0;;;;;;;;;;;;;;
912;Lingula (I);0;0;um2;0;0;0;um2;0;;;;;;;;;;;;;;
10707;Lingula (I), molecular layer;0;0;um2;0;0;0;um2;0;;;;;;;;;;;;;;
10706;Lingula (I), Purkinje layer;0;0;um2;0;0;0;um2;0;;;;;;;;;;;;;;
10705;Lingula (I), granular layer;0;0;um2;0;0;0;um2;0;;;;;;;;;;;;;;
920;Central lobule;0;0;um2;0;0;0;um2;0;;;;;;;;;;;;;;
976;Lobule II;0;0;um2;0;0;0;um2;0;;;;;;;;;;;;;;
10710;Lobule II, molecular layer;0;0;um2;0;0;0;um2;0;;;;;;;;;;;;;;
10709;Lobule II, Purkinje layer;0;0;um2;0;0;0;um2;0;;;;;;;;;;;;;;
10708;Lobule II, granular layer;0;0;um2;0;0;0;um2;0;;;;;;;;;;;;;;
984;Lobule III;0;0;um2;0;0;0;um2;0;;;;;;;;;;;;;;
10713;Lobule III, molecular layer;0;0;um2;0;0;0;um2;0;;;;;;;;;;;;;;
10712;Lobule III, Purkinje layer;0;0;um2;0;0;0;um2;0;;;;;;;;;;;;;;
10711;Lobule III, granular layer;0;0;um2;0;0;0;um2;0;;;;;;;;;;;;;;
928;Culmen;0;0;um2;0;0;0;um2;0;;;;;;;;;;;;;;
992;Lobule IV;0;0;um2;0;0;0;um2;0;;;;;;;;;;;;;;
10716;Lobule IV, molecular layer;0;0;um2;0;0;0;um2;0;;;;;;;;;;;;;;
10715;Lobule IV, Purkinje layer;0;0;um2;0;0;0;um2;0;;;;;;;;;;;;;;
10714;Lobule IV, granular layer;0;0;um2;0;0;0;um2;0;;;;;;;;;;;;;;
1001;Lobule V;0;0;um2;0;0;0;um2;0;;;;;;;;;;;;;;
10719;Lobule V, molecular layer;0;0;um2;0;0;0;um2;0;;;;;;;;;;;;;;
10718;Lobule V, Purkinje layer;0;0;um2;0;0;0;um2;0;;;;;;;;;;;;;;
10717;Lobule V, granular layer;0;0;um2;0;0;0;um2;0;;;;;;;;;;;;;;
1091;Lobules IV-V;0;0;um2;0;0;0;um2;0;;;;;;;;;;;;;;
10722;Lobules IV-V, molecular layer;0;0;um2;0;0;0;um2;0;;;;;;;;;;;;;;
10721;Lobules IV-V, Purkinje layer;0;0;um2;0;0;0;um2;0;;;;;;;;;;;;;;
10720;Lobules IV-V, granular layer;0;0;um2;0;0;0;um2;0;;;;;;;;;;;;;;
936;Declive (VI);0;0;um2;0;0;0;um2;0;;;;;;;;;;;;;;
10725;Declive (VI), molecular layer;0;0;um2;0;0;0;um2;0;;;;;;;;;;;;;;
10724;Declive (VI), Purkinje layer;0;0;um2;0;0;0;um2;0;;;;;;;;;;;;;;
10723;Declive (VI), granular layer;0;0;um2;0;0;0;um2;0;;;;;;;;;;;;;;
944;Folium-tuber vermis (VII);0;0;um2;0;0;0;um2;0;;;;;;;;;;;;;;
10728;Folium-tuber vermis (VII), molecular layer;0;0;um2;0;0;0;um2;0;;;;;;;;;;;;;;
10727;Folium-tuber vermis (VII), Purkinje layer;0;0;um2;0;0;0;um2;0;;;;;;;;;;;;;;
10726;Folium-tuber vermis (VII), granular layer;0;0;um2;0;0;0;um2;0;;;;;;;;;;;;;;
951;Pyramus (VIII);0;0;um2;0;0;0;um2;0;;;;;;;;;;;;;;
10731;Pyramus (VIII), molecular layer;0;0;um2;0;0;0;um2;0;;;;;;;;;;;;;;
10730;Pyramus (VIII), Purkinje layer;0;0;um2;0;0;0;um2;0;;;;;;;;;;;;;;
10729;Pyramus (VIII), granular layer;0;0;um2;0;0;0;um2;0;;;;;;;;;;;;;;
957;Uvula (IX);0;0;um2;0;0;0;um2;0;;;;;;;;;;;;;;
10734;Uvula (IX), molecular layer;0;0;um2;0;0;0;um2;0;;;;;;;;;;;;;;
10733;Uvula (IX), Purkinje layer;0;0;um2;0;0;0;um2;0;;;;;;;;;;;;;;
10732;Uvula (IX), granular layer;0;0;um2;0;0;0;um2;0;;;;;;;;;;;;;;
968;Nodulus (X);0;0;um2;0;0;0;um2;0;;;;;;;;;;;;;;
10737;Nodulus (X), molecular layer;0;0;um2;0;0;0;um2;0;;;;;;;;;;;;;;
10736;Nodulus (X), Purkinje layer;0;0;um2;0;0;0;um2;0;;;;;;;;;;;;;;
10735;Nodulus (X), granular layer;0;0;um2;0;0;0;um2;0;;;;;;;;;;;;;;
1073;Hemispheric regions;0;0;um2;0;0;0;um2;0;;;;;;;;;;;;;;
1007;Simple lobule;0;0;um2;0;0;0;um2;0;;;;;;;;;;;;;;
10674;Simple lobule, molecular layer;0;0;um2;0;0;0;um2;0;;;;;;;;;;;;;;
10673;Simple lobule, Purkinje layer;0;0;um2;0;0;0;um2;0;;;;;;;;;;;;;;
10672;Simple lobule, granular layer;0;0;um2;0;0;0;um2;0;;;;;;;;;;;;;;
1017;Ansiform lobule;0;0;um2;0;0;0;um2;0;;;;;;;;;;;;;;
1056;Crus 1;0;0;um2;0;0;0;um2;0;;;;;;;;;;;;;;
10677;Crus 1, molecular layer;0;0;um2;0;0;0;um2;0;;;;;;;;;;;;;;
10676;Crus 1, Purkinje layer;0;0;um2;0;0;0;um2;0;;;;;;;;;;;;;;
10675;Crus 1, granular layer;0;0;um2;0;0;0;um2;0;;;;;;;;;;;;;;
1064;Crus 2;0;0;um2;0;0;0;um2;0;;;;;;;;;;;;;;
10680;Crus 2, molecular layer;0;0;um2;0;0;0;um2;0;;;;;;;;;;;;;;
10679;Crus 2, Purkinje layer;0;0;um2;0;0;0;um2;0;;;;;;;;;;;;;;
10678;Crus 2, granular layer;0;0;um2;0;0;0;um2;0;;;;;;;;;;;;;;
1025;Paramedian lobule;0;0;um2;0;0;0;um2;0;;;;;;;;;;;;;;
10683;Paramedian lobule, molecular layer;0;0;um2;0;0;0;um2;0;;;;;;;;;;;;;;
10682;Paramedian lobule, Purkinje layer;0;0;um2;0;0;0;um2;0;;;;;;;;;;;;;;
10681;Paramedian lobule, granular layer;0;0;um2;0;0;0;um2;0;;;;;;;;;;;;;;
1033;Copula pyramidis;0;0;um2;0;0;0;um2;0;;;;;;;;;;;;;;
10686;Copula pyramidis, molecular layer;0;0;um2;0;0;0;um2;0;;;;;;;;;;;;;;
10685;Copula pyramidis, Purkinje layer;0;0;um2;0;0;0;um2;0;;;;;;;;;;;;;;
10684;Copula pyramidis, granular layer;0;0;um2;0;0;0;um2;0;;;;;;;;;;;;;;
1041;Paraflocculus;0;0;um2;0;0;0;um2;0;;;;;;;;;;;;;;
10689;Paraflocculus, molecular layer;0;0;um2;0;0;0;um2;0;;;;;;;;;;;;;;
10688;Paraflocculus, Purkinje layer;0;0;um2;0;0;0;um2;0;;;;;;;;;;;;;;
10687;Paraflocculus, granular layer;0;0;um2;0;0;0;um2;0;;;;;;;;;;;;;;
1049;Flocculus;0;0;um2;0;0;0;um2;0;;;;;;;;;;;;;;
10692;Flocculus, molecular layer;0;0;um2;0;0;0;um2;0;;;;;;;;;;;;;;
10691;Flocculus, Purkinje layer;0;0;um2;0;0;0;um2;0;;;;;;;;;;;;;;
10690;Flocculus, granular layer;0;0;um2;0;0;0;um2;0;;;;;;;;;;;;;;
519;Cerebellar nuclei;0;0;um2;0;0;0;um2;0;;;;;;;;;;;;;;
989;Fastigial nucleus;0;0;um2;0;0;0;um2;0;;;;;;;;;;;;;;
91;Interposed nucleus;0;0;um2;0;0;0;um2;0;;;;;;;;;;;;;;
846;Dentate nucleus;0;0;um2;0;0;0;um2;0;;;;;;;;;;;;;;
589508455;Vestibulocerebellar nucleus;0;0;um2;0;0;0;um2;0;;;;;;;;;;;;;;
1009;fiber tracts;4226539;4226538.844193;um2;1266;15506;15506;um2;0.003669;;;;;;;;;;;;;;
967;cranial nerves;0;0;um2;0;0;0;um2;0;;;;;;;;;;;;;;
885;terminal nerve;0;0;um2;0;0;0;um2;0;;;;;;;;;;;;;;
949;vomeronasal nerve;0;0;um2;0;0;0;um2;0;;;;;;;;;;;;;;
840;olfactory nerve;0;0;um2;0;0;0;um2;0;;;;;;;;;;;;;;
1016;olfactory nerve layer of main olfactory bulb;0;0;um2;0;0;0;um2;0;;;;;;;;;;;;;;
21;lateral olfactory tract, general;0;0;um2;0;0;0;um2;0;;;;;;;;;;;;;;
665;lateral olfactory tract, body;2041167;2041167.184631;um2;270;1472;1472;um2;0.000721;;;;;;;;;;;;;;
538;dorsal limb;0;0;um2;0;0;0;um2;0;;;;;;;;;;;;;;
459;accessory olfactory tract;0;0;um2;0;0;0;um2;0;;;;;;;;;;;;;;
900;anterior commissure, olfactory limb;905924;905924.133423;um2;281;6089;6089;um2;0.006721;;;;;;;;;;;;;;
848;optic nerve;191222;191221.850342;um2;4;30;30;um2;0.000157;;;;;;;;;;;;;;
876;accessory optic tract;0;0;um2;0;0;0;um2;0;;;;;;;;;;;;;;
916;brachium of the superior colliculus;131298;131298.327515;um2;14;78;78;um2;0.000594;;;;;;;;;;;;;;
336;superior colliculus commissure;0;0;um2;0;0;0;um2;0;;;;;;;;;;;;;;
117;optic chiasm;1954947;1954947.028412;um2;201;1559;1559;um2;0.000797;;;;;;;;;;;;;;
125;optic tract;1982324;1982323.613327;um2;394;3066;3066;um2;0.001547;;;;;;;;;;;;;;
357;tectothalamic pathway;0;0;um2;0;0;0;um2;0;;;;;;;;;;;;;;
832;oculomotor nerve;0;0;um2;0;0;0;um2;0;;;;;;;;;;;;;;
62;medial longitudinal fascicle;0;0;um2;0;0;0;um2;0;;;;;;;;;;;;;;
158;posterior commissure;30905;30905.385818;um2;23;282;282;um2;0.009125;;;;;;;;;;;;;;
911;trochlear nerve;0;0;um2;0;0;0;um2;0;;;;;;;;;;;;;;
384;trochlear nerve decussation;0;0;um2;0;0;0;um2;0;;;;;;;;;;;;;;
710;abducens nerve;0;0;um2;0;0;0;um2;0;;;;;;;;;;;;;;
901;trigeminal nerve;0;0;um2;0;0;0;um2;0;;;;;;;;;;;;;;
93;motor root of the trigeminal nerve;0;0;um2;0;0;0;um2;0;;;;;;;;;;;;;;
229;sensory root of the trigeminal nerve;0;0;um2;0;0;0;um2;0;;;;;;;;;;;;;;
705;midbrain tract of the trigeminal nerve;0;0;um2;0;0;0;um2;0;;;;;;;;;;;;;;
794;spinal tract of the trigeminal nerve;0;0;um2;0;0;0;um2;0;;;;;;;;;;;;;;
798;facial nerve;0;0;um2;0;0;0;um2;0;;;;;;;;;;;;;;
1131;intermediate nerve;0;0;um2;0;0;0;um2;0;;;;;;;;;;;;;;
1116;genu of the facial nerve;0;0;um2;0;0;0;um2;0;;;;;;;;;;;;;;
933;vestibulocochlear nerve;0;0;um2;0;0;0;um2;0;;;;;;;;;;;;;;
1076;efferent cochleovestibular bundle;0;0;um2;0;0;0;um2;0;;;;;;;;;;;;;;
413;vestibular nerve;0;0;um2;0;0;0;um2;0;;;;;;;;;;;;;;
948;cochlear nerve;0;0;um2;0;0;0;um2;0;;;;;;;;;;;;;;
841;trapezoid body;0;0;um2;0;0;0;um2;0;;;;;;;;;;;;;;
641;intermediate acoustic stria;0;0;um2;0;0;0;um2;0;;;;;;;;;;;;;;
506;dorsal acoustic stria;0;0;um2;0;0;0;um2;0;;;;;;;;;;;;;;
658;lateral lemniscus;0;0;um2;0;0;0;um2;0;;;;;;;;;;;;;;
633;inferior colliculus commissure;0;0;um2;0;0;0;um2;0;;;;;;;;;;;;;;
482;brachium of the inferior colliculus;0;0;um2;0;0;0;um2;0;;;;;;;;;;;;;;
808;glossopharyngeal nerve;0;0;um2;0;0;0;um2;0;;;;;;;;;;;;;;
917;vagus nerve;0;0;um2;0;0;0;um2;0;;;;;;;;;;;;;;
237;solitary tract;0;0;um2;0;0;0;um2;0;;;;;;;;;;;;;;
717;accessory spinal nerve;0;0;um2;0;0;0;um2;0;;;;;;;;;;;;;;
813;hypoglossal nerve;0;0;um2;0;0;0;um2;0;;;;;;;;;;;;;;
925;ventral roots;0;0;um2;0;0;0;um2;0;;;;;;;;;;;;;;
792;dorsal roots;0;0;um2;0;0;0;um2;0;;;;;;;;;;;;;;
932;cervicothalamic tract;0;0;um2;0;0;0;um2;0;;;;;;;;;;;;;;
570;dorsolateral fascicle;0;0;um2;0;0;0;um2;0;;;;;;;;;;;;;;
522;dorsal commissure of the spinal cord;0;0;um2;0;0;0;um2;0;;;;;;;;;;;;;;
858;ventral commissure of the spinal cord;0;0;um2;0;0;0;um2;0;;;;;;;;;;;;;;
586;fasciculus proprius;0;0;um2;0;0;0;um2;0;;;;;;;;;;;;;;
514;dorsal column;0;0;um2;0;0;0;um2;0;;;;;;;;;;;;;;
380;cuneate fascicle;0;0;um2;0;0;0;um2;0;;;;;;;;;;;;;;
388;gracile fascicle;0;0;um2;0;0;0;um2;0;;;;;;;;;;;;;;
396;internal arcuate fibers;0;0;um2;0;0;0;um2;0;;;;;;;;;;;;;;
697;medial lemniscus;255765;255765.319214;um2;119;1973;1973;um2;0.007714;;;;;;;;;;;;;;
871;spinothalamic tract;0;0;um2;0;0;0;um2;0;;;;;;;;;;;;;;
29;lateral spinothalamic tract;0;0;um2;0;0;0;um2;0;;;;;;;;;;;;;;
389;ventral spinothalamic tract;0;0;um2;0;0;0;um2;0;;;;;;;;;;;;;;
245;spinocervical tract;0;0;um2;0;0;0;um2;0;;;;;;;;;;;;;;
261;spino-olivary pathway;0;0;um2;0;0;0;um2;0;;;;;;;;;;;;;;
270;spinoreticular pathway;0;0;um2;0;0;0;um2;0;;;;;;;;;;;;;;
293;spinovestibular pathway;0;0;um2;0;0;0;um2;0;;;;;;;;;;;;;;
277;spinotectal pathway;0;0;um2;0;0;0;um2;0;;;;;;;;;;;;;;
253;spinohypothalamic pathway;0;0;um2;0;0;0;um2;0;;;;;;;;;;;;;;
285;spinotelenchephalic pathway;0;0;um2;0;0;0;um2;0;;;;;;;;;;;;;;
627;hypothalamohypophysial tract;0;0;um2;0;0;0;um2;0;;;;;;;;;;;;;;
960;cerebellum related fiber tracts;0;0;um2;0;0;0;um2;0;;;;;;;;;;;;;;
744;cerebellar commissure;0;0;um2;0;0;0;um2;0;;;;;;;;;;;;;;
752;cerebellar peduncles;0;0;um2;0;0;0;um2;0;;;;;;;;;;;;;;
326;superior cerebelar peduncles;0;0;um2;0;0;0;um2;0;;;;;;;;;;;;;;
812;superior cerebellar peduncle decussation;0;0;um2;0;0;0;um2;0;;;;;;;;;;;;;;
85;spinocerebellar tract;0;0;um2;0;0;0;um2;0;;;;;;;;;;;;;;
850;uncinate fascicle;0;0;um2;0;0;0;um2;0;;;;;;;;;;;;;;
866;ventral spinocerebellar tract;0;0;um2;0;0;0;um2;0;;;;;;;;;;;;;;
78;middle cerebellar peduncle;0;0;um2;0;0;0;um2;0;;;;;;;;;;;;;;
1123;inferior cerebellar peduncle;0;0;um2;0;0;0;um2;0;;;;;;;;;;;;;;
553;dorsal spinocerebellar tract;0;0;um2;0;0;0;um2;0;;;;;;;;;;;;;;
499;cuneocerebellar tract;0;0;um2;0;0;0;um2;0;;;;;;;;;;;;;;
650;juxtarestiform body;0;0;um2;0;0;0;um2;0;;;;;;;;;;;;;;
490;bulbocerebellar tract;0;0;um2;0;0;0;um2;0;;;;;;;;;;;;;;
404;olivocerebellar tract;0;0;um2;0;0;0;um2;0;;;;;;;;;;;;;;
410;reticulocerebellar tract;0;0;um2;0;0;0;um2;0;;;;;;;;;;;;;;
373;trigeminocerebellar tract;0;0;um2;0;0;0;um2;0;;;;;;;;;;;;;;
728;arbor vitae;0;0;um2;0;0;0;um2;0;;;;;;;;;;;;;;
484682512;supra-callosal cerebral white matter;2967536;2967535.721313;um2;1282;18080;18080;um2;0.006093;;;;;;;;;;;;;;
983;lateral forebrain bundle system;0;0;um2;0;0;0;um2;0;;;;;;;;;;;;;;
776;corpus callosum;0;0;um2;0;0;0;um2;0;;;;;;;;;;;;;;
956;corpus callosum, anterior forceps;2678407;2678406.910980;um2;515;7305;7305;um2;0.002727;;;;;;;;;;;;;;
579;external capsule;1797706;1797705.967453;um2;1934;32706;32706;um2;0.018193;;;;;;;;;;;;;;
964;corpus callosum, extreme capsule;243135;243134.871216;um2;294;5998;5998;um2;0.024669;;;;;;;;;;;;;;
1108;genu of corpus callosum;1346694;1346694.468994;um2;255;3678;3678;um2;0.002731;;;;;;;;;;;;;;
971;corpus callosum, posterior forceps;662841;662840.634705;um2;220;2739;2739;um2;0.004132;;;;;;;;;;;;;;
979;corpus callosum, rostrum;0;0;um2;0;0;0;um2;0;;;;;;;;;;;;;;
484682516;corpus callosum, body;8594245;8594245.428284;um2;2285;23656;23656;um2;0.002753;;;;;;;;;;;;;;
986;corpus callosum, splenium;1703377;1703377.294800;um2;434;5704;5704;um2;0.003349;;;;;;;;;;;;;;
784;corticospinal tract;0;0;um2;0;0;0;um2;0;;;;;;;;;;;;;;
6;internal capsule;4074135;4074135.000336;um2;779;8913;8913;um2;0.002188;;;;;;;;;;;;;;
924;cerebal peduncle;807096;807096.006409;um2;182;1670;1670;um2;0.002069;;;;;;;;;;;;;;
1036;corticotectal tract;0;0;um2;0;0;0;um2;0;;;;;;;;;;;;;;
1012;corticorubral tract;0;0;um2;0;0;0;um2;0;;;;;;;;;;;;;;
1003;corticopontine tract;0;0;um2;0;0;0;um2;0;;;;;;;;;;;;;;
994;corticobulbar tract;0;0;um2;0;0;0;um2;0;;;;;;;;;;;;;;
190;pyramid;0;0;um2;0;0;0;um2;0;;;;;;;;;;;;;;
198;pyramidal decussation;0;0;um2;0;0;0;um2;0;;;;;;;;;;;;;;
1019;corticospinal tract, crossed;0;0;um2;0;0;0;um2;0;;;;;;;;;;;;;;
1028;corticospinal tract, uncrossed;0;0;um2;0;0;0;um2;0;;;;;;;;;;;;;;
896;thalamus related;0;0;um2;0;0;0;um2;0;;;;;;;;;;;;;;
1092;external medullary lamina of the thalamus;206766;206766.415771;um2;56;618;618;um2;0.002989;;;;;;;;;;;;;;
14;internal medullary lamina of the thalamus;0;0;um2;0;0;0;um2;0;;;;;;;;;;;;;;
86;middle thalamic commissure;0;0;um2;0;0;0;um2;0;;;;;;;;;;;;;;
365;thalamic peduncles;0;0;um2;0;0;0;um2;0;;;;;;;;;;;;;;
484682520;optic radiation;2791402;2791401.960922;um2;1287;16637;16637;um2;0.005960;;;;;;;;;;;;;;
484682524;auditory radiation;810783;810782.593491;um2;376;5660;5660;um2;0.006981;;;;;;;;;;;;;;
1000;extrapyramidal fiber systems;0;0;um2;0;0;0;um2;0;;;;;;;;;;;;;;
760;cerebral nuclei related;0;0;um2;0;0;0;um2;0;;;;;;;;;;;;;;
142;pallidothalamic pathway;0;0;um2;0;0;0;um2;0;;;;;;;;;;;;;;
102;nigrostriatal tract;248256;248255.687042;um2;316;3923;3923;um2;0.015802;;;;;;;;;;;;;;
109;nigrothalamic fibers;0;0;um2;0;0;0;um2;0;;;;;;;;;;;;;;
134;pallidotegmental fascicle;0;0;um2;0;0;0;um2;0;;;;;;;;;;;;;;
309;striatonigral pathway;0;0;um2;0;0;0;um2;0;;;;;;;;;;;;;;
317;subthalamic fascicle;0;0;um2;0;0;0;um2;0;;;;;;;;;;;;;;
877;tectospinal pathway;0;0;um2;0;0;0;um2;0;;;;;;;;;;;;;;
1051;direct tectospinal pathway;0;0;um2;0;0;0;um2;0;;;;;;;;;;;;;;
1060;doral tegmental decussation;0;0;um2;0;0;0;um2;0;;;;;;;;;;;;;;
1043;crossed tectospinal pathway;0;0;um2;0;0;0;um2;0;;;;;;;;;;;;;;
863;rubrospinal tract;0;0;um2;0;0;0;um2;0;;;;;;;;;;;;;;
397;ventral tegmental decussation;0;0;um2;0;0;0;um2;0;;;;;;;;;;;;;;
221;rubroreticular tract;0;0;um2;0;0;0;um2;0;;;;;;;;;;;;;;
736;central tegmental bundle;0;0;um2;0;0;0;um2;0;;;;;;;;;;;;;;
855;retriculospinal tract;0;0;um2;0;0;0;um2;0;;;;;;;;;;;;;;
205;retriculospinal tract, lateral part;0;0;um2;0;0;0;um2;0;;;;;;;;;;;;;;
213;retriculospinal tract, medial part;0;0;um2;0;0;0;um2;0;;;;;;;;;;;;;;
941;vestibulospinal pathway;0;0;um2;0;0;0;um2;0;;;;;;;;;;;;;;
991;medial forebrain bundle system;0;0;um2;0;0;0;um2;0;;;;;;;;;;;;;;
768;cerebrum related;0;0;um2;0;0;0;um2;0;;;;;;;;;;;;;;
884;amygdalar capsule;448797;448797.192871;um2;487;8594;8594;um2;0.019149;;;;;;;;;;;;;;
892;ansa peduncularis;0;0;um2;0;0;0;um2;0;;;;;;;;;;;;;;
908;anterior commissure, temporal limb;409330;409330.422394;um2;211;3057;3057;um2;0.007468;;;;;;;;;;;;;;
940;cingulum bundle;3135299;3135298.811478;um2;1721;24662;24662;um2;0.007866;;;;;;;;;;;;;;
1099;fornix system;0;0;um2;0;0;0;um2;0;;;;;;;;;;;;;;
466;alveus;2382527;2382526.687073;um2;699;9365;9365;um2;0.003931;;;;;;;;;;;;;;
530;dorsal fornix;108120;108120.090424;um2;13;189;189;um2;0.001748;;;;;;;;;;;;;;
603;fimbria;3536217;3536216.715515;um2;512;5564;5564;um2;0.001573;;;;;;;;;;;;;;
745;precommissural fornix, general;0;0;um2;0;0;0;um2;0;;;;;;;;;;;;;;
420;precommissural fornix diagonal band;0;0;um2;0;0;0;um2;0;;;;;;;;;;;;;;
737;postcommissural fornix;0;0;um2;0;0;0;um2;0;;;;;;;;;;;;;;
428;medial corticohypothalamic tract;6334;6334.158447;um2;8;145;145;um2;0.022892;;;;;;;;;;;;;;
436;columns of the fornix;826438;826438.294067;um2;462;7602;7602;um2;0.009199;;;;;;;;;;;;;;
618;hippocampal commissures;0;0;um2;0;0;0;um2;0;;;;;;;;;;;;;;
443;dorsal hippocampal commissure;752270;752270.383911;um2;218;2814;2814;um2;0.003741;;;;;;;;;;;;;;
449;ventral hippocampal commissure;189330;189330.114136;um2;87;1324;1324;um2;0.006993;;;;;;;;;;;;;;
713;perforant path;0;0;um2;0;0;0;um2;0;;;;;;;;;;;;;;
474;angular path;0;0;um2;0;0;0;um2;0;;;;;;;;;;;;;;
37;longitudinal association bundle;0;0;um2;0;0;0;um2;0;;;;;;;;;;;;;;
301;stria terminalis;598876;598876.316254;um2;122;1881;1881;um2;0.003141;;;;;;;;;;;;;;
484682528;commissural branch of stria terminalis;90523;90522.736053;um2;96;1851;1851;um2;0.020448;;;;;;;;;;;;;;
824;hypothalamus related;0;0;um2;0;0;0;um2;0;;;;;;;;;;;;;;
54;medial forebrain bundle;128415;128414.568985;um2;170;2168;2168;um2;0.016883;;;;;;;;;;;;;;
405;ventrolateral hypothalamic tract;0;0;um2;0;0;0;um2;0;;;;;;;;;;;;;;
174;preoptic commissure;0;0;um2;0;0;0;um2;0;;;;;;;;;;;;;;
349;supraoptic commissures;68867;68867.447113;um2;8;36;36;um2;0.000523;;;;;;;;;;;;;;
817;supraoptic commissures, anterior;0;0;um2;0;0;0;um2;0;;;;;;;;;;;;;;
825;supraoptic commissures, dorsal;0;0;um2;0;0;0;um2;0;;;;;;;;;;;;;;
833;supraoptic commissures, ventral;0;0;um2;0;0;0;um2;0;;;;;;;;;;;;;;
166;premammillary commissure;0;0;um2;0;0;0;um2;0;;;;;;;;;;;;;;
341;supramammillary decussation;0;0;um2;0;0;0;um2;0;;;;;;;;;;;;;;
182;propriohypothalamic pathways;0;0;um2;0;0;0;um2;0;;;;;;;;;;;;;;
762;propriohypothalamic pathways, dorsal;0;0;um2;0;0;0;um2;0;;;;;;;;;;;;;;
770;propriohypothalamic pathways, lateral;0;0;um2;0;0;0;um2;0;;;;;;;;;;;;;;
779;propriohypothalamic pathways, medial;0;0;um2;0;0;0;um2;0;;;;;;;;;;;;;;
787;propriohypothalamic pathways, ventral;0;0;um2;0;0;0;um2;0;;;;;;;;;;;;;;
150;periventricular bundle of the hypothalamus;0;0;um2;0;0;0;um2;0;;;;;;;;;;;;;;
46;mammillary related;0;0;um2;0;0;0;um2;0;;;;;;;;;;;;;;
753;principal mammillary tract;105552;105552.363144;um2;85;1200;1200;um2;0.011369;;;;;;;;;;;;;;
690;mammillothalamic tract;299596;299595.515839;um2;302;4961;4961;um2;0.016559;;;;;;;;;;;;;;
681;mammillotegmental tract;36173;36172.507553;um2;102;1357;1357;um2;0.037515;;;;;;;;;;;;;;
673;mammillary peduncle;0;0;um2;0;0;0;um2;0;;;;;;;;;;;;;;
1068;dorsal thalamus related;0;0;um2;0;0;0;um2;0;;;;;;;;;;;;;;
722;periventricular bundle of the thalamus;0;0;um2;0;0;0;um2;0;;;;;;;;;;;;;;
1083;epithalamus related;0;0;um2;0;0;0;um2;0;;;;;;;;;;;;;;
802;stria medullaris;1039646;1039645.808197;um2;506;5758;5758;um2;0.005538;;;;;;;;;;;;;;
595;fasciculus retroflexus;351594;351593.948975;um2;208;3117;3117;um2;0.008865;;;;;;;;;;;;;;
611;habenular commissure;111886;111886.185089;um2;27;235;235;um2;0.002100;;;;;;;;;;;;;;
730;pineal stalk;0;0;um2;0;0;0;um2;0;;;;;;;;;;;;;;
70;midbrain related;0;0;um2;0;0;0;um2;0;;;;;;;;;;;;;;
547;dorsal longitudinal fascicle;0;0;um2;0;0;0;um2;0;;;;;;;;;;;;;;
563;dorsal tegmental tract;0;0;um2;0;0;0;um2;0;;;;;;;;;;;;;;
73;ventricular systems;0;0;um2;0;0;0;um2;0;;;;;;;;;;;;;;
81;lateral ventricle;3070144;3070143.674866;um2;728;8373;8373;um2;0.002727;;;;;;;;;;;;;;
89;rhinocele;0;0;um2;0;0;0;um2;0;;;;;;;;;;;;;;
98;subependymal zone;137448;137447.637268;um2;62;1031;1031;um2;0.007501;;;;;;;;;;;;;;
108;choroid plexus;1557652;1557651.797073;um2;260;2126;2126;um2;0.001365;;;;;;;;;;;;;;
116;choroid fissure;0;0;um2;0;0;0;um2;0;;;;;;;;;;;;;;
124;interventricular foramen;0;0;um2;0;0;0;um2;0;;;;;;;;;;;;;;
129;third ventricle;2626398;2626398.387848;um2;816;8579;8579;um2;0.003266;;;;;;;;;;;;;;
140;cerebral aqueduct;0;0;um2;0;0;0;um2;0;;;;;;;;;;;;;;
145;fourth ventricle;0;0;um2;0;0;0;um2;0;;;;;;;;;;;;;;
153;lateral recess;0;0;um2;0;0;0;um2;0;;;;;;;;;;;;;;
164;central canal, spinal cord/medulla;0;0;um2;0;0;0;um2;0;;;;;;;;;;;;;;
1024;grooves;0;0;um2;0;0;0;um2;0;;;;;;;;;;;;;;
1032;grooves of the cerebral cortex;0;0;um2;0;0;0;um2;0;;;;;;;;;;;;;;
1055;endorhinal groove;0;0;um2;0;0;0;um2;0;;;;;;;;;;;;;;
1063;hippocampal fissure;0;0;um2;0;0;0;um2;0;;;;;;;;;;;;;;
1071;rhinal fissure;0;0;um2;0;0;0;um2;0;;;;;;;;;;;;;;
1078;rhinal incisure;0;0;um2;0;0;0;um2;0;;;;;;;;;;;;;;
1040;grooves of the cerebellar cortex;0;0;um2;0;0;0;um2;0;;;;;;;;;;;;;;
1087;precentral fissure;0;0;um2;0;0;0;um2;0;;;;;;;;;;;;;;
1095;preculminate fissure;0;0;um2;0;0;0;um2;0;;;;;;;;;;;;;;
1103;primary fissure;0;0;um2;0;0;0;um2;0;;;;;;;;;;;;;;
1112;posterior superior fissure;0;0;um2;0;0;0;um2;0;;;;;;;;;;;;;;
1119;prepyramidal fissure;0;0;um2;0;0;0;um2;0;;;;;;;;;;;;;;
3;secondary fissure;0;0;um2;0;0;0;um2;0;;;;;;;;;;;;;;
11;posterolateral fissure;0;0;um2;0;0;0;um2;0;;;;;;;;;;;;;;
18;nodular fissure;0;0;um2;0;0;0;um2;0;;;;;;;;;;;;;;
25;simple fissure;0;0;um2;0;0;0;um2;0;;;;;;;;;;;;;;
34;intercrural fissure;0;0;um2;0;0;0;um2;0;;;;;;;;;;;;;;
43;ansoparamedian fissure;0;0;um2;0;0;0;um2;0;;;;;;;;;;;;;;
49;intraparafloccular fissure;0;0;um2;0;0;0;um2;0;;;;;;;;;;;;;;
57;paramedian sulcus;0;0;um2;0;0;0;um2;0;;;;;;;;;;;;;;
65;parafloccular sulcus;0;0;um2;0;0;0;um2;0;;;;;;;;;;;;;;
624;Interpeduncular fossa;0;0;um2;0;0;0;um2;0;;;;;;;;;;;;;;
304325711;retina;0;0;um2;0;0;0;um2;0;;;;;;;;;;;;;;
