Region ID;Region Name;Region pixels;Region area;Area unit;Object count;Object pixels;Object area;Area unit;Load;;;;;;;;;;;;;;
0;Clear Label;0;0;um2;32;1492;1492;um2;0;;;;;;;;;;;;;;
997;root;476967;476966.657715;um2;39;944;944;um2;0.001979;;;;;;;;;;;;;;
8;Basic cell groups and regions;0;0;um2;0;0;0;um2;0;;;;;;;;;;;;;;
567;Cerebrum;0;0;um2;0;0;0;um2;0;;;;;;;;;;;;;;
688;Cerebral cortex;0;0;um2;0;0;0;um2;0;;;;;;;;;;;;;;
695;Cortical plate;0;0;um2;0;0;0;um2;0;;;;;;;;;;;;;;
315;Isocortex;0;0;um2;0;0;0;um2;0;;;;;;;;;;;;;;
184;Frontal pole, cerebral cortex;0;0;um2;0;0;0;um2;0;;;;;;;;;;;;;;
68;Frontal pole, layer 1;0;0;um2;0;0;0;um2;0;;;;;;;;;;;;;;
667;Frontal pole, layer 2/3;0;0;um2;0;0;0;um2;0;;;;;;;;;;;;;;
526157192;Frontal pole, layer 5;0;0;um2;0;0;0;um2;0;;;;;;;;;;;;;;
526157196;Frontal pole, layer 6a;0;0;um2;0;0;0;um2;0;;;;;;;;;;;;;;
526322264;Frontal pole, layer 6b;0;0;um2;0;0;0;um2;0;;;;;;;;;;;;;;
500;Somatomotor areas;0;0;um2;0;0;0;um2;0;;;;;;;;;;;;;;
107;Somatomotor areas, Layer 1;0;0;um2;0;0;0;um2;0;;;;;;;;;;;;;;
219;Somatomotor areas, Layer 2/3;0;0;um2;0;0;0;um2;0;;;;;;;;;;;;;;
299;Somatomotor areas, Layer 5;0;0;um2;0;0;0;um2;0;;;;;;;;;;;;;;
644;Somatomotor areas, Layer 6a;0;0;um2;0;0;0;um2;0;;;;;;;;;;;;;;
947;Somatomotor areas, Layer 6b;0;0;um2;0;0;0;um2;0;;;;;;;;;;;;;;
985;Primary motor area;0;0;um2;0;0;0;um2;0;;;;;;;;;;;;;;
320;Primary motor area, Layer 1;0;0;um2;0;0;0;um2;0;;;;;;;;;;;;;;
943;Primary motor area, Layer 2/3;0;0;um2;0;0;0;um2;0;;;;;;;;;;;;;;
648;Primary motor area, Layer 5;0;0;um2;0;0;0;um2;0;;;;;;;;;;;;;;
844;Primary motor area, Layer 6a;0;0;um2;0;0;0;um2;0;;;;;;;;;;;;;;
882;Primary motor area, Layer 6b;0;0;um2;0;0;0;um2;0;;;;;;;;;;;;;;
993;Secondary motor area;0;0;um2;0;0;0;um2;0;;;;;;;;;;;;;;
656;Secondary motor area, layer 1;0;0;um2;0;0;0;um2;0;;;;;;;;;;;;;;
962;Secondary motor area, layer 2/3;0;0;um2;0;0;0;um2;0;;;;;;;;;;;;;;
767;Secondary motor area, layer 5;0;0;um2;0;0;0;um2;0;;;;;;;;;;;;;;
1021;Secondary motor area, layer 6a;0;0;um2;0;0;0;um2;0;;;;;;;;;;;;;;
1085;Secondary motor area, layer 6b;0;0;um2;0;0;0;um2;0;;;;;;;;;;;;;;
453;Somatosensory areas;0;0;um2;0;0;0;um2;0;;;;;;;;;;;;;;
12993;Somatosensory areas, layer 1;0;0;um2;0;0;0;um2;0;;;;;;;;;;;;;;
12994;Somatosensory areas, layer 2/3;0;0;um2;0;0;0;um2;0;;;;;;;;;;;;;;
12995;Somatosensory areas, layer 4;0;0;um2;0;0;0;um2;0;;;;;;;;;;;;;;
12996;Somatosensory areas, layer 5;0;0;um2;0;0;0;um2;0;;;;;;;;;;;;;;
12997;Somatosensory areas, layer 6a;0;0;um2;0;0;0;um2;0;;;;;;;;;;;;;;
12998;Somatosensory areas, layer 6b;0;0;um2;0;0;0;um2;0;;;;;;;;;;;;;;
322;Primary somatosensory area;0;0;um2;0;0;0;um2;0;;;;;;;;;;;;;;
793;Primary somatosensory area, layer 1;0;0;um2;0;0;0;um2;0;;;;;;;;;;;;;;
346;Primary somatosensory area, layer 2/3;0;0;um2;0;0;0;um2;0;;;;;;;;;;;;;;
865;Primary somatosensory area, layer 4;0;0;um2;0;0;0;um2;0;;;;;;;;;;;;;;
921;Primary somatosensory area, layer 5;0;0;um2;0;0;0;um2;0;;;;;;;;;;;;;;
686;Primary somatosensory area, layer 6a;0;0;um2;0;0;0;um2;0;;;;;;;;;;;;;;
719;Primary somatosensory area, layer 6b;0;0;um2;0;0;0;um2;0;;;;;;;;;;;;;;
353;Primary somatosensory area, nose;0;0;um2;0;0;0;um2;0;;;;;;;;;;;;;;
558;Primary somatosensory area, nose, layer 1;0;0;um2;0;0;0;um2;0;;;;;;;;;;;;;;
838;Primary somatosensory area, nose, layer 2/3;0;0;um2;0;0;0;um2;0;;;;;;;;;;;;;;
654;Primary somatosensory area, nose, layer 4;0;0;um2;0;0;0;um2;0;;;;;;;;;;;;;;
702;Primary somatosensory area, nose, layer 5;0;0;um2;0;0;0;um2;0;;;;;;;;;;;;;;
889;Primary somatosensory area, nose, layer 6a;0;0;um2;0;0;0;um2;0;;;;;;;;;;;;;;
929;Primary somatosensory area, nose, layer 6b;0;0;um2;0;0;0;um2;0;;;;;;;;;;;;;;
329;Primary somatosensory area, barrel field;0;0;um2;0;0;0;um2;0;;;;;;;;;;;;;;
981;Primary somatosensory area, barrel field, layer 1;56169;56169.099823;um2;0;0;0;um2;0;;;;;;;;;;;;;;
201;Primary somatosensory area, barrel field, layer 2/3;106690;106689.910278;um2;86;1612;1612;um2;0.015109;;;;;;;;;;;;;;
1047;Primary somatosensory area, barrel field, layer 4;96335;96334.713104;um2;229;2963;2963;um2;0.030757;;;;;;;;;;;;;;
1070;Primary somatosensory area, barrel field, layer 5;96335;96334.713104;um2;73;1199;1199;um2;0.012446;;;;;;;;;;;;;;
1038;Primary somatosensory area, barrel field, layer 6a;89431;89431.248322;um2;84;1347;1347;um2;0.015062;;;;;;;;;;;;;;
1062;Primary somatosensory area, barrel field, layer 6b;16003;16003.486542;um2;2;22;22;um2;0.001375;;;;;;;;;;;;;;
480149202;Rostrolateral lateral visual area;0;0;um2;0;0;0;um2;0;;;;;;;;;;;;;;
480149206;Rostrolateral lateral visual area, layer 1;0;0;um2;0;0;0;um2;0;;;;;;;;;;;;;;
480149210;Rostrolateral lateral visual area, layer 2/3;0;0;um2;0;0;0;um2;0;;;;;;;;;;;;;;
480149214;Rostrolateral lateral visual area, layer 4;0;0;um2;0;0;0;um2;0;;;;;;;;;;;;;;
480149218;Rostrolateral lateral visual area,layer 5;0;0;um2;0;0;0;um2;0;;;;;;;;;;;;;;
480149222;Rostrolateral lateral visual area, layer 6a;0;0;um2;0;0;0;um2;0;;;;;;;;;;;;;;
480149226;Rostrolateral lateral visual area, layer 6b;0;0;um2;0;0;0;um2;0;;;;;;;;;;;;;;
337;Primary somatosensory area, lower limb;0;0;um2;0;0;0;um2;0;;;;;;;;;;;;;;
1030;Primary somatosensory area, lower limb, layer 1;0;0;um2;0;0;0;um2;0;;;;;;;;;;;;;;
113;Primary somatosensory area, lower limb, layer 2/3;0;0;um2;0;0;0;um2;0;;;;;;;;;;;;;;
1094;Primary somatosensory area, lower limb, layer 4;0;0;um2;0;0;0;um2;0;;;;;;;;;;;;;;
1128;Primary somatosensory area, lower limb, layer 5;0;0;um2;0;0;0;um2;0;;;;;;;;;;;;;;
478;Primary somatosensory area, lower limb, layer 6a;0;0;um2;0;0;0;um2;0;;;;;;;;;;;;;;
510;Primary somatosensory area, lower limb, layer 6b;0;0;um2;0;0;0;um2;0;;;;;;;;;;;;;;
345;Primary somatosensory area, mouth;0;0;um2;0;0;0;um2;0;;;;;;;;;;;;;;
878;Primary somatosensory area, mouth, layer 1;0;0;um2;0;0;0;um2;0;;;;;;;;;;;;;;
657;Primary somatosensory area, mouth, layer 2/3;0;0;um2;0;0;0;um2;0;;;;;;;;;;;;;;
950;Primary somatosensory area, mouth, layer 4;0;0;um2;0;0;0;um2;0;;;;;;;;;;;;;;
974;Primary somatosensory area, mouth, layer 5;0;0;um2;0;0;0;um2;0;;;;;;;;;;;;;;
1102;Primary somatosensory area, mouth, layer 6a;0;0;um2;0;0;0;um2;0;;;;;;;;;;;;;;
2;Primary somatosensory area, mouth, layer 6b;0;0;um2;0;0;0;um2;0;;;;;;;;;;;;;;
369;Primary somatosensory area, upper limb;0;0;um2;0;0;0;um2;0;;;;;;;;;;;;;;
450;Primary somatosensory area, upper limb, layer 1;0;0;um2;0;0;0;um2;0;;;;;;;;;;;;;;
854;Primary somatosensory area, upper limb, layer 2/3;0;0;um2;0;0;0;um2;0;;;;;;;;;;;;;;
577;Primary somatosensory area, upper limb, layer 4;0;0;um2;0;0;0;um2;0;;;;;;;;;;;;;;
625;Primary somatosensory area, upper limb, layer 5;0;0;um2;0;0;0;um2;0;;;;;;;;;;;;;;
945;Primary somatosensory area, upper limb, layer 6a;0;0;um2;0;0;0;um2;0;;;;;;;;;;;;;;
1026;Primary somatosensory area, upper limb, layer 6b;0;0;um2;0;0;0;um2;0;;;;;;;;;;;;;;
361;Primary somatosensory area, trunk;0;0;um2;0;0;0;um2;0;;;;;;;;;;;;;;
1006;Primary somatosensory area, trunk, layer 1;0;0;um2;0;0;0;um2;0;;;;;;;;;;;;;;
670;Primary somatosensory area, trunk, layer 2/3;0;0;um2;0;0;0;um2;0;;;;;;;;;;;;;;
1086;Primary somatosensory area, trunk, layer 4;0;0;um2;0;0;0;um2;0;;;;;;;;;;;;;;
1111;Primary somatosensory area, trunk, layer 5;0;0;um2;0;0;0;um2;0;;;;;;;;;;;;;;
9;Primary somatosensory area, trunk, layer 6a;0;0;um2;0;0;0;um2;0;;;;;;;;;;;;;;
461;Primary somatosensory area, trunk, layer 6b;0;0;um2;0;0;0;um2;0;;;;;;;;;;;;;;
182305689;Primary somatosensory area, unassigned;0;0;um2;0;0;0;um2;0;;;;;;;;;;;;;;
182305693;Primary somatosensory area, unassigned, layer 1;0;0;um2;0;0;0;um2;0;;;;;;;;;;;;;;
182305697;Primary somatosensory area, unassigned, layer 2/3;0;0;um2;0;0;0;um2;0;;;;;;;;;;;;;;
182305701;Primary somatosensory area, unassigned, layer 4;0;0;um2;0;0;0;um2;0;;;;;;;;;;;;;;
182305705;Primary somatosensory area, unassigned, layer 5;0;0;um2;0;0;0;um2;0;;;;;;;;;;;;;;
182305709;Primary somatosensory area, unassigned, layer 6a;0;0;um2;0;0;0;um2;0;;;;;;;;;;;;;;
182305713;Primary somatosensory area, unassigned, layer 6b;0;0;um2;0;0;0;um2;0;;;;;;;;;;;;;;
378;Supplemental somatosensory area;0;0;um2;0;0;0;um2;0;;;;;;;;;;;;;;
873;Supplemental somatosensory area, layer 1;35772;35772.499329;um2;1;7;7;um2;0.000196;;;;;;;;;;;;;;
806;Supplemental somatosensory area, layer 2/3;76879;76879.494171;um2;84;1475;1475;um2;0.019186;;;;;;;;;;;;;;
1035;Supplemental somatosensory area, layer 4;47383;47382.871918;um2;124;1400;1400;um2;0.029547;;;;;;;;;;;;;;
1090;Supplemental somatosensory area, layer 5;75311;75310.524902;um2;76;1216;1216;um2;0.016146;;;;;;;;;;;;;;
862;Supplemental somatosensory area, layer 6a;60248;60248.419922;um2;79;1329;1329;um2;0.022059;;;;;;;;;;;;;;
893;Supplemental somatosensory area, layer 6b;9414;9413.815613;um2;1;23;23;um2;0.002443;;;;;;;;;;;;;;
1057;Gustatory areas;0;0;um2;0;0;0;um2;0;;;;;;;;;;;;;;
36;Gustatory areas, layer 1;0;0;um2;0;0;0;um2;0;;;;;;;;;;;;;;
180;Gustatory areas, layer 2/3;0;0;um2;0;0;0;um2;0;;;;;;;;;;;;;;
148;Gustatory areas, layer 4;0;0;um2;0;0;0;um2;0;;;;;;;;;;;;;;
187;Gustatory areas, layer 5;0;0;um2;0;0;0;um2;0;;;;;;;;;;;;;;
638;Gustatory areas, layer 6a;0;0;um2;0;0;0;um2;0;;;;;;;;;;;;;;
662;Gustatory areas, layer 6b;0;0;um2;0;0;0;um2;0;;;;;;;;;;;;;;
677;Visceral area;0;0;um2;0;0;0;um2;0;;;;;;;;;;;;;;
897;Visceral area, layer 1;0;0;um2;0;0;0;um2;0;;;;;;;;;;;;;;
1106;Visceral area, layer 2/3;0;0;um2;0;0;0;um2;0;;;;;;;;;;;;;;
1010;Visceral area, layer 4;0;0;um2;0;0;0;um2;0;;;;;;;;;;;;;;
1058;Visceral area, layer 5;0;0;um2;0;0;0;um2;0;;;;;;;;;;;;;;
857;Visceral area, layer 6a;0;0;um2;0;0;0;um2;0;;;;;;;;;;;;;;
849;Visceral area, layer 6b;0;0;um2;0;0;0;um2;0;;;;;;;;;;;;;;
247;Auditory areas;0;0;um2;0;0;0;um2;0;;;;;;;;;;;;;;
1011;Dorsal auditory area;0;0;um2;0;0;0;um2;0;;;;;;;;;;;;;;
527;Dorsal auditory area, layer 1;82528;82527.783539;um2;34;640;640;um2;0.007755;;;;;;;;;;;;;;
600;Dorsal auditory area, layer 2/3;128028;128027.892334;um2;185;3332;3332;um2;0.026026;;;;;;;;;;;;;;
678;Dorsal auditory area, layer 4;54286;54286.336700;um2;95;1130;1130;um2;0.020816;;;;;;;;;;;;;;
252;Dorsal auditory area, layer 5;156269;156269.339172;um2;160;3249;3249;um2;0.020791;;;;;;;;;;;;;;
156;Dorsal auditory area, layer 6a;99786;99786.445496;um2;141;2980;2980;um2;0.029864;;;;;;;;;;;;;;
243;Dorsal auditory area, layer 6b;18514;18513.837372;um2;14;204;204;um2;0.011019;;;;;;;;;;;;;;
480149230;Laterolateral anterior visual area;0;0;um2;0;0;0;um2;0;;;;;;;;;;;;;;
480149234;Laterolateral anterior visual area, layer 1;0;0;um2;0;0;0;um2;0;;;;;;;;;;;;;;
480149238;Laterolateral anterior visual area, layer 2/3;0;0;um2;0;0;0;um2;0;;;;;;;;;;;;;;
480149242;Laterolateral anterior visual area, layer 4;0;0;um2;0;0;0;um2;0;;;;;;;;;;;;;;
480149246;Laterolateral anterior visual area,layer 5;0;0;um2;0;0;0;um2;0;;;;;;;;;;;;;;
480149250;Laterolateral anterior visual area, layer 6a;0;0;um2;0;0;0;um2;0;;;;;;;;;;;;;;
480149254;Laterolateral anterior visual area, layer 6b;0;0;um2;0;0;0;um2;0;;;;;;;;;;;;;;
1002;Primary auditory area;0;0;um2;0;0;0;um2;0;;;;;;;;;;;;;;
735;Primary auditory area, layer 1;153759;153758.988342;um2;19;327;327;um2;0.002127;;;;;;;;;;;;;;
251;Primary auditory area, layer 2/3;202083;202083.241821;um2;191;3728;3728;um2;0.018448;;;;;;;;;;;;;;
816;Primary auditory area, layer 4;84097;84096.752808;um2;106;1634;1634;um2;0.019430;;;;;;;;;;;;;;
847;Primary auditory area, layer 5;256056;256055.784668;um2;203;4189;4189;um2;0.016360;;;;;;;;;;;;;;
954;Primary auditory area, layer 6a;91000;91000.217590;um2;121;2933;2933;um2;0.032231;;;;;;;;;;;;;;
1005;Primary auditory area, layer 6b;15690;15689.692688;um2;8;164;164;um2;0.010453;;;;;;;;;;;;;;
1027;Posterior auditory area;0;0;um2;0;0;0;um2;0;;;;;;;;;;;;;;
696;Posterior auditory area, layer 1;6903;6903.464783;um2;1;81;81;um2;0.011733;;;;;;;;;;;;;;
643;Posterior auditory area, layer 2/3;9414;9413.815613;um2;3;72;72;um2;0.007648;;;;;;;;;;;;;;
759;Posterior auditory area, layer 4;4707;4706.907806;um2;3;46;46;um2;0.009773;;;;;;;;;;;;;;
791;Posterior auditory area, layer 5;6590;6589.670929;um2;3;29;29;um2;0.004401;;;;;;;;;;;;;;
249;Posterior auditory area, layer 6a;0;0;um2;0;0;0;um2;0;;;;;;;;;;;;;;
456;Posterior auditory area, layer 6b;0;0;um2;0;0;0;um2;0;;;;;;;;;;;;;;
1018;Ventral auditory area;0;0;um2;0;0;0;um2;0;;;;;;;;;;;;;;
959;Ventral auditory area, layer 1;79704;79703.638855;um2;18;379;379;um2;0.004755;;;;;;;;;;;;;;
755;Ventral auditory area, layer 2/3;95080;95079.537689;um2;59;1168;1168;um2;0.012284;;;;;;;;;;;;;;
990;Ventral auditory area, layer 4;63386;63386.358459;um2;47;967;967;um2;0.015256;;;;;;;;;;;;;;
1023;Ventral auditory area, layer 5;160035;160034.865417;um2;109;2890;2890;um2;0.018059;;;;;;;;;;;;;;
520;Ventral auditory area, layer 6a;92883;92882.980713;um2;105;3062;3062;um2;0.032966;;;;;;;;;;;;;;
598;Ventral auditory area, layer 6b;10041;10041.403320;um2;5;150;150;um2;0.014938;;;;;;;;;;;;;;
669;Visual areas;0;0;um2;0;0;0;um2;0;;;;;;;;;;;;;;
801;Visual areas, layer 1;0;0;um2;0;0;0;um2;0;;;;;;;;;;;;;;
561;Visual areas, layer 2/3;0;0;um2;0;0;0;um2;0;;;;;;;;;;;;;;
913;Visual areas, layer 4;0;0;um2;0;0;0;um2;0;;;;;;;;;;;;;;
937;Visual areas, layer 5;0;0;um2;0;0;0;um2;0;;;;;;;;;;;;;;
457;Visual areas, layer 6a;0;0;um2;0;0;0;um2;0;;;;;;;;;;;;;;
497;Visual areas, layer 6b;0;0;um2;0;0;0;um2;0;;;;;;;;;;;;;;
402;Anterolateral visual area;0;0;um2;0;0;0;um2;0;;;;;;;;;;;;;;
1074;Anterolateral visual area, layer 1;24162;24162.126740;um2;7;96;96;um2;0.003973;;;;;;;;;;;;;;
905;Anterolateral visual area, layer 2/3;37969;37969.056305;um2;50;1057;1057;um2;0.027838;;;;;;;;;;;;;;
1114;Anterolateral visual area, layer 4;25104;25103.508301;um2;55;570;570;um2;0.022706;;;;;;;;;;;;;;
233;Anterolateral visual area, layer 5;38597;38596.644012;um2;44;802;802;um2;0.020779;;;;;;;;;;;;;;
601;Anterolateral visual area, layer 6a;20083;20082.806641;um2;20;390;390;um2;0.019420;;;;;;;;;;;;;;
649;Anterolateral visual area, layer 6b;4079;4079.320099;um2;9;166;166;um2;0.040693;;;;;;;;;;;;;;
394;Anteromedial visual area;0;0;um2;0;0;0;um2;0;;;;;;;;;;;;;;
281;Anteromedial visual area, layer 1;93511;93510.568420;um2;20;671;671;um2;0.007176;;;;;;;;;;;;;;
1066;Anteromedial visual area, layer 2/3;153445;153445.194489;um2;181;5201;5201;um2;0.033895;;;;;;;;;;;;;;
401;Anteromedial visual area, layer 4;45814;45813.902649;um2;68;1649;1649;um2;0.035993;;;;;;;;;;;;;;
433;Anteromedial visual area, layer 5;175725;175724.558105;um2;240;5986;5986;um2;0.034065;;;;;;;;;;;;;;
1046;Anteromedial visual area, layer 6a;110769;110769.230377;um2;123;3164;3164;um2;0.028564;;;;;;;;;;;;;;
441;Anteromedial visual area, layer 6b;24476;24475.920593;um2;4;178;178;um2;0.007272;;;;;;;;;;;;;;
409;Lateral visual area;0;0;um2;0;0;0;um2;0;;;;;;;;;;;;;;
421;Lateral visual area, layer 1;0;0;um2;0;0;0;um2;0;;;;;;;;;;;;;;
973;Lateral visual area, layer 2/3;0;0;um2;0;0;0;um2;0;;;;;;;;;;;;;;
573;Lateral visual area, layer 4;0;0;um2;0;0;0;um2;0;;;;;;;;;;;;;;
613;Lateral visual area, layer 5;0;0;um2;0;0;0;um2;0;;;;;;;;;;;;;;
74;Lateral visual area, layer 6a;0;0;um2;0;0;0;um2;0;;;;;;;;;;;;;;
121;Lateral visual area, layer 6b;0;0;um2;0;0;0;um2;0;;;;;;;;;;;;;;
385;Primary visual area;0;0;um2;0;0;0;um2;0;;;;;;;;;;;;;;
593;Primary visual area, layer 1;54914;54913.924408;um2;1;4;4;um2;0.000073;;;;;;;;;;;;;;
821;Primary visual area, layer 2/3;93511;93510.568420;um2;187;3561;3561;um2;0.038081;;;;;;;;;;;;;;
721;Primary visual area, layer 4;44559;44558.727234;um2;119;1921;1921;um2;0.043112;;;;;;;;;;;;;;
778;Primary visual area, layer 5;72173;72172.586365;um2;89;1423;1423;um2;0.019717;;;;;;;;;;;;;;
33;Primary visual area, layer 6a;41107;41106.994843;um2;48;945;945;um2;0.022989;;;;;;;;;;;;;;
305;Primary visual area, layer 6b;6276;6275.877075;um2;2;10;10;um2;0.001593;;;;;;;;;;;;;;
425;Posterolateral visual area;0;0;um2;0;0;0;um2;0;;;;;;;;;;;;;;
750;Posterolateral visual area, layer 1;0;0;um2;0;0;0;um2;0;;;;;;;;;;;;;;
269;Posterolateral visual area, layer 2/3;0;0;um2;0;0;0;um2;0;;;;;;;;;;;;;;
869;Posterolateral visual area, layer 4;0;0;um2;0;0;0;um2;0;;;;;;;;;;;;;;
902;Posterolateral visual area, layer 5;0;0;um2;0;0;0;um2;0;;;;;;;;;;;;;;
377;Posterolateral visual area, layer 6a;0;0;um2;0;0;0;um2;0;;;;;;;;;;;;;;
393;Posterolateral visual area, layer 6b;0;0;um2;0;0;0;um2;0;;;;;;;;;;;;;;
533;posteromedial visual area;0;0;um2;0;0;0;um2;0;;;;;;;;;;;;;;
805;posteromedial visual area, layer 1;21652;21651.775909;um2;0;0;0;um2;0;;;;;;;;;;;;;;
41;posteromedial visual area, layer 2/3;33890;33889.736206;um2;58;1642;1642;um2;0.048451;;;;;;;;;;;;;;
501;posteromedial visual area, layer 4;12238;12237.960297;um2;22;354;354;um2;0.028926;;;;;;;;;;;;;;
565;posteromedial visual area, layer 5;29497;29496.622253;um2;46;767;767;um2;0.026003;;;;;;;;;;;;;;
257;posteromedial visual area, layer 6a;21966;21965.569763;um2;22;386;386;um2;0.017573;;;;;;;;;;;;;;
469;posteromedial visual area, layer 6b;3766;3765.526245;um2;0;0;0;um2;0;;;;;;;;;;;;;;
312782574;Laterointermediate area;0;0;um2;0;0;0;um2;0;;;;;;;;;;;;;;
312782578;Laterointermediate area, layer 1;0;0;um2;0;0;0;um2;0;;;;;;;;;;;;;;
312782582;Laterointermediate area, layer 2/3;0;0;um2;0;0;0;um2;0;;;;;;;;;;;;;;
312782586;Laterointermediate area, layer 4;0;0;um2;0;0;0;um2;0;;;;;;;;;;;;;;
312782590;Laterointermediate area, layer 5;0;0;um2;0;0;0;um2;0;;;;;;;;;;;;;;
312782594;Laterointermediate area, layer 6a;0;0;um2;0;0;0;um2;0;;;;;;;;;;;;;;
312782598;Laterointermediate area, layer 6b;0;0;um2;0;0;0;um2;0;;;;;;;;;;;;;;
312782628;Postrhinal area;0;0;um2;0;0;0;um2;0;;;;;;;;;;;;;;
312782632;Postrhinal area, layer 1;0;0;um2;0;0;0;um2;0;;;;;;;;;;;;;;
312782636;Postrhinal area, layer 2/3;0;0;um2;0;0;0;um2;0;;;;;;;;;;;;;;
312782640;Postrhinal area, layer 4;0;0;um2;0;0;0;um2;0;;;;;;;;;;;;;;
312782644;Postrhinal area, layer 5;0;0;um2;0;0;0;um2;0;;;;;;;;;;;;;;
312782648;Postrhinal area, layer 6a;0;0;um2;0;0;0;um2;0;;;;;;;;;;;;;;
312782652;Postrhinal area, layer 6b;0;0;um2;0;0;0;um2;0;;;;;;;;;;;;;;
31;Anterior cingulate area;0;0;um2;0;0;0;um2;0;;;;;;;;;;;;;;
572;Anterior cingulate area, layer 1;0;0;um2;0;0;0;um2;0;;;;;;;;;;;;;;
1053;Anterior cingulate area, layer 2/3;0;0;um2;0;0;0;um2;0;;;;;;;;;;;;;;
739;Anterior cingulate area, layer 5;0;0;um2;0;0;0;um2;0;;;;;;;;;;;;;;
179;Anterior cingulate area, layer 6a;0;0;um2;0;0;0;um2;0;;;;;;;;;;;;;;
227;Anterior cingulate area, layer 6b;0;0;um2;0;0;0;um2;0;;;;;;;;;;;;;;
39;Anterior cingulate area, dorsal part;0;0;um2;0;0;0;um2;0;;;;;;;;;;;;;;
935;Anterior cingulate area, dorsal part, layer 1;0;0;um2;0;0;0;um2;0;;;;;;;;;;;;;;
211;Anterior cingulate area, dorsal part, layer 2/3;0;0;um2;0;0;0;um2;0;;;;;;;;;;;;;;
1015;Anterior cingulate area, dorsal part, layer 5;0;0;um2;0;0;0;um2;0;;;;;;;;;;;;;;
919;Anterior cingulate area, dorsal part, layer 6a;0;0;um2;0;0;0;um2;0;;;;;;;;;;;;;;
927;Anterior cingulate area, dorsal part, layer 6b;0;0;um2;0;0;0;um2;0;;;;;;;;;;;;;;
48;Anterior cingulate area, ventral part;0;0;um2;0;0;0;um2;0;;;;;;;;;;;;;;
588;Anterior cingulate area, ventral part, layer 1;0;0;um2;0;0;0;um2;0;;;;;;;;;;;;;;
296;Anterior cingulate area, ventral part, layer 2/3;0;0;um2;0;0;0;um2;0;;;;;;;;;;;;;;
772;Anterior cingulate area, ventral part, layer 5;0;0;um2;0;0;0;um2;0;;;;;;;;;;;;;;
810;Anterior cingulate area, ventral part, 6a;0;0;um2;0;0;0;um2;0;;;;;;;;;;;;;;
819;Anterior cingulate area, ventral part, 6b;0;0;um2;0;0;0;um2;0;;;;;;;;;;;;;;
972;Prelimbic area;0;0;um2;0;0;0;um2;0;;;;;;;;;;;;;;
171;Prelimbic area, layer 1;0;0;um2;0;0;0;um2;0;;;;;;;;;;;;;;
195;Prelimbic area, layer 2;0;0;um2;0;0;0;um2;0;;;;;;;;;;;;;;
304;Prelimbic area, layer 2/3;0;0;um2;0;0;0;um2;0;;;;;;;;;;;;;;
363;Prelimbic area, layer 5;0;0;um2;0;0;0;um2;0;;;;;;;;;;;;;;
84;Prelimbic area, layer 6a;0;0;um2;0;0;0;um2;0;;;;;;;;;;;;;;
132;Prelimbic area, layer 6b;0;0;um2;0;0;0;um2;0;;;;;;;;;;;;;;
44;Infralimbic area;0;0;um2;0;0;0;um2;0;;;;;;;;;;;;;;
707;Infralimbic area, layer 1;0;0;um2;0;0;0;um2;0;;;;;;;;;;;;;;
747;Infralimbic area, layer 2;0;0;um2;0;0;0;um2;0;;;;;;;;;;;;;;
556;Infralimbic area, layer 2/3;0;0;um2;0;0;0;um2;0;;;;;;;;;;;;;;
827;Infralimbic area, layer 5;0;0;um2;0;0;0;um2;0;;;;;;;;;;;;;;
1054;Infralimbic area, layer 6a;0;0;um2;0;0;0;um2;0;;;;;;;;;;;;;;
1081;Infralimbic area, layer 6b;0;0;um2;0;0;0;um2;0;;;;;;;;;;;;;;
714;Orbital area;0;0;um2;0;0;0;um2;0;;;;;;;;;;;;;;
264;Orbital area, layer 1;0;0;um2;0;0;0;um2;0;;;;;;;;;;;;;;
492;Orbital area, layer 2/3;0;0;um2;0;0;0;um2;0;;;;;;;;;;;;;;
352;Orbital area, layer 5;0;0;um2;0;0;0;um2;0;;;;;;;;;;;;;;
476;Orbital area, layer 6a;0;0;um2;0;0;0;um2;0;;;;;;;;;;;;;;
516;Orbital area, layer 6b;0;0;um2;0;0;0;um2;0;;;;;;;;;;;;;;
723;Orbital area, lateral part;0;0;um2;0;0;0;um2;0;;;;;;;;;;;;;;
448;Orbital area, lateral part, layer 1;0;0;um2;0;0;0;um2;0;;;;;;;;;;;;;;
412;Orbital area, lateral part, layer 2/3;0;0;um2;0;0;0;um2;0;;;;;;;;;;;;;;
630;Orbital area, lateral part, layer 5;0;0;um2;0;0;0;um2;0;;;;;;;;;;;;;;
440;Orbital area, lateral part, layer 6a;0;0;um2;0;0;0;um2;0;;;;;;;;;;;;;;
488;Orbital area, lateral part, layer 6b;0;0;um2;0;0;0;um2;0;;;;;;;;;;;;;;
731;Orbital area, medial part;0;0;um2;0;0;0;um2;0;;;;;;;;;;;;;;
484;Orbital area, medial part, layer 1;0;0;um2;0;0;0;um2;0;;;;;;;;;;;;;;
524;Orbital area, medial part, layer 2;0;0;um2;0;0;0;um2;0;;;;;;;;;;;;;;
582;Orbital area, medial part, layer 2/3;0;0;um2;0;0;0;um2;0;;;;;;;;;;;;;;
620;Orbital area, medial part, layer 5;0;0;um2;0;0;0;um2;0;;;;;;;;;;;;;;
910;Orbital area, medial part, layer 6a;0;0;um2;0;0;0;um2;0;;;;;;;;;;;;;;
527696977;Orbital area, medial part, layer 6b;0;0;um2;0;0;0;um2;0;;;;;;;;;;;;;;
738;Orbital area, ventral part;0;0;um2;0;0;0;um2;0;;;;;;;;;;;;;;
746;Orbital area, ventrolateral part;0;0;um2;0;0;0;um2;0;;;;;;;;;;;;;;
969;Orbital area, ventrolateral part, layer 1;0;0;um2;0;0;0;um2;0;;;;;;;;;;;;;;
288;Orbital area, ventrolateral part, layer 2/3;0;0;um2;0;0;0;um2;0;;;;;;;;;;;;;;
1125;Orbital area, ventrolateral part, layer 5;0;0;um2;0;0;0;um2;0;;;;;;;;;;;;;;
608;Orbital area, ventrolateral part, layer 6a;0;0;um2;0;0;0;um2;0;;;;;;;;;;;;;;
680;Orbital area, ventrolateral part, layer 6b;0;0;um2;0;0;0;um2;0;;;;;;;;;;;;;;
95;Agranular insular area;0;0;um2;0;0;0;um2;0;;;;;;;;;;;;;;
104;Agranular insular area, dorsal part;0;0;um2;0;0;0;um2;0;;;;;;;;;;;;;;
996;Agranular insular area, dorsal part, layer 1;0;0;um2;0;0;0;um2;0;;;;;;;;;;;;;;
328;Agranular insular area, dorsal part, layer 2/3;0;0;um2;0;0;0;um2;0;;;;;;;;;;;;;;
1101;Agranular insular area, dorsal part, layer 5;0;0;um2;0;0;0;um2;0;;;;;;;;;;;;;;
783;Agranular insular area, dorsal part, layer 6a;0;0;um2;0;0;0;um2;0;;;;;;;;;;;;;;
831;Agranular insular area, dorsal part, layer 6b;0;0;um2;0;0;0;um2;0;;;;;;;;;;;;;;
111;Agranular insular area, posterior part;0;0;um2;0;0;0;um2;0;;;;;;;;;;;;;;
120;Agranular insular area, posterior part, layer 1;0;0;um2;0;0;0;um2;0;;;;;;;;;;;;;;
163;Agranular insular area, posterior part, layer 2/3;0;0;um2;0;0;0;um2;0;;;;;;;;;;;;;;
344;Agranular insular area, posterior part, layer 5;0;0;um2;0;0;0;um2;0;;;;;;;;;;;;;;
314;Agranular insular area, posterior part, layer 6a;0;0;um2;0;0;0;um2;0;;;;;;;;;;;;;;
355;Agranular insular area, posterior part, layer 6b;0;0;um2;0;0;0;um2;0;;;;;;;;;;;;;;
119;Agranular insular area, ventral part;0;0;um2;0;0;0;um2;0;;;;;;;;;;;;;;
704;Agranular insular area, ventral part, layer 1;0;0;um2;0;0;0;um2;0;;;;;;;;;;;;;;
694;Agranular insular area, ventral part, layer 2/3;0;0;um2;0;0;0;um2;0;;;;;;;;;;;;;;
800;Agranular insular area, ventral part, layer 5;0;0;um2;0;0;0;um2;0;;;;;;;;;;;;;;
675;Agranular insular area, ventral part, layer 6a;0;0;um2;0;0;0;um2;0;;;;;;;;;;;;;;
699;Agranular insular area, ventral part, layer 6b;0;0;um2;0;0;0;um2;0;;;;;;;;;;;;;;
254;Retrosplenial area;0;0;um2;0;0;0;um2;0;;;;;;;;;;;;;;
894;Retrosplenial area, lateral agranular part;0;0;um2;0;0;0;um2;0;;;;;;;;;;;;;;
671;Retrosplenial area, lateral agranular part, layer 1;56169;56169.099823;um2;14;268;268;um2;0.004771;;;;;;;;;;;;;;
965;Retrosplenial area, lateral agranular part, layer 2/3;69662;69662.235535;um2;84;2149;2149;um2;0.030849;;;;;;;;;;;;;;
774;Retrosplenial area, lateral agranular part, layer 5;95080;95079.537689;um2;87;2387;2387;um2;0.025105;;;;;;;;;;;;;;
906;Retrosplenial area, lateral agranular part, layer 6a;63073;63072.564606;um2;47;1395;1395;um2;0.022117;;;;;;;;;;;;;;
279;Retrosplenial area, lateral agranular part, layer 6b;16003;16003.486542;um2;16;431;431;um2;0.026932;;;;;;;;;;;;;;
480149258;Mediomedial anterior visual area;0;0;um2;0;0;0;um2;0;;;;;;;;;;;;;;
480149262;Mediomedial anterior visual area, layer 1;0;0;um2;0;0;0;um2;0;;;;;;;;;;;;;;
480149266;Mediomedial anterior visual area, layer 2/3;0;0;um2;0;0;0;um2;0;;;;;;;;;;;;;;
480149270;Mediomedial anterior visual area, layer 4;0;0;um2;0;0;0;um2;0;;;;;;;;;;;;;;
480149274;Mediomedial anterior visual area,layer 5;0;0;um2;0;0;0;um2;0;;;;;;;;;;;;;;
480149278;Mediomedial anterior visual area, layer 6a;0;0;um2;0;0;0;um2;0;;;;;;;;;;;;;;
480149282;Mediomedial anterior visual area, layer 6b;0;0;um2;0;0;0;um2;0;;;;;;;;;;;;;;
480149286;Mediomedial posterior visual area;0;0;um2;0;0;0;um2;0;;;;;;;;;;;;;;
480149290;Mediomedial posterior visual area, layer 1;0;0;um2;0;0;0;um2;0;;;;;;;;;;;;;;
480149294;Mediomedial posterior visual area, layer 2/3;0;0;um2;0;0;0;um2;0;;;;;;;;;;;;;;
480149298;Mediomedial posterior visual area, layer 4;0;0;um2;0;0;0;um2;0;;;;;;;;;;;;;;
480149302;Mediomedial posterior visual area,layer 5;0;0;um2;0;0;0;um2;0;;;;;;;;;;;;;;
480149306;Mediomedial posterior visual area, layer 6a;0;0;um2;0;0;0;um2;0;;;;;;;;;;;;;;
480149310;Mediomedial posterior visual area, layer 6b;0;0;um2;0;0;0;um2;0;;;;;;;;;;;;;;
480149314;Medial visual area;0;0;um2;0;0;0;um2;0;;;;;;;;;;;;;;
480149318;Medial visual area, layer 1;0;0;um2;0;0;0;um2;0;;;;;;;;;;;;;;
480149322;Medial visual area, layer 2/3;0;0;um2;0;0;0;um2;0;;;;;;;;;;;;;;
480149326;Medial visual area, layer 4;0;0;um2;0;0;0;um2;0;;;;;;;;;;;;;;
480149330;Medial visual area,layer 5;0;0;um2;0;0;0;um2;0;;;;;;;;;;;;;;
480149334;Medial visual area, layer 6a;0;0;um2;0;0;0;um2;0;;;;;;;;;;;;;;
480149338;Medial visual area, layer 6b;0;0;um2;0;0;0;um2;0;;;;;;;;;;;;;;
879;Retrosplenial area, dorsal part;0;0;um2;0;0;0;um2;0;;;;;;;;;;;;;;
442;Retrosplenial area, dorsal part, layer 1;98531;98531.270081;um2;10;88;88;um2;0.000893;;;;;;;;;;;;;;
434;Retrosplenial area, dorsal part, layer 2/3;133676;133676.181702;um2;50;654;654;um2;0.004892;;;;;;;;;;;;;;
545;Retrosplenial area, dorsal part, layer 4;0;0;um2;0;0;0;um2;0;;;;;;;;;;;;;;
610;Retrosplenial area, dorsal part, layer 5;172587;172586.619568;um2;34;400;400;um2;0.002318;;;;;;;;;;;;;;
274;Retrosplenial area, dorsal part, layer 6a;138383;138383.089508;um2;80;1484;1484;um2;0.010724;;;;;;;;;;;;;;
330;Retrosplenial area, dorsal part, layer 6b;16317;16317.280396;um2;20;542;542;um2;0.033216;;;;;;;;;;;;;;
886;Retrosplenial area, ventral part;0;0;um2;0;0;0;um2;0;;;;;;;;;;;;;;
542;Retrosplenial area, ventral part, layer 1;125518;125517.541504;um2;1;67;67;um2;0.000534;;;;;;;;;;;;;;
606;Retrosplenial area, ventral part, layer 2;0;0;um2;0;0;0;um2;0;;;;;;;;;;;;;;
430;Retrosplenial area, ventral part, layer 2/3;187021;187021.136841;um2;40;402;402;um2;0.002149;;;;;;;;;;;;;;
687;Retrosplenial area, ventral part, layer 5;355528;355528.436310;um2;62;857;857;um2;0.002410;;;;;;;;;;;;;;
590;Retrosplenial area, ventral part, layer 6a;146228;146227.935852;um2;66;1288;1288;um2;0.008808;;;;;;;;;;;;;;
622;Retrosplenial area, ventral part, layer 6b;15690;15689.692688;um2;14;229;229;um2;0.014596;;;;;;;;;;;;;;
22;Posterior parietal association areas;0;0;um2;0;0;0;um2;0;;;;;;;;;;;;;;
532;Posterior parietal association areas, layer 1;0;0;um2;0;0;0;um2;0;;;;;;;;;;;;;;
241;Posterior parietal association areas, layer 2/3;0;0;um2;0;0;0;um2;0;;;;;;;;;;;;;;
635;Posterior parietal association areas, layer 4;0;0;um2;0;0;0;um2;0;;;;;;;;;;;;;;
683;Posterior parietal association areas, layer 5;0;0;um2;0;0;0;um2;0;;;;;;;;;;;;;;
308;Posterior parietal association areas, layer 6a;0;0;um2;0;0;0;um2;0;;;;;;;;;;;;;;
340;Posterior parietal association areas, layer 6b;0;0;um2;0;0;0;um2;0;;;;;;;;;;;;;;
312782546;Anterior area;0;0;um2;0;0;0;um2;0;;;;;;;;;;;;;;
312782550;Anterior area, layer 1;42990;42989.757965;um2;12;240;240;um2;0.005583;;;;;;;;;;;;;;
312782554;Anterior area, layer 2/3;74369;74369.143341;um2;112;2421;2421;um2;0.032554;;;;;;;;;;;;;;
312782558;Anterior area, layer 4;29810;29810.416107;um2;91;1531;1531;um2;0.051358;;;;;;;;;;;;;;
312782562;Anterior area, layer 5;67779;67779.472412;um2;68;1299;1299;um2;0.019165;;;;;;;;;;;;;;
312782566;Anterior area, layer 6a;52717;52717.367432;um2;75;1261;1261;um2;0.023920;;;;;;;;;;;;;;
312782570;Anterior area, layer 6b;10669;10668.991028;um2;5;29;29;um2;0.002718;;;;;;;;;;;;;;
417;Rostrolateral visual area;0;0;um2;0;0;0;um2;0;;;;;;;;;;;;;;
312782604;Rostrolateral area, layer 1;88490;88489.866760;um2;8;115;115;um2;0.001300;;;;;;;;;;;;;;
312782608;Rostrolateral area, layer 2/3;144659;144658.966583;um2;183;3432;3432;um2;0.023725;;;;;;;;;;;;;;
312782612;Rostrolateral area, layer 4;77821;77820.875732;um2;131;1605;1605;um2;0.020624;;;;;;;;;;;;;;
312782616;Rostrolateral area, layer 5;125204;125203.747650;um2;125;2252;2252;um2;0.017987;;;;;;;;;;;;;;
312782620;Rostrolateral area, layer 6a;79076;79076.051147;um2;96;1904;1904;um2;0.024078;;;;;;;;;;;;;;
312782624;Rostrolateral area, layer 6b;16631;16631.074249;um2;11;167;167;um2;0.010041;;;;;;;;;;;;;;
541;Temporal association areas;0;0;um2;0;0;0;um2;0;;;;;;;;;;;;;;
97;Temporal association areas, layer 1;89117;89117.454468;um2;24;549;549;um2;0.006160;;;;;;;;;;;;;;
1127;Temporal association areas, layer 2/3;107004;107003.704132;um2;76;2009;2009;um2;0.018775;;;;;;;;;;;;;;
234;Temporal association areas, layer 4;45186;45186.314941;um2;24;640;640;um2;0.014164;;;;;;;;;;;;;;
289;Temporal association areas, layer 5;153131;153131.400635;um2;126;3728;3728;um2;0.024345;;;;;;;;;;;;;;
729;Temporal association areas, layer 6a;105749;105748.528717;um2;124;4549;4549;um2;0.043017;;;;;;;;;;;;;;
786;Temporal association areas, layer 6b;14121;14120.723419;um2;7;276;276;um2;0.019546;;;;;;;;;;;;;;
922;Perirhinal area;0;0;um2;0;0;0;um2;0;;;;;;;;;;;;;;
540;Perirhinal area, layer 1;46441;46441.490356;um2;7;244;244;um2;0.005254;;;;;;;;;;;;;;
888;Perirhinal area, layer 2/3;69035;69034.647827;um2;66;2564;2564;um2;0.037141;;;;;;;;;;;;;;
692;Perirhinal area, layer 5;28555;28555.240692;um2;23;968;968;um2;0.033899;;;;;;;;;;;;;;
335;Perirhinal area, layer 6a;1883;1882.763123;um2;4;310;310;um2;0.164652;;;;;;;;;;;;;;
368;Perirhinal area, layer 6b;0;0;um2;0;0;0;um2;0;;;;;;;;;;;;;;
895;Ectorhinal area;0;0;um2;0;0;0;um2;0;;;;;;;;;;;;;;
836;Ectorhinal area/Layer 1;63073;63072.564606;um2;15;433;433;um2;0.006865;;;;;;;;;;;;;;
427;Ectorhinal area/Layer 2/3;100100;100100.239349;um2;98;2790;2790;um2;0.027872;;;;;;;;;;;;;;
988;Ectorhinal area/Layer 5;124890;124889.953796;um2;126;4712;4712;um2;0.037729;;;;;;;;;;;;;;
977;Ectorhinal area/Layer 6a;109828;109827.848816;um2;156;6819;6819;um2;0.062088;;;;;;;;;;;;;;
1045;Ectorhinal area/Layer 6b;10669;10668.991028;um2;13;530;530;um2;0.049677;;;;;;;;;;;;;;
698;Olfactory areas;30752;30751.797668;um2;18;520;520;um2;0.016910;;;;;;;;;;;;;;
507;Main olfactory bulb;0;0;um2;0;0;0;um2;0;;;;;;;;;;;;;;
212;Main olfactory bulb, glomerular layer;0;0;um2;0;0;0;um2;0;;;;;;;;;;;;;;
220;Main olfactory bulb, granule layer;0;0;um2;0;0;0;um2;0;;;;;;;;;;;;;;
228;Main olfactory bulb, inner plexiform layer;0;0;um2;0;0;0;um2;0;;;;;;;;;;;;;;
236;Main olfactory bulb, mitral layer;0;0;um2;0;0;0;um2;0;;;;;;;;;;;;;;
244;Main olfactory bulb, outer plexiform layer;0;0;um2;0;0;0;um2;0;;;;;;;;;;;;;;
151;Accessory olfactory bulb;0;0;um2;0;0;0;um2;0;;;;;;;;;;;;;;
188;Accessory olfactory bulb, glomerular layer;0;0;um2;0;0;0;um2;0;;;;;;;;;;;;;;
196;Accessory olfactory bulb, granular layer;0;0;um2;0;0;0;um2;0;;;;;;;;;;;;;;
204;Accessory olfactory bulb, mitral layer;0;0;um2;0;0;0;um2;0;;;;;;;;;;;;;;
159;Anterior olfactory nucleus;0;0;um2;0;0;0;um2;0;;;;;;;;;;;;;;
167;Anterior olfactory nucleus, dorsal part;0;0;um2;0;0;0;um2;0;;;;;;;;;;;;;;
175;Anterior olfactory nucleus, external part;0;0;um2;0;0;0;um2;0;;;;;;;;;;;;;;
183;Anterior olfactory nucleus, lateral part;0;0;um2;0;0;0;um2;0;;;;;;;;;;;;;;
191;Anterior olfactory nucleus, medial part;0;0;um2;0;0;0;um2;0;;;;;;;;;;;;;;
199;Anterior olfactory nucleus, posteroventral part;0;0;um2;0;0;0;um2;0;;;;;;;;;;;;;;
160;Anterior olfactory nucleus, layer 1;0;0;um2;0;0;0;um2;0;;;;;;;;;;;;;;
168;Anterior olfactory nucleus, layer 2;0;0;um2;0;0;0;um2;0;;;;;;;;;;;;;;
589;Taenia tecta;0;0;um2;0;0;0;um2;0;;;;;;;;;;;;;;
597;Taenia tecta, dorsal part;0;0;um2;0;0;0;um2;0;;;;;;;;;;;;;;
297;Taenia tecta, dorsal part, layers 1-4;0;0;um2;0;0;0;um2;0;;;;;;;;;;;;;;
1034;Taenia tecta, dorsal part, layer 1;0;0;um2;0;0;0;um2;0;;;;;;;;;;;;;;
1042;Taenia tecta, dorsal part, layer 2;0;0;um2;0;0;0;um2;0;;;;;;;;;;;;;;
1050;Taenia tecta, dorsal part, layer 3;0;0;um2;0;0;0;um2;0;;;;;;;;;;;;;;
1059;Taenia tecta, dorsal part, layer 4;0;0;um2;0;0;0;um2;0;;;;;;;;;;;;;;
605;Taenia tecta, ventral part;0;0;um2;0;0;0;um2;0;;;;;;;;;;;;;;
306;Taenia tecta, ventral part, layers 1-3;0;0;um2;0;0;0;um2;0;;;;;;;;;;;;;;
1067;Taenia tecta, ventral part, layer 1;0;0;um2;0;0;0;um2;0;;;;;;;;;;;;;;
1075;Taenia tecta, ventral part, layer 2;0;0;um2;0;0;0;um2;0;;;;;;;;;;;;;;
1082;Taenia tecta, ventral part, layer 3;0;0;um2;0;0;0;um2;0;;;;;;;;;;;;;;
814;Dorsal peduncular area;0;0;um2;0;0;0;um2;0;;;;;;;;;;;;;;
496;Dorsal peduncular area, layer 1;0;0;um2;0;0;0;um2;0;;;;;;;;;;;;;;
535;Dorsal peduncular area, layer 2;0;0;um2;0;0;0;um2;0;;;;;;;;;;;;;;
360;Dorsal peduncular area, layer 2/3;0;0;um2;0;0;0;um2;0;;;;;;;;;;;;;;
646;Dorsal peduncular area, layer 5;0;0;um2;0;0;0;um2;0;;;;;;;;;;;;;;
267;Dorsal peduncular area, layer 6a;0;0;um2;0;0;0;um2;0;;;;;;;;;;;;;;
961;Piriform area;805195;805195.028748;um2;512;22813;22813;um2;0.028332;;;;;;;;;;;;;;
152;Piriform area, layers 1-3;0;0;um2;0;0;0;um2;0;;;;;;;;;;;;;;
276;Piriform area, molecular layer;0;0;um2;0;0;0;um2;0;;;;;;;;;;;;;;
284;Piriform area, pyramidal layer;0;0;um2;0;0;0;um2;0;;;;;;;;;;;;;;
291;Piriform area, polymorph layer;0;0;um2;0;0;0;um2;0;;;;;;;;;;;;;;
619;Nucleus of the lateral olfactory tract;0;0;um2;0;0;0;um2;0;;;;;;;;;;;;;;
392;Nucleus of the lateral olfactory tract, layers 1-3;0;0;um2;0;0;0;um2;0;;;;;;;;;;;;;;
260;Nucleus of the lateral olfactory tract, molecular layer;0;0;um2;0;0;0;um2;0;;;;;;;;;;;;;;
268;Nucleus of the lateral olfactory tract, pyramidal layer;0;0;um2;0;0;0;um2;0;;;;;;;;;;;;;;
1139;Nucleus of the lateral olfactory tract, layer 3;0;0;um2;0;0;0;um2;0;;;;;;;;;;;;;;
631;Cortical amygdalar area;0;0;um2;0;0;0;um2;0;;;;;;;;;;;;;;
639;Cortical amygdalar area, anterior part;0;0;um2;0;0;0;um2;0;;;;;;;;;;;;;;
192;Cortical amygdalar area, anterior part, layer 1;0;0;um2;0;0;0;um2;0;;;;;;;;;;;;;;
200;Cortical amygdalar area, anterior part, layer 2;0;0;um2;0;0;0;um2;0;;;;;;;;;;;;;;
208;Cortical amygdalar area, anterior part, layer 3;0;0;um2;0;0;0;um2;0;;;;;;;;;;;;;;
647;Cortical amygdalar area, posterior part;0;0;um2;0;0;0;um2;0;;;;;;;;;;;;;;
655;Cortical amygdalar area, posterior part, lateral zone;444332;444332.096924;um2;198;5617;5617;um2;0.012641;;;;;;;;;;;;;;
584;Cortical amygdalar area, posterior part, lateral zone, layers 1-2;0;0;um2;0;0;0;um2;0;;;;;;;;;;;;;;
376;Cortical amygdalar area, posterior part, lateral zone, layers 1-3;0;0;um2;0;0;0;um2;0;;;;;;;;;;;;;;
216;Cortical amygdalar area, posterior part, lateral zone, layer 1;0;0;um2;0;0;0;um2;0;;;;;;;;;;;;;;
224;Cortical amygdalar area, posterior part, lateral zone, layer 2;0;0;um2;0;0;0;um2;0;;;;;;;;;;;;;;
232;Cortical amygdalar area, posterior part, lateral zone, layer 3;0;0;um2;0;0;0;um2;0;;;;;;;;;;;;;;
663;Cortical amygdalar area, posterior part, medial zone;470691;470690.780640;um2;262;8004;8004;um2;0.017005;;;;;;;;;;;;;;
592;Cortical amygdalar area, posterior part, medial zone, layers 1-2;0;0;um2;0;0;0;um2;0;;;;;;;;;;;;;;
383;Cortical amygdalar area, posterior part, medial zone, layers 1-3;0;0;um2;0;0;0;um2;0;;;;;;;;;;;;;;
240;Cortical amygdalar area, posterior part, medial zone, layer 1;0;0;um2;0;0;0;um2;0;;;;;;;;;;;;;;
248;Cortical amygdalar area, posterior part, medial zone, layer 2;0;0;um2;0;0;0;um2;0;;;;;;;;;;;;;;
256;Cortical amygdalar area, posterior part, medial zone, layer 3;0;0;um2;0;0;0;um2;0;;;;;;;;;;;;;;
788;Piriform-amygdalar area;102924;102924.384033;um2;54;1887;1887;um2;0.018334;;;;;;;;;;;;;;
400;Piriform-amygdalar area, layers 1-3;0;0;um2;0;0;0;um2;0;;;;;;;;;;;;;;
408;Piriform-amygdalar area, molecular layer;0;0;um2;0;0;0;um2;0;;;;;;;;;;;;;;
416;Piriform-amygdalar area, pyramidal layer;0;0;um2;0;0;0;um2;0;;;;;;;;;;;;;;
424;Piriform-amygdalar area, polymorph layer;0;0;um2;0;0;0;um2;0;;;;;;;;;;;;;;
566;Postpiriform transition area;147169;147169.317413;um2;43;1425;1425;um2;0.009683;;;;;;;;;;;;;;
517;Postpiriform transition area, layers 1-3;0;0;um2;0;0;0;um2;0;;;;;;;;;;;;;;
1140;Postpiriform transition area, layers 1;0;0;um2;0;0;0;um2;0;;;;;;;;;;;;;;
1141;Postpiriform transition area, layers 2;0;0;um2;0;0;0;um2;0;;;;;;;;;;;;;;
1142;Postpiriform transition area, layers 3;0;0;um2;0;0;0;um2;0;;;;;;;;;;;;;;
1089;Hippocampal formation;86293;86293.309784;um2;35;793;793;um2;0.009190;;;;;;;;;;;;;;
1080;Hippocampal region;0;0;um2;0;0;0;um2;0;;;;;;;;;;;;;;
375;Ammon's horn;0;0;um2;0;0;0;um2;0;;;;;;;;;;;;;;
382;Field CA1;1974705;1974704.721710;um2;828;28854;28854;um2;0.014612;;;;;;;;;;;;;;
391;Field CA1, stratum lacunosum-moleculare;0;0;um2;0;0;0;um2;0;;;;;;;;;;;;;;
399;Field CA1, stratum oriens;0;0;um2;0;0;0;um2;0;;;;;;;;;;;;;;
407;Field CA1, pyramidal layer;0;0;um2;0;0;0;um2;0;;;;;;;;;;;;;;
415;Field CA1, stratum radiatum;0;0;um2;0;0;0;um2;0;;;;;;;;;;;;;;
423;Field CA2;155328;155327.957611;um2;53;1737;1737;um2;0.011183;;;;;;;;;;;;;;
431;Field CA2, stratum lacunosum-moleculare;0;0;um2;0;0;0;um2;0;;;;;;;;;;;;;;
438;Field CA2, stratum oriens;0;0;um2;0;0;0;um2;0;;;;;;;;;;;;;;
446;Field CA2, pyramidal layer;0;0;um2;0;0;0;um2;0;;;;;;;;;;;;;;
454;Field CA2, stratum radiatum;0;0;um2;0;0;0;um2;0;;;;;;;;;;;;;;
463;Field CA3;1694487;1694486.810303;um2;644;21373;21373;um2;0.012613;;;;;;;;;;;;;;
471;Field CA3, stratum lacunosum-moleculare;0;0;um2;0;0;0;um2;0;;;;;;;;;;;;;;
479;Field CA3, stratum lucidum;0;0;um2;0;0;0;um2;0;;;;;;;;;;;;;;
486;Field CA3, stratum oriens;0;0;um2;0;0;0;um2;0;;;;;;;;;;;;;;
495;Field CA3, pyramidal layer;0;0;um2;0;0;0;um2;0;;;;;;;;;;;;;;
504;Field CA3, stratum radiatum;0;0;um2;0;0;0;um2;0;;;;;;;;;;;;;;
726;Dentate gyrus;0;0;um2;0;0;0;um2;0;;;;;;;;;;;;;;
10703;Dentate gyrus, molecular layer;632295;632294.615326;um2;38;1048;1048;um2;0.001657;;;;;;;;;;;;;;
10704;Dentate gyrus, polymorph layer;70604;70603.617096;um2;27;776;776;um2;0.010991;;;;;;;;;;;;;;
632;Dentate gyrus, granule cell layer;224363;224362.605438;um2;125;5618;5618;um2;0.025040;;;;;;;;;;;;;;
10702;Dentate gyrus, subgranular zone;0;0;um2;0;0;0;um2;0;;;;;;;;;;;;;;
734;Dentate gyrus crest;0;0;um2;0;0;0;um2;0;;;;;;;;;;;;;;
742;Dentate gyrus crest, molecular layer;0;0;um2;0;0;0;um2;0;;;;;;;;;;;;;;
751;Dentate gyrus crest, polymorph layer;0;0;um2;0;0;0;um2;0;;;;;;;;;;;;;;
758;Dentate gyrus crest, granule cell layer;0;0;um2;0;0;0;um2;0;;;;;;;;;;;;;;
766;Dentate gyrus lateral blade;0;0;um2;0;0;0;um2;0;;;;;;;;;;;;;;
775;Dentate gyrus lateral blade, molecular layer;0;0;um2;0;0;0;um2;0;;;;;;;;;;;;;;
782;Dentate gyrus lateral blade, polymorph layer;0;0;um2;0;0;0;um2;0;;;;;;;;;;;;;;
790;Dentate gyrus lateral blade, granule cell layer;0;0;um2;0;0;0;um2;0;;;;;;;;;;;;;;
799;Dentate gyrus medial blade;0;0;um2;0;0;0;um2;0;;;;;;;;;;;;;;
807;Dentate gyrus medial blade, molecular layer;0;0;um2;0;0;0;um2;0;;;;;;;;;;;;;;
815;Dentate gyrus medial blade, polymorph layer;0;0;um2;0;0;0;um2;0;;;;;;;;;;;;;;
823;Dentate gyrus medial blade, granule cell layer;0;0;um2;0;0;0;um2;0;;;;;;;;;;;;;;
982;Fasciola cinerea;7531;7531.052490;um2;1;54;54;um2;0.007170;;;;;;;;;;;;;;
19;Induseum griseum;0;0;um2;0;0;0;um2;0;;;;;;;;;;;;;;
822;Retrohippocampal region;0;0;um2;0;0;0;um2;0;;;;;;;;;;;;;;
909;Entorhinal area;0;0;um2;0;0;0;um2;0;;;;;;;;;;;;;;
918;Entorhinal area, lateral part;0;0;um2;0;0;0;um2;0;;;;;;;;;;;;;;
1121;Entorhinal area, lateral part, layer 1;76566;76565.700317;um2;1;20;20;um2;0.000261;;;;;;;;;;;;;;
20;Entorhinal area, lateral part, layer 2;102611;102610.590179;um2;50;2192;2192;um2;0.021362;;;;;;;;;;;;;;
999;Entorhinal area, lateral part, layer 2/3;0;0;um2;0;0;0;um2;0;;;;;;;;;;;;;;
715;Entorhinal area, lateral part, layer 2a;0;0;um2;0;0;0;um2;0;;;;;;;;;;;;;;
764;Entorhinal area, lateral part, layer 2b;0;0;um2;0;0;0;um2;0;;;;;;;;;;;;;;
52;Entorhinal area, lateral part, layer 3;110142;110141.642670;um2;113;4807;4807;um2;0.043644;;;;;;;;;;;;;;
92;Entorhinal area, lateral part, layer 4;0;0;um2;0;0;0;um2;0;;;;;;;;;;;;;;
312;Entorhinal area, lateral part, layer 4/5;0;0;um2;0;0;0;um2;0;;;;;;;;;;;;;;
139;Entorhinal area, lateral part, layer 5;122693;122693.396820;um2;95;4164;4164;um2;0.033938;;;;;;;;;;;;;;
387;Entorhinal area, lateral part, layer 5/6;0;0;um2;0;0;0;um2;0;;;;;;;;;;;;;;
28;Entorhinal area, lateral part, layer 6a;44559;44558.727234;um2;50;2586;2586;um2;0.058036;;;;;;;;;;;;;;
60;Entorhinal area, lateral part, layer 6b;0;0;um2;0;0;0;um2;0;;;;;;;;;;;;;;
926;Entorhinal area, medial part, dorsal zone;0;0;um2;0;0;0;um2;0;;;;;;;;;;;;;;
526;Entorhinal area, medial part, dorsal zone, layer 1;0;0;um2;0;0;0;um2;0;;;;;;;;;;;;;;
543;Entorhinal area, medial part, dorsal zone, layer 2;0;0;um2;0;0;0;um2;0;;;;;;;;;;;;;;
468;Entorhinal area, medial part, dorsal zone, layer 2a;0;0;um2;0;0;0;um2;0;;;;;;;;;;;;;;
508;Entorhinal area, medial part, dorsal zone, layer 2b;0;0;um2;0;0;0;um2;0;;;;;;;;;;;;;;
664;Entorhinal area, medial part, dorsal zone, layer 3;0;0;um2;0;0;0;um2;0;;;;;;;;;;;;;;
712;Entorhinal area, medial part, dorsal zone, layer 4;0;0;um2;0;0;0;um2;0;;;;;;;;;;;;;;
727;Entorhinal area, medial part, dorsal zone, layer 5;0;0;um2;0;0;0;um2;0;;;;;;;;;;;;;;
550;Entorhinal area, medial part, dorsal zone, layer 5/6;0;0;um2;0;0;0;um2;0;;;;;;;;;;;;;;
743;Entorhinal area, medial part, dorsal zone, layer 6;0;0;um2;0;0;0;um2;0;;;;;;;;;;;;;;
934;Entorhinal area, medial part, ventral zone;0;0;um2;0;0;0;um2;0;;;;;;;;;;;;;;
259;Entorhinal area, medial part, ventral zone, layer 1;0;0;um2;0;0;0;um2;0;;;;;;;;;;;;;;
324;Entorhinal area, medial part, ventral zone, layer 2;0;0;um2;0;0;0;um2;0;;;;;;;;;;;;;;
371;Entorhinal area, medial part, ventral zone, layer 3;0;0;um2;0;0;0;um2;0;;;;;;;;;;;;;;
419;Entorhinal area, medial part, ventral zone, layer 4;0;0;um2;0;0;0;um2;0;;;;;;;;;;;;;;
1133;Entorhinal area, medial part, ventral zone, layer 5/6;0;0;um2;0;0;0;um2;0;;;;;;;;;;;;;;
843;Parasubiculum;0;0;um2;0;0;0;um2;0;;;;;;;;;;;;;;
10693;Parasubiculum, layer 1;0;0;um2;0;0;0;um2;0;;;;;;;;;;;;;;
10694;Parasubiculum, layer 2;0;0;um2;0;0;0;um2;0;;;;;;;;;;;;;;
10695;Parasubiculum, layer 3;0;0;um2;0;0;0;um2;0;;;;;;;;;;;;;;
1037;Postsubiculum;0;0;um2;0;0;0;um2;0;;;;;;;;;;;;;;
10696;Postsubiculum, layer 1;0;0;um2;0;0;0;um2;0;;;;;;;;;;;;;;
10697;Postsubiculum, layer 2;0;0;um2;0;0;0;um2;0;;;;;;;;;;;;;;
10698;Postsubiculum, layer 3;0;0;um2;0;0;0;um2;0;;;;;;;;;;;;;;
1084;Presubiculum;0;0;um2;0;0;0;um2;0;;;;;;;;;;;;;;
10699;Presubiculum, layer 1;0;0;um2;0;0;0;um2;0;;;;;;;;;;;;;;
10700;Presubiculum, layer 2;0;0;um2;0;0;0;um2;0;;;;;;;;;;;;;;
10701;Presubiculum, layer 3;0;0;um2;0;0;0;um2;0;;;;;;;;;;;;;;
502;Subiculum;212125;212124.645142;um2;91;2456;2456;um2;0.011578;;;;;;;;;;;;;;
509;Subiculum, dorsal part;0;0;um2;0;0;0;um2;0;;;;;;;;;;;;;;
829;Subiculum, dorsal part, molecular layer;0;0;um2;0;0;0;um2;0;;;;;;;;;;;;;;
845;Subiculum, dorsal part, pyramidal layer;0;0;um2;0;0;0;um2;0;;;;;;;;;;;;;;
837;Subiculum, dorsal part, stratum radiatum;0;0;um2;0;0;0;um2;0;;;;;;;;;;;;;;
518;Subiculum, ventral part;0;0;um2;0;0;0;um2;0;;;;;;;;;;;;;;
853;Subiculum, ventral part, molecular layer;0;0;um2;0;0;0;um2;0;;;;;;;;;;;;;;
870;Subiculum, ventral part, pyramidal layer;0;0;um2;0;0;0;um2;0;;;;;;;;;;;;;;
861;Subiculum, ventral part, stratum radiatum;0;0;um2;0;0;0;um2;0;;;;;;;;;;;;;;
484682470;Prosubiculum;64955;64955.327728;um2;19;492;492;um2;0.007574;;;;;;;;;;;;;;
484682475;Prosubiculum, dorsal part;0;0;um2;0;0;0;um2;0;;;;;;;;;;;;;;
484682479;Prosubiculum, dorsal part, molecular layer;0;0;um2;0;0;0;um2;0;;;;;;;;;;;;;;
484682483;Prosubiculum, dorsal part, pyramidal layer;0;0;um2;0;0;0;um2;0;;;;;;;;;;;;;;
484682487;Prosubiculum, dorsal part, stratum radiatum;0;0;um2;0;0;0;um2;0;;;;;;;;;;;;;;
484682492;Prosubiculum, ventral part;0;0;um2;0;0;0;um2;0;;;;;;;;;;;;;;
484682496;Prosubiculum, ventral part, molecular layer;0;0;um2;0;0;0;um2;0;;;;;;;;;;;;;;
484682500;Prosubiculum, ventral part, pyramidal layer;0;0;um2;0;0;0;um2;0;;;;;;;;;;;;;;
484682504;Prosubiculum, ventral part, stratum radiatum;0;0;um2;0;0;0;um2;0;;;;;;;;;;;;;;
589508447;Hippocampo-amygdalar transition area;0;0;um2;0;0;0;um2;0;;;;;;;;;;;;;;
484682508;Area prostriata;0;0;um2;0;0;0;um2;0;;;;;;;;;;;;;;
703;Cortical subplate;44559;44558.727234;um2;40;1447;1447;um2;0.032474;;;;;;;;;;;;;;
16;Layer 6b, isocortex;0;0;um2;0;0;0;um2;0;;;;;;;;;;;;;;
583;Claustrum;0;0;um2;0;0;0;um2;0;;;;;;;;;;;;;;
942;Endopiriform nucleus;0;0;um2;0;0;0;um2;0;;;;;;;;;;;;;;
952;Endopiriform nucleus, dorsal part;172587;172586.619568;um2;151;7432;7432;um2;0.043062;;;;;;;;;;;;;;
966;Endopiriform nucleus, ventral part;113907;113907.168915;um2;97;4115;4115;um2;0.036126;;;;;;;;;;;;;;
131;Lateral amygdalar nucleus;207104;207103.943481;um2;76;2694;2694;um2;0.013008;;;;;;;;;;;;;;
295;Basolateral amygdalar nucleus;0;0;um2;0;0;0;um2;0;;;;;;;;;;;;;;
303;Basolateral amygdalar nucleus, anterior part;59621;59620.832214;um2;71;2703;2703;um2;0.045337;;;;;;;;;;;;;;
311;Basolateral amygdalar nucleus, posterior part;259194;259193.723206;um2;214;8671;8671;um2;0.033454;;;;;;;;;;;;;;
451;Basolateral amygdalar nucleus, ventral part;84097;84096.752808;um2;34;1027;1027;um2;0.012212;;;;;;;;;;;;;;
319;Basomedial amygdalar nucleus;0;0;um2;0;0;0;um2;0;;;;;;;;;;;;;;
327;Basomedial amygdalar nucleus, anterior part;0;0;um2;0;0;0;um2;0;;;;;;;;;;;;;;
334;Basomedial amygdalar nucleus, posterior part;314421;314421.441467;um2;228;9302;9302;um2;0.029584;;;;;;;;;;;;;;
780;Posterior amygdalar nucleus;433036;433035.518188;um2;301;10171;10171;um2;0.023488;;;;;;;;;;;;;;
623;Cerebral nuclei;0;0;um2;0;0;0;um2;0;;;;;;;;;;;;;;
477;Striatum;104180;104179.559448;um2;56;1362;1362;um2;0.013074;;;;;;;;;;;;;;
485;Striatum dorsal region;0;0;um2;0;0;0;um2;0;;;;;;;;;;;;;;
672;Caudoputamen;322894;322893.875519;um2;203;5842;5842;um2;0.018093;;;;;;;;;;;;;;
493;Striatum ventral region;0;0;um2;0;0;0;um2;0;;;;;;;;;;;;;;
56;Nucleus accumbens;0;0;um2;0;0;0;um2;0;;;;;;;;;;;;;;
998;Fundus of striatum;0;0;um2;0;0;0;um2;0;;;;;;;;;;;;;;
754;Olfactory tubercle;0;0;um2;0;0;0;um2;0;;;;;;;;;;;;;;
481;Islands of Calleja;0;0;um2;0;0;0;um2;0;;;;;;;;;;;;;;
489;Major island of Calleja;0;0;um2;0;0;0;um2;0;;;;;;;;;;;;;;
144;Olfactory tubercle, layers 1-3;0;0;um2;0;0;0;um2;0;;;;;;;;;;;;;;
458;Olfactory tubercle, molecular layer;0;0;um2;0;0;0;um2;0;;;;;;;;;;;;;;
465;Olfactory tubercle, pyramidal layer;0;0;um2;0;0;0;um2;0;;;;;;;;;;;;;;
473;Olfactory tubercle, polymorph layer;0;0;um2;0;0;0;um2;0;;;;;;;;;;;;;;
549009199;Lateral strip of striatum;0;0;um2;0;0;0;um2;0;;;;;;;;;;;;;;
275;Lateral septal complex;0;0;um2;0;0;0;um2;0;;;;;;;;;;;;;;
242;Lateral septal nucleus;0;0;um2;0;0;0;um2;0;;;;;;;;;;;;;;
250;Lateral septal nucleus, caudal (caudodorsal) part;0;0;um2;0;0;0;um2;0;;;;;;;;;;;;;;
258;Lateral septal nucleus, rostral (rostroventral) part;0;0;um2;0;0;0;um2;0;;;;;;;;;;;;;;
266;Lateral septal nucleus, ventral part;0;0;um2;0;0;0;um2;0;;;;;;;;;;;;;;
310;Septofimbrial nucleus;0;0;um2;0;0;0;um2;0;;;;;;;;;;;;;;
333;Septohippocampal nucleus;0;0;um2;0;0;0;um2;0;;;;;;;;;;;;;;
278;Striatum-like amygdalar nuclei;0;0;um2;0;0;0;um2;0;;;;;;;;;;;;;;
23;Anterior amygdalar area;0;0;um2;0;0;0;um2;0;;;;;;;;;;;;;;
292;Bed nucleus of the accessory olfactory tract;0;0;um2;0;0;0;um2;0;;;;;;;;;;;;;;
536;Central amygdalar nucleus;0;0;um2;0;0;0;um2;0;;;;;;;;;;;;;;
544;Central amygdalar nucleus, capsular part;0;0;um2;0;0;0;um2;0;;;;;;;;;;;;;;
551;Central amygdalar nucleus, lateral part;0;0;um2;0;0;0;um2;0;;;;;;;;;;;;;;
559;Central amygdalar nucleus, medial part;0;0;um2;0;0;0;um2;0;;;;;;;;;;;;;;
1105;Intercalated amygdalar nucleus;0;0;um2;0;0;0;um2;0;;;;;;;;;;;;;;
403;Medial amygdalar nucleus;71231;71231.204803;um2;26;685;685;um2;0.009617;;;;;;;;;;;;;;
411;Medial amygdalar nucleus, anterodorsal part;0;0;um2;0;0;0;um2;0;;;;;;;;;;;;;;
418;Medial amygdalar nucleus, anteroventral part;0;0;um2;0;0;0;um2;0;;;;;;;;;;;;;;
426;Medial amygdalar nucleus, posterodorsal part;0;0;um2;0;0;0;um2;0;;;;;;;;;;;;;;
472;Medial amygdalar nucleus, posterodorsal part, sublayer a;0;0;um2;0;0;0;um2;0;;;;;;;;;;;;;;
480;Medial amygdalar nucleus, posterodorsal part, sublayer b;0;0;um2;0;0;0;um2;0;;;;;;;;;;;;;;
487;Medial amygdalar nucleus, posterodorsal part, sublayer c;0;0;um2;0;0;0;um2;0;;;;;;;;;;;;;;
435;Medial amygdalar nucleus, posteroventral part;0;0;um2;0;0;0;um2;0;;;;;;;;;;;;;;
803;Pallidum;0;0;um2;0;0;0;um2;0;;;;;;;;;;;;;;
818;Pallidum, dorsal region;0;0;um2;0;0;0;um2;0;;;;;;;;;;;;;;
1022;Globus pallidus, external segment;0;0;um2;0;0;0;um2;0;;;;;;;;;;;;;;
1031;Globus pallidus, internal segment;0;0;um2;0;0;0;um2;0;;;;;;;;;;;;;;
835;Pallidum, ventral region;0;0;um2;0;0;0;um2;0;;;;;;;;;;;;;;
342;Substantia innominata;0;0;um2;0;0;0;um2;0;;;;;;;;;;;;;;
298;Magnocellular nucleus;0;0;um2;0;0;0;um2;0;;;;;;;;;;;;;;
826;Pallidum, medial region;0;0;um2;0;0;0;um2;0;;;;;;;;;;;;;;
904;Medial septal complex;0;0;um2;0;0;0;um2;0;;;;;;;;;;;;;;
564;Medial septal nucleus;0;0;um2;0;0;0;um2;0;;;;;;;;;;;;;;
596;Diagonal band nucleus;0;0;um2;0;0;0;um2;0;;;;;;;;;;;;;;
581;Triangular nucleus of septum;0;0;um2;0;0;0;um2;0;;;;;;;;;;;;;;
809;Pallidum, caudal region;0;0;um2;0;0;0;um2;0;;;;;;;;;;;;;;
351;Bed nuclei of the stria terminalis;0;0;um2;0;0;0;um2;0;;;;;;;;;;;;;;
359;Bed nuclei of the stria terminalis, anterior division;0;0;um2;0;0;0;um2;0;;;;;;;;;;;;;;
537;Bed nuclei of the stria terminalis, anterior division, anterolateral area;0;0;um2;0;0;0;um2;0;;;;;;;;;;;;;;
498;Bed nuclei of the stria terminalis, anterior division, anteromedial area;0;0;um2;0;0;0;um2;0;;;;;;;;;;;;;;
505;Bed nuclei of the stria terminalis, anterior division, dorsomedial nucleus;0;0;um2;0;0;0;um2;0;;;;;;;;;;;;;;
513;Bed nuclei of the stria terminalis, anterior division, fusiform nucleus;0;0;um2;0;0;0;um2;0;;;;;;;;;;;;;;
546;Bed nuclei of the stria terminalis, anterior division, juxtacapsular nucleus;0;0;um2;0;0;0;um2;0;;;;;;;;;;;;;;
521;Bed nuclei of the stria terminalis, anterior division, magnocellular nucleus;0;0;um2;0;0;0;um2;0;;;;;;;;;;;;;;
554;Bed nuclei of the stria terminalis, anterior division, oval nucleus;0;0;um2;0;0;0;um2;0;;;;;;;;;;;;;;
562;Bed nuclei of the stria terminalis, anterior division, rhomboid nucleus;0;0;um2;0;0;0;um2;0;;;;;;;;;;;;;;
529;Bed nuclei of the stria terminalis, anterior division, ventral nucleus;0;0;um2;0;0;0;um2;0;;;;;;;;;;;;;;
367;Bed nuclei of the stria terminalis, posterior division;0;0;um2;0;0;0;um2;0;;;;;;;;;;;;;;
569;Bed nuclei of the stria terminalis, posterior division, dorsal nucleus;0;0;um2;0;0;0;um2;0;;;;;;;;;;;;;;
578;Bed nuclei of the stria terminalis, posterior division, principal nucleus;0;0;um2;0;0;0;um2;0;;;;;;;;;;;;;;
585;Bed nuclei of the stria terminalis, posterior division, interfascicular nucleus;0;0;um2;0;0;0;um2;0;;;;;;;;;;;;;;
594;Bed nuclei of the stria terminalis, posterior division, transverse nucleus;0;0;um2;0;0;0;um2;0;;;;;;;;;;;;;;
602;Bed nuclei of the stria terminalis, posterior division, strial extension;0;0;um2;0;0;0;um2;0;;;;;;;;;;;;;;
287;Bed nucleus of the anterior commissure;0;0;um2;0;0;0;um2;0;;;;;;;;;;;;;;
343;Brain stem;0;0;um2;0;0;0;um2;0;;;;;;;;;;;;;;
1129;Interbrain;0;0;um2;0;0;0;um2;0;;;;;;;;;;;;;;
549;Thalamus;340153;340152.537476;um2;63;1256;1256;um2;0.003692;;;;;;;;;;;;;;
864;Thalamus, sensory-motor cortex related;0;0;um2;0;0;0;um2;0;;;;;;;;;;;;;;
637;Ventral group of the dorsal thalamus;0;0;um2;0;0;0;um2;0;;;;;;;;;;;;;;
629;Ventral anterior-lateral complex of the thalamus;0;0;um2;0;0;0;um2;0;;;;;;;;;;;;;;
685;Ventral medial nucleus of the thalamus;0;0;um2;0;0;0;um2;0;;;;;;;;;;;;;;
709;Ventral posterior complex of the thalamus;0;0;um2;0;0;0;um2;0;;;;;;;;;;;;;;
718;Ventral posterolateral nucleus of the thalamus;70917;70917.410950;um2;8;85;85;um2;0.001199;;;;;;;;;;;;;;
725;Ventral posterolateral nucleus of the thalamus, parvicellular part;75938;75938.112610;um2;1;15;15;um2;0.000198;;;;;;;;;;;;;;
733;Ventral posteromedial nucleus of the thalamus;173842;173841.794983;um2;13;90;90;um2;0.000518;;;;;;;;;;;;;;
741;Ventral posteromedial nucleus of the thalamus, parvicellular part;5648;5648.289368;um2;0;0;0;um2;0;;;;;;;;;;;;;;
563807435;Posterior triangular thalamic nucleus;149052;149052.080536;um2;23;319;319;um2;0.002140;;;;;;;;;;;;;;
406;Subparafascicular nucleus;0;0;um2;0;0;0;um2;0;;;;;;;;;;;;;;
414;Subparafascicular nucleus, magnocellular part;49266;49265.635040;um2;85;2737;2737;um2;0.055556;;;;;;;;;;;;;;
422;Subparafascicular nucleus, parvicellular part;94138;94138.156128;um2;18;381;381;um2;0.004047;;;;;;;;;;;;;;
609;Subparafascicular area;0;0;um2;0;0;0;um2;0;;;;;;;;;;;;;;
1044;Peripeduncular nucleus;0;0;um2;0;0;0;um2;0;;;;;;;;;;;;;;
1008;Geniculate group, dorsal thalamus;0;0;um2;0;0;0;um2;0;;;;;;;;;;;;;;
475;Medial geniculate complex;0;0;um2;0;0;0;um2;0;;;;;;;;;;;;;;
1072;Medial geniculate complex, dorsal part;13493;13493.135712;um2;3;11;11;um2;0.000815;;;;;;;;;;;;;;
1079;Medial geniculate complex, ventral part;0;0;um2;0;0;0;um2;0;;;;;;;;;;;;;;
1088;Medial geniculate complex, medial part;65269;65269.121582;um2;17;236;236;um2;0.003616;;;;;;;;;;;;;;
170;Dorsal part of the lateral geniculate complex;0;0;um2;0;0;0;um2;0;;;;;;;;;;;;;;
496345664;Dorsal part of the lateral geniculate complex, shell;119242;119241.664429;um2;1;9;9;um2;0.000075;;;;;;;;;;;;;;
496345668;Dorsal part of the lateral geniculate complex, core;186707;186707.342987;um2;22;505;505;um2;0.002705;;;;;;;;;;;;;;
496345672;Dorsal part of the lateral geniculate complex, ipsilateral zone;66838;66838.090851;um2;4;13;13;um2;0.000194;;;;;;;;;;;;;;
856;Thalamus, polymodal association cortex related;0;0;um2;0;0;0;um2;0;;;;;;;;;;;;;;
138;Lateral group of the dorsal thalamus;0;0;um2;0;0;0;um2;0;;;;;;;;;;;;;;
218;Lateral posterior nucleus of the thalamus;337956;337955.980499;um2;46;453;453;um2;0.001340;;;;;;;;;;;;;;
1020;Posterior complex of the thalamus;204594;204593.592651;um2;22;171;171;um2;0.000836;;;;;;;;;;;;;;
1029;Posterior limiting nucleus of the thalamus;43617;43617.345673;um2;14;231;231;um2;0.005296;;;;;;;;;;;;;;
325;Suprageniculate nucleus;9414;9413.815613;um2;5;56;56;um2;0.005949;;;;;;;;;;;;;;
560581551;Ethmoid nucleus of the thalamus;143090;143089.997314;um2;40;515;515;um2;0.003599;;;;;;;;;;;;;;
560581555;Retroethmoid nucleus;0;0;um2;0;0;0;um2;0;;;;;;;;;;;;;;
239;Anterior group of the dorsal thalamus;0;0;um2;0;0;0;um2;0;;;;;;;;;;;;;;
255;Anteroventral nucleus of thalamus;0;0;um2;0;0;0;um2;0;;;;;;;;;;;;;;
127;Anteromedial nucleus;0;0;um2;0;0;0;um2;0;;;;;;;;;;;;;;
1096;Anteromedial nucleus, dorsal part;0;0;um2;0;0;0;um2;0;;;;;;;;;;;;;;
1104;Anteromedial nucleus, ventral part;0;0;um2;0;0;0;um2;0;;;;;;;;;;;;;;
64;Anterodorsal nucleus;0;0;um2;0;0;0;um2;0;;;;;;;;;;;;;;
1120;Interanteromedial nucleus of the thalamus;0;0;um2;0;0;0;um2;0;;;;;;;;;;;;;;
1113;Interanterodorsal nucleus of the thalamus;0;0;um2;0;0;0;um2;0;;;;;;;;;;;;;;
155;Lateral dorsal nucleus of thalamus;0;0;um2;0;0;0;um2;0;;;;;;;;;;;;;;
444;Medial group of the dorsal thalamus;0;0;um2;0;0;0;um2;0;;;;;;;;;;;;;;
59;Intermediodorsal nucleus of the thalamus;0;0;um2;0;0;0;um2;0;;;;;;;;;;;;;;
362;Mediodorsal nucleus of thalamus;0;0;um2;0;0;0;um2;0;;;;;;;;;;;;;;
617;Mediodorsal nucleus of the thalamus, central part;0;0;um2;0;0;0;um2;0;;;;;;;;;;;;;;
626;Mediodorsal nucleus of the thalamus, lateral part;0;0;um2;0;0;0;um2;0;;;;;;;;;;;;;;
636;Mediodorsal nucleus of the thalamus, medial part;0;0;um2;0;0;0;um2;0;;;;;;;;;;;;;;
366;Submedial nucleus of the thalamus;0;0;um2;0;0;0;um2;0;;;;;;;;;;;;;;
1077;Perireunensis nucleus;0;0;um2;0;0;0;um2;0;;;;;;;;;;;;;;
571;Midline group of the dorsal thalamus;0;0;um2;0;0;0;um2;0;;;;;;;;;;;;;;
149;Paraventricular nucleus of the thalamus;0;0;um2;0;0;0;um2;0;;;;;;;;;;;;;;
15;Parataenial nucleus;0;0;um2;0;0;0;um2;0;;;;;;;;;;;;;;
181;Nucleus of reuniens;0;0;um2;0;0;0;um2;0;;;;;;;;;;;;;;
560581559;Xiphoid thalamic nucleus;0;0;um2;0;0;0;um2;0;;;;;;;;;;;;;;
51;Intralaminar nuclei of the dorsal thalamus;0;0;um2;0;0;0;um2;0;;;;;;;;;;;;;;
189;Rhomboid nucleus;0;0;um2;0;0;0;um2;0;;;;;;;;;;;;;;
599;Central medial nucleus of the thalamus;0;0;um2;0;0;0;um2;0;;;;;;;;;;;;;;
907;Paracentral nucleus;0;0;um2;0;0;0;um2;0;;;;;;;;;;;;;;
575;Central lateral nucleus of the thalamus;0;0;um2;0;0;0;um2;0;;;;;;;;;;;;;;
930;Parafascicular nucleus;192669;192669.426208;um2;12;173;173;um2;0.000898;;;;;;;;;;;;;;
560581563;Posterior intralaminar thalamic nucleus;0;0;um2;0;0;0;um2;0;;;;;;;;;;;;;;
262;Reticular nucleus of the thalamus;0;0;um2;0;0;0;um2;0;;;;;;;;;;;;;;
1014;Geniculate group, ventral thalamus;0;0;um2;0;0;0;um2;0;;;;;;;;;;;;;;
27;Intergeniculate leaflet of the lateral geniculate complex;49893;49893.222748;um2;46;1220;1220;um2;0.024452;;;;;;;;;;;;;;
563807439;Intermediate geniculate nucleus;16003;16003.486542;um2;24;456;456;um2;0.028494;;;;;;;;;;;;;;
178;Ventral part of the lateral geniculate complex;253859;253859.227692;um2;303;8407;8407;um2;0.033117;;;;;;;;;;;;;;
300;Ventral part of the lateral geniculate complex, lateral zone;0;0;um2;0;0;0;um2;0;;;;;;;;;;;;;;
316;Ventral part of the lateral geniculate complex, medial zone;0;0;um2;0;0;0;um2;0;;;;;;;;;;;;;;
321;Subgeniculate nucleus;24790;24789.714447;um2;1;26;26;um2;0.001049;;;;;;;;;;;;;;
958;Epithalamus;0;0;um2;0;0;0;um2;0;;;;;;;;;;;;;;
483;Medial habenula;0;0;um2;0;0;0;um2;0;;;;;;;;;;;;;;
186;Lateral habenula;0;0;um2;0;0;0;um2;0;;;;;;;;;;;;;;
953;Pineal body;0;0;um2;0;0;0;um2;0;;;;;;;;;;;;;;
1097;Hypothalamus;306577;306576.595123;um2;167;3769;3769;um2;0.012294;;;;;;;;;;;;;;
157;Periventricular zone;0;0;um2;0;0;0;um2;0;;;;;;;;;;;;;;
390;Supraoptic nucleus;0;0;um2;0;0;0;um2;0;;;;;;;;;;;;;;
332;Accessory supraoptic group;0;0;um2;0;0;0;um2;0;;;;;;;;;;;;;;
432;Nucleus circularis;0;0;um2;0;0;0;um2;0;;;;;;;;;;;;;;
38;Paraventricular hypothalamic nucleus;0;0;um2;0;0;0;um2;0;;;;;;;;;;;;;;
71;Paraventricular hypothalamic nucleus, magnocellular division;0;0;um2;0;0;0;um2;0;;;;;;;;;;;;;;
47;Paraventricular hypothalamic nucleus, magnocellular division, anterior magnocellular part;0;0;um2;0;0;0;um2;0;;;;;;;;;;;;;;
79;Paraventricular hypothalamic nucleus, magnocellular division, medial magnocellular part;0;0;um2;0;0;0;um2;0;;;;;;;;;;;;;;
103;Paraventricular hypothalamic nucleus, magnocellular division, posterior magnocellular part;0;0;um2;0;0;0;um2;0;;;;;;;;;;;;;;
652;Paraventricular hypothalamic nucleus, magnocellular division, posterior magnocellular part, lateral zone;0;0;um2;0;0;0;um2;0;;;;;;;;;;;;;;
660;Paraventricular hypothalamic nucleus, magnocellular division, posterior magnocellular part, medial zone;0;0;um2;0;0;0;um2;0;;;;;;;;;;;;;;
94;Paraventricular hypothalamic nucleus, parvicellular division;0;0;um2;0;0;0;um2;0;;;;;;;;;;;;;;
55;Paraventricular hypothalamic nucleus, parvicellular division, anterior parvicellular part;0;0;um2;0;0;0;um2;0;;;;;;;;;;;;;;
87;Paraventricular hypothalamic nucleus, parvicellular division, medial parvicellular part, dorsal zone;0;0;um2;0;0;0;um2;0;;;;;;;;;;;;;;
110;Paraventricular hypothalamic nucleus, parvicellular division, periventricular part;0;0;um2;0;0;0;um2;0;;;;;;;;;;;;;;
30;Periventricular hypothalamic nucleus, anterior part;0;0;um2;0;0;0;um2;0;;;;;;;;;;;;;;
118;Periventricular hypothalamic nucleus, intermediate part;0;0;um2;0;0;0;um2;0;;;;;;;;;;;;;;
223;Arcuate hypothalamic nucleus;0;0;um2;0;0;0;um2;0;;;;;;;;;;;;;;
141;Periventricular region;0;0;um2;0;0;0;um2;0;;;;;;;;;;;;;;
72;Anterodorsal preoptic nucleus;0;0;um2;0;0;0;um2;0;;;;;;;;;;;;;;
80;Anterior hypothalamic area;0;0;um2;0;0;0;um2;0;;;;;;;;;;;;;;
263;Anteroventral preoptic nucleus;0;0;um2;0;0;0;um2;0;;;;;;;;;;;;;;
272;Anteroventral periventricular nucleus;0;0;um2;0;0;0;um2;0;;;;;;;;;;;;;;
830;Dorsomedial nucleus of the hypothalamus;0;0;um2;0;0;0;um2;0;;;;;;;;;;;;;;
668;Dorsomedial nucleus of the hypothalamus, anterior part;0;0;um2;0;0;0;um2;0;;;;;;;;;;;;;;
676;Dorsomedial nucleus of the hypothalamus, posterior part;0;0;um2;0;0;0;um2;0;;;;;;;;;;;;;;
684;Dorsomedial nucleus of the hypothalamus, ventral part;0;0;um2;0;0;0;um2;0;;;;;;;;;;;;;;
452;Median preoptic nucleus;0;0;um2;0;0;0;um2;0;;;;;;;;;;;;;;
523;Medial preoptic area;0;0;um2;0;0;0;um2;0;;;;;;;;;;;;;;
763;Vascular organ of the lamina terminalis;0;0;um2;0;0;0;um2;0;;;;;;;;;;;;;;
914;Posterodorsal preoptic nucleus;0;0;um2;0;0;0;um2;0;;;;;;;;;;;;;;
1109;Parastrial nucleus;0;0;um2;0;0;0;um2;0;;;;;;;;;;;;;;
1124;Suprachiasmatic preoptic nucleus;0;0;um2;0;0;0;um2;0;;;;;;;;;;;;;;
126;Periventricular hypothalamic nucleus, posterior part;141835;141834.821899;um2;69;1261;1261;um2;0.008891;;;;;;;;;;;;;;
133;Periventricular hypothalamic nucleus, preoptic part;0;0;um2;0;0;0;um2;0;;;;;;;;;;;;;;
347;Subparaventricular zone;0;0;um2;0;0;0;um2;0;;;;;;;;;;;;;;
286;Suprachiasmatic nucleus;0;0;um2;0;0;0;um2;0;;;;;;;;;;;;;;
338;Subfornical organ;0;0;um2;0;0;0;um2;0;;;;;;;;;;;;;;
576073699;Ventromedial preoptic nucleus;0;0;um2;0;0;0;um2;0;;;;;;;;;;;;;;
689;Ventrolateral preoptic nucleus;0;0;um2;0;0;0;um2;0;;;;;;;;;;;;;;
467;Hypothalamic medial zone;0;0;um2;0;0;0;um2;0;;;;;;;;;;;;;;
88;Anterior hypothalamic nucleus;0;0;um2;0;0;0;um2;0;;;;;;;;;;;;;;
700;Anterior hypothalamic nucleus, anterior part;0;0;um2;0;0;0;um2;0;;;;;;;;;;;;;;
708;Anterior hypothalamic nucleus, central part;0;0;um2;0;0;0;um2;0;;;;;;;;;;;;;;
716;Anterior hypothalamic nucleus, dorsal part;0;0;um2;0;0;0;um2;0;;;;;;;;;;;;;;
724;Anterior hypothalamic nucleus, posterior part;0;0;um2;0;0;0;um2;0;;;;;;;;;;;;;;
331;Mammillary body;0;0;um2;0;0;0;um2;0;;;;;;;;;;;;;;
210;Lateral mammillary nucleus;39538;39538.025574;um2;4;96;96;um2;0.002428;;;;;;;;;;;;;;
491;Medial mammillary nucleus;0;0;um2;0;0;0;um2;0;;;;;;;;;;;;;;
732;Medial mammillary nucleus, median part;7217;7217.258636;um2;5;79;79;um2;0.010946;;;;;;;;;;;;;;
606826647;Medial mammillary nucleus, lateral part;48010;48010.459625;um2;20;406;406;um2;0.008456;;;;;;;;;;;;;;
606826651;Medial mammillary nucleus, medial part;17259;17258.661957;um2;6;57;57;um2;0.003303;;;;;;;;;;;;;;
606826655;Medial mammillary nucleus, posterior part;0;0;um2;0;0;0;um2;0;;;;;;;;;;;;;;
606826659;Medial mammillary nucleus, dorsal part;0;0;um2;0;0;0;um2;0;;;;;;;;;;;;;;
525;Supramammillary nucleus;137442;137441.707947;um2;172;4594;4594;um2;0.033425;;;;;;;;;;;;;;
1110;Supramammillary nucleus, lateral part;0;0;um2;0;0;0;um2;0;;;;;;;;;;;;;;
1118;Supramammillary nucleus, medial part;0;0;um2;0;0;0;um2;0;;;;;;;;;;;;;;
557;Tuberomammillary nucleus;0;0;um2;0;0;0;um2;0;;;;;;;;;;;;;;
1126;Tuberomammillary nucleus, dorsal part;39852;39851.819427;um2;20;364;364;um2;0.009134;;;;;;;;;;;;;;
1;Tuberomammillary nucleus, ventral part;56483;56482.893677;um2;17;380;380;um2;0.006728;;;;;;;;;;;;;;
515;Medial preoptic nucleus;0;0;um2;0;0;0;um2;0;;;;;;;;;;;;;;
740;Medial preoptic nucleus, central part;0;0;um2;0;0;0;um2;0;;;;;;;;;;;;;;
748;Medial preoptic nucleus, lateral part;0;0;um2;0;0;0;um2;0;;;;;;;;;;;;;;
756;Medial preoptic nucleus, medial part;0;0;um2;0;0;0;um2;0;;;;;;;;;;;;;;
980;Dorsal premammillary nucleus;204594;204593.592651;um2;59;902;902;um2;0.004409;;;;;;;;;;;;;;
1004;Ventral premammillary nucleus;170704;170703.856445;um2;74;1508;1508;um2;0.008834;;;;;;;;;;;;;;
63;Paraventricular hypothalamic nucleus, descending division;0;0;um2;0;0;0;um2;0;;;;;;;;;;;;;;
439;Paraventricular hypothalamic nucleus, descending division, dorsal parvicellular part;0;0;um2;0;0;0;um2;0;;;;;;;;;;;;;;
447;Paraventricular hypothalamic nucleus, descending division, forniceal part;0;0;um2;0;0;0;um2;0;;;;;;;;;;;;;;
455;Paraventricular hypothalamic nucleus, descending division, lateral parvicellular part;0;0;um2;0;0;0;um2;0;;;;;;;;;;;;;;
464;Paraventricular hypothalamic nucleus, descending division, medial parvicellular part, ventral zone;0;0;um2;0;0;0;um2;0;;;;;;;;;;;;;;
693;Ventromedial hypothalamic nucleus;0;0;um2;0;0;0;um2;0;;;;;;;;;;;;;;
761;Ventromedial hypothalamic nucleus, anterior part;0;0;um2;0;0;0;um2;0;;;;;;;;;;;;;;
769;Ventromedial hypothalamic nucleus, central part;0;0;um2;0;0;0;um2;0;;;;;;;;;;;;;;
777;Ventromedial hypothalamic nucleus, dorsomedial part;0;0;um2;0;0;0;um2;0;;;;;;;;;;;;;;
785;Ventromedial hypothalamic nucleus, ventrolateral part;0;0;um2;0;0;0;um2;0;;;;;;;;;;;;;;
946;Posterior hypothalamic nucleus;336701;336700.805084;um2;685;22083;22083;um2;0.065586;;;;;;;;;;;;;;
290;Hypothalamic lateral zone;0;0;um2;0;0;0;um2;0;;;;;;;;;;;;;;
194;Lateral hypothalamic area;217773;217772.934509;um2;201;4946;4946;um2;0.022712;;;;;;;;;;;;;;
226;Lateral preoptic area;0;0;um2;0;0;0;um2;0;;;;;;;;;;;;;;
356;Preparasubthalamic nucleus;0;0;um2;0;0;0;um2;0;;;;;;;;;;;;;;
364;Parasubthalamic nucleus;81900;81900.195831;um2;55;1201;1201;um2;0.014664;;;;;;;;;;;;;;
576073704;Perifornical nucleus;0;0;um2;0;0;0;um2;0;;;;;;;;;;;;;;
173;Retrochiasmatic area;0;0;um2;0;0;0;um2;0;;;;;;;;;;;;;;
470;Subthalamic nucleus;52404;52403.573578;um2;13;141;141;um2;0.002691;;;;;;;;;;;;;;
614;Tuberal nucleus;0;0;um2;0;0;0;um2;0;;;;;;;;;;;;;;
797;Zona incerta;627902;627901.501373;um2;129;2255;2255;um2;0.003591;;;;;;;;;;;;;;
796;Dopaminergic A13 group;0;0;um2;0;0;0;um2;0;;;;;;;;;;;;;;
804;Fields of Forel;250721;250721.289154;um2;89;1808;1808;um2;0.007211;;;;;;;;;;;;;;
10671;Median eminence;0;0;um2;0;0;0;um2;0;;;;;;;;;;;;;;
313;Midbrain;1761325;1761324.901154;um2;1435;38436;38436;um2;0.021822;;;;;;;;;;;;;;
339;Midbrain, sensory related;0;0;um2;0;0;0;um2;0;;;;;;;;;;;;;;
302;Superior colliculus, sensory related;0;0;um2;0;0;0;um2;0;;;;;;;;;;;;;;
851;Superior colliculus, optic layer;0;0;um2;0;0;0;um2;0;;;;;;;;;;;;;;
842;Superior colliculus, superficial gray layer;0;0;um2;0;0;0;um2;0;;;;;;;;;;;;;;
834;Superior colliculus, zonal layer;0;0;um2;0;0;0;um2;0;;;;;;;;;;;;;;
4;Inferior colliculus;0;0;um2;0;0;0;um2;0;;;;;;;;;;;;;;
811;Inferior colliculus, central nucleus;0;0;um2;0;0;0;um2;0;;;;;;;;;;;;;;
820;Inferior colliculus, dorsal nucleus;0;0;um2;0;0;0;um2;0;;;;;;;;;;;;;;
828;Inferior colliculus, external nucleus;0;0;um2;0;0;0;um2;0;;;;;;;;;;;;;;
580;Nucleus of the brachium of the inferior colliculus;0;0;um2;0;0;0;um2;0;;;;;;;;;;;;;;
271;Nucleus sagulum;0;0;um2;0;0;0;um2;0;;;;;;;;;;;;;;
874;Parabigeminal nucleus;0;0;um2;0;0;0;um2;0;;;;;;;;;;;;;;
460;Midbrain trigeminal nucleus;0;0;um2;0;0;0;um2;0;;;;;;;;;;;;;;
599626923;Subcommissural organ;12552;12551.754150;um2;4;180;180;um2;0.014341;;;;;;;;;;;;;;
323;Midbrain, motor related;0;0;um2;0;0;0;um2;0;;;;;;;;;;;;;;
381;Substantia nigra, reticular part;101669;101669.208618;um2;20;311;311;um2;0.003059;;;;;;;;;;;;;;
749;Ventral tegmental area;0;0;um2;0;0;0;um2;0;;;;;;;;;;;;;;
607344830;Paranigral nucleus;0;0;um2;0;0;0;um2;0;;;;;;;;;;;;;;
246;Midbrain reticular nucleus, retrorubral area;0;0;um2;0;0;0;um2;0;;;;;;;;;;;;;;
128;Midbrain reticular nucleus;79704;79703.638855;um2;8;95;95;um2;0.001192;;;;;;;;;;;;;;
539;Midbrain reticular nucleus, magnocellular part;0;0;um2;0;0;0;um2;0;;;;;;;;;;;;;;
548;Midbrain reticular nucleus, magnocellular part, general;0;0;um2;0;0;0;um2;0;;;;;;;;;;;;;;
555;Midbrain reticular nucleus, parvicellular part;0;0;um2;0;0;0;um2;0;;;;;;;;;;;;;;
294;Superior colliculus, motor related;0;0;um2;0;0;0;um2;0;;;;;;;;;;;;;;
26;Superior colliculus, motor related, deep gray layer;0;0;um2;0;0;0;um2;0;;;;;;;;;;;;;;
42;Superior colliculus, motor related, deep white layer;0;0;um2;0;0;0;um2;0;;;;;;;;;;;;;;
17;Superior colliculus, motor related, intermediate white layer;0;0;um2;0;0;0;um2;0;;;;;;;;;;;;;;
10;Superior colliculus, motor related, intermediate gray layer;0;0;um2;0;0;0;um2;0;;;;;;;;;;;;;;
494;Superior colliculus, motor related, intermediate gray layer, sublayer a;0;0;um2;0;0;0;um2;0;;;;;;;;;;;;;;
503;Superior colliculus, motor related, intermediate gray layer, sublayer b;0;0;um2;0;0;0;um2;0;;;;;;;;;;;;;;
511;Superior colliculus, motor related, intermediate gray layer, sublayer c;0;0;um2;0;0;0;um2;0;;;;;;;;;;;;;;
795;Periaqueductal gray;107317;107317.497986;um2;139;3559;3559;um2;0.033163;;;;;;;;;;;;;;
50;Precommissural nucleus;149052;149052.080536;um2;157;6429;6429;um2;0.043133;;;;;;;;;;;;;;
67;Interstitial nucleus of Cajal;0;0;um2;0;0;0;um2;0;;;;;;;;;;;;;;
587;Nucleus of Darkschewitsch;0;0;um2;0;0;0;um2;0;;;;;;;;;;;;;;
614454277;Supraoculomotor periaqueductal gray;0;0;um2;0;0;0;um2;0;;;;;;;;;;;;;;
1100;Pretectal region;0;0;um2;0;0;0;um2;0;;;;;;;;;;;;;;
215;Anterior pretectal nucleus;432722;432721.724335;um2;186;4386;4386;um2;0.010136;;;;;;;;;;;;;;
531;Medial pretectal area;0;0;um2;0;0;0;um2;0;;;;;;;;;;;;;;
628;Nucleus of the optic tract;14748;14748.311127;um2;3;44;44;um2;0.002983;;;;;;;;;;;;;;
634;Nucleus of the posterior commissure;67779;67779.472412;um2;113;4231;4231;um2;0.062423;;;;;;;;;;;;;;
706;Olivary pretectal nucleus;43304;43303.551819;um2;5;97;97;um2;0.002240;;;;;;;;;;;;;;
1061;Posterior pretectal nucleus;0;0;um2;0;0;0;um2;0;;;;;;;;;;;;;;
549009203;Retroparafascicular nucleus;2197;2196.556976;um2;7;130;130;um2;0.059184;;;;;;;;;;;;;;
549009207;Intercollicular nucleus;0;0;um2;0;0;0;um2;0;;;;;;;;;;;;;;
616;Cuneiform nucleus;0;0;um2;0;0;0;um2;0;;;;;;;;;;;;;;
214;Red nucleus;0;0;um2;0;0;0;um2;0;;;;;;;;;;;;;;
35;Oculomotor nucleus;0;0;um2;0;0;0;um2;0;;;;;;;;;;;;;;
549009211;Medial accesory oculomotor nucleus;0;0;um2;0;0;0;um2;0;;;;;;;;;;;;;;
975;Edinger-Westphal nucleus;0;0;um2;0;0;0;um2;0;;;;;;;;;;;;;;
115;Trochlear nucleus;0;0;um2;0;0;0;um2;0;;;;;;;;;;;;;;
606826663;Paratrochlear nucleus;0;0;um2;0;0;0;um2;0;;;;;;;;;;;;;;
757;Ventral tegmental nucleus;0;0;um2;0;0;0;um2;0;;;;;;;;;;;;;;
231;Anterior tegmental nucleus;0;0;um2;0;0;0;um2;0;;;;;;;;;;;;;;
66;Lateral terminal nucleus of the accessory optic tract;0;0;um2;0;0;0;um2;0;;;;;;;;;;;;;;
75;Dorsal terminal nucleus of the accessory optic tract;0;0;um2;0;0;0;um2;0;;;;;;;;;;;;;;
58;Medial terminal nucleus of the accessory optic tract;0;0;um2;0;0;0;um2;0;;;;;;;;;;;;;;
615;Substantia nigra, lateral part;0;0;um2;0;0;0;um2;0;;;;;;;;;;;;;;
348;Midbrain, behavioral state related;0;0;um2;0;0;0;um2;0;;;;;;;;;;;;;;
374;Substantia nigra, compact part;0;0;um2;0;0;0;um2;0;;;;;;;;;;;;;;
1052;Pedunculopontine nucleus;0;0;um2;0;0;0;um2;0;;;;;;;;;;;;;;
165;Midbrain raphe nuclei;0;0;um2;0;0;0;um2;0;;;;;;;;;;;;;;
12;Interfascicular nucleus raphe;0;0;um2;0;0;0;um2;0;;;;;;;;;;;;;;
100;Interpeduncular nucleus;0;0;um2;0;0;0;um2;0;;;;;;;;;;;;;;
607344834;Interpeduncular nucleus, rostral;0;0;um2;0;0;0;um2;0;;;;;;;;;;;;;;
607344838;Interpeduncular nucleus, caudal;0;0;um2;0;0;0;um2;0;;;;;;;;;;;;;;
607344842;Interpeduncular nucleus, apical;0;0;um2;0;0;0;um2;0;;;;;;;;;;;;;;
607344846;Interpeduncular nucleus, lateral;0;0;um2;0;0;0;um2;0;;;;;;;;;;;;;;
607344850;Interpeduncular nucleus, intermediate;0;0;um2;0;0;0;um2;0;;;;;;;;;;;;;;
607344854;Interpeduncular nucleus, dorsomedial;0;0;um2;0;0;0;um2;0;;;;;;;;;;;;;;
607344858;Interpeduncular nucleus, dorsolateral;0;0;um2;0;0;0;um2;0;;;;;;;;;;;;;;
607344862;Interpeduncular nucleus, rostrolateral;0;0;um2;0;0;0;um2;0;;;;;;;;;;;;;;
197;Rostral linear nucleus raphe;0;0;um2;0;0;0;um2;0;;;;;;;;;;;;;;
591;Central linear nucleus raphe;0;0;um2;0;0;0;um2;0;;;;;;;;;;;;;;
872;Dorsal nucleus raphe;0;0;um2;0;0;0;um2;0;;;;;;;;;;;;;;
1065;Hindbrain;0;0;um2;0;0;0;um2;0;;;;;;;;;;;;;;
771;Pons;0;0;um2;0;0;0;um2;0;;;;;;;;;;;;;;
1132;Pons, sensory related;0;0;um2;0;0;0;um2;0;;;;;;;;;;;;;;
612;Nucleus of the lateral lemniscus;0;0;um2;0;0;0;um2;0;;;;;;;;;;;;;;
82;Nucleus of the lateral lemniscus, dorsal part;0;0;um2;0;0;0;um2;0;;;;;;;;;;;;;;
90;Nucleus of the lateral lemniscus, horizontal part;0;0;um2;0;0;0;um2;0;;;;;;;;;;;;;;
99;Nucleus of the lateral lemniscus, ventral part;0;0;um2;0;0;0;um2;0;;;;;;;;;;;;;;
7;Principal sensory nucleus of the trigeminal;0;0;um2;0;0;0;um2;0;;;;;;;;;;;;;;
867;Parabrachial nucleus;0;0;um2;0;0;0;um2;0;;;;;;;;;;;;;;
123;Koelliker-Fuse subnucleus;0;0;um2;0;0;0;um2;0;;;;;;;;;;;;;;
881;Parabrachial nucleus, lateral division;0;0;um2;0;0;0;um2;0;;;;;;;;;;;;;;
860;Parabrachial nucleus, lateral division, central lateral part;0;0;um2;0;0;0;um2;0;;;;;;;;;;;;;;
868;Parabrachial nucleus, lateral division, dorsal lateral part;0;0;um2;0;0;0;um2;0;;;;;;;;;;;;;;
875;Parabrachial nucleus, lateral division, external lateral part;0;0;um2;0;0;0;um2;0;;;;;;;;;;;;;;
883;Parabrachial nucleus, lateral division, superior lateral part;0;0;um2;0;0;0;um2;0;;;;;;;;;;;;;;
891;Parabrachial nucleus, lateral division, ventral lateral part;0;0;um2;0;0;0;um2;0;;;;;;;;;;;;;;
890;Parabrachial nucleus, medial division;0;0;um2;0;0;0;um2;0;;;;;;;;;;;;;;
899;Parabrachial nucleus, medial division, external medial part;0;0;um2;0;0;0;um2;0;;;;;;;;;;;;;;
915;Parabrachial nucleus, medial division, medial medial part;0;0;um2;0;0;0;um2;0;;;;;;;;;;;;;;
923;Parabrachial nucleus, medial division, ventral medial part;0;0;um2;0;0;0;um2;0;;;;;;;;;;;;;;
398;Superior olivary complex;0;0;um2;0;0;0;um2;0;;;;;;;;;;;;;;
122;Superior olivary complex, periolivary region;0;0;um2;0;0;0;um2;0;;;;;;;;;;;;;;
105;Superior olivary complex, medial part;0;0;um2;0;0;0;um2;0;;;;;;;;;;;;;;
114;Superior olivary complex, lateral part;0;0;um2;0;0;0;um2;0;;;;;;;;;;;;;;
987;Pons, motor related;0;0;um2;0;0;0;um2;0;;;;;;;;;;;;;;
280;Barrington's nucleus;0;0;um2;0;0;0;um2;0;;;;;;;;;;;;;;
880;Dorsal tegmental nucleus;0;0;um2;0;0;0;um2;0;;;;;;;;;;;;;;
283;Lateral tegmental nucleus;0;0;um2;0;0;0;um2;0;;;;;;;;;;;;;;
599626927;Posterodorsal tegmental nucleus;0;0;um2;0;0;0;um2;0;;;;;;;;;;;;;;
898;Pontine central gray;0;0;um2;0;0;0;um2;0;;;;;;;;;;;;;;
931;Pontine gray;0;0;um2;0;0;0;um2;0;;;;;;;;;;;;;;
1093;Pontine reticular nucleus, caudal part;0;0;um2;0;0;0;um2;0;;;;;;;;;;;;;;
552;Pontine reticular nucleus, ventral part;0;0;um2;0;0;0;um2;0;;;;;;;;;;;;;;
318;Supragenual nucleus;0;0;um2;0;0;0;um2;0;;;;;;;;;;;;;;
462;Superior salivatory nucleus;0;0;um2;0;0;0;um2;0;;;;;;;;;;;;;;
534;Supratrigeminal nucleus;0;0;um2;0;0;0;um2;0;;;;;;;;;;;;;;
574;Tegmental reticular nucleus;0;0;um2;0;0;0;um2;0;;;;;;;;;;;;;;
621;Motor nucleus of trigeminal;0;0;um2;0;0;0;um2;0;;;;;;;;;;;;;;
549009215;Peritrigeminal zone;0;0;um2;0;0;0;um2;0;;;;;;;;;;;;;;
549009219;Accessory trigeminal nucleus;0;0;um2;0;0;0;um2;0;;;;;;;;;;;;;;
549009223;Parvicellular motor 5 nucleus;0;0;um2;0;0;0;um2;0;;;;;;;;;;;;;;
549009227;Intertrigeminal nucleus;0;0;um2;0;0;0;um2;0;;;;;;;;;;;;;;
1117;Pons, behavioral state related;0;0;um2;0;0;0;um2;0;;;;;;;;;;;;;;
679;Superior central nucleus raphe;0;0;um2;0;0;0;um2;0;;;;;;;;;;;;;;
137;Superior central nucleus raphe, lateral part;0;0;um2;0;0;0;um2;0;;;;;;;;;;;;;;
130;Superior central nucleus raphe, medial part;0;0;um2;0;0;0;um2;0;;;;;;;;;;;;;;
147;Locus ceruleus;0;0;um2;0;0;0;um2;0;;;;;;;;;;;;;;
162;Laterodorsal tegmental nucleus;0;0;um2;0;0;0;um2;0;;;;;;;;;;;;;;
604;Nucleus incertus;0;0;um2;0;0;0;um2;0;;;;;;;;;;;;;;
146;Pontine reticular nucleus;0;0;um2;0;0;0;um2;0;;;;;;;;;;;;;;
238;Nucleus raphe pontis;0;0;um2;0;0;0;um2;0;;;;;;;;;;;;;;
350;Subceruleus nucleus;0;0;um2;0;0;0;um2;0;;;;;;;;;;;;;;
358;Sublaterodorsal nucleus;0;0;um2;0;0;0;um2;0;;;;;;;;;;;;;;
354;Medulla;0;0;um2;0;0;0;um2;0;;;;;;;;;;;;;;
386;Medulla, sensory related;0;0;um2;0;0;0;um2;0;;;;;;;;;;;;;;
207;Area postrema;0;0;um2;0;0;0;um2;0;;;;;;;;;;;;;;
607;Cochlear nuclei;0;0;um2;0;0;0;um2;0;;;;;;;;;;;;;;
112;Granular lamina of the cochlear nuclei;0;0;um2;0;0;0;um2;0;;;;;;;;;;;;;;
560;Cochlear nucleus, subpedunclular granular region;0;0;um2;0;0;0;um2;0;;;;;;;;;;;;;;
96;Dorsal cochlear nucleus;0;0;um2;0;0;0;um2;0;;;;;;;;;;;;;;
101;Ventral cochlear nucleus;0;0;um2;0;0;0;um2;0;;;;;;;;;;;;;;
720;Dorsal column nuclei;0;0;um2;0;0;0;um2;0;;;;;;;;;;;;;;
711;Cuneate nucleus;0;0;um2;0;0;0;um2;0;;;;;;;;;;;;;;
1039;Gracile nucleus;0;0;um2;0;0;0;um2;0;;;;;;;;;;;;;;
903;External cuneate nucleus;0;0;um2;0;0;0;um2;0;;;;;;;;;;;;;;
642;Nucleus of the trapezoid body;0;0;um2;0;0;0;um2;0;;;;;;;;;;;;;;
651;Nucleus of the solitary tract;0;0;um2;0;0;0;um2;0;;;;;;;;;;;;;;
659;Nucleus of the solitary tract, central part;0;0;um2;0;0;0;um2;0;;;;;;;;;;;;;;
666;Nucleus of the solitary tract, commissural part;0;0;um2;0;0;0;um2;0;;;;;;;;;;;;;;
674;Nucleus of the solitary tract, gelatinous part;0;0;um2;0;0;0;um2;0;;;;;;;;;;;;;;
682;Nucleus of the solitary tract, lateral part;0;0;um2;0;0;0;um2;0;;;;;;;;;;;;;;
691;Nucleus of the solitary tract, medial part;0;0;um2;0;0;0;um2;0;;;;;;;;;;;;;;
429;Spinal nucleus of the trigeminal, caudal part;0;0;um2;0;0;0;um2;0;;;;;;;;;;;;;;
437;Spinal nucleus of the trigeminal, interpolar part;0;0;um2;0;0;0;um2;0;;;;;;;;;;;;;;
445;Spinal nucleus of the trigeminal, oral part;0;0;um2;0;0;0;um2;0;;;;;;;;;;;;;;
77;Spinal nucleus of the trigeminal, oral part, caudal dorsomedial part;0;0;um2;0;0;0;um2;0;;;;;;;;;;;;;;
53;Spinal nucleus of the trigeminal, oral part, middle dorsomedial part, dorsal zone;0;0;um2;0;0;0;um2;0;;;;;;;;;;;;;;
61;Spinal nucleus of the trigeminal, oral part, middle dorsomedial part, ventral zone;0;0;um2;0;0;0;um2;0;;;;;;;;;;;;;;
45;Spinal nucleus of the trigeminal, oral part, rostral dorsomedial part;0;0;um2;0;0;0;um2;0;;;;;;;;;;;;;;
69;Spinal nucleus of the trigeminal, oral part, ventrolateral part;0;0;um2;0;0;0;um2;0;;;;;;;;;;;;;;
589508451;Paratrigeminal nucleus;0;0;um2;0;0;0;um2;0;;;;;;;;;;;;;;
789;Nucleus z;0;0;um2;0;0;0;um2;0;;;;;;;;;;;;;;
370;Medulla, motor related;0;0;um2;0;0;0;um2;0;;;;;;;;;;;;;;
653;Abducens nucleus;0;0;um2;0;0;0;um2;0;;;;;;;;;;;;;;
568;Accessory abducens nucleus;0;0;um2;0;0;0;um2;0;;;;;;;;;;;;;;
661;Facial motor nucleus;0;0;um2;0;0;0;um2;0;;;;;;;;;;;;;;
576;Accessory facial motor nucleus;0;0;um2;0;0;0;um2;0;;;;;;;;;;;;;;
640;Efferent vestibular nucleus;0;0;um2;0;0;0;um2;0;;;;;;;;;;;;;;
135;Nucleus ambiguus;0;0;um2;0;0;0;um2;0;;;;;;;;;;;;;;
939;Nucleus ambiguus, dorsal division;0;0;um2;0;0;0;um2;0;;;;;;;;;;;;;;
143;Nucleus ambiguus, ventral division;0;0;um2;0;0;0;um2;0;;;;;;;;;;;;;;
839;Dorsal motor nucleus of the vagus nerve;0;0;um2;0;0;0;um2;0;;;;;;;;;;;;;;
887;Efferent cochlear group;0;0;um2;0;0;0;um2;0;;;;;;;;;;;;;;
1048;Gigantocellular reticular nucleus;0;0;um2;0;0;0;um2;0;;;;;;;;;;;;;;
372;Infracerebellar nucleus;0;0;um2;0;0;0;um2;0;;;;;;;;;;;;;;
83;Inferior olivary complex;0;0;um2;0;0;0;um2;0;;;;;;;;;;;;;;
136;Intermediate reticular nucleus;0;0;um2;0;0;0;um2;0;;;;;;;;;;;;;;
106;Inferior salivatory nucleus;0;0;um2;0;0;0;um2;0;;;;;;;;;;;;;;
203;Linear nucleus of the medulla;0;0;um2;0;0;0;um2;0;;;;;;;;;;;;;;
235;Lateral reticular nucleus;0;0;um2;0;0;0;um2;0;;;;;;;;;;;;;;
955;Lateral reticular nucleus, magnocellular part;0;0;um2;0;0;0;um2;0;;;;;;;;;;;;;;
963;Lateral reticular nucleus, parvicellular part;0;0;um2;0;0;0;um2;0;;;;;;;;;;;;;;
307;Magnocellular reticular nucleus;0;0;um2;0;0;0;um2;0;;;;;;;;;;;;;;
395;Medullary reticular nucleus;0;0;um2;0;0;0;um2;0;;;;;;;;;;;;;;
1098;Medullary reticular nucleus, dorsal part;0;0;um2;0;0;0;um2;0;;;;;;;;;;;;;;
1107;Medullary reticular nucleus, ventral part;0;0;um2;0;0;0;um2;0;;;;;;;;;;;;;;
852;Parvicellular reticular nucleus;0;0;um2;0;0;0;um2;0;;;;;;;;;;;;;;
859;Parasolitary nucleus;0;0;um2;0;0;0;um2;0;;;;;;;;;;;;;;
938;Paragigantocellular reticular nucleus;0;0;um2;0;0;0;um2;0;;;;;;;;;;;;;;
970;Paragigantocellular reticular nucleus, dorsal part;0;0;um2;0;0;0;um2;0;;;;;;;;;;;;;;
978;Paragigantocellular reticular nucleus, lateral part;0;0;um2;0;0;0;um2;0;;;;;;;;;;;;;;
154;Perihypoglossal nuclei;0;0;um2;0;0;0;um2;0;;;;;;;;;;;;;;
161;Nucleus intercalatus;0;0;um2;0;0;0;um2;0;;;;;;;;;;;;;;
177;Nucleus of Roller;0;0;um2;0;0;0;um2;0;;;;;;;;;;;;;;
169;Nucleus prepositus;0;0;um2;0;0;0;um2;0;;;;;;;;;;;;;;
995;Paramedian reticular nucleus;0;0;um2;0;0;0;um2;0;;;;;;;;;;;;;;
1069;Parapyramidal nucleus;0;0;um2;0;0;0;um2;0;;;;;;;;;;;;;;
185;Parapyramidal nucleus, deep part;0;0;um2;0;0;0;um2;0;;;;;;;;;;;;;;
193;Parapyramidal nucleus, superficial part;0;0;um2;0;0;0;um2;0;;;;;;;;;;;;;;
701;Vestibular nuclei;0;0;um2;0;0;0;um2;0;;;;;;;;;;;;;;
209;Lateral vestibular nucleus;0;0;um2;0;0;0;um2;0;;;;;;;;;;;;;;
202;Medial vestibular nucleus;0;0;um2;0;0;0;um2;0;;;;;;;;;;;;;;
225;Spinal vestibular nucleus;0;0;um2;0;0;0;um2;0;;;;;;;;;;;;;;
217;Superior vestibular nucleus;0;0;um2;0;0;0;um2;0;;;;;;;;;;;;;;
765;Nucleus x;0;0;um2;0;0;0;um2;0;;;;;;;;;;;;;;
773;Hypoglossal nucleus;0;0;um2;0;0;0;um2;0;;;;;;;;;;;;;;
781;Nucleus y;0;0;um2;0;0;0;um2;0;;;;;;;;;;;;;;
76;Interstitial nucleus of the vestibular nerve;0;0;um2;0;0;0;um2;0;;;;;;;;;;;;;;
379;Medulla, behavioral state related;0;0;um2;0;0;0;um2;0;;;;;;;;;;;;;;
206;Nucleus raphe magnus;0;0;um2;0;0;0;um2;0;;;;;;;;;;;;;;
230;Nucleus raphe pallidus;0;0;um2;0;0;0;um2;0;;;;;;;;;;;;;;
222;Nucleus raphe obscurus;0;0;um2;0;0;0;um2;0;;;;;;;;;;;;;;
512;Cerebellum;0;0;um2;0;0;0;um2;0;;;;;;;;;;;;;;
528;Cerebellar cortex;0;0;um2;0;0;0;um2;0;;;;;;;;;;;;;;
1144;Cerebellar cortex, molecular layer;0;0;um2;0;0;0;um2;0;;;;;;;;;;;;;;
1145;Cerebellar cortex, Purkinje layer;0;0;um2;0;0;0;um2;0;;;;;;;;;;;;;;
1143;Cerebellar cortex, granular layer;0;0;um2;0;0;0;um2;0;;;;;;;;;;;;;;
645;Vermal regions;0;0;um2;0;0;0;um2;0;;;;;;;;;;;;;;
912;Lingula (I);0;0;um2;0;0;0;um2;0;;;;;;;;;;;;;;
10707;Lingula (I), molecular layer;0;0;um2;0;0;0;um2;0;;;;;;;;;;;;;;
10706;Lingula (I), Purkinje layer;0;0;um2;0;0;0;um2;0;;;;;;;;;;;;;;
10705;Lingula (I), granular layer;0;0;um2;0;0;0;um2;0;;;;;;;;;;;;;;
920;Central lobule;0;0;um2;0;0;0;um2;0;;;;;;;;;;;;;;
976;Lobule II;0;0;um2;0;0;0;um2;0;;;;;;;;;;;;;;
10710;Lobule II, molecular layer;0;0;um2;0;0;0;um2;0;;;;;;;;;;;;;;
10709;Lobule II, Purkinje layer;0;0;um2;0;0;0;um2;0;;;;;;;;;;;;;;
10708;Lobule II, granular layer;0;0;um2;0;0;0;um2;0;;;;;;;;;;;;;;
984;Lobule III;0;0;um2;0;0;0;um2;0;;;;;;;;;;;;;;
10713;Lobule III, molecular layer;0;0;um2;0;0;0;um2;0;;;;;;;;;;;;;;
10712;Lobule III, Purkinje layer;0;0;um2;0;0;0;um2;0;;;;;;;;;;;;;;
10711;Lobule III, granular layer;0;0;um2;0;0;0;um2;0;;;;;;;;;;;;;;
928;Culmen;0;0;um2;0;0;0;um2;0;;;;;;;;;;;;;;
992;Lobule IV;0;0;um2;0;0;0;um2;0;;;;;;;;;;;;;;
10716;Lobule IV, molecular layer;0;0;um2;0;0;0;um2;0;;;;;;;;;;;;;;
10715;Lobule IV, Purkinje layer;0;0;um2;0;0;0;um2;0;;;;;;;;;;;;;;
10714;Lobule IV, granular layer;0;0;um2;0;0;0;um2;0;;;;;;;;;;;;;;
1001;Lobule V;0;0;um2;0;0;0;um2;0;;;;;;;;;;;;;;
10719;Lobule V, molecular layer;0;0;um2;0;0;0;um2;0;;;;;;;;;;;;;;
10718;Lobule V, Purkinje layer;0;0;um2;0;0;0;um2;0;;;;;;;;;;;;;;
10717;Lobule V, granular layer;0;0;um2;0;0;0;um2;0;;;;;;;;;;;;;;
1091;Lobules IV-V;0;0;um2;0;0;0;um2;0;;;;;;;;;;;;;;
10722;Lobules IV-V, molecular layer;0;0;um2;0;0;0;um2;0;;;;;;;;;;;;;;
10721;Lobules IV-V, Purkinje layer;0;0;um2;0;0;0;um2;0;;;;;;;;;;;;;;
10720;Lobules IV-V, granular layer;0;0;um2;0;0;0;um2;0;;;;;;;;;;;;;;
936;Declive (VI);0;0;um2;0;0;0;um2;0;;;;;;;;;;;;;;
10725;Declive (VI), molecular layer;0;0;um2;0;0;0;um2;0;;;;;;;;;;;;;;
10724;Declive (VI), Purkinje layer;0;0;um2;0;0;0;um2;0;;;;;;;;;;;;;;
10723;Declive (VI), granular layer;0;0;um2;0;0;0;um2;0;;;;;;;;;;;;;;
944;Folium-tuber vermis (VII);0;0;um2;0;0;0;um2;0;;;;;;;;;;;;;;
10728;Folium-tuber vermis (VII), molecular layer;0;0;um2;0;0;0;um2;0;;;;;;;;;;;;;;
10727;Folium-tuber vermis (VII), Purkinje layer;0;0;um2;0;0;0;um2;0;;;;;;;;;;;;;;
10726;Folium-tuber vermis (VII), granular layer;0;0;um2;0;0;0;um2;0;;;;;;;;;;;;;;
951;Pyramus (VIII);0;0;um2;0;0;0;um2;0;;;;;;;;;;;;;;
10731;Pyramus (VIII), molecular layer;0;0;um2;0;0;0;um2;0;;;;;;;;;;;;;;
10730;Pyramus (VIII), Purkinje layer;0;0;um2;0;0;0;um2;0;;;;;;;;;;;;;;
10729;Pyramus (VIII), granular layer;0;0;um2;0;0;0;um2;0;;;;;;;;;;;;;;
957;Uvula (IX);0;0;um2;0;0;0;um2;0;;;;;;;;;;;;;;
10734;Uvula (IX), molecular layer;0;0;um2;0;0;0;um2;0;;;;;;;;;;;;;;
10733;Uvula (IX), Purkinje layer;0;0;um2;0;0;0;um2;0;;;;;;;;;;;;;;
10732;Uvula (IX), granular layer;0;0;um2;0;0;0;um2;0;;;;;;;;;;;;;;
968;Nodulus (X);0;0;um2;0;0;0;um2;0;;;;;;;;;;;;;;
10737;Nodulus (X), molecular layer;0;0;um2;0;0;0;um2;0;;;;;;;;;;;;;;
10736;Nodulus (X), Purkinje layer;0;0;um2;0;0;0;um2;0;;;;;;;;;;;;;;
10735;Nodulus (X), granular layer;0;0;um2;0;0;0;um2;0;;;;;;;;;;;;;;
1073;Hemispheric regions;0;0;um2;0;0;0;um2;0;;;;;;;;;;;;;;
1007;Simple lobule;0;0;um2;0;0;0;um2;0;;;;;;;;;;;;;;
10674;Simple lobule, molecular layer;0;0;um2;0;0;0;um2;0;;;;;;;;;;;;;;
10673;Simple lobule, Purkinje layer;0;0;um2;0;0;0;um2;0;;;;;;;;;;;;;;
10672;Simple lobule, granular layer;0;0;um2;0;0;0;um2;0;;;;;;;;;;;;;;
1017;Ansiform lobule;0;0;um2;0;0;0;um2;0;;;;;;;;;;;;;;
1056;Crus 1;0;0;um2;0;0;0;um2;0;;;;;;;;;;;;;;
10677;Crus 1, molecular layer;0;0;um2;0;0;0;um2;0;;;;;;;;;;;;;;
10676;Crus 1, Purkinje layer;0;0;um2;0;0;0;um2;0;;;;;;;;;;;;;;
10675;Crus 1, granular layer;0;0;um2;0;0;0;um2;0;;;;;;;;;;;;;;
1064;Crus 2;0;0;um2;0;0;0;um2;0;;;;;;;;;;;;;;
10680;Crus 2, molecular layer;0;0;um2;0;0;0;um2;0;;;;;;;;;;;;;;
10679;Crus 2, Purkinje layer;0;0;um2;0;0;0;um2;0;;;;;;;;;;;;;;
10678;Crus 2, granular layer;0;0;um2;0;0;0;um2;0;;;;;;;;;;;;;;
1025;Paramedian lobule;0;0;um2;0;0;0;um2;0;;;;;;;;;;;;;;
10683;Paramedian lobule, molecular layer;0;0;um2;0;0;0;um2;0;;;;;;;;;;;;;;
10682;Paramedian lobule, Purkinje layer;0;0;um2;0;0;0;um2;0;;;;;;;;;;;;;;
10681;Paramedian lobule, granular layer;0;0;um2;0;0;0;um2;0;;;;;;;;;;;;;;
1033;Copula pyramidis;0;0;um2;0;0;0;um2;0;;;;;;;;;;;;;;
10686;Copula pyramidis, molecular layer;0;0;um2;0;0;0;um2;0;;;;;;;;;;;;;;
10685;Copula pyramidis, Purkinje layer;0;0;um2;0;0;0;um2;0;;;;;;;;;;;;;;
10684;Copula pyramidis, granular layer;0;0;um2;0;0;0;um2;0;;;;;;;;;;;;;;
1041;Paraflocculus;0;0;um2;0;0;0;um2;0;;;;;;;;;;;;;;
10689;Paraflocculus, molecular layer;0;0;um2;0;0;0;um2;0;;;;;;;;;;;;;;
10688;Paraflocculus, Purkinje layer;0;0;um2;0;0;0;um2;0;;;;;;;;;;;;;;
10687;Paraflocculus, granular layer;0;0;um2;0;0;0;um2;0;;;;;;;;;;;;;;
1049;Flocculus;0;0;um2;0;0;0;um2;0;;;;;;;;;;;;;;
10692;Flocculus, molecular layer;0;0;um2;0;0;0;um2;0;;;;;;;;;;;;;;
10691;Flocculus, Purkinje layer;0;0;um2;0;0;0;um2;0;;;;;;;;;;;;;;
10690;Flocculus, granular layer;0;0;um2;0;0;0;um2;0;;;;;;;;;;;;;;
519;Cerebellar nuclei;0;0;um2;0;0;0;um2;0;;;;;;;;;;;;;;
989;Fastigial nucleus;0;0;um2;0;0;0;um2;0;;;;;;;;;;;;;;
91;Interposed nucleus;0;0;um2;0;0;0;um2;0;;;;;;;;;;;;;;
846;Dentate nucleus;0;0;um2;0;0;0;um2;0;;;;;;;;;;;;;;
589508455;Vestibulocerebellar nucleus;0;0;um2;0;0;0;um2;0;;;;;;;;;;;;;;
1009;fiber tracts;312539;312538.678345;um2;47;1152;1152;um2;0.003686;;;;;;;;;;;;;;
967;cranial nerves;0;0;um2;0;0;0;um2;0;;;;;;;;;;;;;;
885;terminal nerve;0;0;um2;0;0;0;um2;0;;;;;;;;;;;;;;
949;vomeronasal nerve;0;0;um2;0;0;0;um2;0;;;;;;;;;;;;;;
840;olfactory nerve;0;0;um2;0;0;0;um2;0;;;;;;;;;;;;;;
1016;olfactory nerve layer of main olfactory bulb;0;0;um2;0;0;0;um2;0;;;;;;;;;;;;;;
21;lateral olfactory tract, general;0;0;um2;0;0;0;um2;0;;;;;;;;;;;;;;
665;lateral olfactory tract, body;0;0;um2;0;0;0;um2;0;;;;;;;;;;;;;;
538;dorsal limb;0;0;um2;0;0;0;um2;0;;;;;;;;;;;;;;
459;accessory olfactory tract;0;0;um2;0;0;0;um2;0;;;;;;;;;;;;;;
900;anterior commissure, olfactory limb;0;0;um2;0;0;0;um2;0;;;;;;;;;;;;;;
848;optic nerve;0;0;um2;0;0;0;um2;0;;;;;;;;;;;;;;
876;accessory optic tract;0;0;um2;0;0;0;um2;0;;;;;;;;;;;;;;
916;brachium of the superior colliculus;62131;62131.183044;um2;1;19;19;um2;0.000306;;;;;;;;;;;;;;
336;superior colliculus commissure;0;0;um2;0;0;0;um2;0;;;;;;;;;;;;;;
117;optic chiasm;0;0;um2;0;0;0;um2;0;;;;;;;;;;;;;;
125;optic tract;127714;127714.098480;um2;8;182;182;um2;0.001425;;;;;;;;;;;;;;
357;tectothalamic pathway;0;0;um2;0;0;0;um2;0;;;;;;;;;;;;;;
832;oculomotor nerve;0;0;um2;0;0;0;um2;0;;;;;;;;;;;;;;
62;medial longitudinal fascicle;0;0;um2;0;0;0;um2;0;;;;;;;;;;;;;;
158;posterior commissure;9728;9727.609467;um2;11;368;368;um2;0.037830;;;;;;;;;;;;;;
911;trochlear nerve;0;0;um2;0;0;0;um2;0;;;;;;;;;;;;;;
384;trochlear nerve decussation;0;0;um2;0;0;0;um2;0;;;;;;;;;;;;;;
710;abducens nerve;0;0;um2;0;0;0;um2;0;;;;;;;;;;;;;;
901;trigeminal nerve;0;0;um2;0;0;0;um2;0;;;;;;;;;;;;;;
93;motor root of the trigeminal nerve;0;0;um2;0;0;0;um2;0;;;;;;;;;;;;;;
229;sensory root of the trigeminal nerve;0;0;um2;0;0;0;um2;0;;;;;;;;;;;;;;
705;midbrain tract of the trigeminal nerve;0;0;um2;0;0;0;um2;0;;;;;;;;;;;;;;
794;spinal tract of the trigeminal nerve;0;0;um2;0;0;0;um2;0;;;;;;;;;;;;;;
798;facial nerve;0;0;um2;0;0;0;um2;0;;;;;;;;;;;;;;
1131;intermediate nerve;0;0;um2;0;0;0;um2;0;;;;;;;;;;;;;;
1116;genu of the facial nerve;0;0;um2;0;0;0;um2;0;;;;;;;;;;;;;;
933;vestibulocochlear nerve;0;0;um2;0;0;0;um2;0;;;;;;;;;;;;;;
1076;efferent cochleovestibular bundle;0;0;um2;0;0;0;um2;0;;;;;;;;;;;;;;
413;vestibular nerve;0;0;um2;0;0;0;um2;0;;;;;;;;;;;;;;
948;cochlear nerve;0;0;um2;0;0;0;um2;0;;;;;;;;;;;;;;
841;trapezoid body;0;0;um2;0;0;0;um2;0;;;;;;;;;;;;;;
641;intermediate acoustic stria;0;0;um2;0;0;0;um2;0;;;;;;;;;;;;;;
506;dorsal acoustic stria;0;0;um2;0;0;0;um2;0;;;;;;;;;;;;;;
658;lateral lemniscus;0;0;um2;0;0;0;um2;0;;;;;;;;;;;;;;
633;inferior colliculus commissure;0;0;um2;0;0;0;um2;0;;;;;;;;;;;;;;
482;brachium of the inferior colliculus;0;0;um2;0;0;0;um2;0;;;;;;;;;;;;;;
808;glossopharyngeal nerve;0;0;um2;0;0;0;um2;0;;;;;;;;;;;;;;
917;vagus nerve;0;0;um2;0;0;0;um2;0;;;;;;;;;;;;;;
237;solitary tract;0;0;um2;0;0;0;um2;0;;;;;;;;;;;;;;
717;accessory spinal nerve;0;0;um2;0;0;0;um2;0;;;;;;;;;;;;;;
813;hypoglossal nerve;0;0;um2;0;0;0;um2;0;;;;;;;;;;;;;;
925;ventral roots;0;0;um2;0;0;0;um2;0;;;;;;;;;;;;;;
792;dorsal roots;0;0;um2;0;0;0;um2;0;;;;;;;;;;;;;;
932;cervicothalamic tract;0;0;um2;0;0;0;um2;0;;;;;;;;;;;;;;
570;dorsolateral fascicle;0;0;um2;0;0;0;um2;0;;;;;;;;;;;;;;
522;dorsal commissure of the spinal cord;0;0;um2;0;0;0;um2;0;;;;;;;;;;;;;;
858;ventral commissure of the spinal cord;0;0;um2;0;0;0;um2;0;;;;;;;;;;;;;;
586;fasciculus proprius;0;0;um2;0;0;0;um2;0;;;;;;;;;;;;;;
514;dorsal column;0;0;um2;0;0;0;um2;0;;;;;;;;;;;;;;
380;cuneate fascicle;0;0;um2;0;0;0;um2;0;;;;;;;;;;;;;;
388;gracile fascicle;0;0;um2;0;0;0;um2;0;;;;;;;;;;;;;;
396;internal arcuate fibers;0;0;um2;0;0;0;um2;0;;;;;;;;;;;;;;
697;medial lemniscus;115162;115162.344330;um2;22;346;346;um2;0.003004;;;;;;;;;;;;;;
871;spinothalamic tract;0;0;um2;0;0;0;um2;0;;;;;;;;;;;;;;
29;lateral spinothalamic tract;0;0;um2;0;0;0;um2;0;;;;;;;;;;;;;;
389;ventral spinothalamic tract;0;0;um2;0;0;0;um2;0;;;;;;;;;;;;;;
245;spinocervical tract;0;0;um2;0;0;0;um2;0;;;;;;;;;;;;;;
261;spino-olivary pathway;0;0;um2;0;0;0;um2;0;;;;;;;;;;;;;;
270;spinoreticular pathway;0;0;um2;0;0;0;um2;0;;;;;;;;;;;;;;
293;spinovestibular pathway;0;0;um2;0;0;0;um2;0;;;;;;;;;;;;;;
277;spinotectal pathway;0;0;um2;0;0;0;um2;0;;;;;;;;;;;;;;
253;spinohypothalamic pathway;0;0;um2;0;0;0;um2;0;;;;;;;;;;;;;;
285;spinotelenchephalic pathway;0;0;um2;0;0;0;um2;0;;;;;;;;;;;;;;
627;hypothalamohypophysial tract;0;0;um2;0;0;0;um2;0;;;;;;;;;;;;;;
960;cerebellum related fiber tracts;0;0;um2;0;0;0;um2;0;;;;;;;;;;;;;;
744;cerebellar commissure;0;0;um2;0;0;0;um2;0;;;;;;;;;;;;;;
752;cerebellar peduncles;0;0;um2;0;0;0;um2;0;;;;;;;;;;;;;;
326;superior cerebelar peduncles;0;0;um2;0;0;0;um2;0;;;;;;;;;;;;;;
812;superior cerebellar peduncle decussation;0;0;um2;0;0;0;um2;0;;;;;;;;;;;;;;
85;spinocerebellar tract;0;0;um2;0;0;0;um2;0;;;;;;;;;;;;;;
850;uncinate fascicle;0;0;um2;0;0;0;um2;0;;;;;;;;;;;;;;
866;ventral spinocerebellar tract;0;0;um2;0;0;0;um2;0;;;;;;;;;;;;;;
78;middle cerebellar peduncle;0;0;um2;0;0;0;um2;0;;;;;;;;;;;;;;
1123;inferior cerebellar peduncle;0;0;um2;0;0;0;um2;0;;;;;;;;;;;;;;
553;dorsal spinocerebellar tract;0;0;um2;0;0;0;um2;0;;;;;;;;;;;;;;
499;cuneocerebellar tract;0;0;um2;0;0;0;um2;0;;;;;;;;;;;;;;
650;juxtarestiform body;0;0;um2;0;0;0;um2;0;;;;;;;;;;;;;;
490;bulbocerebellar tract;0;0;um2;0;0;0;um2;0;;;;;;;;;;;;;;
404;olivocerebellar tract;0;0;um2;0;0;0;um2;0;;;;;;;;;;;;;;
410;reticulocerebellar tract;0;0;um2;0;0;0;um2;0;;;;;;;;;;;;;;
373;trigeminocerebellar tract;0;0;um2;0;0;0;um2;0;;;;;;;;;;;;;;
728;arbor vitae;0;0;um2;0;0;0;um2;0;;;;;;;;;;;;;;
484682512;supra-callosal cerebral white matter;10355;10355.197174;um2;2;44;44;um2;0.004249;;;;;;;;;;;;;;
983;lateral forebrain bundle system;0;0;um2;0;0;0;um2;0;;;;;;;;;;;;;;
776;corpus callosum;0;0;um2;0;0;0;um2;0;;;;;;;;;;;;;;
956;corpus callosum, anterior forceps;0;0;um2;0;0;0;um2;0;;;;;;;;;;;;;;
579;external capsule;61817;61817.389191;um2;37;844;844;um2;0.013653;;;;;;;;;;;;;;
964;corpus callosum, extreme capsule;12552;12551.754150;um2;14;358;358;um2;0.028522;;;;;;;;;;;;;;
1108;genu of corpus callosum;0;0;um2;0;0;0;um2;0;;;;;;;;;;;;;;
971;corpus callosum, posterior forceps;429898;429897.579651;um2;89;1489;1489;um2;0.003464;;;;;;;;;;;;;;
979;corpus callosum, rostrum;0;0;um2;0;0;0;um2;0;;;;;;;;;;;;;;
484682516;corpus callosum, body;0;0;um2;0;0;0;um2;0;;;;;;;;;;;;;;
986;corpus callosum, splenium;169762;169762.474884;um2;34;650;650;um2;0.003829;;;;;;;;;;;;;;
784;corticospinal tract;0;0;um2;0;0;0;um2;0;;;;;;;;;;;;;;
6;internal capsule;219028;219028.109924;um2;23;325;325;um2;0.001484;;;;;;;;;;;;;;
924;cerebal peduncle;186707;186707.342987;um2;51;844;844;um2;0.004520;;;;;;;;;;;;;;
1036;corticotectal tract;0;0;um2;0;0;0;um2;0;;;;;;;;;;;;;;
1012;corticorubral tract;0;0;um2;0;0;0;um2;0;;;;;;;;;;;;;;
1003;corticopontine tract;0;0;um2;0;0;0;um2;0;;;;;;;;;;;;;;
994;corticobulbar tract;0;0;um2;0;0;0;um2;0;;;;;;;;;;;;;;
190;pyramid;0;0;um2;0;0;0;um2;0;;;;;;;;;;;;;;
198;pyramidal decussation;0;0;um2;0;0;0;um2;0;;;;;;;;;;;;;;
1019;corticospinal tract, crossed;0;0;um2;0;0;0;um2;0;;;;;;;;;;;;;;
1028;corticospinal tract, uncrossed;0;0;um2;0;0;0;um2;0;;;;;;;;;;;;;;
896;thalamus related;0;0;um2;0;0;0;um2;0;;;;;;;;;;;;;;
1092;external medullary lamina of the thalamus;0;0;um2;0;0;0;um2;0;;;;;;;;;;;;;;
14;internal medullary lamina of the thalamus;0;0;um2;0;0;0;um2;0;;;;;;;;;;;;;;
86;middle thalamic commissure;0;0;um2;0;0;0;um2;0;;;;;;;;;;;;;;
365;thalamic peduncles;0;0;um2;0;0;0;um2;0;;;;;;;;;;;;;;
484682520;optic radiation;317873;317873.173859;um2;92;1818;1818;um2;0.005719;;;;;;;;;;;;;;
484682524;auditory radiation;131166;131165.830872;um2;48;938;938;um2;0.007151;;;;;;;;;;;;;;
1000;extrapyramidal fiber systems;0;0;um2;0;0;0;um2;0;;;;;;;;;;;;;;
760;cerebral nuclei related;0;0;um2;0;0;0;um2;0;;;;;;;;;;;;;;
142;pallidothalamic pathway;0;0;um2;0;0;0;um2;0;;;;;;;;;;;;;;
102;nigrostriatal tract;15690;15689.692688;um2;7;173;173;um2;0.011026;;;;;;;;;;;;;;
109;nigrothalamic fibers;0;0;um2;0;0;0;um2;0;;;;;;;;;;;;;;
134;pallidotegmental fascicle;0;0;um2;0;0;0;um2;0;;;;;;;;;;;;;;
309;striatonigral pathway;0;0;um2;0;0;0;um2;0;;;;;;;;;;;;;;
317;subthalamic fascicle;0;0;um2;0;0;0;um2;0;;;;;;;;;;;;;;
877;tectospinal pathway;0;0;um2;0;0;0;um2;0;;;;;;;;;;;;;;
1051;direct tectospinal pathway;0;0;um2;0;0;0;um2;0;;;;;;;;;;;;;;
1060;doral tegmental decussation;0;0;um2;0;0;0;um2;0;;;;;;;;;;;;;;
1043;crossed tectospinal pathway;0;0;um2;0;0;0;um2;0;;;;;;;;;;;;;;
863;rubrospinal tract;0;0;um2;0;0;0;um2;0;;;;;;;;;;;;;;
397;ventral tegmental decussation;0;0;um2;0;0;0;um2;0;;;;;;;;;;;;;;
221;rubroreticular tract;0;0;um2;0;0;0;um2;0;;;;;;;;;;;;;;
736;central tegmental bundle;0;0;um2;0;0;0;um2;0;;;;;;;;;;;;;;
855;retriculospinal tract;0;0;um2;0;0;0;um2;0;;;;;;;;;;;;;;
205;retriculospinal tract, lateral part;0;0;um2;0;0;0;um2;0;;;;;;;;;;;;;;
213;retriculospinal tract, medial part;0;0;um2;0;0;0;um2;0;;;;;;;;;;;;;;
941;vestibulospinal pathway;0;0;um2;0;0;0;um2;0;;;;;;;;;;;;;;
991;medial forebrain bundle system;0;0;um2;0;0;0;um2;0;;;;;;;;;;;;;;
768;cerebrum related;0;0;um2;0;0;0;um2;0;;;;;;;;;;;;;;
884;amygdalar capsule;30124;30124.209961;um2;12;349;349;um2;0.011585;;;;;;;;;;;;;;
892;ansa peduncularis;0;0;um2;0;0;0;um2;0;;;;;;;;;;;;;;
908;anterior commissure, temporal limb;0;0;um2;0;0;0;um2;0;;;;;;;;;;;;;;
940;cingulum bundle;188590;188590.106110;um2;76;1907;1907;um2;0.010112;;;;;;;;;;;;;;
1099;fornix system;0;0;um2;0;0;0;um2;0;;;;;;;;;;;;;;
466;alveus;311911;311911.090637;um2;50;1564;1564;um2;0.005014;;;;;;;;;;;;;;
530;dorsal fornix;0;0;um2;0;0;0;um2;0;;;;;;;;;;;;;;
603;fimbria;192669;192669.426208;um2;26;335;335;um2;0.001739;;;;;;;;;;;;;;
745;precommissural fornix, general;0;0;um2;0;0;0;um2;0;;;;;;;;;;;;;;
420;precommissural fornix diagonal band;0;0;um2;0;0;0;um2;0;;;;;;;;;;;;;;
737;postcommissural fornix;0;0;um2;0;0;0;um2;0;;;;;;;;;;;;;;
428;medial corticohypothalamic tract;0;0;um2;0;0;0;um2;0;;;;;;;;;;;;;;
436;columns of the fornix;6590;6589.670929;um2;8;178;178;um2;0.027012;;;;;;;;;;;;;;
618;hippocampal commissures;0;0;um2;0;0;0;um2;0;;;;;;;;;;;;;;
443;dorsal hippocampal commissure;170076;170076.268738;um2;35;827;827;um2;0.004863;;;;;;;;;;;;;;
449;ventral hippocampal commissure;0;0;um2;0;0;0;um2;0;;;;;;;;;;;;;;
713;perforant path;0;0;um2;0;0;0;um2;0;;;;;;;;;;;;;;
474;angular path;0;0;um2;0;0;0;um2;0;;;;;;;;;;;;;;
37;longitudinal association bundle;0;0;um2;0;0;0;um2;0;;;;;;;;;;;;;;
301;stria terminalis;20710;20710.394348;um2;13;358;358;um2;0.017286;;;;;;;;;;;;;;
484682528;commissural branch of stria terminalis;0;0;um2;0;0;0;um2;0;;;;;;;;;;;;;;
824;hypothalamus related;0;0;um2;0;0;0;um2;0;;;;;;;;;;;;;;
54;medial forebrain bundle;27614;27613.859131;um2;19;354;354;um2;0.012820;;;;;;;;;;;;;;
405;ventrolateral hypothalamic tract;0;0;um2;0;0;0;um2;0;;;;;;;;;;;;;;
174;preoptic commissure;0;0;um2;0;0;0;um2;0;;;;;;;;;;;;;;
349;supraoptic commissures;0;0;um2;0;0;0;um2;0;;;;;;;;;;;;;;
817;supraoptic commissures, anterior;0;0;um2;0;0;0;um2;0;;;;;;;;;;;;;;
825;supraoptic commissures, dorsal;0;0;um2;0;0;0;um2;0;;;;;;;;;;;;;;
833;supraoptic commissures, ventral;0;0;um2;0;0;0;um2;0;;;;;;;;;;;;;;
166;premammillary commissure;0;0;um2;0;0;0;um2;0;;;;;;;;;;;;;;
341;supramammillary decussation;0;0;um2;0;0;0;um2;0;;;;;;;;;;;;;;
182;propriohypothalamic pathways;0;0;um2;0;0;0;um2;0;;;;;;;;;;;;;;
762;propriohypothalamic pathways, dorsal;0;0;um2;0;0;0;um2;0;;;;;;;;;;;;;;
770;propriohypothalamic pathways, lateral;0;0;um2;0;0;0;um2;0;;;;;;;;;;;;;;
779;propriohypothalamic pathways, medial;0;0;um2;0;0;0;um2;0;;;;;;;;;;;;;;
787;propriohypothalamic pathways, ventral;0;0;um2;0;0;0;um2;0;;;;;;;;;;;;;;
150;periventricular bundle of the hypothalamus;0;0;um2;0;0;0;um2;0;;;;;;;;;;;;;;
46;mammillary related;0;0;um2;0;0;0;um2;0;;;;;;;;;;;;;;
753;principal mammillary tract;44873;44872.521088;um2;9;133;133;um2;0.002964;;;;;;;;;;;;;;
690;mammillothalamic tract;0;0;um2;0;0;0;um2;0;;;;;;;;;;;;;;
681;mammillotegmental tract;14121;14120.723419;um2;18;539;539;um2;0.038171;;;;;;;;;;;;;;
673;mammillary peduncle;0;0;um2;0;0;0;um2;0;;;;;;;;;;;;;;
1068;dorsal thalamus related;0;0;um2;0;0;0;um2;0;;;;;;;;;;;;;;
722;periventricular bundle of the thalamus;0;0;um2;0;0;0;um2;0;;;;;;;;;;;;;;
1083;epithalamus related;0;0;um2;0;0;0;um2;0;;;;;;;;;;;;;;
802;stria medullaris;0;0;um2;0;0;0;um2;0;;;;;;;;;;;;;;
595;fasciculus retroflexus;92569;92569.186859;um2;13;289;289;um2;0.003122;;;;;;;;;;;;;;
611;habenular commissure;1569;1568.969269;um2;0;0;0;um2;0;;;;;;;;;;;;;;
730;pineal stalk;0;0;um2;0;0;0;um2;0;;;;;;;;;;;;;;
70;midbrain related;0;0;um2;0;0;0;um2;0;;;;;;;;;;;;;;
547;dorsal longitudinal fascicle;0;0;um2;0;0;0;um2;0;;;;;;;;;;;;;;
563;dorsal tegmental tract;0;0;um2;0;0;0;um2;0;;;;;;;;;;;;;;
73;ventricular systems;0;0;um2;0;0;0;um2;0;;;;;;;;;;;;;;
81;lateral ventricle;318187;318186.967712;um2;37;898;898;um2;0.002822;;;;;;;;;;;;;;
89;rhinocele;0;0;um2;0;0;0;um2;0;;;;;;;;;;;;;;
98;subependymal zone;0;0;um2;0;0;0;um2;0;;;;;;;;;;;;;;
108;choroid plexus;179490;179490.084351;um2;17;426;426;um2;0.002373;;;;;;;;;;;;;;
116;choroid fissure;0;0;um2;0;0;0;um2;0;;;;;;;;;;;;;;
124;interventricular foramen;0;0;um2;0;0;0;um2;0;;;;;;;;;;;;;;
129;third ventricle;167252;167252.124054;um2;32;995;995;um2;0.005949;;;;;;;;;;;;;;
140;cerebral aqueduct;0;0;um2;0;0;0;um2;0;;;;;;;;;;;;;;
145;fourth ventricle;0;0;um2;0;0;0;um2;0;;;;;;;;;;;;;;
153;lateral recess;0;0;um2;0;0;0;um2;0;;;;;;;;;;;;;;
164;central canal, spinal cord/medulla;0;0;um2;0;0;0;um2;0;;;;;;;;;;;;;;
1024;grooves;0;0;um2;0;0;0;um2;0;;;;;;;;;;;;;;
1032;grooves of the cerebral cortex;0;0;um2;0;0;0;um2;0;;;;;;;;;;;;;;
1055;endorhinal groove;0;0;um2;0;0;0;um2;0;;;;;;;;;;;;;;
1063;hippocampal fissure;0;0;um2;0;0;0;um2;0;;;;;;;;;;;;;;
1071;rhinal fissure;0;0;um2;0;0;0;um2;0;;;;;;;;;;;;;;
1078;rhinal incisure;0;0;um2;0;0;0;um2;0;;;;;;;;;;;;;;
1040;grooves of the cerebellar cortex;0;0;um2;0;0;0;um2;0;;;;;;;;;;;;;;
1087;precentral fissure;0;0;um2;0;0;0;um2;0;;;;;;;;;;;;;;
1095;preculminate fissure;0;0;um2;0;0;0;um2;0;;;;;;;;;;;;;;
1103;primary fissure;0;0;um2;0;0;0;um2;0;;;;;;;;;;;;;;
1112;posterior superior fissure;0;0;um2;0;0;0;um2;0;;;;;;;;;;;;;;
1119;prepyramidal fissure;0;0;um2;0;0;0;um2;0;;;;;;;;;;;;;;
3;secondary fissure;0;0;um2;0;0;0;um2;0;;;;;;;;;;;;;;
11;posterolateral fissure;0;0;um2;0;0;0;um2;0;;;;;;;;;;;;;;
18;nodular fissure;0;0;um2;0;0;0;um2;0;;;;;;;;;;;;;;
25;simple fissure;0;0;um2;0;0;0;um2;0;;;;;;;;;;;;;;
34;intercrural fissure;0;0;um2;0;0;0;um2;0;;;;;;;;;;;;;;
43;ansoparamedian fissure;0;0;um2;0;0;0;um2;0;;;;;;;;;;;;;;
49;intraparafloccular fissure;0;0;um2;0;0;0;um2;0;;;;;;;;;;;;;;
57;paramedian sulcus;0;0;um2;0;0;0;um2;0;;;;;;;;;;;;;;
65;parafloccular sulcus;0;0;um2;0;0;0;um2;0;;;;;;;;;;;;;;
624;Interpeduncular fossa;0;0;um2;0;0;0;um2;0;;;;;;;;;;;;;;
304325711;retina;0;0;um2;0;0;0;um2;0;;;;;;;;;;;;;;
