Region ID;Region Name;Region pixels;Region area;Area unit;Object count;Object pixels;Object area;Area unit;Load;;;;;;;;;;;;;;
0;Clear Label;0;0;um2;3248;60600;60600;um2;0;;;;;;;;;;;;;;
997;root;4650453;4650452.649765;um2;469;9218;9218;um2;0.001982;;;;;;;;;;;;;;
8;Basic cell groups and regions;0;0;um2;0;0;0;um2;0;;;;;;;;;;;;;;
567;Cerebrum;0;0;um2;0;0;0;um2;0;;;;;;;;;;;;;;
688;Cerebral cortex;0;0;um2;0;0;0;um2;0;;;;;;;;;;;;;;
695;Cortical plate;0;0;um2;0;0;0;um2;0;;;;;;;;;;;;;;
315;Isocortex;0;0;um2;0;0;0;um2;0;;;;;;;;;;;;;;
184;Frontal pole, cerebral cortex;0;0;um2;0;0;0;um2;0;;;;;;;;;;;;;;
68;Frontal pole, layer 1;0;0;um2;0;0;0;um2;0;;;;;;;;;;;;;;
667;Frontal pole, layer 2/3;0;0;um2;0;0;0;um2;0;;;;;;;;;;;;;;
526157192;Frontal pole, layer 5;895467;895467.160828;um2;303;5934;5934;um2;0.006627;;;;;;;;;;;;;;
526157196;Frontal pole, layer 6a;1197650;1197650.256897;um2;388;9057;9057;um2;0.007562;;;;;;;;;;;;;;
526322264;Frontal pole, layer 6b;7708;7708.333252;um2;2;43;43;um2;0.005578;;;;;;;;;;;;;;
500;Somatomotor areas;0;0;um2;0;0;0;um2;0;;;;;;;;;;;;;;
107;Somatomotor areas, Layer 1;0;0;um2;0;0;0;um2;0;;;;;;;;;;;;;;
219;Somatomotor areas, Layer 2/3;0;0;um2;0;0;0;um2;0;;;;;;;;;;;;;;
299;Somatomotor areas, Layer 5;0;0;um2;0;0;0;um2;0;;;;;;;;;;;;;;
644;Somatomotor areas, Layer 6a;0;0;um2;0;0;0;um2;0;;;;;;;;;;;;;;
947;Somatomotor areas, Layer 6b;0;0;um2;0;0;0;um2;0;;;;;;;;;;;;;;
985;Primary motor area;0;0;um2;0;0;0;um2;0;;;;;;;;;;;;;;
320;Primary motor area, Layer 1;6856334;6856333.964691;um2;799;15524;15524;um2;0.002264;;;;;;;;;;;;;;
943;Primary motor area, Layer 2/3;19262881;19262881.342804;um2;8700;203919;203919;um2;0.010586;;;;;;;;;;;;;;
648;Primary motor area, Layer 5;15807600;15807599.626465;um2;6452;146373;146373;um2;0.009260;;;;;;;;;;;;;;
844;Primary motor area, Layer 6a;10750383;10750382.905930;um2;3698;83409;83409;um2;0.007759;;;;;;;;;;;;;;
882;Primary motor area, Layer 6b;638929;638928.840195;um2;140;2592;2592;um2;0.004057;;;;;;;;;;;;;;
993;Secondary motor area;0;0;um2;0;0;0;um2;0;;;;;;;;;;;;;;
656;Secondary motor area, layer 1;11966320;11966320.170273;um2;1686;34668;34668;um2;0.002897;;;;;;;;;;;;;;
962;Secondary motor area, layer 2/3;22067553;22067553.449982;um2;9094;218229;218229;um2;0.009889;;;;;;;;;;;;;;
767;Secondary motor area, layer 5;30811701;30811701.089218;um2;9936;219767;219767;um2;0.007133;;;;;;;;;;;;;;
1021;Secondary motor area, layer 6a;13737606;13737605.994705;um2;4087;96424;96424;um2;0.007019;;;;;;;;;;;;;;
1085;Secondary motor area, layer 6b;286425;286425.305374;um2;62;1225;1225;um2;0.004277;;;;;;;;;;;;;;
453;Somatosensory areas;0;0;um2;0;0;0;um2;0;;;;;;;;;;;;;;
12993;Somatosensory areas, layer 1;0;0;um2;0;0;0;um2;0;;;;;;;;;;;;;;
12994;Somatosensory areas, layer 2/3;0;0;um2;0;0;0;um2;0;;;;;;;;;;;;;;
12995;Somatosensory areas, layer 4;0;0;um2;0;0;0;um2;0;;;;;;;;;;;;;;
12996;Somatosensory areas, layer 5;0;0;um2;0;0;0;um2;0;;;;;;;;;;;;;;
12997;Somatosensory areas, layer 6a;0;0;um2;0;0;0;um2;0;;;;;;;;;;;;;;
12998;Somatosensory areas, layer 6b;0;0;um2;0;0;0;um2;0;;;;;;;;;;;;;;
322;Primary somatosensory area;0;0;um2;0;0;0;um2;0;;;;;;;;;;;;;;
793;Primary somatosensory area, layer 1;0;0;um2;0;0;0;um2;0;;;;;;;;;;;;;;
346;Primary somatosensory area, layer 2/3;0;0;um2;0;0;0;um2;0;;;;;;;;;;;;;;
865;Primary somatosensory area, layer 4;0;0;um2;0;0;0;um2;0;;;;;;;;;;;;;;
921;Primary somatosensory area, layer 5;0;0;um2;0;0;0;um2;0;;;;;;;;;;;;;;
686;Primary somatosensory area, layer 6a;0;0;um2;0;0;0;um2;0;;;;;;;;;;;;;;
719;Primary somatosensory area, layer 6b;0;0;um2;0;0;0;um2;0;;;;;;;;;;;;;;
353;Primary somatosensory area, nose;0;0;um2;0;0;0;um2;0;;;;;;;;;;;;;;
558;Primary somatosensory area, nose, layer 1;1083870;1083870.008408;um2;239;5777;5777;um2;0.005330;;;;;;;;;;;;;;
838;Primary somatosensory area, nose, layer 2/3;1633165;1633164.925095;um2;1080;25385;25385;um2;0.015543;;;;;;;;;;;;;;
654;Primary somatosensory area, nose, layer 4;1360840;1360840.321289;um2;1121;29053;29053;um2;0.021349;;;;;;;;;;;;;;
702;Primary somatosensory area, nose, layer 5;1312777;1312777.190048;um2;659;16197;16197;um2;0.012338;;;;;;;;;;;;;;
889;Primary somatosensory area, nose, layer 6a;1929664;1929663.747955;um2;563;10923;10923;um2;0.005661;;;;;;;;;;;;;;
929;Primary somatosensory area, nose, layer 6b;126598;126597.925308;um2;19;298;298;um2;0.002354;;;;;;;;;;;;;;
329;Primary somatosensory area, barrel field;0;0;um2;0;0;0;um2;0;;;;;;;;;;;;;;
981;Primary somatosensory area, barrel field, layer 1;2067992;2067991.679489;um2;550;14604;14604;um2;0.007062;;;;;;;;;;;;;;
201;Primary somatosensory area, barrel field, layer 2/3;3964848;3964848.299210;um2;2385;56515;56515;um2;0.014254;;;;;;;;;;;;;;
1047;Primary somatosensory area, barrel field, layer 4;3440965;3440964.708603;um2;2576;59939;59939;um2;0.017419;;;;;;;;;;;;;;
1070;Primary somatosensory area, barrel field, layer 5;3269554;3269553.937698;um2;1524;35098;35098;um2;0.010735;;;;;;;;;;;;;;
1038;Primary somatosensory area, barrel field, layer 6a;3609185;3609185.245117;um2;1316;30416;30416;um2;0.008427;;;;;;;;;;;;;;
1062;Primary somatosensory area, barrel field, layer 6b;437846;437846.478729;um2;157;3247;3247;um2;0.007416;;;;;;;;;;;;;;
480149202;Rostrolateral lateral visual area;0;0;um2;0;0;0;um2;0;;;;;;;;;;;;;;
480149206;Rostrolateral lateral visual area, layer 1;0;0;um2;0;0;0;um2;0;;;;;;;;;;;;;;
480149210;Rostrolateral lateral visual area, layer 2/3;0;0;um2;0;0;0;um2;0;;;;;;;;;;;;;;
480149214;Rostrolateral lateral visual area, layer 4;0;0;um2;0;0;0;um2;0;;;;;;;;;;;;;;
480149218;Rostrolateral lateral visual area,layer 5;0;0;um2;0;0;0;um2;0;;;;;;;;;;;;;;
480149222;Rostrolateral lateral visual area, layer 6a;0;0;um2;0;0;0;um2;0;;;;;;;;;;;;;;
480149226;Rostrolateral lateral visual area, layer 6b;0;0;um2;0;0;0;um2;0;;;;;;;;;;;;;;
337;Primary somatosensory area, lower limb;0;0;um2;0;0;0;um2;0;;;;;;;;;;;;;;
1030;Primary somatosensory area, lower limb, layer 1;683775;683775.292816;um2;199;4978;4978;um2;0.007280;;;;;;;;;;;;;;
113;Primary somatosensory area, lower limb, layer 2/3;1584346;1584346.328308;um2;887;20808;20808;um2;0.013133;;;;;;;;;;;;;;
1094;Primary somatosensory area, lower limb, layer 4;712672;712671.581299;um2;428;10514;10514;um2;0.014753;;;;;;;;;;;;;;
1128;Primary somatosensory area, lower limb, layer 5;1360980;1360979.896194;um2;574;12054;12054;um2;0.008857;;;;;;;;;;;;;;
478;Primary somatosensory area, lower limb, layer 6a;1210218;1210217.661118;um2;408;7790;7790;um2;0.006437;;;;;;;;;;;;;;
510;Primary somatosensory area, lower limb, layer 6b;117098;117098.002640;um2;31;707;707;um2;0.006038;;;;;;;;;;;;;;
345;Primary somatosensory area, mouth;0;0;um2;0;0;0;um2;0;;;;;;;;;;;;;;
878;Primary somatosensory area, mouth, layer 1;2711548;2711548.084869;um2;372;7657;7657;um2;0.002824;;;;;;;;;;;;;;
657;Primary somatosensory area, mouth, layer 2/3;5317082;5317081.950745;um2;3302;74758;74758;um2;0.014060;;;;;;;;;;;;;;
950;Primary somatosensory area, mouth, layer 4;3280651;3280651.227234;um2;2484;61479;61479;um2;0.018740;;;;;;;;;;;;;;
974;Primary somatosensory area, mouth, layer 5;4255412;4255411.758453;um2;3109;77934;77934;um2;0.018314;;;;;;;;;;;;;;
1102;Primary somatosensory area, mouth, layer 6a;5336998;5336997.517273;um2;2537;65753;65753;um2;0.012320;;;;;;;;;;;;;;
2;Primary somatosensory area, mouth, layer 6b;348973;348972.846588;um2;87;1338;1338;um2;0.003834;;;;;;;;;;;;;;
369;Primary somatosensory area, upper limb;0;0;um2;0;0;0;um2;0;;;;;;;;;;;;;;
450;Primary somatosensory area, upper limb, layer 1;1257543;1257542.935608;um2;395;8963;8963;um2;0.007127;;;;;;;;;;;;;;
854;Primary somatosensory area, upper limb, layer 2/3;2815027;2815026.912125;um2;1765;42397;42397;um2;0.015061;;;;;;;;;;;;;;
577;Primary somatosensory area, upper limb, layer 4;1512985;1512985.427231;um2;1103;26899;26899;um2;0.017779;;;;;;;;;;;;;;
625;Primary somatosensory area, upper limb, layer 5;2209534;2209534.464737;um2;1255;29724;29724;um2;0.013453;;;;;;;;;;;;;;
945;Primary somatosensory area, upper limb, layer 6a;2644055;2644055.264633;um2;991;21774;21774;um2;0.008235;;;;;;;;;;;;;;
1026;Primary somatosensory area, upper limb, layer 6b;195520;195519.772995;um2;54;895;895;um2;0.004578;;;;;;;;;;;;;;
361;Primary somatosensory area, trunk;0;0;um2;0;0;0;um2;0;;;;;;;;;;;;;;
1006;Primary somatosensory area, trunk, layer 1;474303;474302.927490;um2;35;661;661;um2;0.001394;;;;;;;;;;;;;;
670;Primary somatosensory area, trunk, layer 2/3;1071578;1071578.190140;um2;213;3839;3839;um2;0.003583;;;;;;;;;;;;;;
1086;Primary somatosensory area, trunk, layer 4;476304;476304.263565;um2;134;2443;2443;um2;0.005129;;;;;;;;;;;;;;
1111;Primary somatosensory area, trunk, layer 5;1153925;1153925.093704;um2;252;4637;4637;um2;0.004018;;;;;;;;;;;;;;
9;Primary somatosensory area, trunk, layer 6a;697036;697036.355713;um2;135;2870;2870;um2;0.004117;;;;;;;;;;;;;;
461;Primary somatosensory area, trunk, layer 6b;98144;98143.602615;um2;31;565;565;um2;0.005757;;;;;;;;;;;;;;
182305689;Primary somatosensory area, unassigned;0;0;um2;0;0;0;um2;0;;;;;;;;;;;;;;
182305693;Primary somatosensory area, unassigned, layer 1;414445;414445.261856;um2;155;3848;3848;um2;0.009285;;;;;;;;;;;;;;
182305697;Primary somatosensory area, unassigned, layer 2/3;842489;842488.762177;um2;560;13849;13849;um2;0.016438;;;;;;;;;;;;;;
182305701;Primary somatosensory area, unassigned, layer 4;468145;468145.166031;um2;316;7480;7480;um2;0.015978;;;;;;;;;;;;;;
182305705;Primary somatosensory area, unassigned, layer 5;654716;654716.219574;um2;256;5551;5551;um2;0.008478;;;;;;;;;;;;;;
182305709;Primary somatosensory area, unassigned, layer 6a;704863;704863.030746;um2;193;3646;3646;um2;0.005173;;;;;;;;;;;;;;
182305713;Primary somatosensory area, unassigned, layer 6b;57730;57729.769211;um2;15;194;194;um2;0.003360;;;;;;;;;;;;;;
378;Supplemental somatosensory area;0;0;um2;0;0;0;um2;0;;;;;;;;;;;;;;
873;Supplemental somatosensory area, layer 1;3187878;3187877.843842;um2;614;15425;15425;um2;0.004839;;;;;;;;;;;;;;
806;Supplemental somatosensory area, layer 2/3;5607110;5607109.948273;um2;3597;86651;86651;um2;0.015454;;;;;;;;;;;;;;
1035;Supplemental somatosensory area, layer 4;3134652;3134651.538223;um2;2443;59327;59327;um2;0.018926;;;;;;;;;;;;;;
1090;Supplemental somatosensory area, layer 5;5928710;5928710.207581;um2;3455;86416;86416;um2;0.014576;;;;;;;;;;;;;;
862;Supplemental somatosensory area, layer 6a;5586959;5586958.995605;um2;2492;56048;56048;um2;0.010032;;;;;;;;;;;;;;
893;Supplemental somatosensory area, layer 6b;571317;571316.544418;um2;215;4364;4364;um2;0.007638;;;;;;;;;;;;;;
1057;Gustatory areas;0;0;um2;0;0;0;um2;0;;;;;;;;;;;;;;
36;Gustatory areas, layer 1;666646;666645.882660;um2;53;684;684;um2;0.001026;;;;;;;;;;;;;;
180;Gustatory areas, layer 2/3;1441572;1441572.145477;um2;630;15427;15427;um2;0.010702;;;;;;;;;;;;;;
148;Gustatory areas, layer 4;504774;504773.915283;um2;320;7945;7945;um2;0.015740;;;;;;;;;;;;;;
187;Gustatory areas, layer 5;1882183;1882182.581085;um2;896;21764;21764;um2;0.011563;;;;;;;;;;;;;;
638;Gustatory areas, layer 6a;1484112;1484111.918884;um2;672;15734;15734;um2;0.010602;;;;;;;;;;;;;;
662;Gustatory areas, layer 6b;122337;122336.576965;um2;35;901;901;um2;0.007365;;;;;;;;;;;;;;
677;Visceral area;0;0;um2;0;0;0;um2;0;;;;;;;;;;;;;;
897;Visceral area, layer 1;760142;760142.494171;um2;64;1151;1151;um2;0.001514;;;;;;;;;;;;;;
1106;Visceral area, layer 2/3;1272778;1272777.922974;um2;606;15841;15841;um2;0.012446;;;;;;;;;;;;;;
1010;Visceral area, layer 4;454423;454423.246582;um2;256;6402;6402;um2;0.014088;;;;;;;;;;;;;;
1058;Visceral area, layer 5;1665161;1665160.933029;um2;835;19252;19252;um2;0.011562;;;;;;;;;;;;;;
857;Visceral area, layer 6a;1324839;1324839.393372;um2;563;12097;12097;um2;0.009131;;;;;;;;;;;;;;
849;Visceral area, layer 6b;121747;121747.153641;um2;44;806;806;um2;0.006620;;;;;;;;;;;;;;
247;Auditory areas;0;0;um2;0;0;0;um2;0;;;;;;;;;;;;;;
1011;Dorsal auditory area;0;0;um2;0;0;0;um2;0;;;;;;;;;;;;;;
527;Dorsal auditory area, layer 1;551188;551187.848724;um2;129;4095;4095;um2;0.007429;;;;;;;;;;;;;;
600;Dorsal auditory area, layer 2/3;955513;955512.926727;um2;651;17246;17246;um2;0.018049;;;;;;;;;;;;;;
678;Dorsal auditory area, layer 4;398589;398589.144562;um2;287;7064;7064;um2;0.017723;;;;;;;;;;;;;;
252;Dorsal auditory area, layer 5;1043979;1043978.946243;um2;698;18916;18916;um2;0.018119;;;;;;;;;;;;;;
156;Dorsal auditory area, layer 6a;593986;593985.566101;um2;393;10199;10199;um2;0.017170;;;;;;;;;;;;;;
243;Dorsal auditory area, layer 6b;89250;89249.783508;um2;42;1043;1043;um2;0.011686;;;;;;;;;;;;;;
480149230;Laterolateral anterior visual area;0;0;um2;0;0;0;um2;0;;;;;;;;;;;;;;
480149234;Laterolateral anterior visual area, layer 1;0;0;um2;0;0;0;um2;0;;;;;;;;;;;;;;
480149238;Laterolateral anterior visual area, layer 2/3;0;0;um2;0;0;0;um2;0;;;;;;;;;;;;;;
480149242;Laterolateral anterior visual area, layer 4;0;0;um2;0;0;0;um2;0;;;;;;;;;;;;;;
480149246;Laterolateral anterior visual area,layer 5;0;0;um2;0;0;0;um2;0;;;;;;;;;;;;;;
480149250;Laterolateral anterior visual area, layer 6a;0;0;um2;0;0;0;um2;0;;;;;;;;;;;;;;
480149254;Laterolateral anterior visual area, layer 6b;0;0;um2;0;0;0;um2;0;;;;;;;;;;;;;;
1002;Primary auditory area;0;0;um2;0;0;0;um2;0;;;;;;;;;;;;;;
735;Primary auditory area, layer 1;727363;727363.450317;um2;109;3089;3089;um2;0.004247;;;;;;;;;;;;;;
251;Primary auditory area, layer 2/3;948386;948386.345886;um2;628;16740;16740;um2;0.017651;;;;;;;;;;;;;;
816;Primary auditory area, layer 4;449606;449606.247131;um2;384;9526;9526;um2;0.021187;;;;;;;;;;;;;;
847;Primary auditory area, layer 5;1352394;1352393.664063;um2;950;24918;24918;um2;0.018425;;;;;;;;;;;;;;
954;Primary auditory area, layer 6a;550019;550018.713318;um2;307;8799;8799;um2;0.015998;;;;;;;;;;;;;;
1005;Primary auditory area, layer 6b;91200;91200.133606;um2;41;741;741;um2;0.008125;;;;;;;;;;;;;;
1027;Posterior auditory area;0;0;um2;0;0;0;um2;0;;;;;;;;;;;;;;
696;Posterior auditory area, layer 1;34074;34073.772827;um2;14;277;277;um2;0.008129;;;;;;;;;;;;;;
643;Posterior auditory area, layer 2/3;53834;53833.995117;um2;49;1196;1196;um2;0.022216;;;;;;;;;;;;;;
759;Posterior auditory area, layer 4;22786;22786.261353;um2;19;739;739;um2;0.032432;;;;;;;;;;;;;;
791;Posterior auditory area, layer 5;72847;72847.309387;um2;52;1529;1529;um2;0.020989;;;;;;;;;;;;;;
249;Posterior auditory area, layer 6a;23202;23201.660950;um2;13;358;358;um2;0.015430;;;;;;;;;;;;;;
456;Posterior auditory area, layer 6b;3927;3926.575012;um2;3;37;37;um2;0.009423;;;;;;;;;;;;;;
1018;Ventral auditory area;0;0;um2;0;0;0;um2;0;;;;;;;;;;;;;;
959;Ventral auditory area, layer 1;531665;531665.258682;um2;38;1014;1014;um2;0.001907;;;;;;;;;;;;;;
755;Ventral auditory area, layer 2/3;825054;825054.189041;um2;479;12156;12156;um2;0.014734;;;;;;;;;;;;;;
990;Ventral auditory area, layer 4;484574;484573.521713;um2;349;8339;8339;um2;0.017209;;;;;;;;;;;;;;
1023;Ventral auditory area, layer 5;1299684;1299684.356003;um2;912;24376;24376;um2;0.018755;;;;;;;;;;;;;;
520;Ventral auditory area, layer 6a;712023;712023.204651;um2;512;14842;14842;um2;0.020845;;;;;;;;;;;;;;
598;Ventral auditory area, layer 6b;101350;101350.007874;um2;60;1805;1805;um2;0.017810;;;;;;;;;;;;;;
669;Visual areas;0;0;um2;0;0;0;um2;0;;;;;;;;;;;;;;
801;Visual areas, layer 1;0;0;um2;0;0;0;um2;0;;;;;;;;;;;;;;
561;Visual areas, layer 2/3;0;0;um2;0;0;0;um2;0;;;;;;;;;;;;;;
913;Visual areas, layer 4;0;0;um2;0;0;0;um2;0;;;;;;;;;;;;;;
937;Visual areas, layer 5;0;0;um2;0;0;0;um2;0;;;;;;;;;;;;;;
457;Visual areas, layer 6a;0;0;um2;0;0;0;um2;0;;;;;;;;;;;;;;
497;Visual areas, layer 6b;0;0;um2;0;0;0;um2;0;;;;;;;;;;;;;;
402;Anterolateral visual area;0;0;um2;0;0;0;um2;0;;;;;;;;;;;;;;
1074;Anterolateral visual area, layer 1;78100;78099.918091;um2;12;366;366;um2;0.004686;;;;;;;;;;;;;;
905;Anterolateral visual area, layer 2/3;145640;145640.029236;um2;101;3269;3269;um2;0.022446;;;;;;;;;;;;;;
1114;Anterolateral visual area, layer 4;84637;84637.132568;um2;53;1325;1325;um2;0.015655;;;;;;;;;;;;;;
233;Anterolateral visual area, layer 5;158722;158721.535400;um2;88;2464;2464;um2;0.015524;;;;;;;;;;;;;;
601;Anterolateral visual area, layer 6a;97541;97540.758240;um2;89;2777;2777;um2;0.028470;;;;;;;;;;;;;;
649;Anterolateral visual area, layer 6b;18017;18016.760864;um2;11;257;257;um2;0.014264;;;;;;;;;;;;;;
394;Anteromedial visual area;0;0;um2;0;0;0;um2;0;;;;;;;;;;;;;;
281;Anteromedial visual area, layer 1;348546;348545.548340;um2;32;625;625;um2;0.001793;;;;;;;;;;;;;;
1066;Anteromedial visual area, layer 2/3;595407;595407.390686;um2;250;6809;6809;um2;0.011436;;;;;;;;;;;;;;
401;Anteromedial visual area, layer 4;167555;167555.282349;um2;81;2068;2068;um2;0.012342;;;;;;;;;;;;;;
433;Anteromedial visual area, layer 5;605676;605675.663208;um2;341;8437;8437;um2;0.013930;;;;;;;;;;;;;;
1046;Anteromedial visual area, layer 6a;368492;368492.296875;um2;178;4073;4073;um2;0.011053;;;;;;;;;;;;;;
441;Anteromedial visual area, layer 6b;62766;62765.986755;um2;18;523;523;um2;0.008333;;;;;;;;;;;;;;
409;Lateral visual area;0;0;um2;0;0;0;um2;0;;;;;;;;;;;;;;
421;Lateral visual area, layer 1;0;0;um2;0;0;0;um2;0;;;;;;;;;;;;;;
973;Lateral visual area, layer 2/3;0;0;um2;0;0;0;um2;0;;;;;;;;;;;;;;
573;Lateral visual area, layer 4;0;0;um2;0;0;0;um2;0;;;;;;;;;;;;;;
613;Lateral visual area, layer 5;0;0;um2;0;0;0;um2;0;;;;;;;;;;;;;;
74;Lateral visual area, layer 6a;0;0;um2;0;0;0;um2;0;;;;;;;;;;;;;;
121;Lateral visual area, layer 6b;0;0;um2;0;0;0;um2;0;;;;;;;;;;;;;;
385;Primary visual area;0;0;um2;0;0;0;um2;0;;;;;;;;;;;;;;
593;Primary visual area, layer 1;190497;190496.521301;um2;21;367;367;um2;0.001927;;;;;;;;;;;;;;
821;Primary visual area, layer 2/3;349159;349158.883545;um2;161;4183;4183;um2;0.011980;;;;;;;;;;;;;;
721;Primary visual area, layer 4;204327;204327.050049;um2;144;3153;3153;um2;0.015431;;;;;;;;;;;;;;
778;Primary visual area, layer 5;327318;327318.496033;um2;218;5734;5734;um2;0.017518;;;;;;;;;;;;;;
33;Primary visual area, layer 6a;219387;219387.275879;um2;171;5294;5294;um2;0.024131;;;;;;;;;;;;;;
305;Primary visual area, layer 6b;48096;48095.848755;um2;30;759;759;um2;0.015781;;;;;;;;;;;;;;
425;Posterolateral visual area;0;0;um2;0;0;0;um2;0;;;;;;;;;;;;;;
750;Posterolateral visual area, layer 1;0;0;um2;0;0;0;um2;0;;;;;;;;;;;;;;
269;Posterolateral visual area, layer 2/3;0;0;um2;0;0;0;um2;0;;;;;;;;;;;;;;
869;Posterolateral visual area, layer 4;0;0;um2;0;0;0;um2;0;;;;;;;;;;;;;;
902;Posterolateral visual area, layer 5;0;0;um2;0;0;0;um2;0;;;;;;;;;;;;;;
377;Posterolateral visual area, layer 6a;0;0;um2;0;0;0;um2;0;;;;;;;;;;;;;;
393;Posterolateral visual area, layer 6b;0;0;um2;0;0;0;um2;0;;;;;;;;;;;;;;
533;posteromedial visual area;0;0;um2;0;0;0;um2;0;;;;;;;;;;;;;;
805;posteromedial visual area, layer 1;94218;94217.561462;um2;1;24;24;um2;0.000255;;;;;;;;;;;;;;
41;posteromedial visual area, layer 2/3;199617;199616.518799;um2;92;2699;2699;um2;0.013521;;;;;;;;;;;;;;
501;posteromedial visual area, layer 4;77128;77127.617249;um2;38;692;692;um2;0.008972;;;;;;;;;;;;;;
565;posteromedial visual area, layer 5;217888;217887.974121;um2;118;3174;3174;um2;0.014567;;;;;;;;;;;;;;
257;posteromedial visual area, layer 6a;138251;138250.783936;um2;79;1767;1767;um2;0.012781;;;;;;;;;;;;;;
469;posteromedial visual area, layer 6b;24362;24361.940430;um2;4;105;105;um2;0.004310;;;;;;;;;;;;;;
312782574;Laterointermediate area;0;0;um2;0;0;0;um2;0;;;;;;;;;;;;;;
312782578;Laterointermediate area, layer 1;0;0;um2;0;0;0;um2;0;;;;;;;;;;;;;;
312782582;Laterointermediate area, layer 2/3;0;0;um2;0;0;0;um2;0;;;;;;;;;;;;;;
312782586;Laterointermediate area, layer 4;0;0;um2;0;0;0;um2;0;;;;;;;;;;;;;;
312782590;Laterointermediate area, layer 5;0;0;um2;0;0;0;um2;0;;;;;;;;;;;;;;
312782594;Laterointermediate area, layer 6a;0;0;um2;0;0;0;um2;0;;;;;;;;;;;;;;
312782598;Laterointermediate area, layer 6b;0;0;um2;0;0;0;um2;0;;;;;;;;;;;;;;
312782628;Postrhinal area;0;0;um2;0;0;0;um2;0;;;;;;;;;;;;;;
312782632;Postrhinal area, layer 1;0;0;um2;0;0;0;um2;0;;;;;;;;;;;;;;
312782636;Postrhinal area, layer 2/3;0;0;um2;0;0;0;um2;0;;;;;;;;;;;;;;
312782640;Postrhinal area, layer 4;0;0;um2;0;0;0;um2;0;;;;;;;;;;;;;;
312782644;Postrhinal area, layer 5;0;0;um2;0;0;0;um2;0;;;;;;;;;;;;;;
312782648;Postrhinal area, layer 6a;0;0;um2;0;0;0;um2;0;;;;;;;;;;;;;;
312782652;Postrhinal area, layer 6b;0;0;um2;0;0;0;um2;0;;;;;;;;;;;;;;
31;Anterior cingulate area;0;0;um2;0;0;0;um2;0;;;;;;;;;;;;;;
572;Anterior cingulate area, layer 1;0;0;um2;0;0;0;um2;0;;;;;;;;;;;;;;
1053;Anterior cingulate area, layer 2/3;0;0;um2;0;0;0;um2;0;;;;;;;;;;;;;;
739;Anterior cingulate area, layer 5;0;0;um2;0;0;0;um2;0;;;;;;;;;;;;;;
179;Anterior cingulate area, layer 6a;0;0;um2;0;0;0;um2;0;;;;;;;;;;;;;;
227;Anterior cingulate area, layer 6b;0;0;um2;0;0;0;um2;0;;;;;;;;;;;;;;
39;Anterior cingulate area, dorsal part;0;0;um2;0;0;0;um2;0;;;;;;;;;;;;;;
935;Anterior cingulate area, dorsal part, layer 1;2769734;2769733.808014;um2;337;8029;8029;um2;0.002899;;;;;;;;;;;;;;
211;Anterior cingulate area, dorsal part, layer 2/3;2762352;2762352.108047;um2;1268;35310;35310;um2;0.012783;;;;;;;;;;;;;;
1015;Anterior cingulate area, dorsal part, layer 5;5222323;5222322.652893;um2;2164;56804;56804;um2;0.010877;;;;;;;;;;;;;;
919;Anterior cingulate area, dorsal part, layer 6a;2514086;2514086.450638;um2;1058;29166;29166;um2;0.011601;;;;;;;;;;;;;;
927;Anterior cingulate area, dorsal part, layer 6b;73442;73441.554398;um2;27;619;619;um2;0.008428;;;;;;;;;;;;;;
48;Anterior cingulate area, ventral part;0;0;um2;0;0;0;um2;0;;;;;;;;;;;;;;
588;Anterior cingulate area, ventral part, layer 1;1447245;1447244.836365;um2;203;5661;5661;um2;0.003912;;;;;;;;;;;;;;
296;Anterior cingulate area, ventral part, layer 2/3;1476209;1476208.680679;um2;913;29661;29661;um2;0.020093;;;;;;;;;;;;;;
772;Anterior cingulate area, ventral part, layer 5;3004045;3004044.716614;um2;2010;66101;66101;um2;0.022004;;;;;;;;;;;;;;
810;Anterior cingulate area, ventral part, 6a;1052511;1052511.151917;um2;624;17911;17911;um2;0.017017;;;;;;;;;;;;;;
819;Anterior cingulate area, ventral part, 6b;163885;163885.214523;um2;85;2085;2085;um2;0.012722;;;;;;;;;;;;;;
972;Prelimbic area;0;0;um2;0;0;0;um2;0;;;;;;;;;;;;;;
171;Prelimbic area, layer 1;2810417;2810417.225830;um2;614;13537;13537;um2;0.004817;;;;;;;;;;;;;;
195;Prelimbic area, layer 2;0;0;um2;0;0;0;um2;0;;;;;;;;;;;;;;
304;Prelimbic area, layer 2/3;2450244;2450244.037537;um2;736;18685;18685;um2;0.007626;;;;;;;;;;;;;;
363;Prelimbic area, layer 5;7177879;7177879.336365;um2;2096;54031;54031;um2;0.007527;;;;;;;;;;;;;;
84;Prelimbic area, layer 6a;3217865;3217864.948761;um2;906;24470;24470;um2;0.007604;;;;;;;;;;;;;;
132;Prelimbic area, layer 6b;92693;92692.968719;um2;20;341;341;um2;0.003679;;;;;;;;;;;;;;
44;Infralimbic area;0;0;um2;0;0;0;um2;0;;;;;;;;;;;;;;
707;Infralimbic area, layer 1;1128257;1128256.716675;um2;184;3978;3978;um2;0.003526;;;;;;;;;;;;;;
747;Infralimbic area, layer 2;0;0;um2;0;0;0;um2;0;;;;;;;;;;;;;;
556;Infralimbic area, layer 2/3;1084241;1084241.007263;um2;299;7488;7488;um2;0.006906;;;;;;;;;;;;;;
827;Infralimbic area, layer 5;2284806;2284805.923920;um2;938;33035;33035;um2;0.014459;;;;;;;;;;;;;;
1054;Infralimbic area, layer 6a;1135118;1135118.000275;um2;482;16573;16573;um2;0.014600;;;;;;;;;;;;;;
1081;Infralimbic area, layer 6b;48493;48493.383820;um2;19;454;454;um2;0.009362;;;;;;;;;;;;;;
714;Orbital area;0;0;um2;0;0;0;um2;0;;;;;;;;;;;;;;
264;Orbital area, layer 1;0;0;um2;0;0;0;um2;0;;;;;;;;;;;;;;
492;Orbital area, layer 2/3;0;0;um2;0;0;0;um2;0;;;;;;;;;;;;;;
352;Orbital area, layer 5;0;0;um2;0;0;0;um2;0;;;;;;;;;;;;;;
476;Orbital area, layer 6a;0;0;um2;0;0;0;um2;0;;;;;;;;;;;;;;
516;Orbital area, layer 6b;0;0;um2;0;0;0;um2;0;;;;;;;;;;;;;;
723;Orbital area, lateral part;0;0;um2;0;0;0;um2;0;;;;;;;;;;;;;;
448;Orbital area, lateral part, layer 1;1765948;1765948.354675;um2;993;22489;22489;um2;0.012735;;;;;;;;;;;;;;
412;Orbital area, lateral part, layer 2/3;4091239;4091239.263184;um2;1842;47805;47805;um2;0.011685;;;;;;;;;;;;;;
630;Orbital area, lateral part, layer 5;10907478;10907477.851288;um2;5407;141474;141474;um2;0.012970;;;;;;;;;;;;;;
440;Orbital area, lateral part, layer 6a;4476883;4476882.632751;um2;1436;36035;36035;um2;0.008049;;;;;;;;;;;;;;
488;Orbital area, lateral part, layer 6b;218150;218149.904022;um2;56;1307;1307;um2;0.005991;;;;;;;;;;;;;;
731;Orbital area, medial part;0;0;um2;0;0;0;um2;0;;;;;;;;;;;;;;
484;Orbital area, medial part, layer 1;1884280;1884279.799988;um2;502;10972;10972;um2;0.005823;;;;;;;;;;;;;;
524;Orbital area, medial part, layer 2;0;0;um2;0;0;0;um2;0;;;;;;;;;;;;;;
582;Orbital area, medial part, layer 2/3;2006208;2006207.817993;um2;714;19012;19012;um2;0.009477;;;;;;;;;;;;;;
620;Orbital area, medial part, layer 5;4262157;4262157.426453;um2;1643;42960;42960;um2;0.010079;;;;;;;;;;;;;;
910;Orbital area, medial part, layer 6a;1763610;1763610.290405;um2;541;17395;17395;um2;0.009863;;;;;;;;;;;;;;
527696977;Orbital area, medial part, layer 6b;23797;23797.331909;um2;6;131;131;um2;0.005505;;;;;;;;;;;;;;
738;Orbital area, ventral part;0;0;um2;0;0;0;um2;0;;;;;;;;;;;;;;
746;Orbital area, ventrolateral part;0;0;um2;0;0;0;um2;0;;;;;;;;;;;;;;
969;Orbital area, ventrolateral part, layer 1;1296807;1296807.349243;um2;926;23845;23845;um2;0.018387;;;;;;;;;;;;;;
288;Orbital area, ventrolateral part, layer 2/3;3394665;3394664.781555;um2;1273;33836;33836;um2;0.009967;;;;;;;;;;;;;;
1125;Orbital area, ventrolateral part, layer 5;5204926;5204925.737854;um2;2303;68102;68102;um2;0.013084;;;;;;;;;;;;;;
608;Orbital area, ventrolateral part, layer 6a;2424911;2424911.037720;um2;731;19027;19027;um2;0.007846;;;;;;;;;;;;;;
680;Orbital area, ventrolateral part, layer 6b;66217;66216.953705;um2;18;401;401;um2;0.006056;;;;;;;;;;;;;;
95;Agranular insular area;0;0;um2;0;0;0;um2;0;;;;;;;;;;;;;;
104;Agranular insular area, dorsal part;0;0;um2;0;0;0;um2;0;;;;;;;;;;;;;;
996;Agranular insular area, dorsal part, layer 1;2693322;2693321.515076;um2;285;5182;5182;um2;0.001924;;;;;;;;;;;;;;
328;Agranular insular area, dorsal part, layer 2/3;5885515;5885514.871948;um2;1475;30370;30370;um2;0.005160;;;;;;;;;;;;;;
1101;Agranular insular area, dorsal part, layer 5;11626035;11626035.457397;um2;3125;68392;68392;um2;0.005883;;;;;;;;;;;;;;
783;Agranular insular area, dorsal part, layer 6a;5036144;5036144.033691;um2;1413;33854;33854;um2;0.006722;;;;;;;;;;;;;;
831;Agranular insular area, dorsal part, layer 6b;188251;188251.281067;um2;32;742;742;um2;0.003942;;;;;;;;;;;;;;
111;Agranular insular area, posterior part;0;0;um2;0;0;0;um2;0;;;;;;;;;;;;;;
120;Agranular insular area, posterior part, layer 1;1055238;1055237.958603;um2;155;3038;3038;um2;0.002879;;;;;;;;;;;;;;
163;Agranular insular area, posterior part, layer 2/3;2066680;2066680.202072;um2;743;19034;19034;um2;0.009210;;;;;;;;;;;;;;
344;Agranular insular area, posterior part, layer 5;2094107;2094107.128647;um2;778;17983;17983;um2;0.008587;;;;;;;;;;;;;;
314;Agranular insular area, posterior part, layer 6a;1130189;1130188.723587;um2;520;13003;13003;um2;0.011505;;;;;;;;;;;;;;
355;Agranular insular area, posterior part, layer 6b;50755;50755.412201;um2;33;686;686;um2;0.013516;;;;;;;;;;;;;;
119;Agranular insular area, ventral part;0;0;um2;0;0;0;um2;0;;;;;;;;;;;;;;
704;Agranular insular area, ventral part, layer 1;2150451;2150451.247498;um2;450;8289;8289;um2;0.003855;;;;;;;;;;;;;;
694;Agranular insular area, ventral part, layer 2/3;4369608;4369608.247253;um2;1441;36860;36860;um2;0.008436;;;;;;;;;;;;;;
800;Agranular insular area, ventral part, layer 5;4809310;4809310.001404;um2;1791;46324;46324;um2;0.009632;;;;;;;;;;;;;;
675;Agranular insular area, ventral part, layer 6a;685455;685455.387604;um2;288;8341;8341;um2;0.012169;;;;;;;;;;;;;;
699;Agranular insular area, ventral part, layer 6b;13079;13078.521973;um2;0;0;0;um2;0;;;;;;;;;;;;;;
254;Retrosplenial area;0;0;um2;0;0;0;um2;0;;;;;;;;;;;;;;
894;Retrosplenial area, lateral agranular part;0;0;um2;0;0;0;um2;0;;;;;;;;;;;;;;
671;Retrosplenial area, lateral agranular part, layer 1;587430;587430.391083;um2;30;564;564;um2;0.000960;;;;;;;;;;;;;;
965;Retrosplenial area, lateral agranular part, layer 2/3;979068;979067.995224;um2;455;11942;11942;um2;0.012197;;;;;;;;;;;;;;
774;Retrosplenial area, lateral agranular part, layer 5;1200813;1200813.329773;um2;576;12853;12853;um2;0.010704;;;;;;;;;;;;;;
906;Retrosplenial area, lateral agranular part, layer 6a;782582;782581.689819;um2;284;7315;7315;um2;0.009347;;;;;;;;;;;;;;
279;Retrosplenial area, lateral agranular part, layer 6b;93603;93602.713318;um2;35;765;765;um2;0.008173;;;;;;;;;;;;;;
480149258;Mediomedial anterior visual area;0;0;um2;0;0;0;um2;0;;;;;;;;;;;;;;
480149262;Mediomedial anterior visual area, layer 1;0;0;um2;0;0;0;um2;0;;;;;;;;;;;;;;
480149266;Mediomedial anterior visual area, layer 2/3;0;0;um2;0;0;0;um2;0;;;;;;;;;;;;;;
480149270;Mediomedial anterior visual area, layer 4;0;0;um2;0;0;0;um2;0;;;;;;;;;;;;;;
480149274;Mediomedial anterior visual area,layer 5;0;0;um2;0;0;0;um2;0;;;;;;;;;;;;;;
480149278;Mediomedial anterior visual area, layer 6a;0;0;um2;0;0;0;um2;0;;;;;;;;;;;;;;
480149282;Mediomedial anterior visual area, layer 6b;0;0;um2;0;0;0;um2;0;;;;;;;;;;;;;;
480149286;Mediomedial posterior visual area;0;0;um2;0;0;0;um2;0;;;;;;;;;;;;;;
480149290;Mediomedial posterior visual area, layer 1;0;0;um2;0;0;0;um2;0;;;;;;;;;;;;;;
480149294;Mediomedial posterior visual area, layer 2/3;0;0;um2;0;0;0;um2;0;;;;;;;;;;;;;;
480149298;Mediomedial posterior visual area, layer 4;0;0;um2;0;0;0;um2;0;;;;;;;;;;;;;;
480149302;Mediomedial posterior visual area,layer 5;0;0;um2;0;0;0;um2;0;;;;;;;;;;;;;;
480149306;Mediomedial posterior visual area, layer 6a;0;0;um2;0;0;0;um2;0;;;;;;;;;;;;;;
480149310;Mediomedial posterior visual area, layer 6b;0;0;um2;0;0;0;um2;0;;;;;;;;;;;;;;
480149314;Medial visual area;0;0;um2;0;0;0;um2;0;;;;;;;;;;;;;;
480149318;Medial visual area, layer 1;0;0;um2;0;0;0;um2;0;;;;;;;;;;;;;;
480149322;Medial visual area, layer 2/3;0;0;um2;0;0;0;um2;0;;;;;;;;;;;;;;
480149326;Medial visual area, layer 4;0;0;um2;0;0;0;um2;0;;;;;;;;;;;;;;
480149330;Medial visual area,layer 5;0;0;um2;0;0;0;um2;0;;;;;;;;;;;;;;
480149334;Medial visual area, layer 6a;0;0;um2;0;0;0;um2;0;;;;;;;;;;;;;;
480149338;Medial visual area, layer 6b;0;0;um2;0;0;0;um2;0;;;;;;;;;;;;;;
879;Retrosplenial area, dorsal part;0;0;um2;0;0;0;um2;0;;;;;;;;;;;;;;
442;Retrosplenial area, dorsal part, layer 1;1105943;1105943.414520;um2;59;963;963;um2;0.000871;;;;;;;;;;;;;;
434;Retrosplenial area, dorsal part, layer 2/3;1728399;1728399.120514;um2;963;21282;21282;um2;0.012313;;;;;;;;;;;;;;
545;Retrosplenial area, dorsal part, layer 4;0;0;um2;0;0;0;um2;0;;;;;;;;;;;;;;
610;Retrosplenial area, dorsal part, layer 5;2135863;2135863.324463;um2;1150;28197;28197;um2;0.013202;;;;;;;;;;;;;;
274;Retrosplenial area, dorsal part, layer 6a;1446868;1446867.899979;um2;541;12281;12281;um2;0.008488;;;;;;;;;;;;;;
330;Retrosplenial area, dorsal part, layer 6b;85147;85147.174103;um2;25;520;520;um2;0.006107;;;;;;;;;;;;;;
886;Retrosplenial area, ventral part;0;0;um2;0;0;0;um2;0;;;;;;;;;;;;;;
542;Retrosplenial area, ventral part, layer 1;1493416;1493415.550659;um2;177;3962;3962;um2;0.002653;;;;;;;;;;;;;;
606;Retrosplenial area, ventral part, layer 2;0;0;um2;0;0;0;um2;0;;;;;;;;;;;;;;
430;Retrosplenial area, ventral part, layer 2/3;1856741;1856741.412704;um2;961;22336;22336;um2;0.012030;;;;;;;;;;;;;;
687;Retrosplenial area, ventral part, layer 5;2908930;2908929.776199;um2;1449;35227;35227;um2;0.012110;;;;;;;;;;;;;;
590;Retrosplenial area, ventral part, layer 6a;1078310;1078310.315628;um2;433;9694;9694;um2;0.008990;;;;;;;;;;;;;;
622;Retrosplenial area, ventral part, layer 6b;126146;126146.384827;um2;45;892;892;um2;0.007071;;;;;;;;;;;;;;
22;Posterior parietal association areas;0;0;um2;0;0;0;um2;0;;;;;;;;;;;;;;
532;Posterior parietal association areas, layer 1;0;0;um2;0;0;0;um2;0;;;;;;;;;;;;;;
241;Posterior parietal association areas, layer 2/3;0;0;um2;0;0;0;um2;0;;;;;;;;;;;;;;
635;Posterior parietal association areas, layer 4;0;0;um2;0;0;0;um2;0;;;;;;;;;;;;;;
683;Posterior parietal association areas, layer 5;0;0;um2;0;0;0;um2;0;;;;;;;;;;;;;;
308;Posterior parietal association areas, layer 6a;0;0;um2;0;0;0;um2;0;;;;;;;;;;;;;;
340;Posterior parietal association areas, layer 6b;0;0;um2;0;0;0;um2;0;;;;;;;;;;;;;;
312782546;Anterior area;0;0;um2;0;0;0;um2;0;;;;;;;;;;;;;;
312782550;Anterior area, layer 1;685577;685577.116013;um2;95;2187;2187;um2;0.003190;;;;;;;;;;;;;;
312782554;Anterior area, layer 2/3;1327439;1327438.519608;um2;517;11743;11743;um2;0.008846;;;;;;;;;;;;;;
312782558;Anterior area, layer 4;493084;493084.492096;um2;222;5478;5478;um2;0.011110;;;;;;;;;;;;;;
312782562;Anterior area, layer 5;1227800;1227799.775513;um2;686;17225;17225;um2;0.014029;;;;;;;;;;;;;;
312782566;Anterior area, layer 6a;852858;852857.914963;um2;462;11769;11769;um2;0.013799;;;;;;;;;;;;;;
312782570;Anterior area, layer 6b;150032;150031.575867;um2;48;1058;1058;um2;0.007052;;;;;;;;;;;;;;
417;Rostrolateral visual area;0;0;um2;0;0;0;um2;0;;;;;;;;;;;;;;
312782604;Rostrolateral area, layer 1;355382;355381.760925;um2;74;1795;1795;um2;0.005051;;;;;;;;;;;;;;
312782608;Rostrolateral area, layer 2/3;661556;661556.170532;um2;388;9759;9759;um2;0.014752;;;;;;;;;;;;;;
312782612;Rostrolateral area, layer 4;366746;366746.154297;um2;265;6452;6452;um2;0.017593;;;;;;;;;;;;;;
312782616;Rostrolateral area, layer 5;577910;577910.219666;um2;320;7055;7055;um2;0.012208;;;;;;;;;;;;;;
312782620;Rostrolateral area, layer 6a;362662;362662.283203;um2;192;4699;4699;um2;0.012957;;;;;;;;;;;;;;
312782624;Rostrolateral area, layer 6b;66714;66714.302612;um2;27;613;613;um2;0.009188;;;;;;;;;;;;;;
541;Temporal association areas;0;0;um2;0;0;0;um2;0;;;;;;;;;;;;;;
97;Temporal association areas, layer 1;547039;547039.120697;um2;76;1770;1770;um2;0.003236;;;;;;;;;;;;;;
1127;Temporal association areas, layer 2/3;850088;850088.250336;um2;503;12812;12812;um2;0.015071;;;;;;;;;;;;;;
234;Temporal association areas, layer 4;344145;344144.667175;um2;251;6008;6008;um2;0.017458;;;;;;;;;;;;;;
289;Temporal association areas, layer 5;1295119;1295118.871765;um2;940;27085;27085;um2;0.020913;;;;;;;;;;;;;;
729;Temporal association areas, layer 6a;884558;884558.054703;um2;650;18007;18007;um2;0.020357;;;;;;;;;;;;;;
786;Temporal association areas, layer 6b;97343;97343.199707;um2;57;1467;1467;um2;0.015070;;;;;;;;;;;;;;
922;Perirhinal area;0;0;um2;0;0;0;um2;0;;;;;;;;;;;;;;
540;Perirhinal area, layer 1;327980;327979.886154;um2;84;1924;1924;um2;0.005866;;;;;;;;;;;;;;
888;Perirhinal area, layer 2/3;501390;501389.680710;um2;296;7523;7523;um2;0.015004;;;;;;;;;;;;;;
692;Perirhinal area, layer 5;227466;227466.465469;um2;166;4649;4649;um2;0.020438;;;;;;;;;;;;;;
335;Perirhinal area, layer 6a;22450;22450.403748;um2;15;431;431;um2;0.019198;;;;;;;;;;;;;;
368;Perirhinal area, layer 6b;806;805.879456;um2;1;5;5;um2;0.006204;;;;;;;;;;;;;;
895;Ectorhinal area;0;0;um2;0;0;0;um2;0;;;;;;;;;;;;;;
836;Ectorhinal area/Layer 1;408598;408598.442886;um2;103;2384;2384;um2;0.005835;;;;;;;;;;;;;;
427;Ectorhinal area/Layer 2/3;811911;811911.271973;um2;528;14051;14051;um2;0.017306;;;;;;;;;;;;;;
988;Ectorhinal area/Layer 5;1053406;1053406.297958;um2;773;21086;21086;um2;0.020017;;;;;;;;;;;;;;
977;Ectorhinal area/Layer 6a;828318;828318.377716;um2;621;18049;18049;um2;0.021790;;;;;;;;;;;;;;
1045;Ectorhinal area/Layer 6b;92268;92267.866882;um2;54;1535;1535;um2;0.016636;;;;;;;;;;;;;;
698;Olfactory areas;16201669;16201668.594879;um2;7438;219882;219882;um2;0.013572;;;;;;;;;;;;;;
507;Main olfactory bulb;1302063;1302063.464355;um2;1318;41543;41543;um2;0.031906;;;;;;;;;;;;;;
212;Main olfactory bulb, glomerular layer;0;0;um2;0;0;0;um2;0;;;;;;;;;;;;;;
220;Main olfactory bulb, granule layer;0;0;um2;0;0;0;um2;0;;;;;;;;;;;;;;
228;Main olfactory bulb, inner plexiform layer;0;0;um2;0;0;0;um2;0;;;;;;;;;;;;;;
236;Main olfactory bulb, mitral layer;0;0;um2;0;0;0;um2;0;;;;;;;;;;;;;;
244;Main olfactory bulb, outer plexiform layer;0;0;um2;0;0;0;um2;0;;;;;;;;;;;;;;
151;Accessory olfactory bulb;0;0;um2;0;0;0;um2;0;;;;;;;;;;;;;;
188;Accessory olfactory bulb, glomerular layer;0;0;um2;0;0;0;um2;0;;;;;;;;;;;;;;
196;Accessory olfactory bulb, granular layer;0;0;um2;0;0;0;um2;0;;;;;;;;;;;;;;
204;Accessory olfactory bulb, mitral layer;0;0;um2;0;0;0;um2;0;;;;;;;;;;;;;;
159;Anterior olfactory nucleus;34155185;34155184.945984;um2;15075;456880;456880;um2;0.013377;;;;;;;;;;;;;;
167;Anterior olfactory nucleus, dorsal part;0;0;um2;0;0;0;um2;0;;;;;;;;;;;;;;
175;Anterior olfactory nucleus, external part;0;0;um2;0;0;0;um2;0;;;;;;;;;;;;;;
183;Anterior olfactory nucleus, lateral part;0;0;um2;0;0;0;um2;0;;;;;;;;;;;;;;
191;Anterior olfactory nucleus, medial part;0;0;um2;0;0;0;um2;0;;;;;;;;;;;;;;
199;Anterior olfactory nucleus, posteroventral part;0;0;um2;0;0;0;um2;0;;;;;;;;;;;;;;
160;Anterior olfactory nucleus, layer 1;0;0;um2;0;0;0;um2;0;;;;;;;;;;;;;;
168;Anterior olfactory nucleus, layer 2;0;0;um2;0;0;0;um2;0;;;;;;;;;;;;;;
589;Taenia tecta;0;0;um2;0;0;0;um2;0;;;;;;;;;;;;;;
597;Taenia tecta, dorsal part;5594932;5594932.024811;um2;2036;58394;58394;um2;0.010437;;;;;;;;;;;;;;
297;Taenia tecta, dorsal part, layers 1-4;0;0;um2;0;0;0;um2;0;;;;;;;;;;;;;;
1034;Taenia tecta, dorsal part, layer 1;0;0;um2;0;0;0;um2;0;;;;;;;;;;;;;;
1042;Taenia tecta, dorsal part, layer 2;0;0;um2;0;0;0;um2;0;;;;;;;;;;;;;;
1050;Taenia tecta, dorsal part, layer 3;0;0;um2;0;0;0;um2;0;;;;;;;;;;;;;;
1059;Taenia tecta, dorsal part, layer 4;0;0;um2;0;0;0;um2;0;;;;;;;;;;;;;;
605;Taenia tecta, ventral part;7473617;7473616.826660;um2;2835;69106;69106;um2;0.009247;;;;;;;;;;;;;;
306;Taenia tecta, ventral part, layers 1-3;0;0;um2;0;0;0;um2;0;;;;;;;;;;;;;;
1067;Taenia tecta, ventral part, layer 1;0;0;um2;0;0;0;um2;0;;;;;;;;;;;;;;
1075;Taenia tecta, ventral part, layer 2;0;0;um2;0;0;0;um2;0;;;;;;;;;;;;;;
1082;Taenia tecta, ventral part, layer 3;0;0;um2;0;0;0;um2;0;;;;;;;;;;;;;;
814;Dorsal peduncular area;3009218;3009217.605072;um2;1197;34935;34935;um2;0.011609;;;;;;;;;;;;;;
496;Dorsal peduncular area, layer 1;0;0;um2;0;0;0;um2;0;;;;;;;;;;;;;;
535;Dorsal peduncular area, layer 2;0;0;um2;0;0;0;um2;0;;;;;;;;;;;;;;
360;Dorsal peduncular area, layer 2/3;0;0;um2;0;0;0;um2;0;;;;;;;;;;;;;;
646;Dorsal peduncular area, layer 5;0;0;um2;0;0;0;um2;0;;;;;;;;;;;;;;
267;Dorsal peduncular area, layer 6a;0;0;um2;0;0;0;um2;0;;;;;;;;;;;;;;
961;Piriform area;45295506;45295506.190048;um2;23323;678587;678587;um2;0.014981;;;;;;;;;;;;;;
152;Piriform area, layers 1-3;0;0;um2;0;0;0;um2;0;;;;;;;;;;;;;;
276;Piriform area, molecular layer;0;0;um2;0;0;0;um2;0;;;;;;;;;;;;;;
284;Piriform area, pyramidal layer;0;0;um2;0;0;0;um2;0;;;;;;;;;;;;;;
291;Piriform area, polymorph layer;0;0;um2;0;0;0;um2;0;;;;;;;;;;;;;;
619;Nucleus of the lateral olfactory tract;0;0;um2;0;0;0;um2;0;;;;;;;;;;;;;;
392;Nucleus of the lateral olfactory tract, layers 1-3;0;0;um2;0;0;0;um2;0;;;;;;;;;;;;;;
260;Nucleus of the lateral olfactory tract, molecular layer;273325;273325.305771;um2;96;2211;2211;um2;0.008089;;;;;;;;;;;;;;
268;Nucleus of the lateral olfactory tract, pyramidal layer;343677;343677.426559;um2;268;7901;7901;um2;0.022990;;;;;;;;;;;;;;
1139;Nucleus of the lateral olfactory tract, layer 3;166384;166383.523102;um2;130;3536;3536;um2;0.021252;;;;;;;;;;;;;;
631;Cortical amygdalar area;0;0;um2;0;0;0;um2;0;;;;;;;;;;;;;;
639;Cortical amygdalar area, anterior part;2032152;2032152.487595;um2;1349;39498;39498;um2;0.019437;;;;;;;;;;;;;;
192;Cortical amygdalar area, anterior part, layer 1;0;0;um2;0;0;0;um2;0;;;;;;;;;;;;;;
200;Cortical amygdalar area, anterior part, layer 2;0;0;um2;0;0;0;um2;0;;;;;;;;;;;;;;
208;Cortical amygdalar area, anterior part, layer 3;0;0;um2;0;0;0;um2;0;;;;;;;;;;;;;;
647;Cortical amygdalar area, posterior part;0;0;um2;0;0;0;um2;0;;;;;;;;;;;;;;
655;Cortical amygdalar area, posterior part, lateral zone;3061546;3061545.523285;um2;1519;45658;45658;um2;0.014913;;;;;;;;;;;;;;
584;Cortical amygdalar area, posterior part, lateral zone, layers 1-2;0;0;um2;0;0;0;um2;0;;;;;;;;;;;;;;
376;Cortical amygdalar area, posterior part, lateral zone, layers 1-3;0;0;um2;0;0;0;um2;0;;;;;;;;;;;;;;
216;Cortical amygdalar area, posterior part, lateral zone, layer 1;0;0;um2;0;0;0;um2;0;;;;;;;;;;;;;;
224;Cortical amygdalar area, posterior part, lateral zone, layer 2;0;0;um2;0;0;0;um2;0;;;;;;;;;;;;;;
232;Cortical amygdalar area, posterior part, lateral zone, layer 3;0;0;um2;0;0;0;um2;0;;;;;;;;;;;;;;
663;Cortical amygdalar area, posterior part, medial zone;2922500;2922500.397125;um2;1343;38949;38949;um2;0.013327;;;;;;;;;;;;;;
592;Cortical amygdalar area, posterior part, medial zone, layers 1-2;0;0;um2;0;0;0;um2;0;;;;;;;;;;;;;;
383;Cortical amygdalar area, posterior part, medial zone, layers 1-3;0;0;um2;0;0;0;um2;0;;;;;;;;;;;;;;
240;Cortical amygdalar area, posterior part, medial zone, layer 1;0;0;um2;0;0;0;um2;0;;;;;;;;;;;;;;
248;Cortical amygdalar area, posterior part, medial zone, layer 2;0;0;um2;0;0;0;um2;0;;;;;;;;;;;;;;
256;Cortical amygdalar area, posterior part, medial zone, layer 3;0;0;um2;0;0;0;um2;0;;;;;;;;;;;;;;
788;Piriform-amygdalar area;3413687;3413687.386032;um2;1979;55454;55454;um2;0.016245;;;;;;;;;;;;;;
400;Piriform-amygdalar area, layers 1-3;0;0;um2;0;0;0;um2;0;;;;;;;;;;;;;;
408;Piriform-amygdalar area, molecular layer;0;0;um2;0;0;0;um2;0;;;;;;;;;;;;;;
416;Piriform-amygdalar area, pyramidal layer;0;0;um2;0;0;0;um2;0;;;;;;;;;;;;;;
424;Piriform-amygdalar area, polymorph layer;0;0;um2;0;0;0;um2;0;;;;;;;;;;;;;;
566;Postpiriform transition area;617891;617891.179504;um2;149;4001;4001;um2;0.006475;;;;;;;;;;;;;;
517;Postpiriform transition area, layers 1-3;0;0;um2;0;0;0;um2;0;;;;;;;;;;;;;;
1140;Postpiriform transition area, layers 1;0;0;um2;0;0;0;um2;0;;;;;;;;;;;;;;
1141;Postpiriform transition area, layers 2;0;0;um2;0;0;0;um2;0;;;;;;;;;;;;;;
1142;Postpiriform transition area, layers 3;0;0;um2;0;0;0;um2;0;;;;;;;;;;;;;;
1089;Hippocampal formation;342154;342154.413010;um2;131;3869;3869;um2;0.011308;;;;;;;;;;;;;;
1080;Hippocampal region;0;0;um2;0;0;0;um2;0;;;;;;;;;;;;;;
375;Ammon's horn;0;0;um2;0;0;0;um2;0;;;;;;;;;;;;;;
382;Field CA1;14336166;14336166.264786;um2;5031;133618;133618;um2;0.009320;;;;;;;;;;;;;;
391;Field CA1, stratum lacunosum-moleculare;0;0;um2;0;0;0;um2;0;;;;;;;;;;;;;;
399;Field CA1, stratum oriens;0;0;um2;0;0;0;um2;0;;;;;;;;;;;;;;
407;Field CA1, pyramidal layer;0;0;um2;0;0;0;um2;0;;;;;;;;;;;;;;
415;Field CA1, stratum radiatum;0;0;um2;0;0;0;um2;0;;;;;;;;;;;;;;
423;Field CA2;1169390;1169389.884323;um2;396;9459;9459;um2;0.008089;;;;;;;;;;;;;;
431;Field CA2, stratum lacunosum-moleculare;0;0;um2;0;0;0;um2;0;;;;;;;;;;;;;;
438;Field CA2, stratum oriens;0;0;um2;0;0;0;um2;0;;;;;;;;;;;;;;
446;Field CA2, pyramidal layer;0;0;um2;0;0;0;um2;0;;;;;;;;;;;;;;
454;Field CA2, stratum radiatum;0;0;um2;0;0;0;um2;0;;;;;;;;;;;;;;
463;Field CA3;12044628;12044627.766815;um2;4082;109903;109903;um2;0.009125;;;;;;;;;;;;;;
471;Field CA3, stratum lacunosum-moleculare;0;0;um2;0;0;0;um2;0;;;;;;;;;;;;;;
479;Field CA3, stratum lucidum;0;0;um2;0;0;0;um2;0;;;;;;;;;;;;;;
486;Field CA3, stratum oriens;0;0;um2;0;0;0;um2;0;;;;;;;;;;;;;;
495;Field CA3, pyramidal layer;0;0;um2;0;0;0;um2;0;;;;;;;;;;;;;;
504;Field CA3, stratum radiatum;0;0;um2;0;0;0;um2;0;;;;;;;;;;;;;;
726;Dentate gyrus;0;0;um2;0;0;0;um2;0;;;;;;;;;;;;;;
10703;Dentate gyrus, molecular layer;5416354;5416353.955551;um2;1641;44899;44899;um2;0.008290;;;;;;;;;;;;;;
10704;Dentate gyrus, polymorph layer;711144;711144.045074;um2;381;10715;10715;um2;0.015067;;;;;;;;;;;;;;
632;Dentate gyrus, granule cell layer;2068980;2068979.683411;um2;1018;30177;30177;um2;0.014585;;;;;;;;;;;;;;
10702;Dentate gyrus, subgranular zone;0;0;um2;0;0;0;um2;0;;;;;;;;;;;;;;
734;Dentate gyrus crest;0;0;um2;0;0;0;um2;0;;;;;;;;;;;;;;
742;Dentate gyrus crest, molecular layer;0;0;um2;0;0;0;um2;0;;;;;;;;;;;;;;
751;Dentate gyrus crest, polymorph layer;0;0;um2;0;0;0;um2;0;;;;;;;;;;;;;;
758;Dentate gyrus crest, granule cell layer;0;0;um2;0;0;0;um2;0;;;;;;;;;;;;;;
766;Dentate gyrus lateral blade;0;0;um2;0;0;0;um2;0;;;;;;;;;;;;;;
775;Dentate gyrus lateral blade, molecular layer;0;0;um2;0;0;0;um2;0;;;;;;;;;;;;;;
782;Dentate gyrus lateral blade, polymorph layer;0;0;um2;0;0;0;um2;0;;;;;;;;;;;;;;
790;Dentate gyrus lateral blade, granule cell layer;0;0;um2;0;0;0;um2;0;;;;;;;;;;;;;;
799;Dentate gyrus medial blade;0;0;um2;0;0;0;um2;0;;;;;;;;;;;;;;
807;Dentate gyrus medial blade, molecular layer;0;0;um2;0;0;0;um2;0;;;;;;;;;;;;;;
815;Dentate gyrus medial blade, polymorph layer;0;0;um2;0;0;0;um2;0;;;;;;;;;;;;;;
823;Dentate gyrus medial blade, granule cell layer;0;0;um2;0;0;0;um2;0;;;;;;;;;;;;;;
982;Fasciola cinerea;157159;157158.716232;um2;32;640;640;um2;0.004072;;;;;;;;;;;;;;
19;Induseum griseum;373749;373748.558975;um2;52;1113;1113;um2;0.002978;;;;;;;;;;;;;;
822;Retrohippocampal region;0;0;um2;0;0;0;um2;0;;;;;;;;;;;;;;
909;Entorhinal area;0;0;um2;0;0;0;um2;0;;;;;;;;;;;;;;
918;Entorhinal area, lateral part;0;0;um2;0;0;0;um2;0;;;;;;;;;;;;;;
1121;Entorhinal area, lateral part, layer 1;472965;472965.130173;um2;68;1976;1976;um2;0.004178;;;;;;;;;;;;;;
20;Entorhinal area, lateral part, layer 2;650648;650648.031403;um2;344;9074;9074;um2;0.013946;;;;;;;;;;;;;;
999;Entorhinal area, lateral part, layer 2/3;0;0;um2;0;0;0;um2;0;;;;;;;;;;;;;;
715;Entorhinal area, lateral part, layer 2a;0;0;um2;0;0;0;um2;0;;;;;;;;;;;;;;
764;Entorhinal area, lateral part, layer 2b;0;0;um2;0;0;0;um2;0;;;;;;;;;;;;;;
52;Entorhinal area, lateral part, layer 3;737166;737165.571228;um2;441;11102;11102;um2;0.015060;;;;;;;;;;;;;;
92;Entorhinal area, lateral part, layer 4;0;0;um2;0;0;0;um2;0;;;;;;;;;;;;;;
312;Entorhinal area, lateral part, layer 4/5;0;0;um2;0;0;0;um2;0;;;;;;;;;;;;;;
139;Entorhinal area, lateral part, layer 5;828047;828046.764206;um2;465;12846;12846;um2;0.015514;;;;;;;;;;;;;;
387;Entorhinal area, lateral part, layer 5/6;0;0;um2;0;0;0;um2;0;;;;;;;;;;;;;;
28;Entorhinal area, lateral part, layer 6a;279465;279464.743835;um2;147;4101;4101;um2;0.014674;;;;;;;;;;;;;;
60;Entorhinal area, lateral part, layer 6b;0;0;um2;0;0;0;um2;0;;;;;;;;;;;;;;
926;Entorhinal area, medial part, dorsal zone;0;0;um2;0;0;0;um2;0;;;;;;;;;;;;;;
526;Entorhinal area, medial part, dorsal zone, layer 1;0;0;um2;0;0;0;um2;0;;;;;;;;;;;;;;
543;Entorhinal area, medial part, dorsal zone, layer 2;0;0;um2;0;0;0;um2;0;;;;;;;;;;;;;;
468;Entorhinal area, medial part, dorsal zone, layer 2a;0;0;um2;0;0;0;um2;0;;;;;;;;;;;;;;
508;Entorhinal area, medial part, dorsal zone, layer 2b;0;0;um2;0;0;0;um2;0;;;;;;;;;;;;;;
664;Entorhinal area, medial part, dorsal zone, layer 3;0;0;um2;0;0;0;um2;0;;;;;;;;;;;;;;
712;Entorhinal area, medial part, dorsal zone, layer 4;0;0;um2;0;0;0;um2;0;;;;;;;;;;;;;;
727;Entorhinal area, medial part, dorsal zone, layer 5;0;0;um2;0;0;0;um2;0;;;;;;;;;;;;;;
550;Entorhinal area, medial part, dorsal zone, layer 5/6;0;0;um2;0;0;0;um2;0;;;;;;;;;;;;;;
743;Entorhinal area, medial part, dorsal zone, layer 6;0;0;um2;0;0;0;um2;0;;;;;;;;;;;;;;
934;Entorhinal area, medial part, ventral zone;0;0;um2;0;0;0;um2;0;;;;;;;;;;;;;;
259;Entorhinal area, medial part, ventral zone, layer 1;0;0;um2;0;0;0;um2;0;;;;;;;;;;;;;;
324;Entorhinal area, medial part, ventral zone, layer 2;0;0;um2;0;0;0;um2;0;;;;;;;;;;;;;;
371;Entorhinal area, medial part, ventral zone, layer 3;0;0;um2;0;0;0;um2;0;;;;;;;;;;;;;;
419;Entorhinal area, medial part, ventral zone, layer 4;0;0;um2;0;0;0;um2;0;;;;;;;;;;;;;;
1133;Entorhinal area, medial part, ventral zone, layer 5/6;0;0;um2;0;0;0;um2;0;;;;;;;;;;;;;;
843;Parasubiculum;0;0;um2;0;0;0;um2;0;;;;;;;;;;;;;;
10693;Parasubiculum, layer 1;0;0;um2;0;0;0;um2;0;;;;;;;;;;;;;;
10694;Parasubiculum, layer 2;0;0;um2;0;0;0;um2;0;;;;;;;;;;;;;;
10695;Parasubiculum, layer 3;0;0;um2;0;0;0;um2;0;;;;;;;;;;;;;;
1037;Postsubiculum;0;0;um2;0;0;0;um2;0;;;;;;;;;;;;;;
10696;Postsubiculum, layer 1;0;0;um2;0;0;0;um2;0;;;;;;;;;;;;;;
10697;Postsubiculum, layer 2;0;0;um2;0;0;0;um2;0;;;;;;;;;;;;;;
10698;Postsubiculum, layer 3;0;0;um2;0;0;0;um2;0;;;;;;;;;;;;;;
1084;Presubiculum;0;0;um2;0;0;0;um2;0;;;;;;;;;;;;;;
10699;Presubiculum, layer 1;0;0;um2;0;0;0;um2;0;;;;;;;;;;;;;;
10700;Presubiculum, layer 2;0;0;um2;0;0;0;um2;0;;;;;;;;;;;;;;
10701;Presubiculum, layer 3;0;0;um2;0;0;0;um2;0;;;;;;;;;;;;;;
502;Subiculum;621134;621134.197449;um2;288;7808;7808;um2;0.012571;;;;;;;;;;;;;;
509;Subiculum, dorsal part;0;0;um2;0;0;0;um2;0;;;;;;;;;;;;;;
829;Subiculum, dorsal part, molecular layer;0;0;um2;0;0;0;um2;0;;;;;;;;;;;;;;
845;Subiculum, dorsal part, pyramidal layer;0;0;um2;0;0;0;um2;0;;;;;;;;;;;;;;
837;Subiculum, dorsal part, stratum radiatum;0;0;um2;0;0;0;um2;0;;;;;;;;;;;;;;
518;Subiculum, ventral part;0;0;um2;0;0;0;um2;0;;;;;;;;;;;;;;
853;Subiculum, ventral part, molecular layer;0;0;um2;0;0;0;um2;0;;;;;;;;;;;;;;
870;Subiculum, ventral part, pyramidal layer;0;0;um2;0;0;0;um2;0;;;;;;;;;;;;;;
861;Subiculum, ventral part, stratum radiatum;0;0;um2;0;0;0;um2;0;;;;;;;;;;;;;;
484682470;Prosubiculum;213092;213091.829224;um2;77;2044;2044;um2;0.009592;;;;;;;;;;;;;;
484682475;Prosubiculum, dorsal part;0;0;um2;0;0;0;um2;0;;;;;;;;;;;;;;
484682479;Prosubiculum, dorsal part, molecular layer;0;0;um2;0;0;0;um2;0;;;;;;;;;;;;;;
484682483;Prosubiculum, dorsal part, pyramidal layer;0;0;um2;0;0;0;um2;0;;;;;;;;;;;;;;
484682487;Prosubiculum, dorsal part, stratum radiatum;0;0;um2;0;0;0;um2;0;;;;;;;;;;;;;;
484682492;Prosubiculum, ventral part;0;0;um2;0;0;0;um2;0;;;;;;;;;;;;;;
484682496;Prosubiculum, ventral part, molecular layer;0;0;um2;0;0;0;um2;0;;;;;;;;;;;;;;
484682500;Prosubiculum, ventral part, pyramidal layer;0;0;um2;0;0;0;um2;0;;;;;;;;;;;;;;
484682504;Prosubiculum, ventral part, stratum radiatum;0;0;um2;0;0;0;um2;0;;;;;;;;;;;;;;
589508447;Hippocampo-amygdalar transition area;118852;118852.407043;um2;69;2611;2611;um2;0.021968;;;;;;;;;;;;;;
484682508;Area prostriata;0;0;um2;0;0;0;um2;0;;;;;;;;;;;;;;
703;Cortical subplate;1038532;1038532.463013;um2;501;12402;12402;um2;0.011942;;;;;;;;;;;;;;
16;Layer 6b, isocortex;0;0;um2;0;0;0;um2;0;;;;;;;;;;;;;;
583;Claustrum;2149155;2149154.785507;um2;1161;35200;35200;um2;0.016379;;;;;;;;;;;;;;
942;Endopiriform nucleus;0;0;um2;0;0;0;um2;0;;;;;;;;;;;;;;
952;Endopiriform nucleus, dorsal part;6753248;6753248.043137;um2;3451;107867;107867;um2;0.015973;;;;;;;;;;;;;;
966;Endopiriform nucleus, ventral part;2516697;2516696.716782;um2;1291;33522;33522;um2;0.013320;;;;;;;;;;;;;;
131;Lateral amygdalar nucleus;2817259;2817258.961975;um2;1390;34617;34617;um2;0.012287;;;;;;;;;;;;;;
295;Basolateral amygdalar nucleus;0;0;um2;0;0;0;um2;0;;;;;;;;;;;;;;
303;Basolateral amygdalar nucleus, anterior part;2373987;2373986.954514;um2;1409;38558;38558;um2;0.016242;;;;;;;;;;;;;;
311;Basolateral amygdalar nucleus, posterior part;2064702;2064702.012955;um2;1271;36161;36161;um2;0.017514;;;;;;;;;;;;;;
451;Basolateral amygdalar nucleus, ventral part;1398674;1398673.871140;um2;925;24674;24674;um2;0.017641;;;;;;;;;;;;;;
319;Basomedial amygdalar nucleus;0;0;um2;0;0;0;um2;0;;;;;;;;;;;;;;
327;Basomedial amygdalar nucleus, anterior part;2174293;2174293.312302;um2;1505;42200;42200;um2;0.019409;;;;;;;;;;;;;;
334;Basomedial amygdalar nucleus, posterior part;2339819;2339819.436783;um2;1469;42439;42439;um2;0.018138;;;;;;;;;;;;;;
780;Posterior amygdalar nucleus;2180141;2180141.031494;um2;1375;39299;39299;um2;0.018026;;;;;;;;;;;;;;
623;Cerebral nuclei;0;0;um2;0;0;0;um2;0;;;;;;;;;;;;;;
477;Striatum;7953422;7953421.672592;um2;4984;162323;162323;um2;0.020409;;;;;;;;;;;;;;
485;Striatum dorsal region;0;0;um2;0;0;0;um2;0;;;;;;;;;;;;;;
672;Caudoputamen;56843925;56843924.766205;um2;21575;457197;457197;um2;0.008043;;;;;;;;;;;;;;
493;Striatum ventral region;0;0;um2;0;0;0;um2;0;;;;;;;;;;;;;;
56;Nucleus accumbens;10864810;10864810.091461;um2;8693;250233;250233;um2;0.023032;;;;;;;;;;;;;;
998;Fundus of striatum;1598430;1598430.301529;um2;971;24696;24696;um2;0.015450;;;;;;;;;;;;;;
754;Olfactory tubercle;17788614;17788613.518890;um2;8903;238484;238484;um2;0.013407;;;;;;;;;;;;;;
481;Islands of Calleja;0;0;um2;0;0;0;um2;0;;;;;;;;;;;;;;
489;Major island of Calleja;0;0;um2;0;0;0;um2;0;;;;;;;;;;;;;;
144;Olfactory tubercle, layers 1-3;0;0;um2;0;0;0;um2;0;;;;;;;;;;;;;;
458;Olfactory tubercle, molecular layer;0;0;um2;0;0;0;um2;0;;;;;;;;;;;;;;
465;Olfactory tubercle, pyramidal layer;0;0;um2;0;0;0;um2;0;;;;;;;;;;;;;;
473;Olfactory tubercle, polymorph layer;0;0;um2;0;0;0;um2;0;;;;;;;;;;;;;;
549009199;Lateral strip of striatum;0;0;um2;0;0;0;um2;0;;;;;;;;;;;;;;
275;Lateral septal complex;0;0;um2;0;0;0;um2;0;;;;;;;;;;;;;;
242;Lateral septal nucleus;0;0;um2;0;0;0;um2;0;;;;;;;;;;;;;;
250;Lateral septal nucleus, caudal (caudodorsal) part;1026759;1026759.077332;um2;492;12052;12052;um2;0.011738;;;;;;;;;;;;;;
258;Lateral septal nucleus, rostral (rostroventral) part;4973252;4973251.505524;um2;3907;158218;158218;um2;0.031814;;;;;;;;;;;;;;
266;Lateral septal nucleus, ventral part;1197310;1197309.607178;um2;1296;61518;61518;um2;0.051380;;;;;;;;;;;;;;
310;Septofimbrial nucleus;1087265;1087264.565872;um2;627;17157;17157;um2;0.015780;;;;;;;;;;;;;;
333;Septohippocampal nucleus;123353;123353.164063;um2;51;1323;1323;um2;0.010725;;;;;;;;;;;;;;
278;Striatum-like amygdalar nuclei;0;0;um2;0;0;0;um2;0;;;;;;;;;;;;;;
23;Anterior amygdalar area;1288759;1288758.912155;um2;976;27423;27423;um2;0.021279;;;;;;;;;;;;;;
292;Bed nucleus of the accessory olfactory tract;87603;87602.967163;um2;0;0;0;um2;0;;;;;;;;;;;;;;
536;Central amygdalar nucleus;0;0;um2;0;0;0;um2;0;;;;;;;;;;;;;;
544;Central amygdalar nucleus, capsular part;866361;866361.470505;um2;465;10932;10932;um2;0.012618;;;;;;;;;;;;;;
551;Central amygdalar nucleus, lateral part;828925;828924.957916;um2;336;7387;7387;um2;0.008912;;;;;;;;;;;;;;
559;Central amygdalar nucleus, medial part;2124957;2124957.472717;um2;899;21191;21191;um2;0.009972;;;;;;;;;;;;;;
1105;Intercalated amygdalar nucleus;513996;513995.803101;um2;337;10508;10508;um2;0.020444;;;;;;;;;;;;;;
403;Medial amygdalar nucleus;5963483;5963483.492737;um2;3467;100639;100639;um2;0.016876;;;;;;;;;;;;;;
411;Medial amygdalar nucleus, anterodorsal part;0;0;um2;0;0;0;um2;0;;;;;;;;;;;;;;
418;Medial amygdalar nucleus, anteroventral part;0;0;um2;0;0;0;um2;0;;;;;;;;;;;;;;
426;Medial amygdalar nucleus, posterodorsal part;0;0;um2;0;0;0;um2;0;;;;;;;;;;;;;;
472;Medial amygdalar nucleus, posterodorsal part, sublayer a;0;0;um2;0;0;0;um2;0;;;;;;;;;;;;;;
480;Medial amygdalar nucleus, posterodorsal part, sublayer b;0;0;um2;0;0;0;um2;0;;;;;;;;;;;;;;
487;Medial amygdalar nucleus, posterodorsal part, sublayer c;0;0;um2;0;0;0;um2;0;;;;;;;;;;;;;;
435;Medial amygdalar nucleus, posteroventral part;0;0;um2;0;0;0;um2;0;;;;;;;;;;;;;;
803;Pallidum;2649479;2649479.256714;um2;1210;32206;32206;um2;0.012156;;;;;;;;;;;;;;
818;Pallidum, dorsal region;0;0;um2;0;0;0;um2;0;;;;;;;;;;;;;;
1022;Globus pallidus, external segment;3691491;3691491.449600;um2;1423;28501;28501;um2;0.007721;;;;;;;;;;;;;;
1031;Globus pallidus, internal segment;1363082;1363081.991760;um2;464;7962;7962;um2;0.005841;;;;;;;;;;;;;;
835;Pallidum, ventral region;0;0;um2;0;0;0;um2;0;;;;;;;;;;;;;;
342;Substantia innominata;10688515;10688514.938293;um2;10104;287336;287336;um2;0.026883;;;;;;;;;;;;;;
298;Magnocellular nucleus;1140273;1140273.333374;um2;1193;30913;30913;um2;0.027110;;;;;;;;;;;;;;
826;Pallidum, medial region;0;0;um2;0;0;0;um2;0;;;;;;;;;;;;;;
904;Medial septal complex;0;0;um2;0;0;0;um2;0;;;;;;;;;;;;;;
564;Medial septal nucleus;1350236;1350235.905151;um2;1712;56890;56890;um2;0.042133;;;;;;;;;;;;;;
596;Diagonal band nucleus;2538555;2538555.090576;um2;2123;59209;59209;um2;0.023324;;;;;;;;;;;;;;
581;Triangular nucleus of septum;693249;693249.393265;um2;400;8701;8701;um2;0.012551;;;;;;;;;;;;;;
809;Pallidum, caudal region;0;0;um2;0;0;0;um2;0;;;;;;;;;;;;;;
351;Bed nuclei of the stria terminalis;1871041;1871041.427124;um2;1346;44989;44989;um2;0.024045;;;;;;;;;;;;;;
359;Bed nuclei of the stria terminalis, anterior division;0;0;um2;0;0;0;um2;0;;;;;;;;;;;;;;
537;Bed nuclei of the stria terminalis, anterior division, anterolateral area;0;0;um2;0;0;0;um2;0;;;;;;;;;;;;;;
498;Bed nuclei of the stria terminalis, anterior division, anteromedial area;0;0;um2;0;0;0;um2;0;;;;;;;;;;;;;;
505;Bed nuclei of the stria terminalis, anterior division, dorsomedial nucleus;0;0;um2;0;0;0;um2;0;;;;;;;;;;;;;;
513;Bed nuclei of the stria terminalis, anterior division, fusiform nucleus;0;0;um2;0;0;0;um2;0;;;;;;;;;;;;;;
546;Bed nuclei of the stria terminalis, anterior division, juxtacapsular nucleus;0;0;um2;0;0;0;um2;0;;;;;;;;;;;;;;
521;Bed nuclei of the stria terminalis, anterior division, magnocellular nucleus;0;0;um2;0;0;0;um2;0;;;;;;;;;;;;;;
554;Bed nuclei of the stria terminalis, anterior division, oval nucleus;0;0;um2;0;0;0;um2;0;;;;;;;;;;;;;;
562;Bed nuclei of the stria terminalis, anterior division, rhomboid nucleus;0;0;um2;0;0;0;um2;0;;;;;;;;;;;;;;
529;Bed nuclei of the stria terminalis, anterior division, ventral nucleus;0;0;um2;0;0;0;um2;0;;;;;;;;;;;;;;
367;Bed nuclei of the stria terminalis, posterior division;0;0;um2;0;0;0;um2;0;;;;;;;;;;;;;;
569;Bed nuclei of the stria terminalis, posterior division, dorsal nucleus;0;0;um2;0;0;0;um2;0;;;;;;;;;;;;;;
578;Bed nuclei of the stria terminalis, posterior division, principal nucleus;0;0;um2;0;0;0;um2;0;;;;;;;;;;;;;;
585;Bed nuclei of the stria terminalis, posterior division, interfascicular nucleus;0;0;um2;0;0;0;um2;0;;;;;;;;;;;;;;
594;Bed nuclei of the stria terminalis, posterior division, transverse nucleus;0;0;um2;0;0;0;um2;0;;;;;;;;;;;;;;
602;Bed nuclei of the stria terminalis, posterior division, strial extension;0;0;um2;0;0;0;um2;0;;;;;;;;;;;;;;
287;Bed nucleus of the anterior commissure;0;0;um2;0;0;0;um2;0;;;;;;;;;;;;;;
343;Brain stem;0;0;um2;0;0;0;um2;0;;;;;;;;;;;;;;
1129;Interbrain;0;0;um2;0;0;0;um2;0;;;;;;;;;;;;;;
549;Thalamus;2050849;2050848.700699;um2;907;22697;22697;um2;0.011067;;;;;;;;;;;;;;
864;Thalamus, sensory-motor cortex related;0;0;um2;0;0;0;um2;0;;;;;;;;;;;;;;
637;Ventral group of the dorsal thalamus;0;0;um2;0;0;0;um2;0;;;;;;;;;;;;;;
629;Ventral anterior-lateral complex of the thalamus;1252775;1252775.311768;um2;201;3527;3527;um2;0.002815;;;;;;;;;;;;;;
685;Ventral medial nucleus of the thalamus;2285851;2285850.921631;um2;539;11341;11341;um2;0.004961;;;;;;;;;;;;;;
709;Ventral posterior complex of the thalamus;0;0;um2;0;0;0;um2;0;;;;;;;;;;;;;;
718;Ventral posterolateral nucleus of the thalamus;2183566;2183566.213593;um2;500;8589;8589;um2;0.003933;;;;;;;;;;;;;;
725;Ventral posterolateral nucleus of the thalamus, parvicellular part;358371;358371.044250;um2;126;2999;2999;um2;0.008368;;;;;;;;;;;;;;
733;Ventral posteromedial nucleus of the thalamus;4612318;4612317.991959;um2;1307;25893;25893;um2;0.005614;;;;;;;;;;;;;;
741;Ventral posteromedial nucleus of the thalamus, parvicellular part;723549;723549.415451;um2;191;3787;3787;um2;0.005234;;;;;;;;;;;;;;
563807435;Posterior triangular thalamic nucleus;398750;398750.398926;um2;143;3020;3020;um2;0.007574;;;;;;;;;;;;;;
406;Subparafascicular nucleus;0;0;um2;0;0;0;um2;0;;;;;;;;;;;;;;
414;Subparafascicular nucleus, magnocellular part;281879;281878.543884;um2;103;2511;2511;um2;0.008908;;;;;;;;;;;;;;
422;Subparafascicular nucleus, parvicellular part;313792;313791.878357;um2;183;4568;4568;um2;0.014557;;;;;;;;;;;;;;
609;Subparafascicular area;517844;517843.673096;um2;356;10056;10056;um2;0.019419;;;;;;;;;;;;;;
1044;Peripeduncular nucleus;0;0;um2;0;0;0;um2;0;;;;;;;;;;;;;;
1008;Geniculate group, dorsal thalamus;0;0;um2;0;0;0;um2;0;;;;;;;;;;;;;;
475;Medial geniculate complex;0;0;um2;0;0;0;um2;0;;;;;;;;;;;;;;
1072;Medial geniculate complex, dorsal part;56793;56793.318359;um2;49;1614;1614;um2;0.028419;;;;;;;;;;;;;;
1079;Medial geniculate complex, ventral part;169796;169795.780334;um2;173;5077;5077;um2;0.029901;;;;;;;;;;;;;;
1088;Medial geniculate complex, medial part;297116;297115.731201;um2;143;3001;3001;um2;0.010100;;;;;;;;;;;;;;
170;Dorsal part of the lateral geniculate complex;0;0;um2;0;0;0;um2;0;;;;;;;;;;;;;;
496345664;Dorsal part of the lateral geniculate complex, shell;479108;479108.335144;um2;197;5932;5932;um2;0.012381;;;;;;;;;;;;;;
496345668;Dorsal part of the lateral geniculate complex, core;1124939;1124939.497513;um2;570;16094;16094;um2;0.014307;;;;;;;;;;;;;;
496345672;Dorsal part of the lateral geniculate complex, ipsilateral zone;240673;240673.244873;um2;155;4230;4230;um2;0.017576;;;;;;;;;;;;;;
856;Thalamus, polymodal association cortex related;0;0;um2;0;0;0;um2;0;;;;;;;;;;;;;;
138;Lateral group of the dorsal thalamus;0;0;um2;0;0;0;um2;0;;;;;;;;;;;;;;
218;Lateral posterior nucleus of the thalamus;3012426;3012425.691849;um2;943;21501;21501;um2;0.007137;;;;;;;;;;;;;;
1020;Posterior complex of the thalamus;3527116;3527115.849548;um2;932;19091;19091;um2;0.005413;;;;;;;;;;;;;;
1029;Posterior limiting nucleus of the thalamus;200537;200536.817749;um2;97;2292;2292;um2;0.011429;;;;;;;;;;;;;;
325;Suprageniculate nucleus;110311;110310.952271;um2;60;1375;1375;um2;0.012465;;;;;;;;;;;;;;
560581551;Ethmoid nucleus of the thalamus;625941;625941.099411;um2;221;5186;5186;um2;0.008285;;;;;;;;;;;;;;
560581555;Retroethmoid nucleus;0;0;um2;0;0;0;um2;0;;;;;;;;;;;;;;
239;Anterior group of the dorsal thalamus;0;0;um2;0;0;0;um2;0;;;;;;;;;;;;;;
255;Anteroventral nucleus of thalamus;233610;233610.291367;um2;81;1545;1545;um2;0.006614;;;;;;;;;;;;;;
127;Anteromedial nucleus;0;0;um2;0;0;0;um2;0;;;;;;;;;;;;;;
1096;Anteromedial nucleus, dorsal part;418218;418218.147705;um2;123;3198;3198;um2;0.007647;;;;;;;;;;;;;;
1104;Anteromedial nucleus, ventral part;176264;176263.653503;um2;58;1731;1731;um2;0.009821;;;;;;;;;;;;;;
64;Anterodorsal nucleus;184125;184124.955933;um2;84;1487;1487;um2;0.008076;;;;;;;;;;;;;;
1120;Interanteromedial nucleus of the thalamus;85834;85834.022858;um2;59;1659;1659;um2;0.019328;;;;;;;;;;;;;;
1113;Interanterodorsal nucleus of the thalamus;228461;228460.815277;um2;120;3354;3354;um2;0.014681;;;;;;;;;;;;;;
155;Lateral dorsal nucleus of thalamus;1765908;1765908.067993;um2;239;4510;4510;um2;0.002554;;;;;;;;;;;;;;
444;Medial group of the dorsal thalamus;0;0;um2;0;0;0;um2;0;;;;;;;;;;;;;;
59;Intermediodorsal nucleus of the thalamus;445669;445669.415924;um2;227;5905;5905;um2;0.013250;;;;;;;;;;;;;;
362;Mediodorsal nucleus of thalamus;2962823;2962823.366409;um2;924;23040;23040;um2;0.007776;;;;;;;;;;;;;;
617;Mediodorsal nucleus of the thalamus, central part;0;0;um2;0;0;0;um2;0;;;;;;;;;;;;;;
626;Mediodorsal nucleus of the thalamus, lateral part;0;0;um2;0;0;0;um2;0;;;;;;;;;;;;;;
636;Mediodorsal nucleus of the thalamus, medial part;0;0;um2;0;0;0;um2;0;;;;;;;;;;;;;;
366;Submedial nucleus of the thalamus;585175;585174.918747;um2;145;3070;3070;um2;0.005246;;;;;;;;;;;;;;
1077;Perireunensis nucleus;363563;363562.619659;um2;106;2810;2810;um2;0.007729;;;;;;;;;;;;;;
571;Midline group of the dorsal thalamus;0;0;um2;0;0;0;um2;0;;;;;;;;;;;;;;
149;Paraventricular nucleus of the thalamus;1156355;1156355.133743;um2;1042;43783;43783;um2;0.037863;;;;;;;;;;;;;;
15;Parataenial nucleus;680469;680469.013107;um2;496;17491;17491;um2;0.025704;;;;;;;;;;;;;;
181;Nucleus of reuniens;915161;915161.159210;um2;351;8320;8320;um2;0.009091;;;;;;;;;;;;;;
560581559;Xiphoid thalamic nucleus;192171;192171.351563;um2;91;2194;2194;um2;0.011417;;;;;;;;;;;;;;
51;Intralaminar nuclei of the dorsal thalamus;0;0;um2;0;0;0;um2;0;;;;;;;;;;;;;;
189;Rhomboid nucleus;174091;174091.454758;um2;68;1718;1718;um2;0.009868;;;;;;;;;;;;;;
599;Central medial nucleus of the thalamus;485968;485968.300079;um2;310;9794;9794;um2;0.020154;;;;;;;;;;;;;;
907;Paracentral nucleus;454897;454896.892624;um2;83;1451;1451;um2;0.003190;;;;;;;;;;;;;;
575;Central lateral nucleus of the thalamus;827777;827777.086914;um2;256;5842;5842;um2;0.007057;;;;;;;;;;;;;;
930;Parafascicular nucleus;1443071;1443070.537842;um2;807;20306;20306;um2;0.014071;;;;;;;;;;;;;;
560581563;Posterior intralaminar thalamic nucleus;11256;11256.181702;um2;6;105;105;um2;0.009328;;;;;;;;;;;;;;
262;Reticular nucleus of the thalamus;2190986;2190986.173004;um2;624;12138;12138;um2;0.005540;;;;;;;;;;;;;;
1014;Geniculate group, ventral thalamus;0;0;um2;0;0;0;um2;0;;;;;;;;;;;;;;
27;Intergeniculate leaflet of the lateral geniculate complex;151245;151244.840820;um2;156;6928;6928;um2;0.045807;;;;;;;;;;;;;;
563807439;Intermediate geniculate nucleus;44549;44548.706604;um2;37;1395;1395;um2;0.031314;;;;;;;;;;;;;;
178;Ventral part of the lateral geniculate complex;1106456;1106456.337738;um2;741;32265;32265;um2;0.029161;;;;;;;;;;;;;;
300;Ventral part of the lateral geniculate complex, lateral zone;0;0;um2;0;0;0;um2;0;;;;;;;;;;;;;;
316;Ventral part of the lateral geniculate complex, medial zone;0;0;um2;0;0;0;um2;0;;;;;;;;;;;;;;
321;Subgeniculate nucleus;58162;58162.384033;um2;11;125;125;um2;0.002149;;;;;;;;;;;;;;
958;Epithalamus;0;0;um2;0;0;0;um2;0;;;;;;;;;;;;;;
483;Medial habenula;753259;753258.866684;um2;260;5947;5947;um2;0.007895;;;;;;;;;;;;;;
186;Lateral habenula;852869;852868.545731;um2;594;16170;16170;um2;0.018960;;;;;;;;;;;;;;
953;Pineal body;0;0;um2;0;0;0;um2;0;;;;;;;;;;;;;;
1097;Hypothalamus;8767707;8767707.357224;um2;7016;236120;236120;um2;0.026931;;;;;;;;;;;;;;
157;Periventricular zone;0;0;um2;0;0;0;um2;0;;;;;;;;;;;;;;
390;Supraoptic nucleus;146428;146428.118744;um2;68;2284;2284;um2;0.015598;;;;;;;;;;;;;;
332;Accessory supraoptic group;7111;7110.781494;um2;7;359;359;um2;0.050487;;;;;;;;;;;;;;
432;Nucleus circularis;0;0;um2;0;0;0;um2;0;;;;;;;;;;;;;;
38;Paraventricular hypothalamic nucleus;540674;540674.443039;um2;456;17095;17095;um2;0.031618;;;;;;;;;;;;;;
71;Paraventricular hypothalamic nucleus, magnocellular division;0;0;um2;0;0;0;um2;0;;;;;;;;;;;;;;
47;Paraventricular hypothalamic nucleus, magnocellular division, anterior magnocellular part;0;0;um2;0;0;0;um2;0;;;;;;;;;;;;;;
79;Paraventricular hypothalamic nucleus, magnocellular division, medial magnocellular part;0;0;um2;0;0;0;um2;0;;;;;;;;;;;;;;
103;Paraventricular hypothalamic nucleus, magnocellular division, posterior magnocellular part;0;0;um2;0;0;0;um2;0;;;;;;;;;;;;;;
652;Paraventricular hypothalamic nucleus, magnocellular division, posterior magnocellular part, lateral zone;0;0;um2;0;0;0;um2;0;;;;;;;;;;;;;;
660;Paraventricular hypothalamic nucleus, magnocellular division, posterior magnocellular part, medial zone;0;0;um2;0;0;0;um2;0;;;;;;;;;;;;;;
94;Paraventricular hypothalamic nucleus, parvicellular division;0;0;um2;0;0;0;um2;0;;;;;;;;;;;;;;
55;Paraventricular hypothalamic nucleus, parvicellular division, anterior parvicellular part;0;0;um2;0;0;0;um2;0;;;;;;;;;;;;;;
87;Paraventricular hypothalamic nucleus, parvicellular division, medial parvicellular part, dorsal zone;0;0;um2;0;0;0;um2;0;;;;;;;;;;;;;;
110;Paraventricular hypothalamic nucleus, parvicellular division, periventricular part;0;0;um2;0;0;0;um2;0;;;;;;;;;;;;;;
30;Periventricular hypothalamic nucleus, anterior part;101381;101380.690338;um2;38;930;930;um2;0.009173;;;;;;;;;;;;;;
118;Periventricular hypothalamic nucleus, intermediate part;642077;642076.882568;um2;353;8099;8099;um2;0.012614;;;;;;;;;;;;;;
223;Arcuate hypothalamic nucleus;920321;920321.288971;um2;559;18163;18163;um2;0.019735;;;;;;;;;;;;;;
141;Periventricular region;0;0;um2;0;0;0;um2;0;;;;;;;;;;;;;;
72;Anterodorsal preoptic nucleus;484211;484210.502838;um2;642;31033;31033;um2;0.064090;;;;;;;;;;;;;;
80;Anterior hypothalamic area;0;0;um2;0;0;0;um2;0;;;;;;;;;;;;;;
263;Anteroventral preoptic nucleus;364124;364123.573669;um2;426;14453;14453;um2;0.039693;;;;;;;;;;;;;;
272;Anteroventral periventricular nucleus;477521;477520.982849;um2;325;8670;8670;um2;0.018156;;;;;;;;;;;;;;
830;Dorsomedial nucleus of the hypothalamus;1220630;1220630.397003;um2;1028;34330;34330;um2;0.028125;;;;;;;;;;;;;;
668;Dorsomedial nucleus of the hypothalamus, anterior part;0;0;um2;0;0;0;um2;0;;;;;;;;;;;;;;
676;Dorsomedial nucleus of the hypothalamus, posterior part;0;0;um2;0;0;0;um2;0;;;;;;;;;;;;;;
684;Dorsomedial nucleus of the hypothalamus, ventral part;0;0;um2;0;0;0;um2;0;;;;;;;;;;;;;;
452;Median preoptic nucleus;182121;182121.464050;um2;224;8545;8545;um2;0.046919;;;;;;;;;;;;;;
523;Medial preoptic area;1787931;1787931.040710;um2;2162;73878;73878;um2;0.041320;;;;;;;;;;;;;;
763;Vascular organ of the lamina terminalis;26844;26843.737122;um2;15;395;395;um2;0.014715;;;;;;;;;;;;;;
914;Posterodorsal preoptic nucleus;37043;37042.701172;um2;18;578;578;um2;0.015604;;;;;;;;;;;;;;
1109;Parastrial nucleus;384979;384979.343811;um2;400;15181;15181;um2;0.039433;;;;;;;;;;;;;;
1124;Suprachiasmatic preoptic nucleus;0;0;um2;0;0;0;um2;0;;;;;;;;;;;;;;
126;Periventricular hypothalamic nucleus, posterior part;395953;395952.675415;um2;199;6375;6375;um2;0.016100;;;;;;;;;;;;;;
133;Periventricular hypothalamic nucleus, preoptic part;413087;413086.756073;um2;243;7487;7487;um2;0.018125;;;;;;;;;;;;;;
347;Subparaventricular zone;259271;259270.565674;um2;203;6850;6850;um2;0.026420;;;;;;;;;;;;;;
286;Suprachiasmatic nucleus;205306;205305.977600;um2;84;2867;2867;um2;0.013965;;;;;;;;;;;;;;
338;Subfornical organ;40581;40581.130280;um2;5;96;96;um2;0.002366;;;;;;;;;;;;;;
576073699;Ventromedial preoptic nucleus;193321;193320.691528;um2;99;3419;3419;um2;0.017686;;;;;;;;;;;;;;
689;Ventrolateral preoptic nucleus;219333;219333.169830;um2;52;1077;1077;um2;0.004910;;;;;;;;;;;;;;
467;Hypothalamic medial zone;0;0;um2;0;0;0;um2;0;;;;;;;;;;;;;;
88;Anterior hypothalamic nucleus;1793877;1793877.000366;um2;1439;50743;50743;um2;0.028287;;;;;;;;;;;;;;
700;Anterior hypothalamic nucleus, anterior part;0;0;um2;0;0;0;um2;0;;;;;;;;;;;;;;
708;Anterior hypothalamic nucleus, central part;0;0;um2;0;0;0;um2;0;;;;;;;;;;;;;;
716;Anterior hypothalamic nucleus, dorsal part;0;0;um2;0;0;0;um2;0;;;;;;;;;;;;;;
724;Anterior hypothalamic nucleus, posterior part;0;0;um2;0;0;0;um2;0;;;;;;;;;;;;;;
331;Mammillary body;0;0;um2;0;0;0;um2;0;;;;;;;;;;;;;;
210;Lateral mammillary nucleus;301512;301511.966980;um2;180;5435;5435;um2;0.018026;;;;;;;;;;;;;;
491;Medial mammillary nucleus;0;0;um2;0;0;0;um2;0;;;;;;;;;;;;;;
732;Medial mammillary nucleus, median part;209351;209351.289124;um2;138;4349;4349;um2;0.020774;;;;;;;;;;;;;;
606826647;Medial mammillary nucleus, lateral part;470235;470235.286316;um2;370;10013;10013;um2;0.021294;;;;;;;;;;;;;;
606826651;Medial mammillary nucleus, medial part;334402;334401.994385;um2;290;7575;7575;um2;0.022652;;;;;;;;;;;;;;
606826655;Medial mammillary nucleus, posterior part;0;0;um2;0;0;0;um2;0;;;;;;;;;;;;;;
606826659;Medial mammillary nucleus, dorsal part;82368;82368.099670;um2;76;2041;2041;um2;0.024779;;;;;;;;;;;;;;
525;Supramammillary nucleus;633759;633759.389404;um2;508;17025;17025;um2;0.026864;;;;;;;;;;;;;;
1110;Supramammillary nucleus, lateral part;0;0;um2;0;0;0;um2;0;;;;;;;;;;;;;;
1118;Supramammillary nucleus, medial part;0;0;um2;0;0;0;um2;0;;;;;;;;;;;;;;
557;Tuberomammillary nucleus;0;0;um2;0;0;0;um2;0;;;;;;;;;;;;;;
1126;Tuberomammillary nucleus, dorsal part;103318;103318.304688;um2;96;3892;3892;um2;0.037670;;;;;;;;;;;;;;
1;Tuberomammillary nucleus, ventral part;466982;466981.809448;um2;209;6028;6028;um2;0.012908;;;;;;;;;;;;;;
515;Medial preoptic nucleus;1109327;1109326.665863;um2;1043;32155;32155;um2;0.028986;;;;;;;;;;;;;;
740;Medial preoptic nucleus, central part;0;0;um2;0;0;0;um2;0;;;;;;;;;;;;;;
748;Medial preoptic nucleus, lateral part;0;0;um2;0;0;0;um2;0;;;;;;;;;;;;;;
756;Medial preoptic nucleus, medial part;0;0;um2;0;0;0;um2;0;;;;;;;;;;;;;;
980;Dorsal premammillary nucleus;516826;516825.909790;um2;552;19333;19333;um2;0.037407;;;;;;;;;;;;;;
1004;Ventral premammillary nucleus;806975;806974.717529;um2;817;24503;24503;um2;0.030364;;;;;;;;;;;;;;
63;Paraventricular hypothalamic nucleus, descending division;251796;251795.963470;um2;317;14977;14977;um2;0.059481;;;;;;;;;;;;;;
439;Paraventricular hypothalamic nucleus, descending division, dorsal parvicellular part;0;0;um2;0;0;0;um2;0;;;;;;;;;;;;;;
447;Paraventricular hypothalamic nucleus, descending division, forniceal part;0;0;um2;0;0;0;um2;0;;;;;;;;;;;;;;
455;Paraventricular hypothalamic nucleus, descending division, lateral parvicellular part;0;0;um2;0;0;0;um2;0;;;;;;;;;;;;;;
464;Paraventricular hypothalamic nucleus, descending division, medial parvicellular part, ventral zone;0;0;um2;0;0;0;um2;0;;;;;;;;;;;;;;
693;Ventromedial hypothalamic nucleus;1702318;1702317.865845;um2;1586;48160;48160;um2;0.028291;;;;;;;;;;;;;;
761;Ventromedial hypothalamic nucleus, anterior part;0;0;um2;0;0;0;um2;0;;;;;;;;;;;;;;
769;Ventromedial hypothalamic nucleus, central part;0;0;um2;0;0;0;um2;0;;;;;;;;;;;;;;
777;Ventromedial hypothalamic nucleus, dorsomedial part;0;0;um2;0;0;0;um2;0;;;;;;;;;;;;;;
785;Ventromedial hypothalamic nucleus, ventrolateral part;0;0;um2;0;0;0;um2;0;;;;;;;;;;;;;;
946;Posterior hypothalamic nucleus;2731473;2731472.574097;um2;2146;77845;77845;um2;0.028499;;;;;;;;;;;;;;
290;Hypothalamic lateral zone;0;0;um2;0;0;0;um2;0;;;;;;;;;;;;;;
194;Lateral hypothalamic area;6592755;6592755.310806;um2;4283;121062;121062;um2;0.018363;;;;;;;;;;;;;;
226;Lateral preoptic area;1644270;1644270.038055;um2;1798;56933;56933;um2;0.034625;;;;;;;;;;;;;;
356;Preparasubthalamic nucleus;55657;55656.790970;um2;17;507;507;um2;0.009109;;;;;;;;;;;;;;
364;Parasubthalamic nucleus;591192;591191.843689;um2;328;9068;9068;um2;0.015339;;;;;;;;;;;;;;
576073704;Perifornical nucleus;548672;548671.968582;um2;451;15701;15701;um2;0.028616;;;;;;;;;;;;;;
173;Retrochiasmatic area;248327;248327.340256;um2;103;3804;3804;um2;0.015318;;;;;;;;;;;;;;
470;Subthalamic nucleus;693321;693321.155167;um2;348;8130;8130;um2;0.011726;;;;;;;;;;;;;;
614;Tuberal nucleus;1619236;1619236.373581;um2;769;21891;21891;um2;0.013519;;;;;;;;;;;;;;
797;Zona incerta;4098797;4098797.006546;um2;2474;69278;69278;um2;0.016902;;;;;;;;;;;;;;
796;Dopaminergic A13 group;0;0;um2;0;0;0;um2;0;;;;;;;;;;;;;;
804;Fields of Forel;543274;543273.836243;um2;254;6146;6146;um2;0.011313;;;;;;;;;;;;;;
10671;Median eminence;316683;316682.896530;um2;3;50;50;um2;0.000158;;;;;;;;;;;;;;
313;Midbrain;6014757;6014757.244202;um2;4058;144747;144747;um2;0.024065;;;;;;;;;;;;;;
339;Midbrain, sensory related;0;0;um2;0;0;0;um2;0;;;;;;;;;;;;;;
302;Superior colliculus, sensory related;0;0;um2;0;0;0;um2;0;;;;;;;;;;;;;;
851;Superior colliculus, optic layer;0;0;um2;0;0;0;um2;0;;;;;;;;;;;;;;
842;Superior colliculus, superficial gray layer;0;0;um2;0;0;0;um2;0;;;;;;;;;;;;;;
834;Superior colliculus, zonal layer;0;0;um2;0;0;0;um2;0;;;;;;;;;;;;;;
4;Inferior colliculus;0;0;um2;0;0;0;um2;0;;;;;;;;;;;;;;
811;Inferior colliculus, central nucleus;0;0;um2;0;0;0;um2;0;;;;;;;;;;;;;;
820;Inferior colliculus, dorsal nucleus;0;0;um2;0;0;0;um2;0;;;;;;;;;;;;;;
828;Inferior colliculus, external nucleus;0;0;um2;0;0;0;um2;0;;;;;;;;;;;;;;
580;Nucleus of the brachium of the inferior colliculus;0;0;um2;0;0;0;um2;0;;;;;;;;;;;;;;
271;Nucleus sagulum;0;0;um2;0;0;0;um2;0;;;;;;;;;;;;;;
874;Parabigeminal nucleus;0;0;um2;0;0;0;um2;0;;;;;;;;;;;;;;
460;Midbrain trigeminal nucleus;0;0;um2;0;0;0;um2;0;;;;;;;;;;;;;;
599626923;Subcommissural organ;29080;29079.773132;um2;5;59;59;um2;0.002029;;;;;;;;;;;;;;
323;Midbrain, motor related;0;0;um2;0;0;0;um2;0;;;;;;;;;;;;;;
381;Substantia nigra, reticular part;906529;906528.702698;um2;542;13346;13346;um2;0.014722;;;;;;;;;;;;;;
749;Ventral tegmental area;433285;433284.585999;um2;259;7568;7568;um2;0.017467;;;;;;;;;;;;;;
607344830;Paranigral nucleus;0;0;um2;0;0;0;um2;0;;;;;;;;;;;;;;
246;Midbrain reticular nucleus, retrorubral area;0;0;um2;0;0;0;um2;0;;;;;;;;;;;;;;
128;Midbrain reticular nucleus;1423774;1423774.325623;um2;893;23016;23016;um2;0.016165;;;;;;;;;;;;;;
539;Midbrain reticular nucleus, magnocellular part;0;0;um2;0;0;0;um2;0;;;;;;;;;;;;;;
548;Midbrain reticular nucleus, magnocellular part, general;0;0;um2;0;0;0;um2;0;;;;;;;;;;;;;;
555;Midbrain reticular nucleus, parvicellular part;0;0;um2;0;0;0;um2;0;;;;;;;;;;;;;;
294;Superior colliculus, motor related;0;0;um2;0;0;0;um2;0;;;;;;;;;;;;;;
26;Superior colliculus, motor related, deep gray layer;0;0;um2;0;0;0;um2;0;;;;;;;;;;;;;;
42;Superior colliculus, motor related, deep white layer;0;0;um2;0;0;0;um2;0;;;;;;;;;;;;;;
17;Superior colliculus, motor related, intermediate white layer;0;0;um2;0;0;0;um2;0;;;;;;;;;;;;;;
10;Superior colliculus, motor related, intermediate gray layer;0;0;um2;0;0;0;um2;0;;;;;;;;;;;;;;
494;Superior colliculus, motor related, intermediate gray layer, sublayer a;0;0;um2;0;0;0;um2;0;;;;;;;;;;;;;;
503;Superior colliculus, motor related, intermediate gray layer, sublayer b;0;0;um2;0;0;0;um2;0;;;;;;;;;;;;;;
511;Superior colliculus, motor related, intermediate gray layer, sublayer c;0;0;um2;0;0;0;um2;0;;;;;;;;;;;;;;
795;Periaqueductal gray;823837;823837.497070;um2;619;22516;22516;um2;0.027331;;;;;;;;;;;;;;
50;Precommissural nucleus;360255;360254.840637;um2;207;5253;5253;um2;0.014581;;;;;;;;;;;;;;
67;Interstitial nucleus of Cajal;18586;18585.788391;um2;13;462;462;um2;0.024858;;;;;;;;;;;;;;
587;Nucleus of Darkschewitsch;36648;36648.033447;um2;28;826;826;um2;0.022539;;;;;;;;;;;;;;
614454277;Supraoculomotor periaqueductal gray;0;0;um2;0;0;0;um2;0;;;;;;;;;;;;;;
1100;Pretectal region;0;0;um2;0;0;0;um2;0;;;;;;;;;;;;;;
215;Anterior pretectal nucleus;1859391;1859391.068359;um2;1393;39318;39318;um2;0.021146;;;;;;;;;;;;;;
531;Medial pretectal area;128735;128735.042725;um2;72;2328;2328;um2;0.018084;;;;;;;;;;;;;;
628;Nucleus of the optic tract;279975;279975.260681;um2;157;4941;4941;um2;0.017648;;;;;;;;;;;;;;
634;Nucleus of the posterior commissure;613436;613435.823486;um2;478;18357;18357;um2;0.029925;;;;;;;;;;;;;;
706;Olivary pretectal nucleus;108481;108481.369873;um2;68;2030;2030;um2;0.018713;;;;;;;;;;;;;;
1061;Posterior pretectal nucleus;149043;149043.060913;um2;124;4272;4272;um2;0.028663;;;;;;;;;;;;;;
549009203;Retroparafascicular nucleus;119282;119281.918518;um2;132;5733;5733;um2;0.048063;;;;;;;;;;;;;;
549009207;Intercollicular nucleus;0;0;um2;0;0;0;um2;0;;;;;;;;;;;;;;
616;Cuneiform nucleus;0;0;um2;0;0;0;um2;0;;;;;;;;;;;;;;
214;Red nucleus;0;0;um2;0;0;0;um2;0;;;;;;;;;;;;;;
35;Oculomotor nucleus;0;0;um2;0;0;0;um2;0;;;;;;;;;;;;;;
549009211;Medial accesory oculomotor nucleus;0;0;um2;0;0;0;um2;0;;;;;;;;;;;;;;
975;Edinger-Westphal nucleus;0;0;um2;0;0;0;um2;0;;;;;;;;;;;;;;
115;Trochlear nucleus;0;0;um2;0;0;0;um2;0;;;;;;;;;;;;;;
606826663;Paratrochlear nucleus;0;0;um2;0;0;0;um2;0;;;;;;;;;;;;;;
757;Ventral tegmental nucleus;0;0;um2;0;0;0;um2;0;;;;;;;;;;;;;;
231;Anterior tegmental nucleus;0;0;um2;0;0;0;um2;0;;;;;;;;;;;;;;
66;Lateral terminal nucleus of the accessory optic tract;2618;2617.716675;um2;2;31;31;um2;0.011842;;;;;;;;;;;;;;
75;Dorsal terminal nucleus of the accessory optic tract;0;0;um2;0;0;0;um2;0;;;;;;;;;;;;;;
58;Medial terminal nucleus of the accessory optic tract;39789;39789.293457;um2;12;213;213;um2;0.005353;;;;;;;;;;;;;;
615;Substantia nigra, lateral part;0;0;um2;0;0;0;um2;0;;;;;;;;;;;;;;
348;Midbrain, behavioral state related;0;0;um2;0;0;0;um2;0;;;;;;;;;;;;;;
374;Substantia nigra, compact part;233816;233815.610718;um2;159;4473;4473;um2;0.019130;;;;;;;;;;;;;;
1052;Pedunculopontine nucleus;0;0;um2;0;0;0;um2;0;;;;;;;;;;;;;;
165;Midbrain raphe nuclei;0;0;um2;0;0;0;um2;0;;;;;;;;;;;;;;
12;Interfascicular nucleus raphe;18586;18585.788391;um2;6;169;169;um2;0.009093;;;;;;;;;;;;;;
100;Interpeduncular nucleus;0;0;um2;0;0;0;um2;0;;;;;;;;;;;;;;
607344834;Interpeduncular nucleus, rostral;0;0;um2;0;0;0;um2;0;;;;;;;;;;;;;;
607344838;Interpeduncular nucleus, caudal;0;0;um2;0;0;0;um2;0;;;;;;;;;;;;;;
607344842;Interpeduncular nucleus, apical;0;0;um2;0;0;0;um2;0;;;;;;;;;;;;;;
607344846;Interpeduncular nucleus, lateral;0;0;um2;0;0;0;um2;0;;;;;;;;;;;;;;
607344850;Interpeduncular nucleus, intermediate;0;0;um2;0;0;0;um2;0;;;;;;;;;;;;;;
607344854;Interpeduncular nucleus, dorsomedial;0;0;um2;0;0;0;um2;0;;;;;;;;;;;;;;
607344858;Interpeduncular nucleus, dorsolateral;0;0;um2;0;0;0;um2;0;;;;;;;;;;;;;;
607344862;Interpeduncular nucleus, rostrolateral;0;0;um2;0;0;0;um2;0;;;;;;;;;;;;;;
197;Rostral linear nucleus raphe;0;0;um2;0;0;0;um2;0;;;;;;;;;;;;;;
591;Central linear nucleus raphe;0;0;um2;0;0;0;um2;0;;;;;;;;;;;;;;
872;Dorsal nucleus raphe;0;0;um2;0;0;0;um2;0;;;;;;;;;;;;;;
1065;Hindbrain;0;0;um2;0;0;0;um2;0;;;;;;;;;;;;;;
771;Pons;0;0;um2;0;0;0;um2;0;;;;;;;;;;;;;;
1132;Pons, sensory related;0;0;um2;0;0;0;um2;0;;;;;;;;;;;;;;
612;Nucleus of the lateral lemniscus;0;0;um2;0;0;0;um2;0;;;;;;;;;;;;;;
82;Nucleus of the lateral lemniscus, dorsal part;0;0;um2;0;0;0;um2;0;;;;;;;;;;;;;;
90;Nucleus of the lateral lemniscus, horizontal part;0;0;um2;0;0;0;um2;0;;;;;;;;;;;;;;
99;Nucleus of the lateral lemniscus, ventral part;0;0;um2;0;0;0;um2;0;;;;;;;;;;;;;;
7;Principal sensory nucleus of the trigeminal;0;0;um2;0;0;0;um2;0;;;;;;;;;;;;;;
867;Parabrachial nucleus;0;0;um2;0;0;0;um2;0;;;;;;;;;;;;;;
123;Koelliker-Fuse subnucleus;0;0;um2;0;0;0;um2;0;;;;;;;;;;;;;;
881;Parabrachial nucleus, lateral division;0;0;um2;0;0;0;um2;0;;;;;;;;;;;;;;
860;Parabrachial nucleus, lateral division, central lateral part;0;0;um2;0;0;0;um2;0;;;;;;;;;;;;;;
868;Parabrachial nucleus, lateral division, dorsal lateral part;0;0;um2;0;0;0;um2;0;;;;;;;;;;;;;;
875;Parabrachial nucleus, lateral division, external lateral part;0;0;um2;0;0;0;um2;0;;;;;;;;;;;;;;
883;Parabrachial nucleus, lateral division, superior lateral part;0;0;um2;0;0;0;um2;0;;;;;;;;;;;;;;
891;Parabrachial nucleus, lateral division, ventral lateral part;0;0;um2;0;0;0;um2;0;;;;;;;;;;;;;;
890;Parabrachial nucleus, medial division;0;0;um2;0;0;0;um2;0;;;;;;;;;;;;;;
899;Parabrachial nucleus, medial division, external medial part;0;0;um2;0;0;0;um2;0;;;;;;;;;;;;;;
915;Parabrachial nucleus, medial division, medial medial part;0;0;um2;0;0;0;um2;0;;;;;;;;;;;;;;
923;Parabrachial nucleus, medial division, ventral medial part;0;0;um2;0;0;0;um2;0;;;;;;;;;;;;;;
398;Superior olivary complex;0;0;um2;0;0;0;um2;0;;;;;;;;;;;;;;
122;Superior olivary complex, periolivary region;0;0;um2;0;0;0;um2;0;;;;;;;;;;;;;;
105;Superior olivary complex, medial part;0;0;um2;0;0;0;um2;0;;;;;;;;;;;;;;
114;Superior olivary complex, lateral part;0;0;um2;0;0;0;um2;0;;;;;;;;;;;;;;
987;Pons, motor related;0;0;um2;0;0;0;um2;0;;;;;;;;;;;;;;
280;Barrington's nucleus;0;0;um2;0;0;0;um2;0;;;;;;;;;;;;;;
880;Dorsal tegmental nucleus;0;0;um2;0;0;0;um2;0;;;;;;;;;;;;;;
283;Lateral tegmental nucleus;0;0;um2;0;0;0;um2;0;;;;;;;;;;;;;;
599626927;Posterodorsal tegmental nucleus;0;0;um2;0;0;0;um2;0;;;;;;;;;;;;;;
898;Pontine central gray;0;0;um2;0;0;0;um2;0;;;;;;;;;;;;;;
931;Pontine gray;0;0;um2;0;0;0;um2;0;;;;;;;;;;;;;;
1093;Pontine reticular nucleus, caudal part;0;0;um2;0;0;0;um2;0;;;;;;;;;;;;;;
552;Pontine reticular nucleus, ventral part;0;0;um2;0;0;0;um2;0;;;;;;;;;;;;;;
318;Supragenual nucleus;0;0;um2;0;0;0;um2;0;;;;;;;;;;;;;;
462;Superior salivatory nucleus;0;0;um2;0;0;0;um2;0;;;;;;;;;;;;;;
534;Supratrigeminal nucleus;0;0;um2;0;0;0;um2;0;;;;;;;;;;;;;;
574;Tegmental reticular nucleus;0;0;um2;0;0;0;um2;0;;;;;;;;;;;;;;
621;Motor nucleus of trigeminal;0;0;um2;0;0;0;um2;0;;;;;;;;;;;;;;
549009215;Peritrigeminal zone;0;0;um2;0;0;0;um2;0;;;;;;;;;;;;;;
549009219;Accessory trigeminal nucleus;0;0;um2;0;0;0;um2;0;;;;;;;;;;;;;;
549009223;Parvicellular motor 5 nucleus;0;0;um2;0;0;0;um2;0;;;;;;;;;;;;;;
549009227;Intertrigeminal nucleus;0;0;um2;0;0;0;um2;0;;;;;;;;;;;;;;
1117;Pons, behavioral state related;0;0;um2;0;0;0;um2;0;;;;;;;;;;;;;;
679;Superior central nucleus raphe;0;0;um2;0;0;0;um2;0;;;;;;;;;;;;;;
137;Superior central nucleus raphe, lateral part;0;0;um2;0;0;0;um2;0;;;;;;;;;;;;;;
130;Superior central nucleus raphe, medial part;0;0;um2;0;0;0;um2;0;;;;;;;;;;;;;;
147;Locus ceruleus;0;0;um2;0;0;0;um2;0;;;;;;;;;;;;;;
162;Laterodorsal tegmental nucleus;0;0;um2;0;0;0;um2;0;;;;;;;;;;;;;;
604;Nucleus incertus;0;0;um2;0;0;0;um2;0;;;;;;;;;;;;;;
146;Pontine reticular nucleus;0;0;um2;0;0;0;um2;0;;;;;;;;;;;;;;
238;Nucleus raphe pontis;0;0;um2;0;0;0;um2;0;;;;;;;;;;;;;;
350;Subceruleus nucleus;0;0;um2;0;0;0;um2;0;;;;;;;;;;;;;;
358;Sublaterodorsal nucleus;0;0;um2;0;0;0;um2;0;;;;;;;;;;;;;;
354;Medulla;0;0;um2;0;0;0;um2;0;;;;;;;;;;;;;;
386;Medulla, sensory related;0;0;um2;0;0;0;um2;0;;;;;;;;;;;;;;
207;Area postrema;0;0;um2;0;0;0;um2;0;;;;;;;;;;;;;;
607;Cochlear nuclei;0;0;um2;0;0;0;um2;0;;;;;;;;;;;;;;
112;Granular lamina of the cochlear nuclei;0;0;um2;0;0;0;um2;0;;;;;;;;;;;;;;
560;Cochlear nucleus, subpedunclular granular region;0;0;um2;0;0;0;um2;0;;;;;;;;;;;;;;
96;Dorsal cochlear nucleus;0;0;um2;0;0;0;um2;0;;;;;;;;;;;;;;
101;Ventral cochlear nucleus;0;0;um2;0;0;0;um2;0;;;;;;;;;;;;;;
720;Dorsal column nuclei;0;0;um2;0;0;0;um2;0;;;;;;;;;;;;;;
711;Cuneate nucleus;0;0;um2;0;0;0;um2;0;;;;;;;;;;;;;;
1039;Gracile nucleus;0;0;um2;0;0;0;um2;0;;;;;;;;;;;;;;
903;External cuneate nucleus;0;0;um2;0;0;0;um2;0;;;;;;;;;;;;;;
642;Nucleus of the trapezoid body;0;0;um2;0;0;0;um2;0;;;;;;;;;;;;;;
651;Nucleus of the solitary tract;0;0;um2;0;0;0;um2;0;;;;;;;;;;;;;;
659;Nucleus of the solitary tract, central part;0;0;um2;0;0;0;um2;0;;;;;;;;;;;;;;
666;Nucleus of the solitary tract, commissural part;0;0;um2;0;0;0;um2;0;;;;;;;;;;;;;;
674;Nucleus of the solitary tract, gelatinous part;0;0;um2;0;0;0;um2;0;;;;;;;;;;;;;;
682;Nucleus of the solitary tract, lateral part;0;0;um2;0;0;0;um2;0;;;;;;;;;;;;;;
691;Nucleus of the solitary tract, medial part;0;0;um2;0;0;0;um2;0;;;;;;;;;;;;;;
429;Spinal nucleus of the trigeminal, caudal part;0;0;um2;0;0;0;um2;0;;;;;;;;;;;;;;
437;Spinal nucleus of the trigeminal, interpolar part;0;0;um2;0;0;0;um2;0;;;;;;;;;;;;;;
445;Spinal nucleus of the trigeminal, oral part;0;0;um2;0;0;0;um2;0;;;;;;;;;;;;;;
77;Spinal nucleus of the trigeminal, oral part, caudal dorsomedial part;0;0;um2;0;0;0;um2;0;;;;;;;;;;;;;;
53;Spinal nucleus of the trigeminal, oral part, middle dorsomedial part, dorsal zone;0;0;um2;0;0;0;um2;0;;;;;;;;;;;;;;
61;Spinal nucleus of the trigeminal, oral part, middle dorsomedial part, ventral zone;0;0;um2;0;0;0;um2;0;;;;;;;;;;;;;;
45;Spinal nucleus of the trigeminal, oral part, rostral dorsomedial part;0;0;um2;0;0;0;um2;0;;;;;;;;;;;;;;
69;Spinal nucleus of the trigeminal, oral part, ventrolateral part;0;0;um2;0;0;0;um2;0;;;;;;;;;;;;;;
589508451;Paratrigeminal nucleus;0;0;um2;0;0;0;um2;0;;;;;;;;;;;;;;
789;Nucleus z;0;0;um2;0;0;0;um2;0;;;;;;;;;;;;;;
370;Medulla, motor related;0;0;um2;0;0;0;um2;0;;;;;;;;;;;;;;
653;Abducens nucleus;0;0;um2;0;0;0;um2;0;;;;;;;;;;;;;;
568;Accessory abducens nucleus;0;0;um2;0;0;0;um2;0;;;;;;;;;;;;;;
661;Facial motor nucleus;0;0;um2;0;0;0;um2;0;;;;;;;;;;;;;;
576;Accessory facial motor nucleus;0;0;um2;0;0;0;um2;0;;;;;;;;;;;;;;
640;Efferent vestibular nucleus;0;0;um2;0;0;0;um2;0;;;;;;;;;;;;;;
135;Nucleus ambiguus;0;0;um2;0;0;0;um2;0;;;;;;;;;;;;;;
939;Nucleus ambiguus, dorsal division;0;0;um2;0;0;0;um2;0;;;;;;;;;;;;;;
143;Nucleus ambiguus, ventral division;0;0;um2;0;0;0;um2;0;;;;;;;;;;;;;;
839;Dorsal motor nucleus of the vagus nerve;0;0;um2;0;0;0;um2;0;;;;;;;;;;;;;;
887;Efferent cochlear group;0;0;um2;0;0;0;um2;0;;;;;;;;;;;;;;
1048;Gigantocellular reticular nucleus;0;0;um2;0;0;0;um2;0;;;;;;;;;;;;;;
372;Infracerebellar nucleus;0;0;um2;0;0;0;um2;0;;;;;;;;;;;;;;
83;Inferior olivary complex;0;0;um2;0;0;0;um2;0;;;;;;;;;;;;;;
136;Intermediate reticular nucleus;0;0;um2;0;0;0;um2;0;;;;;;;;;;;;;;
106;Inferior salivatory nucleus;0;0;um2;0;0;0;um2;0;;;;;;;;;;;;;;
203;Linear nucleus of the medulla;0;0;um2;0;0;0;um2;0;;;;;;;;;;;;;;
235;Lateral reticular nucleus;0;0;um2;0;0;0;um2;0;;;;;;;;;;;;;;
955;Lateral reticular nucleus, magnocellular part;0;0;um2;0;0;0;um2;0;;;;;;;;;;;;;;
963;Lateral reticular nucleus, parvicellular part;0;0;um2;0;0;0;um2;0;;;;;;;;;;;;;;
307;Magnocellular reticular nucleus;0;0;um2;0;0;0;um2;0;;;;;;;;;;;;;;
395;Medullary reticular nucleus;0;0;um2;0;0;0;um2;0;;;;;;;;;;;;;;
1098;Medullary reticular nucleus, dorsal part;0;0;um2;0;0;0;um2;0;;;;;;;;;;;;;;
1107;Medullary reticular nucleus, ventral part;0;0;um2;0;0;0;um2;0;;;;;;;;;;;;;;
852;Parvicellular reticular nucleus;0;0;um2;0;0;0;um2;0;;;;;;;;;;;;;;
859;Parasolitary nucleus;0;0;um2;0;0;0;um2;0;;;;;;;;;;;;;;
938;Paragigantocellular reticular nucleus;0;0;um2;0;0;0;um2;0;;;;;;;;;;;;;;
970;Paragigantocellular reticular nucleus, dorsal part;0;0;um2;0;0;0;um2;0;;;;;;;;;;;;;;
978;Paragigantocellular reticular nucleus, lateral part;0;0;um2;0;0;0;um2;0;;;;;;;;;;;;;;
154;Perihypoglossal nuclei;0;0;um2;0;0;0;um2;0;;;;;;;;;;;;;;
161;Nucleus intercalatus;0;0;um2;0;0;0;um2;0;;;;;;;;;;;;;;
177;Nucleus of Roller;0;0;um2;0;0;0;um2;0;;;;;;;;;;;;;;
169;Nucleus prepositus;0;0;um2;0;0;0;um2;0;;;;;;;;;;;;;;
995;Paramedian reticular nucleus;0;0;um2;0;0;0;um2;0;;;;;;;;;;;;;;
1069;Parapyramidal nucleus;0;0;um2;0;0;0;um2;0;;;;;;;;;;;;;;
185;Parapyramidal nucleus, deep part;0;0;um2;0;0;0;um2;0;;;;;;;;;;;;;;
193;Parapyramidal nucleus, superficial part;0;0;um2;0;0;0;um2;0;;;;;;;;;;;;;;
701;Vestibular nuclei;0;0;um2;0;0;0;um2;0;;;;;;;;;;;;;;
209;Lateral vestibular nucleus;0;0;um2;0;0;0;um2;0;;;;;;;;;;;;;;
202;Medial vestibular nucleus;0;0;um2;0;0;0;um2;0;;;;;;;;;;;;;;
225;Spinal vestibular nucleus;0;0;um2;0;0;0;um2;0;;;;;;;;;;;;;;
217;Superior vestibular nucleus;0;0;um2;0;0;0;um2;0;;;;;;;;;;;;;;
765;Nucleus x;0;0;um2;0;0;0;um2;0;;;;;;;;;;;;;;
773;Hypoglossal nucleus;0;0;um2;0;0;0;um2;0;;;;;;;;;;;;;;
781;Nucleus y;0;0;um2;0;0;0;um2;0;;;;;;;;;;;;;;
76;Interstitial nucleus of the vestibular nerve;0;0;um2;0;0;0;um2;0;;;;;;;;;;;;;;
379;Medulla, behavioral state related;0;0;um2;0;0;0;um2;0;;;;;;;;;;;;;;
206;Nucleus raphe magnus;0;0;um2;0;0;0;um2;0;;;;;;;;;;;;;;
230;Nucleus raphe pallidus;0;0;um2;0;0;0;um2;0;;;;;;;;;;;;;;
222;Nucleus raphe obscurus;0;0;um2;0;0;0;um2;0;;;;;;;;;;;;;;
512;Cerebellum;0;0;um2;0;0;0;um2;0;;;;;;;;;;;;;;
528;Cerebellar cortex;0;0;um2;0;0;0;um2;0;;;;;;;;;;;;;;
1144;Cerebellar cortex, molecular layer;0;0;um2;0;0;0;um2;0;;;;;;;;;;;;;;
1145;Cerebellar cortex, Purkinje layer;0;0;um2;0;0;0;um2;0;;;;;;;;;;;;;;
1143;Cerebellar cortex, granular layer;0;0;um2;0;0;0;um2;0;;;;;;;;;;;;;;
645;Vermal regions;0;0;um2;0;0;0;um2;0;;;;;;;;;;;;;;
912;Lingula (I);0;0;um2;0;0;0;um2;0;;;;;;;;;;;;;;
10707;Lingula (I), molecular layer;0;0;um2;0;0;0;um2;0;;;;;;;;;;;;;;
10706;Lingula (I), Purkinje layer;0;0;um2;0;0;0;um2;0;;;;;;;;;;;;;;
10705;Lingula (I), granular layer;0;0;um2;0;0;0;um2;0;;;;;;;;;;;;;;
920;Central lobule;0;0;um2;0;0;0;um2;0;;;;;;;;;;;;;;
976;Lobule II;0;0;um2;0;0;0;um2;0;;;;;;;;;;;;;;
10710;Lobule II, molecular layer;0;0;um2;0;0;0;um2;0;;;;;;;;;;;;;;
10709;Lobule II, Purkinje layer;0;0;um2;0;0;0;um2;0;;;;;;;;;;;;;;
10708;Lobule II, granular layer;0;0;um2;0;0;0;um2;0;;;;;;;;;;;;;;
984;Lobule III;0;0;um2;0;0;0;um2;0;;;;;;;;;;;;;;
10713;Lobule III, molecular layer;0;0;um2;0;0;0;um2;0;;;;;;;;;;;;;;
10712;Lobule III, Purkinje layer;0;0;um2;0;0;0;um2;0;;;;;;;;;;;;;;
10711;Lobule III, granular layer;0;0;um2;0;0;0;um2;0;;;;;;;;;;;;;;
928;Culmen;0;0;um2;0;0;0;um2;0;;;;;;;;;;;;;;
992;Lobule IV;0;0;um2;0;0;0;um2;0;;;;;;;;;;;;;;
10716;Lobule IV, molecular layer;0;0;um2;0;0;0;um2;0;;;;;;;;;;;;;;
10715;Lobule IV, Purkinje layer;0;0;um2;0;0;0;um2;0;;;;;;;;;;;;;;
10714;Lobule IV, granular layer;0;0;um2;0;0;0;um2;0;;;;;;;;;;;;;;
1001;Lobule V;0;0;um2;0;0;0;um2;0;;;;;;;;;;;;;;
10719;Lobule V, molecular layer;0;0;um2;0;0;0;um2;0;;;;;;;;;;;;;;
10718;Lobule V, Purkinje layer;0;0;um2;0;0;0;um2;0;;;;;;;;;;;;;;
10717;Lobule V, granular layer;0;0;um2;0;0;0;um2;0;;;;;;;;;;;;;;
1091;Lobules IV-V;0;0;um2;0;0;0;um2;0;;;;;;;;;;;;;;
10722;Lobules IV-V, molecular layer;0;0;um2;0;0;0;um2;0;;;;;;;;;;;;;;
10721;Lobules IV-V, Purkinje layer;0;0;um2;0;0;0;um2;0;;;;;;;;;;;;;;
10720;Lobules IV-V, granular layer;0;0;um2;0;0;0;um2;0;;;;;;;;;;;;;;
936;Declive (VI);0;0;um2;0;0;0;um2;0;;;;;;;;;;;;;;
10725;Declive (VI), molecular layer;0;0;um2;0;0;0;um2;0;;;;;;;;;;;;;;
10724;Declive (VI), Purkinje layer;0;0;um2;0;0;0;um2;0;;;;;;;;;;;;;;
10723;Declive (VI), granular layer;0;0;um2;0;0;0;um2;0;;;;;;;;;;;;;;
944;Folium-tuber vermis (VII);0;0;um2;0;0;0;um2;0;;;;;;;;;;;;;;
10728;Folium-tuber vermis (VII), molecular layer;0;0;um2;0;0;0;um2;0;;;;;;;;;;;;;;
10727;Folium-tuber vermis (VII), Purkinje layer;0;0;um2;0;0;0;um2;0;;;;;;;;;;;;;;
10726;Folium-tuber vermis (VII), granular layer;0;0;um2;0;0;0;um2;0;;;;;;;;;;;;;;
951;Pyramus (VIII);0;0;um2;0;0;0;um2;0;;;;;;;;;;;;;;
10731;Pyramus (VIII), molecular layer;0;0;um2;0;0;0;um2;0;;;;;;;;;;;;;;
10730;Pyramus (VIII), Purkinje layer;0;0;um2;0;0;0;um2;0;;;;;;;;;;;;;;
10729;Pyramus (VIII), granular layer;0;0;um2;0;0;0;um2;0;;;;;;;;;;;;;;
957;Uvula (IX);0;0;um2;0;0;0;um2;0;;;;;;;;;;;;;;
10734;Uvula (IX), molecular layer;0;0;um2;0;0;0;um2;0;;;;;;;;;;;;;;
10733;Uvula (IX), Purkinje layer;0;0;um2;0;0;0;um2;0;;;;;;;;;;;;;;
10732;Uvula (IX), granular layer;0;0;um2;0;0;0;um2;0;;;;;;;;;;;;;;
968;Nodulus (X);0;0;um2;0;0;0;um2;0;;;;;;;;;;;;;;
10737;Nodulus (X), molecular layer;0;0;um2;0;0;0;um2;0;;;;;;;;;;;;;;
10736;Nodulus (X), Purkinje layer;0;0;um2;0;0;0;um2;0;;;;;;;;;;;;;;
10735;Nodulus (X), granular layer;0;0;um2;0;0;0;um2;0;;;;;;;;;;;;;;
1073;Hemispheric regions;0;0;um2;0;0;0;um2;0;;;;;;;;;;;;;;
1007;Simple lobule;0;0;um2;0;0;0;um2;0;;;;;;;;;;;;;;
10674;Simple lobule, molecular layer;0;0;um2;0;0;0;um2;0;;;;;;;;;;;;;;
10673;Simple lobule, Purkinje layer;0;0;um2;0;0;0;um2;0;;;;;;;;;;;;;;
10672;Simple lobule, granular layer;0;0;um2;0;0;0;um2;0;;;;;;;;;;;;;;
1017;Ansiform lobule;0;0;um2;0;0;0;um2;0;;;;;;;;;;;;;;
1056;Crus 1;0;0;um2;0;0;0;um2;0;;;;;;;;;;;;;;
10677;Crus 1, molecular layer;0;0;um2;0;0;0;um2;0;;;;;;;;;;;;;;
10676;Crus 1, Purkinje layer;0;0;um2;0;0;0;um2;0;;;;;;;;;;;;;;
10675;Crus 1, granular layer;0;0;um2;0;0;0;um2;0;;;;;;;;;;;;;;
1064;Crus 2;0;0;um2;0;0;0;um2;0;;;;;;;;;;;;;;
10680;Crus 2, molecular layer;0;0;um2;0;0;0;um2;0;;;;;;;;;;;;;;
10679;Crus 2, Purkinje layer;0;0;um2;0;0;0;um2;0;;;;;;;;;;;;;;
10678;Crus 2, granular layer;0;0;um2;0;0;0;um2;0;;;;;;;;;;;;;;
1025;Paramedian lobule;0;0;um2;0;0;0;um2;0;;;;;;;;;;;;;;
10683;Paramedian lobule, molecular layer;0;0;um2;0;0;0;um2;0;;;;;;;;;;;;;;
10682;Paramedian lobule, Purkinje layer;0;0;um2;0;0;0;um2;0;;;;;;;;;;;;;;
10681;Paramedian lobule, granular layer;0;0;um2;0;0;0;um2;0;;;;;;;;;;;;;;
1033;Copula pyramidis;0;0;um2;0;0;0;um2;0;;;;;;;;;;;;;;
10686;Copula pyramidis, molecular layer;0;0;um2;0;0;0;um2;0;;;;;;;;;;;;;;
10685;Copula pyramidis, Purkinje layer;0;0;um2;0;0;0;um2;0;;;;;;;;;;;;;;
10684;Copula pyramidis, granular layer;0;0;um2;0;0;0;um2;0;;;;;;;;;;;;;;
1041;Paraflocculus;0;0;um2;0;0;0;um2;0;;;;;;;;;;;;;;
10689;Paraflocculus, molecular layer;0;0;um2;0;0;0;um2;0;;;;;;;;;;;;;;
10688;Paraflocculus, Purkinje layer;0;0;um2;0;0;0;um2;0;;;;;;;;;;;;;;
10687;Paraflocculus, granular layer;0;0;um2;0;0;0;um2;0;;;;;;;;;;;;;;
1049;Flocculus;0;0;um2;0;0;0;um2;0;;;;;;;;;;;;;;
10692;Flocculus, molecular layer;0;0;um2;0;0;0;um2;0;;;;;;;;;;;;;;
10691;Flocculus, Purkinje layer;0;0;um2;0;0;0;um2;0;;;;;;;;;;;;;;
10690;Flocculus, granular layer;0;0;um2;0;0;0;um2;0;;;;;;;;;;;;;;
519;Cerebellar nuclei;0;0;um2;0;0;0;um2;0;;;;;;;;;;;;;;
989;Fastigial nucleus;0;0;um2;0;0;0;um2;0;;;;;;;;;;;;;;
91;Interposed nucleus;0;0;um2;0;0;0;um2;0;;;;;;;;;;;;;;
846;Dentate nucleus;0;0;um2;0;0;0;um2;0;;;;;;;;;;;;;;
589508455;Vestibulocerebellar nucleus;0;0;um2;0;0;0;um2;0;;;;;;;;;;;;;;
1009;fiber tracts;4727126;4727126.370926;um2;832;18786;18786;um2;0.003974;;;;;;;;;;;;;;
967;cranial nerves;0;0;um2;0;0;0;um2;0;;;;;;;;;;;;;;
885;terminal nerve;0;0;um2;0;0;0;um2;0;;;;;;;;;;;;;;
949;vomeronasal nerve;0;0;um2;0;0;0;um2;0;;;;;;;;;;;;;;
840;olfactory nerve;0;0;um2;0;0;0;um2;0;;;;;;;;;;;;;;
1016;olfactory nerve layer of main olfactory bulb;0;0;um2;0;0;0;um2;0;;;;;;;;;;;;;;
21;lateral olfactory tract, general;0;0;um2;0;0;0;um2;0;;;;;;;;;;;;;;
665;lateral olfactory tract, body;4437154;4437153.516891;um2;773;13112;13112;um2;0.002955;;;;;;;;;;;;;;
538;dorsal limb;1447;1446.737183;um2;1;4;4;um2;0.002765;;;;;;;;;;;;;;
459;accessory olfactory tract;0;0;um2;0;0;0;um2;0;;;;;;;;;;;;;;
900;anterior commissure, olfactory limb;2558706;2558705.841614;um2;609;11854;11854;um2;0.004633;;;;;;;;;;;;;;
848;optic nerve;331079;331078.837463;um2;0;0;0;um2;0;;;;;;;;;;;;;;
876;accessory optic tract;0;0;um2;0;0;0;um2;0;;;;;;;;;;;;;;
916;brachium of the superior colliculus;226042;226041.845825;um2;24;502;502;um2;0.002221;;;;;;;;;;;;;;
336;superior colliculus commissure;0;0;um2;0;0;0;um2;0;;;;;;;;;;;;;;
117;optic chiasm;1371394;1371393.621414;um2;16;233;233;um2;0.000170;;;;;;;;;;;;;;
125;optic tract;1681502;1681501.910477;um2;140;2161;2161;um2;0.001285;;;;;;;;;;;;;;
357;tectothalamic pathway;0;0;um2;0;0;0;um2;0;;;;;;;;;;;;;;
832;oculomotor nerve;0;0;um2;0;0;0;um2;0;;;;;;;;;;;;;;
62;medial longitudinal fascicle;0;0;um2;0;0;0;um2;0;;;;;;;;;;;;;;
158;posterior commissure;101323;101323.165161;um2;60;1640;1640;um2;0.016186;;;;;;;;;;;;;;
911;trochlear nerve;0;0;um2;0;0;0;um2;0;;;;;;;;;;;;;;
384;trochlear nerve decussation;0;0;um2;0;0;0;um2;0;;;;;;;;;;;;;;
710;abducens nerve;0;0;um2;0;0;0;um2;0;;;;;;;;;;;;;;
901;trigeminal nerve;0;0;um2;0;0;0;um2;0;;;;;;;;;;;;;;
93;motor root of the trigeminal nerve;0;0;um2;0;0;0;um2;0;;;;;;;;;;;;;;
229;sensory root of the trigeminal nerve;0;0;um2;0;0;0;um2;0;;;;;;;;;;;;;;
705;midbrain tract of the trigeminal nerve;0;0;um2;0;0;0;um2;0;;;;;;;;;;;;;;
794;spinal tract of the trigeminal nerve;0;0;um2;0;0;0;um2;0;;;;;;;;;;;;;;
798;facial nerve;0;0;um2;0;0;0;um2;0;;;;;;;;;;;;;;
1131;intermediate nerve;0;0;um2;0;0;0;um2;0;;;;;;;;;;;;;;
1116;genu of the facial nerve;0;0;um2;0;0;0;um2;0;;;;;;;;;;;;;;
933;vestibulocochlear nerve;0;0;um2;0;0;0;um2;0;;;;;;;;;;;;;;
1076;efferent cochleovestibular bundle;0;0;um2;0;0;0;um2;0;;;;;;;;;;;;;;
413;vestibular nerve;0;0;um2;0;0;0;um2;0;;;;;;;;;;;;;;
948;cochlear nerve;0;0;um2;0;0;0;um2;0;;;;;;;;;;;;;;
841;trapezoid body;0;0;um2;0;0;0;um2;0;;;;;;;;;;;;;;
641;intermediate acoustic stria;0;0;um2;0;0;0;um2;0;;;;;;;;;;;;;;
506;dorsal acoustic stria;0;0;um2;0;0;0;um2;0;;;;;;;;;;;;;;
658;lateral lemniscus;0;0;um2;0;0;0;um2;0;;;;;;;;;;;;;;
633;inferior colliculus commissure;0;0;um2;0;0;0;um2;0;;;;;;;;;;;;;;
482;brachium of the inferior colliculus;0;0;um2;0;0;0;um2;0;;;;;;;;;;;;;;
808;glossopharyngeal nerve;0;0;um2;0;0;0;um2;0;;;;;;;;;;;;;;
917;vagus nerve;0;0;um2;0;0;0;um2;0;;;;;;;;;;;;;;
237;solitary tract;0;0;um2;0;0;0;um2;0;;;;;;;;;;;;;;
717;accessory spinal nerve;0;0;um2;0;0;0;um2;0;;;;;;;;;;;;;;
813;hypoglossal nerve;0;0;um2;0;0;0;um2;0;;;;;;;;;;;;;;
925;ventral roots;0;0;um2;0;0;0;um2;0;;;;;;;;;;;;;;
792;dorsal roots;0;0;um2;0;0;0;um2;0;;;;;;;;;;;;;;
932;cervicothalamic tract;0;0;um2;0;0;0;um2;0;;;;;;;;;;;;;;
570;dorsolateral fascicle;0;0;um2;0;0;0;um2;0;;;;;;;;;;;;;;
522;dorsal commissure of the spinal cord;0;0;um2;0;0;0;um2;0;;;;;;;;;;;;;;
858;ventral commissure of the spinal cord;0;0;um2;0;0;0;um2;0;;;;;;;;;;;;;;
586;fasciculus proprius;0;0;um2;0;0;0;um2;0;;;;;;;;;;;;;;
514;dorsal column;0;0;um2;0;0;0;um2;0;;;;;;;;;;;;;;
380;cuneate fascicle;0;0;um2;0;0;0;um2;0;;;;;;;;;;;;;;
388;gracile fascicle;0;0;um2;0;0;0;um2;0;;;;;;;;;;;;;;
396;internal arcuate fibers;0;0;um2;0;0;0;um2;0;;;;;;;;;;;;;;
697;medial lemniscus;382295;382295.392029;um2;98;1548;1548;um2;0.004049;;;;;;;;;;;;;;
871;spinothalamic tract;0;0;um2;0;0;0;um2;0;;;;;;;;;;;;;;
29;lateral spinothalamic tract;0;0;um2;0;0;0;um2;0;;;;;;;;;;;;;;
389;ventral spinothalamic tract;0;0;um2;0;0;0;um2;0;;;;;;;;;;;;;;
245;spinocervical tract;0;0;um2;0;0;0;um2;0;;;;;;;;;;;;;;
261;spino-olivary pathway;0;0;um2;0;0;0;um2;0;;;;;;;;;;;;;;
270;spinoreticular pathway;0;0;um2;0;0;0;um2;0;;;;;;;;;;;;;;
293;spinovestibular pathway;0;0;um2;0;0;0;um2;0;;;;;;;;;;;;;;
277;spinotectal pathway;0;0;um2;0;0;0;um2;0;;;;;;;;;;;;;;
253;spinohypothalamic pathway;0;0;um2;0;0;0;um2;0;;;;;;;;;;;;;;
285;spinotelenchephalic pathway;0;0;um2;0;0;0;um2;0;;;;;;;;;;;;;;
627;hypothalamohypophysial tract;0;0;um2;0;0;0;um2;0;;;;;;;;;;;;;;
960;cerebellum related fiber tracts;0;0;um2;0;0;0;um2;0;;;;;;;;;;;;;;
744;cerebellar commissure;0;0;um2;0;0;0;um2;0;;;;;;;;;;;;;;
752;cerebellar peduncles;0;0;um2;0;0;0;um2;0;;;;;;;;;;;;;;
326;superior cerebelar peduncles;0;0;um2;0;0;0;um2;0;;;;;;;;;;;;;;
812;superior cerebellar peduncle decussation;0;0;um2;0;0;0;um2;0;;;;;;;;;;;;;;
85;spinocerebellar tract;0;0;um2;0;0;0;um2;0;;;;;;;;;;;;;;
850;uncinate fascicle;0;0;um2;0;0;0;um2;0;;;;;;;;;;;;;;
866;ventral spinocerebellar tract;0;0;um2;0;0;0;um2;0;;;;;;;;;;;;;;
78;middle cerebellar peduncle;0;0;um2;0;0;0;um2;0;;;;;;;;;;;;;;
1123;inferior cerebellar peduncle;0;0;um2;0;0;0;um2;0;;;;;;;;;;;;;;
553;dorsal spinocerebellar tract;0;0;um2;0;0;0;um2;0;;;;;;;;;;;;;;
499;cuneocerebellar tract;0;0;um2;0;0;0;um2;0;;;;;;;;;;;;;;
650;juxtarestiform body;0;0;um2;0;0;0;um2;0;;;;;;;;;;;;;;
490;bulbocerebellar tract;0;0;um2;0;0;0;um2;0;;;;;;;;;;;;;;
404;olivocerebellar tract;0;0;um2;0;0;0;um2;0;;;;;;;;;;;;;;
410;reticulocerebellar tract;0;0;um2;0;0;0;um2;0;;;;;;;;;;;;;;
373;trigeminocerebellar tract;0;0;um2;0;0;0;um2;0;;;;;;;;;;;;;;
728;arbor vitae;0;0;um2;0;0;0;um2;0;;;;;;;;;;;;;;
484682512;supra-callosal cerebral white matter;2803076;2803076.300903;um2;604;8527;8527;um2;0.003042;;;;;;;;;;;;;;
983;lateral forebrain bundle system;0;0;um2;0;0;0;um2;0;;;;;;;;;;;;;;
776;corpus callosum;0;0;um2;0;0;0;um2;0;;;;;;;;;;;;;;
956;corpus callosum, anterior forceps;2576230;2576229.987183;um2;362;6891;6891;um2;0.002675;;;;;;;;;;;;;;
579;external capsule;1585648;1585647.630066;um2;593;13049;13049;um2;0.008229;;;;;;;;;;;;;;
964;corpus callosum, extreme capsule;282625;282625.353546;um2;145;3991;3991;um2;0.014121;;;;;;;;;;;;;;
1108;genu of corpus callosum;2233742;2233741.905334;um2;500;6961;6961;um2;0.003116;;;;;;;;;;;;;;
971;corpus callosum, posterior forceps;1311004;1311003.841064;um2;328;4849;4849;um2;0.003699;;;;;;;;;;;;;;
979;corpus callosum, rostrum;0;0;um2;0;0;0;um2;0;;;;;;;;;;;;;;
484682516;corpus callosum, body;6465133;6465133.443359;um2;1205;12585;12585;um2;0.001947;;;;;;;;;;;;;;
986;corpus callosum, splenium;2175313;2175313.015472;um2;472;6366;6366;um2;0.002926;;;;;;;;;;;;;;
784;corticospinal tract;0;0;um2;0;0;0;um2;0;;;;;;;;;;;;;;
6;internal capsule;4914656;4914655.856888;um2;741;10294;10294;um2;0.002095;;;;;;;;;;;;;;
924;cerebal peduncle;931837;931837.305908;um2;198;4103;4103;um2;0.004403;;;;;;;;;;;;;;
1036;corticotectal tract;0;0;um2;0;0;0;um2;0;;;;;;;;;;;;;;
1012;corticorubral tract;0;0;um2;0;0;0;um2;0;;;;;;;;;;;;;;
1003;corticopontine tract;0;0;um2;0;0;0;um2;0;;;;;;;;;;;;;;
994;corticobulbar tract;0;0;um2;0;0;0;um2;0;;;;;;;;;;;;;;
190;pyramid;0;0;um2;0;0;0;um2;0;;;;;;;;;;;;;;
198;pyramidal decussation;0;0;um2;0;0;0;um2;0;;;;;;;;;;;;;;
1019;corticospinal tract, crossed;0;0;um2;0;0;0;um2;0;;;;;;;;;;;;;;
1028;corticospinal tract, uncrossed;0;0;um2;0;0;0;um2;0;;;;;;;;;;;;;;
896;thalamus related;0;0;um2;0;0;0;um2;0;;;;;;;;;;;;;;
1092;external medullary lamina of the thalamus;201797;201796.562057;um2;39;570;570;um2;0.002825;;;;;;;;;;;;;;
14;internal medullary lamina of the thalamus;0;0;um2;0;0;0;um2;0;;;;;;;;;;;;;;
86;middle thalamic commissure;0;0;um2;0;0;0;um2;0;;;;;;;;;;;;;;
365;thalamic peduncles;0;0;um2;0;0;0;um2;0;;;;;;;;;;;;;;
484682520;optic radiation;3850503;3850502.977005;um2;936;15138;15138;um2;0.003931;;;;;;;;;;;;;;
484682524;auditory radiation;1033164;1033164.170517;um2;333;6527;6527;um2;0.006317;;;;;;;;;;;;;;
1000;extrapyramidal fiber systems;0;0;um2;0;0;0;um2;0;;;;;;;;;;;;;;
760;cerebral nuclei related;0;0;um2;0;0;0;um2;0;;;;;;;;;;;;;;
142;pallidothalamic pathway;0;0;um2;0;0;0;um2;0;;;;;;;;;;;;;;
102;nigrostriatal tract;346667;346666.599457;um2;159;3606;3606;um2;0.010402;;;;;;;;;;;;;;
109;nigrothalamic fibers;0;0;um2;0;0;0;um2;0;;;;;;;;;;;;;;
134;pallidotegmental fascicle;0;0;um2;0;0;0;um2;0;;;;;;;;;;;;;;
309;striatonigral pathway;0;0;um2;0;0;0;um2;0;;;;;;;;;;;;;;
317;subthalamic fascicle;0;0;um2;0;0;0;um2;0;;;;;;;;;;;;;;
877;tectospinal pathway;0;0;um2;0;0;0;um2;0;;;;;;;;;;;;;;
1051;direct tectospinal pathway;0;0;um2;0;0;0;um2;0;;;;;;;;;;;;;;
1060;doral tegmental decussation;0;0;um2;0;0;0;um2;0;;;;;;;;;;;;;;
1043;crossed tectospinal pathway;0;0;um2;0;0;0;um2;0;;;;;;;;;;;;;;
863;rubrospinal tract;0;0;um2;0;0;0;um2;0;;;;;;;;;;;;;;
397;ventral tegmental decussation;0;0;um2;0;0;0;um2;0;;;;;;;;;;;;;;
221;rubroreticular tract;0;0;um2;0;0;0;um2;0;;;;;;;;;;;;;;
736;central tegmental bundle;0;0;um2;0;0;0;um2;0;;;;;;;;;;;;;;
855;retriculospinal tract;0;0;um2;0;0;0;um2;0;;;;;;;;;;;;;;
205;retriculospinal tract, lateral part;0;0;um2;0;0;0;um2;0;;;;;;;;;;;;;;
213;retriculospinal tract, medial part;0;0;um2;0;0;0;um2;0;;;;;;;;;;;;;;
941;vestibulospinal pathway;0;0;um2;0;0;0;um2;0;;;;;;;;;;;;;;
991;medial forebrain bundle system;0;0;um2;0;0;0;um2;0;;;;;;;;;;;;;;
768;cerebrum related;0;0;um2;0;0;0;um2;0;;;;;;;;;;;;;;
884;amygdalar capsule;515686;515685.978958;um2;252;5751;5751;um2;0.011152;;;;;;;;;;;;;;
892;ansa peduncularis;0;0;um2;0;0;0;um2;0;;;;;;;;;;;;;;
908;anterior commissure, temporal limb;453264;453264.218292;um2;116;2347;2347;um2;0.005178;;;;;;;;;;;;;;
940;cingulum bundle;3084644;3084644.436905;um2;761;14563;14563;um2;0.004721;;;;;;;;;;;;;;
1099;fornix system;0;0;um2;0;0;0;um2;0;;;;;;;;;;;;;;
466;alveus;2467498;2467498.048157;um2;632;14994;14994;um2;0.006077;;;;;;;;;;;;;;
530;dorsal fornix;63564;63563.560287;um2;10;96;96;um2;0.001510;;;;;;;;;;;;;;
603;fimbria;2748451;2748451.057968;um2;562;9256;9256;um2;0.003368;;;;;;;;;;;;;;
745;precommissural fornix, general;0;0;um2;0;0;0;um2;0;;;;;;;;;;;;;;
420;precommissural fornix diagonal band;0;0;um2;0;0;0;um2;0;;;;;;;;;;;;;;
737;postcommissural fornix;0;0;um2;0;0;0;um2;0;;;;;;;;;;;;;;
428;medial corticohypothalamic tract;0;0;um2;0;0;0;um2;0;;;;;;;;;;;;;;
436;columns of the fornix;790907;790907.017899;um2;407;8873;8873;um2;0.011219;;;;;;;;;;;;;;
618;hippocampal commissures;0;0;um2;0;0;0;um2;0;;;;;;;;;;;;;;
443;dorsal hippocampal commissure;1022623;1022622.887634;um2;218;3313;3313;um2;0.003240;;;;;;;;;;;;;;
449;ventral hippocampal commissure;124443;124443.102295;um2;48;766;766;um2;0.006155;;;;;;;;;;;;;;
713;perforant path;0;0;um2;0;0;0;um2;0;;;;;;;;;;;;;;
474;angular path;0;0;um2;0;0;0;um2;0;;;;;;;;;;;;;;
37;longitudinal association bundle;0;0;um2;0;0;0;um2;0;;;;;;;;;;;;;;
301;stria terminalis;640193;640192.814102;um2;148;2754;2754;um2;0.004302;;;;;;;;;;;;;;
484682528;commissural branch of stria terminalis;84881;84880.799850;um2;41;977;977;um2;0.011510;;;;;;;;;;;;;;
824;hypothalamus related;0;0;um2;0;0;0;um2;0;;;;;;;;;;;;;;
54;medial forebrain bundle;141157;141157.443695;um2;83;2573;2573;um2;0.018228;;;;;;;;;;;;;;
405;ventrolateral hypothalamic tract;0;0;um2;0;0;0;um2;0;;;;;;;;;;;;;;
174;preoptic commissure;0;0;um2;0;0;0;um2;0;;;;;;;;;;;;;;
349;supraoptic commissures;53642;53641.753189;um2;11;213;213;um2;0.003971;;;;;;;;;;;;;;
817;supraoptic commissures, anterior;0;0;um2;0;0;0;um2;0;;;;;;;;;;;;;;
825;supraoptic commissures, dorsal;0;0;um2;0;0;0;um2;0;;;;;;;;;;;;;;
833;supraoptic commissures, ventral;0;0;um2;0;0;0;um2;0;;;;;;;;;;;;;;
166;premammillary commissure;0;0;um2;0;0;0;um2;0;;;;;;;;;;;;;;
341;supramammillary decussation;0;0;um2;0;0;0;um2;0;;;;;;;;;;;;;;
182;propriohypothalamic pathways;0;0;um2;0;0;0;um2;0;;;;;;;;;;;;;;
762;propriohypothalamic pathways, dorsal;0;0;um2;0;0;0;um2;0;;;;;;;;;;;;;;
770;propriohypothalamic pathways, lateral;0;0;um2;0;0;0;um2;0;;;;;;;;;;;;;;
779;propriohypothalamic pathways, medial;0;0;um2;0;0;0;um2;0;;;;;;;;;;;;;;
787;propriohypothalamic pathways, ventral;0;0;um2;0;0;0;um2;0;;;;;;;;;;;;;;
150;periventricular bundle of the hypothalamus;0;0;um2;0;0;0;um2;0;;;;;;;;;;;;;;
46;mammillary related;0;0;um2;0;0;0;um2;0;;;;;;;;;;;;;;
753;principal mammillary tract;86947;86947.457458;um2;101;3978;3978;um2;0.045752;;;;;;;;;;;;;;
690;mammillothalamic tract;301338;301337.644287;um2;78;2494;2494;um2;0.008276;;;;;;;;;;;;;;
681;mammillotegmental tract;33557;33557.134766;um2;32;1513;1513;um2;0.045087;;;;;;;;;;;;;;
673;mammillary peduncle;18848;18847.560059;um2;14;446;446;um2;0.023664;;;;;;;;;;;;;;
1068;dorsal thalamus related;0;0;um2;0;0;0;um2;0;;;;;;;;;;;;;;
722;periventricular bundle of the thalamus;0;0;um2;0;0;0;um2;0;;;;;;;;;;;;;;
1083;epithalamus related;0;0;um2;0;0;0;um2;0;;;;;;;;;;;;;;
802;stria medullaris;567912;567912.174728;um2;298;6237;6237;um2;0.010982;;;;;;;;;;;;;;
595;fasciculus retroflexus;483422;483421.802200;um2;249;6299;6299;um2;0.013030;;;;;;;;;;;;;;
611;habenular commissure;99145;99145.425980;um2;8;180;180;um2;0.001816;;;;;;;;;;;;;;
730;pineal stalk;0;0;um2;0;0;0;um2;0;;;;;;;;;;;;;;
70;midbrain related;0;0;um2;0;0;0;um2;0;;;;;;;;;;;;;;
547;dorsal longitudinal fascicle;0;0;um2;0;0;0;um2;0;;;;;;;;;;;;;;
563;dorsal tegmental tract;0;0;um2;0;0;0;um2;0;;;;;;;;;;;;;;
73;ventricular systems;0;0;um2;0;0;0;um2;0;;;;;;;;;;;;;;
81;lateral ventricle;2079491;2079491.370926;um2;671;13518;13518;um2;0.006501;;;;;;;;;;;;;;
89;rhinocele;0;0;um2;0;0;0;um2;0;;;;;;;;;;;;;;
98;subependymal zone;67455;67454.642395;um2;16;356;356;um2;0.005278;;;;;;;;;;;;;;
108;choroid plexus;1246875;1246874.995499;um2;244;4207;4207;um2;0.003374;;;;;;;;;;;;;;
116;choroid fissure;0;0;um2;0;0;0;um2;0;;;;;;;;;;;;;;
124;interventricular foramen;0;0;um2;0;0;0;um2;0;;;;;;;;;;;;;;
129;third ventricle;1834746;1834745.875412;um2;413;9421;9421;um2;0.005135;;;;;;;;;;;;;;
140;cerebral aqueduct;7788;7788.462341;um2;1;19;19;um2;0.002440;;;;;;;;;;;;;;
145;fourth ventricle;0;0;um2;0;0;0;um2;0;;;;;;;;;;;;;;
153;lateral recess;0;0;um2;0;0;0;um2;0;;;;;;;;;;;;;;
164;central canal, spinal cord/medulla;0;0;um2;0;0;0;um2;0;;;;;;;;;;;;;;
1024;grooves;0;0;um2;0;0;0;um2;0;;;;;;;;;;;;;;
1032;grooves of the cerebral cortex;0;0;um2;0;0;0;um2;0;;;;;;;;;;;;;;
1055;endorhinal groove;0;0;um2;0;0;0;um2;0;;;;;;;;;;;;;;
1063;hippocampal fissure;0;0;um2;0;0;0;um2;0;;;;;;;;;;;;;;
1071;rhinal fissure;0;0;um2;0;0;0;um2;0;;;;;;;;;;;;;;
1078;rhinal incisure;0;0;um2;0;0;0;um2;0;;;;;;;;;;;;;;
1040;grooves of the cerebellar cortex;0;0;um2;0;0;0;um2;0;;;;;;;;;;;;;;
1087;precentral fissure;0;0;um2;0;0;0;um2;0;;;;;;;;;;;;;;
1095;preculminate fissure;0;0;um2;0;0;0;um2;0;;;;;;;;;;;;;;
1103;primary fissure;0;0;um2;0;0;0;um2;0;;;;;;;;;;;;;;
1112;posterior superior fissure;0;0;um2;0;0;0;um2;0;;;;;;;;;;;;;;
1119;prepyramidal fissure;0;0;um2;0;0;0;um2;0;;;;;;;;;;;;;;
3;secondary fissure;0;0;um2;0;0;0;um2;0;;;;;;;;;;;;;;
11;posterolateral fissure;0;0;um2;0;0;0;um2;0;;;;;;;;;;;;;;
18;nodular fissure;0;0;um2;0;0;0;um2;0;;;;;;;;;;;;;;
25;simple fissure;0;0;um2;0;0;0;um2;0;;;;;;;;;;;;;;
34;intercrural fissure;0;0;um2;0;0;0;um2;0;;;;;;;;;;;;;;
43;ansoparamedian fissure;0;0;um2;0;0;0;um2;0;;;;;;;;;;;;;;
49;intraparafloccular fissure;0;0;um2;0;0;0;um2;0;;;;;;;;;;;;;;
57;paramedian sulcus;0;0;um2;0;0;0;um2;0;;;;;;;;;;;;;;
65;parafloccular sulcus;0;0;um2;0;0;0;um2;0;;;;;;;;;;;;;;
624;Interpeduncular fossa;0;0;um2;0;0;0;um2;0;;;;;;;;;;;;;;
304325711;retina;0;0;um2;0;0;0;um2;0;;;;;;;;;;;;;;
