Region ID;Region Name;Region pixels;Region area;Area unit;Object count;Object pixels;Object area;Area unit;Load;;;;;;;;;;;;;;
0;Clear Label;0;0;um2;628;2750;2750;um2;0;;;;;;;;;;;;;;
997;root;2736778;2736777.966202;um2;1172;5811;5811;um2;0.002123;;;;;;;;;;;;;;
8;Basic cell groups and regions;0;0;um2;0;0;0;um2;0;;;;;;;;;;;;;;
567;Cerebrum;0;0;um2;0;0;0;um2;0;;;;;;;;;;;;;;
688;Cerebral cortex;0;0;um2;0;0;0;um2;0;;;;;;;;;;;;;;
695;Cortical plate;0;0;um2;0;0;0;um2;0;;;;;;;;;;;;;;
315;Isocortex;0;0;um2;0;0;0;um2;0;;;;;;;;;;;;;;
184;Frontal pole, cerebral cortex;0;0;um2;0;0;0;um2;0;;;;;;;;;;;;;;
68;Frontal pole, layer 1;0;0;um2;0;0;0;um2;0;;;;;;;;;;;;;;
667;Frontal pole, layer 2/3;0;0;um2;0;0;0;um2;0;;;;;;;;;;;;;;
526157192;Frontal pole, layer 5;0;0;um2;0;0;0;um2;0;;;;;;;;;;;;;;
526157196;Frontal pole, layer 6a;43794;43793.602203;um2;105;902;902;um2;0.020597;;;;;;;;;;;;;;
526322264;Frontal pole, layer 6b;0;0;um2;0;0;0;um2;0;;;;;;;;;;;;;;
500;Somatomotor areas;0;0;um2;0;0;0;um2;0;;;;;;;;;;;;;;
107;Somatomotor areas, Layer 1;0;0;um2;0;0;0;um2;0;;;;;;;;;;;;;;
219;Somatomotor areas, Layer 2/3;0;0;um2;0;0;0;um2;0;;;;;;;;;;;;;;
299;Somatomotor areas, Layer 5;0;0;um2;0;0;0;um2;0;;;;;;;;;;;;;;
644;Somatomotor areas, Layer 6a;0;0;um2;0;0;0;um2;0;;;;;;;;;;;;;;
947;Somatomotor areas, Layer 6b;0;0;um2;0;0;0;um2;0;;;;;;;;;;;;;;
985;Primary motor area;0;0;um2;0;0;0;um2;0;;;;;;;;;;;;;;
320;Primary motor area, Layer 1;2184894;2184894.342468;um2;2348;13573;13573;um2;0.006212;;;;;;;;;;;;;;
943;Primary motor area, Layer 2/3;6678889;6678888.541664;um2;26848;163467;163467;um2;0.024475;;;;;;;;;;;;;;
648;Primary motor area, Layer 5;6314770;6314769.964188;um2;17330;100368;100368;um2;0.015894;;;;;;;;;;;;;;
844;Primary motor area, Layer 6a;5560749;5560749.097878;um2;17594;111982;111982;um2;0.020138;;;;;;;;;;;;;;
882;Primary motor area, Layer 6b;343803;343803.174141;um2;455;3006;3006;um2;0.008743;;;;;;;;;;;;;;
993;Secondary motor area;0;0;um2;0;0;0;um2;0;;;;;;;;;;;;;;
656;Secondary motor area, layer 1;2213103;2213102.581810;um2;1875;11000;11000;um2;0.004970;;;;;;;;;;;;;;
962;Secondary motor area, layer 2/3;3961866;3961865.592499;um2;15119;97642;97642;um2;0.024645;;;;;;;;;;;;;;
767;Secondary motor area, layer 5;5637287;5637287.054665;um2;21404;131581;131581;um2;0.023341;;;;;;;;;;;;;;
1021;Secondary motor area, layer 6a;4360587;4360587.140083;um2;14000;91980;91980;um2;0.021093;;;;;;;;;;;;;;
1085;Secondary motor area, layer 6b;152319;152319.166245;um2;252;1688;1688;um2;0.011082;;;;;;;;;;;;;;
453;Somatosensory areas;0;0;um2;0;0;0;um2;0;;;;;;;;;;;;;;
12993;Somatosensory areas, layer 1;0;0;um2;0;0;0;um2;0;;;;;;;;;;;;;;
12994;Somatosensory areas, layer 2/3;0;0;um2;0;0;0;um2;0;;;;;;;;;;;;;;
12995;Somatosensory areas, layer 4;0;0;um2;0;0;0;um2;0;;;;;;;;;;;;;;
12996;Somatosensory areas, layer 5;0;0;um2;0;0;0;um2;0;;;;;;;;;;;;;;
12997;Somatosensory areas, layer 6a;0;0;um2;0;0;0;um2;0;;;;;;;;;;;;;;
12998;Somatosensory areas, layer 6b;0;0;um2;0;0;0;um2;0;;;;;;;;;;;;;;
322;Primary somatosensory area;0;0;um2;0;0;0;um2;0;;;;;;;;;;;;;;
793;Primary somatosensory area, layer 1;0;0;um2;0;0;0;um2;0;;;;;;;;;;;;;;
346;Primary somatosensory area, layer 2/3;0;0;um2;0;0;0;um2;0;;;;;;;;;;;;;;
865;Primary somatosensory area, layer 4;0;0;um2;0;0;0;um2;0;;;;;;;;;;;;;;
921;Primary somatosensory area, layer 5;0;0;um2;0;0;0;um2;0;;;;;;;;;;;;;;
686;Primary somatosensory area, layer 6a;0;0;um2;0;0;0;um2;0;;;;;;;;;;;;;;
719;Primary somatosensory area, layer 6b;0;0;um2;0;0;0;um2;0;;;;;;;;;;;;;;
353;Primary somatosensory area, nose;0;0;um2;0;0;0;um2;0;;;;;;;;;;;;;;
558;Primary somatosensory area, nose, layer 1;560197;560196.776550;um2;782;5016;5016;um2;0.008954;;;;;;;;;;;;;;
838;Primary somatosensory area, nose, layer 2/3;852605;852605.375641;um2;4179;23191;23191;um2;0.027200;;;;;;;;;;;;;;
654;Primary somatosensory area, nose, layer 4;692408;692408.435089;um2;5725;27645;27645;um2;0.039926;;;;;;;;;;;;;;
702;Primary somatosensory area, nose, layer 5;733859;733859.446640;um2;2511;12513;12513;um2;0.017051;;;;;;;;;;;;;;
889;Primary somatosensory area, nose, layer 6a;1028761;1028761.172363;um2;4504;25107;25107;um2;0.024405;;;;;;;;;;;;;;
929;Primary somatosensory area, nose, layer 6b;66967;66967.477539;um2;124;790;790;um2;0.011797;;;;;;;;;;;;;;
329;Primary somatosensory area, barrel field;0;0;um2;0;0;0;um2;0;;;;;;;;;;;;;;
981;Primary somatosensory area, barrel field, layer 1;952944;952943.712654;um2;1156;6659;6659;um2;0.006988;;;;;;;;;;;;;;
201;Primary somatosensory area, barrel field, layer 2/3;1706255;1706254.864304;um2;8885;50134;50134;um2;0.029382;;;;;;;;;;;;;;
1047;Primary somatosensory area, barrel field, layer 4;1441332;1441331.610840;um2;13678;66594;66594;um2;0.046203;;;;;;;;;;;;;;
1070;Primary somatosensory area, barrel field, layer 5;1329386;1329385.768204;um2;6437;34048;34048;um2;0.025612;;;;;;;;;;;;;;
1038;Primary somatosensory area, barrel field, layer 6a;1403398;1403397.656822;um2;7868;43216;43216;um2;0.030794;;;;;;;;;;;;;;
1062;Primary somatosensory area, barrel field, layer 6b;171381;171381.243912;um2;563;3229;3229;um2;0.018841;;;;;;;;;;;;;;
480149202;Rostrolateral lateral visual area;0;0;um2;0;0;0;um2;0;;;;;;;;;;;;;;
480149206;Rostrolateral lateral visual area, layer 1;0;0;um2;0;0;0;um2;0;;;;;;;;;;;;;;
480149210;Rostrolateral lateral visual area, layer 2/3;0;0;um2;0;0;0;um2;0;;;;;;;;;;;;;;
480149214;Rostrolateral lateral visual area, layer 4;0;0;um2;0;0;0;um2;0;;;;;;;;;;;;;;
480149218;Rostrolateral lateral visual area,layer 5;0;0;um2;0;0;0;um2;0;;;;;;;;;;;;;;
480149222;Rostrolateral lateral visual area, layer 6a;0;0;um2;0;0;0;um2;0;;;;;;;;;;;;;;
480149226;Rostrolateral lateral visual area, layer 6b;0;0;um2;0;0;0;um2;0;;;;;;;;;;;;;;
337;Primary somatosensory area, lower limb;0;0;um2;0;0;0;um2;0;;;;;;;;;;;;;;
1030;Primary somatosensory area, lower limb, layer 1;394651;394650.776436;um2;783;4298;4298;um2;0.010891;;;;;;;;;;;;;;
113;Primary somatosensory area, lower limb, layer 2/3;883289;883288.561081;um2;4180;21100;21100;um2;0.023888;;;;;;;;;;;;;;
1094;Primary somatosensory area, lower limb, layer 4;361330;361329.677818;um2;2643;12173;12173;um2;0.033689;;;;;;;;;;;;;;
1128;Primary somatosensory area, lower limb, layer 5;697229;697228.630699;um2;2554;12736;12736;um2;0.018267;;;;;;;;;;;;;;
478;Primary somatosensory area, lower limb, layer 6a;606205;606204.573647;um2;2167;11822;11822;um2;0.019502;;;;;;;;;;;;;;
510;Primary somatosensory area, lower limb, layer 6b;56530;56529.566956;um2;97;547;547;um2;0.009676;;;;;;;;;;;;;;
345;Primary somatosensory area, mouth;0;0;um2;0;0;0;um2;0;;;;;;;;;;;;;;
878;Primary somatosensory area, mouth, layer 1;1516397;1516397.091293;um2;1573;9674;9674;um2;0.006380;;;;;;;;;;;;;;
657;Primary somatosensory area, mouth, layer 2/3;2726869;2726869.283661;um2;11755;71287;71287;um2;0.026142;;;;;;;;;;;;;;
950;Primary somatosensory area, mouth, layer 4;1554265;1554264.794281;um2;9742;49076;49076;um2;0.031575;;;;;;;;;;;;;;
974;Primary somatosensory area, mouth, layer 5;1936744;1936744.391403;um2;4270;23792;23792;um2;0.012285;;;;;;;;;;;;;;
1102;Primary somatosensory area, mouth, layer 6a;2519191;2519190.752007;um2;10173;62743;62743;um2;0.024906;;;;;;;;;;;;;;
2;Primary somatosensory area, mouth, layer 6b;188481;188481.472580;um2;309;1937;1937;um2;0.010277;;;;;;;;;;;;;;
369;Primary somatosensory area, upper limb;0;0;um2;0;0;0;um2;0;;;;;;;;;;;;;;
450;Primary somatosensory area, upper limb, layer 1;666464;666463.709122;um2;1233;7886;7886;um2;0.011833;;;;;;;;;;;;;;
854;Primary somatosensory area, upper limb, layer 2/3;1351701;1351700.826355;um2;9020;51881;51881;um2;0.038382;;;;;;;;;;;;;;
577;Primary somatosensory area, upper limb, layer 4;710541;710541.191040;um2;6935;34934;34934;um2;0.049165;;;;;;;;;;;;;;
625;Primary somatosensory area, upper limb, layer 5;1060751;1060751.369148;um2;4886;26686;26686;um2;0.025158;;;;;;;;;;;;;;
945;Primary somatosensory area, upper limb, layer 6a;1224703;1224702.897224;um2;5530;32603;32603;um2;0.026621;;;;;;;;;;;;;;
1026;Primary somatosensory area, upper limb, layer 6b;97779;97778.867851;um2;148;837;837;um2;0.008560;;;;;;;;;;;;;;
361;Primary somatosensory area, trunk;0;0;um2;0;0;0;um2;0;;;;;;;;;;;;;;
1006;Primary somatosensory area, trunk, layer 1;183788;183788.230759;um2;198;1024;1024;um2;0.005572;;;;;;;;;;;;;;
670;Primary somatosensory area, trunk, layer 2/3;389560;389560.112442;um2;1260;6769;6769;um2;0.017376;;;;;;;;;;;;;;
1086;Primary somatosensory area, trunk, layer 4;136942;136941.744896;um2;897;4391;4391;um2;0.032065;;;;;;;;;;;;;;
1111;Primary somatosensory area, trunk, layer 5;343198;343198.377266;um2;1566;8264;8264;um2;0.024079;;;;;;;;;;;;;;
9;Primary somatosensory area, trunk, layer 6a;256600;256599.521065;um2;1239;7116;7116;um2;0.027732;;;;;;;;;;;;;;
461;Primary somatosensory area, trunk, layer 6b;43841;43841.482368;um2;181;993;993;um2;0.022650;;;;;;;;;;;;;;
182305689;Primary somatosensory area, unassigned;0;0;um2;0;0;0;um2;0;;;;;;;;;;;;;;
182305693;Primary somatosensory area, unassigned, layer 1;216549;216548.708412;um2;492;3060;3060;um2;0.014131;;;;;;;;;;;;;;
182305697;Primary somatosensory area, unassigned, layer 2/3;424311;424310.924965;um2;2665;14388;14388;um2;0.033909;;;;;;;;;;;;;;
182305701;Primary somatosensory area, unassigned, layer 4;234875;234875.468193;um2;2273;10892;10892;um2;0.046374;;;;;;;;;;;;;;
182305705;Primary somatosensory area, unassigned, layer 5;305823;305823.057457;um2;1530;8033;8033;um2;0.026267;;;;;;;;;;;;;;
182305709;Primary somatosensory area, unassigned, layer 6a;338215;338214.514946;um2;1686;9645;9645;um2;0.028517;;;;;;;;;;;;;;
182305713;Primary somatosensory area, unassigned, layer 6b;27540;27539.837135;um2;47;304;304;um2;0.011039;;;;;;;;;;;;;;
378;Supplemental somatosensory area;0;0;um2;0;0;0;um2;0;;;;;;;;;;;;;;
873;Supplemental somatosensory area, layer 1;1488551;1488550.759560;um2;1584;9095;9095;um2;0.006110;;;;;;;;;;;;;;
806;Supplemental somatosensory area, layer 2/3;2503374;2503373.957054;um2;10541;63159;63159;um2;0.025230;;;;;;;;;;;;;;
1035;Supplemental somatosensory area, layer 4;1350956;1350955.837631;um2;10100;51226;51226;um2;0.037918;;;;;;;;;;;;;;
1090;Supplemental somatosensory area, layer 5;2520653;2520652.625290;um2;8722;48611;48611;um2;0.019285;;;;;;;;;;;;;;
862;Supplemental somatosensory area, layer 6a;2480686;2480685.633636;um2;9664;58356;58356;um2;0.023524;;;;;;;;;;;;;;
893;Supplemental somatosensory area, layer 6b;247715;247714.858749;um2;640;3703;3703;um2;0.014949;;;;;;;;;;;;;;
1057;Gustatory areas;0;0;um2;0;0;0;um2;0;;;;;;;;;;;;;;
36;Gustatory areas, layer 1;382197;382197.195786;um2;156;686;686;um2;0.001795;;;;;;;;;;;;;;
180;Gustatory areas, layer 2/3;781612;781611.555595;um2;1238;7213;7213;um2;0.009228;;;;;;;;;;;;;;
148;Gustatory areas, layer 4;249557;249556.736992;um2;832;4625;4625;um2;0.018533;;;;;;;;;;;;;;
187;Gustatory areas, layer 5;932611;932610.988480;um2;1534;9476;9476;um2;0.010161;;;;;;;;;;;;;;
638;Gustatory areas, layer 6a;687746;687746.143967;um2;1572;10301;10301;um2;0.014978;;;;;;;;;;;;;;
662;Gustatory areas, layer 6b;63647;63647.441353;um2;57;295;295;um2;0.004635;;;;;;;;;;;;;;
677;Visceral area;0;0;um2;0;0;0;um2;0;;;;;;;;;;;;;;
897;Visceral area, layer 1;332091;332091.365768;um2;185;832;832;um2;0.002505;;;;;;;;;;;;;;
1106;Visceral area, layer 2/3;543934;543934.083397;um2;1352;8558;8558;um2;0.015734;;;;;;;;;;;;;;
1010;Visceral area, layer 4;189288;189287.712166;um2;854;4631;4631;um2;0.024465;;;;;;;;;;;;;;
1058;Visceral area, layer 5;724913;724912.877815;um2;2112;12974;12974;um2;0.017897;;;;;;;;;;;;;;
857;Visceral area, layer 6a;630819;630819.347557;um2;2213;14179;14179;um2;0.022477;;;;;;;;;;;;;;
849;Visceral area, layer 6b;59359;59358.518425;um2;149;966;966;um2;0.016274;;;;;;;;;;;;;;
247;Auditory areas;0;0;um2;0;0;0;um2;0;;;;;;;;;;;;;;
1011;Dorsal auditory area;0;0;um2;0;0;0;um2;0;;;;;;;;;;;;;;
527;Dorsal auditory area, layer 1;240745;240744.926712;um2;222;1095;1095;um2;0.004548;;;;;;;;;;;;;;
600;Dorsal auditory area, layer 2/3;393691;393691.108597;um2;1374;8565;8565;um2;0.021756;;;;;;;;;;;;;;
678;Dorsal auditory area, layer 4;154442;154442.481010;um2;1038;5619;5619;um2;0.036382;;;;;;;;;;;;;;
252;Dorsal auditory area, layer 5;388737;388736.540588;um2;1776;10380;10380;um2;0.026702;;;;;;;;;;;;;;
156;Dorsal auditory area, layer 6a;200857;200856.588585;um2;825;4739;4739;um2;0.023594;;;;;;;;;;;;;;
243;Dorsal auditory area, layer 6b;29692;29691.633644;um2;111;635;635;um2;0.021386;;;;;;;;;;;;;;
480149230;Laterolateral anterior visual area;0;0;um2;0;0;0;um2;0;;;;;;;;;;;;;;
480149234;Laterolateral anterior visual area, layer 1;0;0;um2;0;0;0;um2;0;;;;;;;;;;;;;;
480149238;Laterolateral anterior visual area, layer 2/3;0;0;um2;0;0;0;um2;0;;;;;;;;;;;;;;
480149242;Laterolateral anterior visual area, layer 4;0;0;um2;0;0;0;um2;0;;;;;;;;;;;;;;
480149246;Laterolateral anterior visual area,layer 5;0;0;um2;0;0;0;um2;0;;;;;;;;;;;;;;
480149250;Laterolateral anterior visual area, layer 6a;0;0;um2;0;0;0;um2;0;;;;;;;;;;;;;;
480149254;Laterolateral anterior visual area, layer 6b;0;0;um2;0;0;0;um2;0;;;;;;;;;;;;;;
1002;Primary auditory area;0;0;um2;0;0;0;um2;0;;;;;;;;;;;;;;
735;Primary auditory area, layer 1;374159;374159.236732;um2;157;840;840;um2;0.002245;;;;;;;;;;;;;;
251;Primary auditory area, layer 2/3;453494;453493.614639;um2;477;3146;3146;um2;0.006937;;;;;;;;;;;;;;
816;Primary auditory area, layer 4;214597;214597.303185;um2;504;3076;3076;um2;0.014334;;;;;;;;;;;;;;
847;Primary auditory area, layer 5;623607;623607.163979;um2;994;6565;6565;um2;0.010527;;;;;;;;;;;;;;
954;Primary auditory area, layer 6a;246156;246155.926514;um2;694;4662;4662;um2;0.018939;;;;;;;;;;;;;;
1005;Primary auditory area, layer 6b;49477;49476.682503;um2;99;632;632;um2;0.012774;;;;;;;;;;;;;;
1027;Posterior auditory area;0;0;um2;0;0;0;um2;0;;;;;;;;;;;;;;
696;Posterior auditory area, layer 1;85975;85975.452065;um2;66;506;506;um2;0.005885;;;;;;;;;;;;;;
643;Posterior auditory area, layer 2/3;115210;115209.657516;um2;232;1702;1702;um2;0.014773;;;;;;;;;;;;;;
759;Posterior auditory area, layer 4;55507;55507.302498;um2;158;1089;1089;um2;0.019619;;;;;;;;;;;;;;
791;Posterior auditory area, layer 5;155265;155265.359520;um2;236;1565;1565;um2;0.010080;;;;;;;;;;;;;;
249;Posterior auditory area, layer 6a;69029;69028.902390;um2;194;1356;1356;um2;0.019644;;;;;;;;;;;;;;
456;Posterior auditory area, layer 6b;12662;12661.969017;um2;16;100;100;um2;0.007898;;;;;;;;;;;;;;
1018;Ventral auditory area;0;0;um2;0;0;0;um2;0;;;;;;;;;;;;;;
959;Ventral auditory area, layer 1;313693;313693.012482;um2;142;706;706;um2;0.002251;;;;;;;;;;;;;;
755;Ventral auditory area, layer 2/3;456795;456795.058250;um2;775;4546;4546;um2;0.009952;;;;;;;;;;;;;;
990;Ventral auditory area, layer 4;244202;244202.157097;um2;760;4062;4062;um2;0.016634;;;;;;;;;;;;;;
1023;Ventral auditory area, layer 5;624370;624369.720047;um2;1295;7937;7937;um2;0.012712;;;;;;;;;;;;;;
520;Ventral auditory area, layer 6a;287598;287598.101768;um2;659;4031;4031;um2;0.014016;;;;;;;;;;;;;;
598;Ventral auditory area, layer 6b;43001;43000.830650;um2;84;415;415;um2;0.009651;;;;;;;;;;;;;;
669;Visual areas;0;0;um2;0;0;0;um2;0;;;;;;;;;;;;;;
801;Visual areas, layer 1;0;0;um2;0;0;0;um2;0;;;;;;;;;;;;;;
561;Visual areas, layer 2/3;0;0;um2;0;0;0;um2;0;;;;;;;;;;;;;;
913;Visual areas, layer 4;0;0;um2;0;0;0;um2;0;;;;;;;;;;;;;;
937;Visual areas, layer 5;0;0;um2;0;0;0;um2;0;;;;;;;;;;;;;;
457;Visual areas, layer 6a;0;0;um2;0;0;0;um2;0;;;;;;;;;;;;;;
497;Visual areas, layer 6b;0;0;um2;0;0;0;um2;0;;;;;;;;;;;;;;
402;Anterolateral visual area;0;0;um2;0;0;0;um2;0;;;;;;;;;;;;;;
1074;Anterolateral visual area, layer 1;117329;117329.257690;um2;126;888;888;um2;0.007568;;;;;;;;;;;;;;
905;Anterolateral visual area, layer 2/3;199947;199947.163055;um2;905;6981;6981;um2;0.034914;;;;;;;;;;;;;;
1114;Anterolateral visual area, layer 4;105572;105572.022835;um2;737;5515;5515;um2;0.052239;;;;;;;;;;;;;;
233;Anterolateral visual area, layer 5;224521;224520.539948;um2;1166;8259;8259;um2;0.036785;;;;;;;;;;;;;;
601;Anterolateral visual area, layer 6a;126354;126354.113968;um2;594;4197;4197;um2;0.033216;;;;;;;;;;;;;;
649;Anterolateral visual area, layer 6b;25575;25575.173042;um2;141;944;944;um2;0.036911;;;;;;;;;;;;;;
394;Anteromedial visual area;0;0;um2;0;0;0;um2;0;;;;;;;;;;;;;;
281;Anteromedial visual area, layer 1;133411;133410.599182;um2;72;338;338;um2;0.002534;;;;;;;;;;;;;;
1066;Anteromedial visual area, layer 2/3;219985;219985.428261;um2;796;5080;5080;um2;0.023092;;;;;;;;;;;;;;
401;Anteromedial visual area, layer 4;60966;60965.729424;um2;290;1708;1708;um2;0.028016;;;;;;;;;;;;;;
433;Anteromedial visual area, layer 5;232314;232314.207268;um2;1302;8519;8519;um2;0.036670;;;;;;;;;;;;;;
1046;Anteromedial visual area, layer 6a;128249;128248.786041;um2;589;3614;3614;um2;0.028180;;;;;;;;;;;;;;
441;Anteromedial visual area, layer 6b;23369;23368.885681;um2;110;694;694;um2;0.029698;;;;;;;;;;;;;;
409;Lateral visual area;0;0;um2;0;0;0;um2;0;;;;;;;;;;;;;;
421;Lateral visual area, layer 1;12567;12567.048965;um2;5;30;30;um2;0.002387;;;;;;;;;;;;;;
973;Lateral visual area, layer 2/3;20382;20381.852524;um2;28;219;219;um2;0.010745;;;;;;;;;;;;;;
573;Lateral visual area, layer 4;12884;12883.865326;um2;59;394;394;um2;0.030581;;;;;;;;;;;;;;
613;Lateral visual area, layer 5;24395;24394.859756;um2;74;516;516;um2;0.021152;;;;;;;;;;;;;;
74;Lateral visual area, layer 6a;18015;18015.390579;um2;70;477;477;um2;0.026477;;;;;;;;;;;;;;
121;Lateral visual area, layer 6b;4521;4520.598831;um2;20;109;109;um2;0.024112;;;;;;;;;;;;;;
385;Primary visual area;0;0;um2;0;0;0;um2;0;;;;;;;;;;;;;;
593;Primary visual area, layer 1;328520;328520.481033;um2;563;4072;4072;um2;0.012395;;;;;;;;;;;;;;
821;Primary visual area, layer 2/3;550616;550615.661125;um2;2686;19118;19118;um2;0.034721;;;;;;;;;;;;;;
721;Primary visual area, layer 4;306004;306003.826057;um2;2278;14282;14282;um2;0.046673;;;;;;;;;;;;;;
778;Primary visual area, layer 5;491225;491225.328316;um2;2552;16624;16624;um2;0.033842;;;;;;;;;;;;;;
33;Primary visual area, layer 6a;342827;342826.704773;um2;2077;14747;14747;um2;0.043016;;;;;;;;;;;;;;
305;Primary visual area, layer 6b;68467;68467.214836;um2;415;2877;2877;um2;0.042020;;;;;;;;;;;;;;
425;Posterolateral visual area;0;0;um2;0;0;0;um2;0;;;;;;;;;;;;;;
750;Posterolateral visual area, layer 1;0;0;um2;0;0;0;um2;0;;;;;;;;;;;;;;
269;Posterolateral visual area, layer 2/3;0;0;um2;0;0;0;um2;0;;;;;;;;;;;;;;
869;Posterolateral visual area, layer 4;0;0;um2;0;0;0;um2;0;;;;;;;;;;;;;;
902;Posterolateral visual area, layer 5;0;0;um2;0;0;0;um2;0;;;;;;;;;;;;;;
377;Posterolateral visual area, layer 6a;0;0;um2;0;0;0;um2;0;;;;;;;;;;;;;;
393;Posterolateral visual area, layer 6b;0;0;um2;0;0;0;um2;0;;;;;;;;;;;;;;
533;posteromedial visual area;0;0;um2;0;0;0;um2;0;;;;;;;;;;;;;;
805;posteromedial visual area, layer 1;146659;146658.637932;um2;84;514;514;um2;0.003505;;;;;;;;;;;;;;
41;posteromedial visual area, layer 2/3;240228;240228.497093;um2;878;6333;6333;um2;0.026362;;;;;;;;;;;;;;
501;posteromedial visual area, layer 4;88821;88821.178841;um2;543;3617;3617;um2;0.040722;;;;;;;;;;;;;;
565;posteromedial visual area, layer 5;251926;251926.344536;um2;1453;10232;10232;um2;0.040615;;;;;;;;;;;;;;
257;posteromedial visual area, layer 6a;143829;143829.051918;um2;782;5624;5624;um2;0.039102;;;;;;;;;;;;;;
469;posteromedial visual area, layer 6b;28013;28012.767769;um2;179;1190;1190;um2;0.042481;;;;;;;;;;;;;;
312782574;Laterointermediate area;0;0;um2;0;0;0;um2;0;;;;;;;;;;;;;;
312782578;Laterointermediate area, layer 1;6231;6230.721756;um2;1;4;4;um2;0.000642;;;;;;;;;;;;;;
312782582;Laterointermediate area, layer 2/3;9188;9187.674454;um2;6;41;41;um2;0.004463;;;;;;;;;;;;;;
312782586;Laterointermediate area, layer 4;4330;4329.823593;um2;3;17;17;um2;0.003926;;;;;;;;;;;;;;
312782590;Laterointermediate area, layer 5;12461;12461.443512;um2;8;59;59;um2;0.004735;;;;;;;;;;;;;;
312782594;Laterointermediate area, layer 6a;6548;6547.538116;um2;7;41;41;um2;0.006262;;;;;;;;;;;;;;
312782598;Laterointermediate area, layer 6b;1478;1478.476349;um2;3;21;21;um2;0.014204;;;;;;;;;;;;;;
312782628;Postrhinal area;0;0;um2;0;0;0;um2;0;;;;;;;;;;;;;;
312782632;Postrhinal area, layer 1;0;0;um2;0;0;0;um2;0;;;;;;;;;;;;;;
312782636;Postrhinal area, layer 2/3;0;0;um2;0;0;0;um2;0;;;;;;;;;;;;;;
312782640;Postrhinal area, layer 4;0;0;um2;0;0;0;um2;0;;;;;;;;;;;;;;
312782644;Postrhinal area, layer 5;0;0;um2;0;0;0;um2;0;;;;;;;;;;;;;;
312782648;Postrhinal area, layer 6a;0;0;um2;0;0;0;um2;0;;;;;;;;;;;;;;
312782652;Postrhinal area, layer 6b;0;0;um2;0;0;0;um2;0;;;;;;;;;;;;;;
31;Anterior cingulate area;0;0;um2;0;0;0;um2;0;;;;;;;;;;;;;;
572;Anterior cingulate area, layer 1;0;0;um2;0;0;0;um2;0;;;;;;;;;;;;;;
1053;Anterior cingulate area, layer 2/3;0;0;um2;0;0;0;um2;0;;;;;;;;;;;;;;
739;Anterior cingulate area, layer 5;0;0;um2;0;0;0;um2;0;;;;;;;;;;;;;;
179;Anterior cingulate area, layer 6a;0;0;um2;0;0;0;um2;0;;;;;;;;;;;;;;
227;Anterior cingulate area, layer 6b;0;0;um2;0;0;0;um2;0;;;;;;;;;;;;;;
39;Anterior cingulate area, dorsal part;0;0;um2;0;0;0;um2;0;;;;;;;;;;;;;;
935;Anterior cingulate area, dorsal part, layer 1;1017262;1017261.707802;um2;955;5198;5198;um2;0.005110;;;;;;;;;;;;;;
211;Anterior cingulate area, dorsal part, layer 2/3;1039704;1039704.315315;um2;3429;21754;21754;um2;0.020923;;;;;;;;;;;;;;
1015;Anterior cingulate area, dorsal part, layer 5;2202845;2202845.025803;um2;9126;58743;58743;um2;0.026667;;;;;;;;;;;;;;
919;Anterior cingulate area, dorsal part, layer 6a;1361477;1361476.926460;um2;5388;36943;36943;um2;0.027135;;;;;;;;;;;;;;
927;Anterior cingulate area, dorsal part, layer 6b;45436;45435.878670;um2;123;689;689;um2;0.015164;;;;;;;;;;;;;;
48;Anterior cingulate area, ventral part;0;0;um2;0;0;0;um2;0;;;;;;;;;;;;;;
588;Anterior cingulate area, ventral part, layer 1;896019;896018.983902;um2;815;4651;4651;um2;0.005191;;;;;;;;;;;;;;
296;Anterior cingulate area, ventral part, layer 2/3;893106;893105.602661;um2;2950;19482;19482;um2;0.021814;;;;;;;;;;;;;;
772;Anterior cingulate area, ventral part, layer 5;1795172;1795172.227486;um2;7324;50696;50696;um2;0.028240;;;;;;;;;;;;;;
810;Anterior cingulate area, ventral part, 6a;667146;667145.592262;um2;2672;18359;18359;um2;0.027519;;;;;;;;;;;;;;
819;Anterior cingulate area, ventral part, 6b;108027;108027.031876;um2;205;1209;1209;um2;0.011192;;;;;;;;;;;;;;
972;Prelimbic area;0;0;um2;0;0;0;um2;0;;;;;;;;;;;;;;
171;Prelimbic area, layer 1;360780;360780.059418;um2;378;2566;2566;um2;0.007112;;;;;;;;;;;;;;
195;Prelimbic area, layer 2;0;0;um2;0;0;0;um2;0;;;;;;;;;;;;;;
304;Prelimbic area, layer 2/3;348333;348333.014984;um2;1062;7338;7338;um2;0.021066;;;;;;;;;;;;;;
363;Prelimbic area, layer 5;982205;982205.056503;um2;3745;28078;28078;um2;0.028587;;;;;;;;;;;;;;
84;Prelimbic area, layer 6a;782220;782220.157471;um2;2107;16459;16459;um2;0.021041;;;;;;;;;;;;;;
132;Prelimbic area, layer 6b;50123;50122.864838;um2;41;256;256;um2;0.005107;;;;;;;;;;;;;;
44;Infralimbic area;0;0;um2;0;0;0;um2;0;;;;;;;;;;;;;;
707;Infralimbic area, layer 1;278018;278017.648834;um2;168;1227;1227;um2;0.004413;;;;;;;;;;;;;;
747;Infralimbic area, layer 2;0;0;um2;0;0;0;um2;0;;;;;;;;;;;;;;
556;Infralimbic area, layer 2/3;273190;273189.974655;um2;552;4772;4772;um2;0.017468;;;;;;;;;;;;;;
827;Infralimbic area, layer 5;669708;669707.730499;um2;2268;20161;20161;um2;0.030104;;;;;;;;;;;;;;
1054;Infralimbic area, layer 6a;426186;426185.889038;um2;1340;10934;10934;um2;0.025655;;;;;;;;;;;;;;
1081;Infralimbic area, layer 6b;24633;24633.456284;um2;16;116;116;um2;0.004709;;;;;;;;;;;;;;
714;Orbital area;0;0;um2;0;0;0;um2;0;;;;;;;;;;;;;;
264;Orbital area, layer 1;0;0;um2;0;0;0;um2;0;;;;;;;;;;;;;;
492;Orbital area, layer 2/3;0;0;um2;0;0;0;um2;0;;;;;;;;;;;;;;
352;Orbital area, layer 5;0;0;um2;0;0;0;um2;0;;;;;;;;;;;;;;
476;Orbital area, layer 6a;0;0;um2;0;0;0;um2;0;;;;;;;;;;;;;;
516;Orbital area, layer 6b;0;0;um2;0;0;0;um2;0;;;;;;;;;;;;;;
723;Orbital area, lateral part;0;0;um2;0;0;0;um2;0;;;;;;;;;;;;;;
448;Orbital area, lateral part, layer 1;5835;5835.236542;um2;1;3;3;um2;0.000514;;;;;;;;;;;;;;
412;Orbital area, lateral part, layer 2/3;341043;341043.321442;um2;506;3965;3965;um2;0.011626;;;;;;;;;;;;;;
630;Orbital area, lateral part, layer 5;1112799;1112799.263031;um2;3350;22555;22555;um2;0.020269;;;;;;;;;;;;;;
440;Orbital area, lateral part, layer 6a;771024;771024.046722;um2;2153;15460;15460;um2;0.020051;;;;;;;;;;;;;;
488;Orbital area, lateral part, layer 6b;106355;106355.463211;um2;120;990;990;um2;0.009308;;;;;;;;;;;;;;
731;Orbital area, medial part;0;0;um2;0;0;0;um2;0;;;;;;;;;;;;;;
484;Orbital area, medial part, layer 1;40208;40208.156281;um2;14;77;77;um2;0.001915;;;;;;;;;;;;;;
524;Orbital area, medial part, layer 2;0;0;um2;0;0;0;um2;0;;;;;;;;;;;;;;
582;Orbital area, medial part, layer 2/3;77260;77259.996857;um2;140;1187;1187;um2;0.015364;;;;;;;;;;;;;;
620;Orbital area, medial part, layer 5;185819;185819.174957;um2;641;4975;4975;um2;0.026773;;;;;;;;;;;;;;
910;Orbital area, medial part, layer 6a;239880;239880.484161;um2;901;7033;7033;um2;0.029319;;;;;;;;;;;;;;
527696977;Orbital area, medial part, layer 6b;3687;3687.348633;um2;3;23;23;um2;0.006238;;;;;;;;;;;;;;
738;Orbital area, ventral part;0;0;um2;0;0;0;um2;0;;;;;;;;;;;;;;
746;Orbital area, ventrolateral part;0;0;um2;0;0;0;um2;0;;;;;;;;;;;;;;
969;Orbital area, ventrolateral part, layer 1;0;0;um2;0;0;0;um2;0;;;;;;;;;;;;;;
288;Orbital area, ventrolateral part, layer 2/3;95103;95103.380890;um2;205;1872;1872;um2;0.019684;;;;;;;;;;;;;;
1125;Orbital area, ventrolateral part, layer 5;188087;188087.175751;um2;711;4994;4994;um2;0.026552;;;;;;;;;;;;;;
608;Orbital area, ventrolateral part, layer 6a;260077;260076.892548;um2;985;6815;6815;um2;0.026204;;;;;;;;;;;;;;
680;Orbital area, ventrolateral part, layer 6b;32373;32372.963791;um2;93;786;786;um2;0.024280;;;;;;;;;;;;;;
95;Agranular insular area;0;0;um2;0;0;0;um2;0;;;;;;;;;;;;;;
104;Agranular insular area, dorsal part;0;0;um2;0;0;0;um2;0;;;;;;;;;;;;;;
996;Agranular insular area, dorsal part, layer 1;410778;410778.372391;um2;143;602;602;um2;0.001466;;;;;;;;;;;;;;
328;Agranular insular area, dorsal part, layer 2/3;1078574;1078573.745544;um2;1086;7453;7453;um2;0.006910;;;;;;;;;;;;;;
1101;Agranular insular area, dorsal part, layer 5;2255519;2255518.755096;um2;2782;20256;20256;um2;0.008981;;;;;;;;;;;;;;
783;Agranular insular area, dorsal part, layer 6a;1459136;1459135.712662;um2;2799;20843;20843;um2;0.014284;;;;;;;;;;;;;;
831;Agranular insular area, dorsal part, layer 6b;119787;119787.460297;um2;112;719;719;um2;0.006002;;;;;;;;;;;;;;
111;Agranular insular area, posterior part;0;0;um2;0;0;0;um2;0;;;;;;;;;;;;;;
120;Agranular insular area, posterior part, layer 1;500793;500792.560028;um2;131;431;431;um2;0.000861;;;;;;;;;;;;;;
163;Agranular insular area, posterior part, layer 2/3;978261;978261.487206;um2;1793;12525;12525;um2;0.012803;;;;;;;;;;;;;;
344;Agranular insular area, posterior part, layer 5;921161;921161.060577;um2;1828;13196;13196;um2;0.014325;;;;;;;;;;;;;;
314;Agranular insular area, posterior part, layer 6a;523171;523171.209351;um2;1353;9488;9488;um2;0.018136;;;;;;;;;;;;;;
355;Agranular insular area, posterior part, layer 6b;22984;22983.567497;um2;62;332;332;um2;0.014445;;;;;;;;;;;;;;
119;Agranular insular area, ventral part;0;0;um2;0;0;0;um2;0;;;;;;;;;;;;;;
704;Agranular insular area, ventral part, layer 1;365032;365032.129730;um2;135;635;635;um2;0.001740;;;;;;;;;;;;;;
694;Agranular insular area, ventral part, layer 2/3;1192557;1192557.116272;um2;1857;13694;13694;um2;0.011483;;;;;;;;;;;;;;
800;Agranular insular area, ventral part, layer 5;1663139;1663139.171417;um2;3511;26513;26513;um2;0.015942;;;;;;;;;;;;;;
675;Agranular insular area, ventral part, layer 6a;363458;363457.890579;um2;1005;8140;8140;um2;0.022396;;;;;;;;;;;;;;
699;Agranular insular area, ventral part, layer 6b;10749;10748.737839;um2;17;123;123;um2;0.011443;;;;;;;;;;;;;;
254;Retrosplenial area;0;0;um2;0;0;0;um2;0;;;;;;;;;;;;;;
894;Retrosplenial area, lateral agranular part;0;0;um2;0;0;0;um2;0;;;;;;;;;;;;;;
671;Retrosplenial area, lateral agranular part, layer 1;284709;284708.916862;um2;160;791;791;um2;0.002778;;;;;;;;;;;;;;
965;Retrosplenial area, lateral agranular part, layer 2/3;471173;471173.150574;um2;1642;10202;10202;um2;0.021652;;;;;;;;;;;;;;
774;Retrosplenial area, lateral agranular part, layer 5;578669;578669.382881;um2;2529;15653;15653;um2;0.027050;;;;;;;;;;;;;;
906;Retrosplenial area, lateral agranular part, layer 6a;333477;333477.371300;um2;1392;8587;8587;um2;0.025750;;;;;;;;;;;;;;
279;Retrosplenial area, lateral agranular part, layer 6b;40487;40486.708038;um2;177;1032;1032;um2;0.025490;;;;;;;;;;;;;;
480149258;Mediomedial anterior visual area;0;0;um2;0;0;0;um2;0;;;;;;;;;;;;;;
480149262;Mediomedial anterior visual area, layer 1;0;0;um2;0;0;0;um2;0;;;;;;;;;;;;;;
480149266;Mediomedial anterior visual area, layer 2/3;0;0;um2;0;0;0;um2;0;;;;;;;;;;;;;;
480149270;Mediomedial anterior visual area, layer 4;0;0;um2;0;0;0;um2;0;;;;;;;;;;;;;;
480149274;Mediomedial anterior visual area,layer 5;0;0;um2;0;0;0;um2;0;;;;;;;;;;;;;;
480149278;Mediomedial anterior visual area, layer 6a;0;0;um2;0;0;0;um2;0;;;;;;;;;;;;;;
480149282;Mediomedial anterior visual area, layer 6b;0;0;um2;0;0;0;um2;0;;;;;;;;;;;;;;
480149286;Mediomedial posterior visual area;0;0;um2;0;0;0;um2;0;;;;;;;;;;;;;;
480149290;Mediomedial posterior visual area, layer 1;0;0;um2;0;0;0;um2;0;;;;;;;;;;;;;;
480149294;Mediomedial posterior visual area, layer 2/3;0;0;um2;0;0;0;um2;0;;;;;;;;;;;;;;
480149298;Mediomedial posterior visual area, layer 4;0;0;um2;0;0;0;um2;0;;;;;;;;;;;;;;
480149302;Mediomedial posterior visual area,layer 5;0;0;um2;0;0;0;um2;0;;;;;;;;;;;;;;
480149306;Mediomedial posterior visual area, layer 6a;0;0;um2;0;0;0;um2;0;;;;;;;;;;;;;;
480149310;Mediomedial posterior visual area, layer 6b;0;0;um2;0;0;0;um2;0;;;;;;;;;;;;;;
480149314;Medial visual area;0;0;um2;0;0;0;um2;0;;;;;;;;;;;;;;
480149318;Medial visual area, layer 1;0;0;um2;0;0;0;um2;0;;;;;;;;;;;;;;
480149322;Medial visual area, layer 2/3;0;0;um2;0;0;0;um2;0;;;;;;;;;;;;;;
480149326;Medial visual area, layer 4;0;0;um2;0;0;0;um2;0;;;;;;;;;;;;;;
480149330;Medial visual area,layer 5;0;0;um2;0;0;0;um2;0;;;;;;;;;;;;;;
480149334;Medial visual area, layer 6a;0;0;um2;0;0;0;um2;0;;;;;;;;;;;;;;
480149338;Medial visual area, layer 6b;0;0;um2;0;0;0;um2;0;;;;;;;;;;;;;;
879;Retrosplenial area, dorsal part;0;0;um2;0;0;0;um2;0;;;;;;;;;;;;;;
442;Retrosplenial area, dorsal part, layer 1;558681;558680.868408;um2;446;2199;2199;um2;0.003936;;;;;;;;;;;;;;
434;Retrosplenial area, dorsal part, layer 2/3;826879;826879.333183;um2;3502;18558;18558;um2;0.022443;;;;;;;;;;;;;;
545;Retrosplenial area, dorsal part, layer 4;0;0;um2;0;0;0;um2;0;;;;;;;;;;;;;;
610;Retrosplenial area, dorsal part, layer 5;990203;990202.651924;um2;2502;14014;14014;um2;0.014153;;;;;;;;;;;;;;
274;Retrosplenial area, dorsal part, layer 6a;674015;674014.559280;um2;1824;11298;11298;um2;0.016762;;;;;;;;;;;;;;
330;Retrosplenial area, dorsal part, layer 6b;37282;37281.878754;um2;114;741;741;um2;0.019876;;;;;;;;;;;;;;
886;Retrosplenial area, ventral part;0;0;um2;0;0;0;um2;0;;;;;;;;;;;;;;
542;Retrosplenial area, ventral part, layer 1;914894;914893.683853;um2;764;3380;3380;um2;0.003694;;;;;;;;;;;;;;
606;Retrosplenial area, ventral part, layer 2;0;0;um2;0;0;0;um2;0;;;;;;;;;;;;;;
430;Retrosplenial area, ventral part, layer 2/3;1036651;1036650.626190;um2;3239;16857;16857;um2;0.016261;;;;;;;;;;;;;;
687;Retrosplenial area, ventral part, layer 5;1700415;1700415.113586;um2;4117;23414;23414;um2;0.013770;;;;;;;;;;;;;;
590;Retrosplenial area, ventral part, layer 6a;688733;688732.574783;um2;1480;8594;8594;um2;0.012478;;;;;;;;;;;;;;
622;Retrosplenial area, ventral part, layer 6b;53726;53725.884949;um2;126;699;699;um2;0.013010;;;;;;;;;;;;;;
22;Posterior parietal association areas;0;0;um2;0;0;0;um2;0;;;;;;;;;;;;;;
532;Posterior parietal association areas, layer 1;0;0;um2;0;0;0;um2;0;;;;;;;;;;;;;;
241;Posterior parietal association areas, layer 2/3;0;0;um2;0;0;0;um2;0;;;;;;;;;;;;;;
635;Posterior parietal association areas, layer 4;0;0;um2;0;0;0;um2;0;;;;;;;;;;;;;;
683;Posterior parietal association areas, layer 5;0;0;um2;0;0;0;um2;0;;;;;;;;;;;;;;
308;Posterior parietal association areas, layer 6a;0;0;um2;0;0;0;um2;0;;;;;;;;;;;;;;
340;Posterior parietal association areas, layer 6b;0;0;um2;0;0;0;um2;0;;;;;;;;;;;;;;
312782546;Anterior area;0;0;um2;0;0;0;um2;0;;;;;;;;;;;;;;
312782550;Anterior area, layer 1;358249;358248.599251;um2;371;1886;1886;um2;0.005265;;;;;;;;;;;;;;
312782554;Anterior area, layer 2/3;666460;666460.400551;um2;2578;15211;15211;um2;0.022824;;;;;;;;;;;;;;
312782558;Anterior area, layer 4;245813;245812.566887;um2;1656;8987;8987;um2;0.036560;;;;;;;;;;;;;;
312782562;Anterior area, layer 5;563398;563397.522034;um2;3449;19963;19963;um2;0.035433;;;;;;;;;;;;;;
312782566;Anterior area, layer 6a;343064;343063.939323;um2;1619;8730;8730;um2;0.025447;;;;;;;;;;;;;;
312782570;Anterior area, layer 6b;60175;60174.928841;um2;236;1286;1286;um2;0.021371;;;;;;;;;;;;;;
417;Rostrolateral visual area;0;0;um2;0;0;0;um2;0;;;;;;;;;;;;;;
312782604;Rostrolateral area, layer 1;163219;163219.070351;um2;187;1184;1184;um2;0.007254;;;;;;;;;;;;;;
312782608;Rostrolateral area, layer 2/3;265696;265696.237724;um2;1295;8799;8799;um2;0.033117;;;;;;;;;;;;;;
312782612;Rostrolateral area, layer 4;135591;135590.762749;um2;1207;7306;7306;um2;0.053883;;;;;;;;;;;;;;
312782616;Rostrolateral area, layer 5;215579;215578.976723;um2;1223;8101;8101;um2;0.037578;;;;;;;;;;;;;;
312782620;Rostrolateral area, layer 6a;131902;131901.539093;um2;772;5328;5328;um2;0.040394;;;;;;;;;;;;;;
312782624;Rostrolateral area, layer 6b;24180;24180.322495;um2;100;669;669;um2;0.027667;;;;;;;;;;;;;;
541;Temporal association areas;0;0;um2;0;0;0;um2;0;;;;;;;;;;;;;;
97;Temporal association areas, layer 1;347824;347824.475716;um2;118;492;492;um2;0.001415;;;;;;;;;;;;;;
1127;Temporal association areas, layer 2/3;456154;456154.175064;um2;504;3116;3116;um2;0.006831;;;;;;;;;;;;;;
234;Temporal association areas, layer 4;189998;189998.383667;um2;302;1662;1662;um2;0.008747;;;;;;;;;;;;;;
289;Temporal association areas, layer 5;619422;619421.687637;um2;1123;7045;7045;um2;0.011374;;;;;;;;;;;;;;
729;Temporal association areas, layer 6a;355321;355320.644485;um2;994;6111;6111;um2;0.017199;;;;;;;;;;;;;;
786;Temporal association areas, layer 6b;45287;45286.843269;um2;79;480;480;um2;0.010599;;;;;;;;;;;;;;
922;Perirhinal area;0;0;um2;0;0;0;um2;0;;;;;;;;;;;;;;
540;Perirhinal area, layer 1;203373;203372.657822;um2;144;846;846;um2;0.004160;;;;;;;;;;;;;;
888;Perirhinal area, layer 2/3;253172;253171.677582;um2;676;4728;4728;um2;0.018675;;;;;;;;;;;;;;
692;Perirhinal area, layer 5;107143;107142.929108;um2;229;1476;1476;um2;0.013776;;;;;;;;;;;;;;
335;Perirhinal area, layer 6a;19788;19787.798264;um2;38;230;230;um2;0.011623;;;;;;;;;;;;;;
368;Perirhinal area, layer 6b;3441;3441.194649;um2;5;44;44;um2;0.012786;;;;;;;;;;;;;;
895;Ectorhinal area;0;0;um2;0;0;0;um2;0;;;;;;;;;;;;;;
836;Ectorhinal area/Layer 1;229865;229864.758133;um2;163;904;904;um2;0.003933;;;;;;;;;;;;;;
427;Ectorhinal area/Layer 2/3;408859;408859.161461;um2;1171;7931;7931;um2;0.019398;;;;;;;;;;;;;;
988;Ectorhinal area/Layer 5;447443;447442.881210;um2;1488;9747;9747;um2;0.021784;;;;;;;;;;;;;;
977;Ectorhinal area/Layer 6a;326583;326583.314194;um2;999;6531;6531;um2;0.019998;;;;;;;;;;;;;;
1045;Ectorhinal area/Layer 6b;43584;43583.738205;um2;83;523;523;um2;0.012000;;;;;;;;;;;;;;
698;Olfactory areas;3905928;3905928.079483;um2;8472;69232;69232;um2;0.017725;;;;;;;;;;;;;;
507;Main olfactory bulb;0;0;um2;0;0;0;um2;0;;;;;;;;;;;;;;
212;Main olfactory bulb, glomerular layer;0;0;um2;0;0;0;um2;0;;;;;;;;;;;;;;
220;Main olfactory bulb, granule layer;0;0;um2;0;0;0;um2;0;;;;;;;;;;;;;;
228;Main olfactory bulb, inner plexiform layer;0;0;um2;0;0;0;um2;0;;;;;;;;;;;;;;
236;Main olfactory bulb, mitral layer;0;0;um2;0;0;0;um2;0;;;;;;;;;;;;;;
244;Main olfactory bulb, outer plexiform layer;0;0;um2;0;0;0;um2;0;;;;;;;;;;;;;;
151;Accessory olfactory bulb;0;0;um2;0;0;0;um2;0;;;;;;;;;;;;;;
188;Accessory olfactory bulb, glomerular layer;0;0;um2;0;0;0;um2;0;;;;;;;;;;;;;;
196;Accessory olfactory bulb, granular layer;0;0;um2;0;0;0;um2;0;;;;;;;;;;;;;;
204;Accessory olfactory bulb, mitral layer;0;0;um2;0;0;0;um2;0;;;;;;;;;;;;;;
159;Anterior olfactory nucleus;2442504;2442504.331039;um2;6365;53303;53303;um2;0.021823;;;;;;;;;;;;;;
167;Anterior olfactory nucleus, dorsal part;0;0;um2;0;0;0;um2;0;;;;;;;;;;;;;;
175;Anterior olfactory nucleus, external part;0;0;um2;0;0;0;um2;0;;;;;;;;;;;;;;
183;Anterior olfactory nucleus, lateral part;0;0;um2;0;0;0;um2;0;;;;;;;;;;;;;;
191;Anterior olfactory nucleus, medial part;0;0;um2;0;0;0;um2;0;;;;;;;;;;;;;;
199;Anterior olfactory nucleus, posteroventral part;0;0;um2;0;0;0;um2;0;;;;;;;;;;;;;;
160;Anterior olfactory nucleus, layer 1;0;0;um2;0;0;0;um2;0;;;;;;;;;;;;;;
168;Anterior olfactory nucleus, layer 2;0;0;um2;0;0;0;um2;0;;;;;;;;;;;;;;
589;Taenia tecta;0;0;um2;0;0;0;um2;0;;;;;;;;;;;;;;
597;Taenia tecta, dorsal part;1614112;1614111.668274;um2;4142;36608;36608;um2;0.022680;;;;;;;;;;;;;;
297;Taenia tecta, dorsal part, layers 1-4;0;0;um2;0;0;0;um2;0;;;;;;;;;;;;;;
1034;Taenia tecta, dorsal part, layer 1;0;0;um2;0;0;0;um2;0;;;;;;;;;;;;;;
1042;Taenia tecta, dorsal part, layer 2;0;0;um2;0;0;0;um2;0;;;;;;;;;;;;;;
1050;Taenia tecta, dorsal part, layer 3;0;0;um2;0;0;0;um2;0;;;;;;;;;;;;;;
1059;Taenia tecta, dorsal part, layer 4;0;0;um2;0;0;0;um2;0;;;;;;;;;;;;;;
605;Taenia tecta, ventral part;687220;687220.135162;um2;936;6909;6909;um2;0.010054;;;;;;;;;;;;;;
306;Taenia tecta, ventral part, layers 1-3;0;0;um2;0;0;0;um2;0;;;;;;;;;;;;;;
1067;Taenia tecta, ventral part, layer 1;0;0;um2;0;0;0;um2;0;;;;;;;;;;;;;;
1075;Taenia tecta, ventral part, layer 2;0;0;um2;0;0;0;um2;0;;;;;;;;;;;;;;
1082;Taenia tecta, ventral part, layer 3;0;0;um2;0;0;0;um2;0;;;;;;;;;;;;;;
814;Dorsal peduncular area;1477980;1477980.149643;um2;3993;34193;34193;um2;0.023135;;;;;;;;;;;;;;
496;Dorsal peduncular area, layer 1;0;0;um2;0;0;0;um2;0;;;;;;;;;;;;;;
535;Dorsal peduncular area, layer 2;0;0;um2;0;0;0;um2;0;;;;;;;;;;;;;;
360;Dorsal peduncular area, layer 2/3;0;0;um2;0;0;0;um2;0;;;;;;;;;;;;;;
646;Dorsal peduncular area, layer 5;0;0;um2;0;0;0;um2;0;;;;;;;;;;;;;;
267;Dorsal peduncular area, layer 6a;0;0;um2;0;0;0;um2;0;;;;;;;;;;;;;;
961;Piriform area;16994809;16994809.056778;um2;41961;285451;285451;um2;0.016796;;;;;;;;;;;;;;
152;Piriform area, layers 1-3;0;0;um2;0;0;0;um2;0;;;;;;;;;;;;;;
276;Piriform area, molecular layer;0;0;um2;0;0;0;um2;0;;;;;;;;;;;;;;
284;Piriform area, pyramidal layer;0;0;um2;0;0;0;um2;0;;;;;;;;;;;;;;
291;Piriform area, polymorph layer;0;0;um2;0;0;0;um2;0;;;;;;;;;;;;;;
619;Nucleus of the lateral olfactory tract;0;0;um2;0;0;0;um2;0;;;;;;;;;;;;;;
392;Nucleus of the lateral olfactory tract, layers 1-3;0;0;um2;0;0;0;um2;0;;;;;;;;;;;;;;
260;Nucleus of the lateral olfactory tract, molecular layer;161836;161835.544022;um2;271;1650;1650;um2;0.010196;;;;;;;;;;;;;;
268;Nucleus of the lateral olfactory tract, pyramidal layer;212062;212062.031380;um2;553;3805;3805;um2;0.017943;;;;;;;;;;;;;;
1139;Nucleus of the lateral olfactory tract, layer 3;79828;79828.322128;um2;117;714;714;um2;0.008944;;;;;;;;;;;;;;
631;Cortical amygdalar area;0;0;um2;0;0;0;um2;0;;;;;;;;;;;;;;
639;Cortical amygdalar area, anterior part;995516;995516.282082;um2;2396;14833;14833;um2;0.014900;;;;;;;;;;;;;;
192;Cortical amygdalar area, anterior part, layer 1;0;0;um2;0;0;0;um2;0;;;;;;;;;;;;;;
200;Cortical amygdalar area, anterior part, layer 2;0;0;um2;0;0;0;um2;0;;;;;;;;;;;;;;
208;Cortical amygdalar area, anterior part, layer 3;0;0;um2;0;0;0;um2;0;;;;;;;;;;;;;;
647;Cortical amygdalar area, posterior part;0;0;um2;0;0;0;um2;0;;;;;;;;;;;;;;
655;Cortical amygdalar area, posterior part, lateral zone;1359151;1359150.529434;um2;1324;8028;8028;um2;0.005907;;;;;;;;;;;;;;
584;Cortical amygdalar area, posterior part, lateral zone, layers 1-2;0;0;um2;0;0;0;um2;0;;;;;;;;;;;;;;
376;Cortical amygdalar area, posterior part, lateral zone, layers 1-3;0;0;um2;0;0;0;um2;0;;;;;;;;;;;;;;
216;Cortical amygdalar area, posterior part, lateral zone, layer 1;0;0;um2;0;0;0;um2;0;;;;;;;;;;;;;;
224;Cortical amygdalar area, posterior part, lateral zone, layer 2;0;0;um2;0;0;0;um2;0;;;;;;;;;;;;;;
232;Cortical amygdalar area, posterior part, lateral zone, layer 3;0;0;um2;0;0;0;um2;0;;;;;;;;;;;;;;
663;Cortical amygdalar area, posterior part, medial zone;1186735;1186734.888191;um2;1573;10506;10506;um2;0.008853;;;;;;;;;;;;;;
592;Cortical amygdalar area, posterior part, medial zone, layers 1-2;0;0;um2;0;0;0;um2;0;;;;;;;;;;;;;;
383;Cortical amygdalar area, posterior part, medial zone, layers 1-3;0;0;um2;0;0;0;um2;0;;;;;;;;;;;;;;
240;Cortical amygdalar area, posterior part, medial zone, layer 1;0;0;um2;0;0;0;um2;0;;;;;;;;;;;;;;
248;Cortical amygdalar area, posterior part, medial zone, layer 2;0;0;um2;0;0;0;um2;0;;;;;;;;;;;;;;
256;Cortical amygdalar area, posterior part, medial zone, layer 3;0;0;um2;0;0;0;um2;0;;;;;;;;;;;;;;
788;Piriform-amygdalar area;1477596;1477596.490067;um2;1899;12307;12307;um2;0.008329;;;;;;;;;;;;;;
400;Piriform-amygdalar area, layers 1-3;0;0;um2;0;0;0;um2;0;;;;;;;;;;;;;;
408;Piriform-amygdalar area, molecular layer;0;0;um2;0;0;0;um2;0;;;;;;;;;;;;;;
416;Piriform-amygdalar area, pyramidal layer;0;0;um2;0;0;0;um2;0;;;;;;;;;;;;;;
424;Piriform-amygdalar area, polymorph layer;0;0;um2;0;0;0;um2;0;;;;;;;;;;;;;;
566;Postpiriform transition area;769494;769494.198624;um2;399;2724;2724;um2;0.003540;;;;;;;;;;;;;;
517;Postpiriform transition area, layers 1-3;0;0;um2;0;0;0;um2;0;;;;;;;;;;;;;;
1140;Postpiriform transition area, layers 1;0;0;um2;0;0;0;um2;0;;;;;;;;;;;;;;
1141;Postpiriform transition area, layers 2;0;0;um2;0;0;0;um2;0;;;;;;;;;;;;;;
1142;Postpiriform transition area, layers 3;0;0;um2;0;0;0;um2;0;;;;;;;;;;;;;;
1089;Hippocampal formation;141503;141502.692780;um2;145;871;871;um2;0.006155;;;;;;;;;;;;;;
1080;Hippocampal region;0;0;um2;0;0;0;um2;0;;;;;;;;;;;;;;
375;Ammon's horn;0;0;um2;0;0;0;um2;0;;;;;;;;;;;;;;
382;Field CA1;9422121;9422121.023170;um2;12647;78333;78333;um2;0.008314;;;;;;;;;;;;;;
391;Field CA1, stratum lacunosum-moleculare;0;0;um2;0;0;0;um2;0;;;;;;;;;;;;;;
399;Field CA1, stratum oriens;0;0;um2;0;0;0;um2;0;;;;;;;;;;;;;;
407;Field CA1, pyramidal layer;0;0;um2;0;0;0;um2;0;;;;;;;;;;;;;;
415;Field CA1, stratum radiatum;0;0;um2;0;0;0;um2;0;;;;;;;;;;;;;;
423;Field CA2;510894;510894.390205;um2;492;2814;2814;um2;0.005508;;;;;;;;;;;;;;
431;Field CA2, stratum lacunosum-moleculare;0;0;um2;0;0;0;um2;0;;;;;;;;;;;;;;
438;Field CA2, stratum oriens;0;0;um2;0;0;0;um2;0;;;;;;;;;;;;;;
446;Field CA2, pyramidal layer;0;0;um2;0;0;0;um2;0;;;;;;;;;;;;;;
454;Field CA2, stratum radiatum;0;0;um2;0;0;0;um2;0;;;;;;;;;;;;;;
463;Field CA3;6611337;6611337.215439;um2;7695;48038;48038;um2;0.007266;;;;;;;;;;;;;;
471;Field CA3, stratum lacunosum-moleculare;0;0;um2;0;0;0;um2;0;;;;;;;;;;;;;;
479;Field CA3, stratum lucidum;0;0;um2;0;0;0;um2;0;;;;;;;;;;;;;;
486;Field CA3, stratum oriens;0;0;um2;0;0;0;um2;0;;;;;;;;;;;;;;
495;Field CA3, pyramidal layer;0;0;um2;0;0;0;um2;0;;;;;;;;;;;;;;
504;Field CA3, stratum radiatum;0;0;um2;0;0;0;um2;0;;;;;;;;;;;;;;
726;Dentate gyrus;0;0;um2;0;0;0;um2;0;;;;;;;;;;;;;;
10703;Dentate gyrus, molecular layer;3308225;3308225.403671;um2;1789;8912;8912;um2;0.002694;;;;;;;;;;;;;;
10704;Dentate gyrus, polymorph layer;436792;436791.517960;um2;867;5559;5559;um2;0.012727;;;;;;;;;;;;;;
632;Dentate gyrus, granule cell layer;1272942;1272941.912750;um2;2622;17346;17346;um2;0.013627;;;;;;;;;;;;;;
10702;Dentate gyrus, subgranular zone;0;0;um2;0;0;0;um2;0;;;;;;;;;;;;;;
734;Dentate gyrus crest;0;0;um2;0;0;0;um2;0;;;;;;;;;;;;;;
742;Dentate gyrus crest, molecular layer;0;0;um2;0;0;0;um2;0;;;;;;;;;;;;;;
751;Dentate gyrus crest, polymorph layer;0;0;um2;0;0;0;um2;0;;;;;;;;;;;;;;
758;Dentate gyrus crest, granule cell layer;0;0;um2;0;0;0;um2;0;;;;;;;;;;;;;;
766;Dentate gyrus lateral blade;0;0;um2;0;0;0;um2;0;;;;;;;;;;;;;;
775;Dentate gyrus lateral blade, molecular layer;0;0;um2;0;0;0;um2;0;;;;;;;;;;;;;;
782;Dentate gyrus lateral blade, polymorph layer;0;0;um2;0;0;0;um2;0;;;;;;;;;;;;;;
790;Dentate gyrus lateral blade, granule cell layer;0;0;um2;0;0;0;um2;0;;;;;;;;;;;;;;
799;Dentate gyrus medial blade;0;0;um2;0;0;0;um2;0;;;;;;;;;;;;;;
807;Dentate gyrus medial blade, molecular layer;0;0;um2;0;0;0;um2;0;;;;;;;;;;;;;;
815;Dentate gyrus medial blade, polymorph layer;0;0;um2;0;0;0;um2;0;;;;;;;;;;;;;;
823;Dentate gyrus medial blade, granule cell layer;0;0;um2;0;0;0;um2;0;;;;;;;;;;;;;;
982;Fasciola cinerea;85759;85758.911224;um2;124;541;541;um2;0.006308;;;;;;;;;;;;;;
19;Induseum griseum;233771;233770.860497;um2;85;432;432;um2;0.001848;;;;;;;;;;;;;;
822;Retrohippocampal region;0;0;um2;0;0;0;um2;0;;;;;;;;;;;;;;
909;Entorhinal area;0;0;um2;0;0;0;um2;0;;;;;;;;;;;;;;
918;Entorhinal area, lateral part;0;0;um2;0;0;0;um2;0;;;;;;;;;;;;;;
1121;Entorhinal area, lateral part, layer 1;294527;294526.727333;um2;52;246;246;um2;0.000835;;;;;;;;;;;;;;
20;Entorhinal area, lateral part, layer 2;397155;397154.774223;um2;766;5687;5687;um2;0.014319;;;;;;;;;;;;;;
999;Entorhinal area, lateral part, layer 2/3;0;0;um2;0;0;0;um2;0;;;;;;;;;;;;;;
715;Entorhinal area, lateral part, layer 2a;0;0;um2;0;0;0;um2;0;;;;;;;;;;;;;;
764;Entorhinal area, lateral part, layer 2b;0;0;um2;0;0;0;um2;0;;;;;;;;;;;;;;
52;Entorhinal area, lateral part, layer 3;404517;404516.549232;um2;834;6223;6223;um2;0.015384;;;;;;;;;;;;;;
92;Entorhinal area, lateral part, layer 4;0;0;um2;0;0;0;um2;0;;;;;;;;;;;;;;
312;Entorhinal area, lateral part, layer 4/5;0;0;um2;0;0;0;um2;0;;;;;;;;;;;;;;
139;Entorhinal area, lateral part, layer 5;467978;467978.409660;um2;542;3876;3876;um2;0.008282;;;;;;;;;;;;;;
387;Entorhinal area, lateral part, layer 5/6;0;0;um2;0;0;0;um2;0;;;;;;;;;;;;;;
28;Entorhinal area, lateral part, layer 6a;221975;221975.213905;um2;233;1751;1751;um2;0.007888;;;;;;;;;;;;;;
60;Entorhinal area, lateral part, layer 6b;0;0;um2;0;0;0;um2;0;;;;;;;;;;;;;;
926;Entorhinal area, medial part, dorsal zone;0;0;um2;0;0;0;um2;0;;;;;;;;;;;;;;
526;Entorhinal area, medial part, dorsal zone, layer 1;0;0;um2;0;0;0;um2;0;;;;;;;;;;;;;;
543;Entorhinal area, medial part, dorsal zone, layer 2;0;0;um2;0;0;0;um2;0;;;;;;;;;;;;;;
468;Entorhinal area, medial part, dorsal zone, layer 2a;0;0;um2;0;0;0;um2;0;;;;;;;;;;;;;;
508;Entorhinal area, medial part, dorsal zone, layer 2b;0;0;um2;0;0;0;um2;0;;;;;;;;;;;;;;
664;Entorhinal area, medial part, dorsal zone, layer 3;0;0;um2;0;0;0;um2;0;;;;;;;;;;;;;;
712;Entorhinal area, medial part, dorsal zone, layer 4;0;0;um2;0;0;0;um2;0;;;;;;;;;;;;;;
727;Entorhinal area, medial part, dorsal zone, layer 5;0;0;um2;0;0;0;um2;0;;;;;;;;;;;;;;
550;Entorhinal area, medial part, dorsal zone, layer 5/6;0;0;um2;0;0;0;um2;0;;;;;;;;;;;;;;
743;Entorhinal area, medial part, dorsal zone, layer 6;0;0;um2;0;0;0;um2;0;;;;;;;;;;;;;;
934;Entorhinal area, medial part, ventral zone;0;0;um2;0;0;0;um2;0;;;;;;;;;;;;;;
259;Entorhinal area, medial part, ventral zone, layer 1;0;0;um2;0;0;0;um2;0;;;;;;;;;;;;;;
324;Entorhinal area, medial part, ventral zone, layer 2;0;0;um2;0;0;0;um2;0;;;;;;;;;;;;;;
371;Entorhinal area, medial part, ventral zone, layer 3;0;0;um2;0;0;0;um2;0;;;;;;;;;;;;;;
419;Entorhinal area, medial part, ventral zone, layer 4;0;0;um2;0;0;0;um2;0;;;;;;;;;;;;;;
1133;Entorhinal area, medial part, ventral zone, layer 5/6;0;0;um2;0;0;0;um2;0;;;;;;;;;;;;;;
843;Parasubiculum;0;0;um2;0;0;0;um2;0;;;;;;;;;;;;;;
10693;Parasubiculum, layer 1;0;0;um2;0;0;0;um2;0;;;;;;;;;;;;;;
10694;Parasubiculum, layer 2;0;0;um2;0;0;0;um2;0;;;;;;;;;;;;;;
10695;Parasubiculum, layer 3;0;0;um2;0;0;0;um2;0;;;;;;;;;;;;;;
1037;Postsubiculum;58157;58156.885986;um2;136;703;703;um2;0.012088;;;;;;;;;;;;;;
10696;Postsubiculum, layer 1;0;0;um2;0;0;0;um2;0;;;;;;;;;;;;;;
10697;Postsubiculum, layer 2;0;0;um2;0;0;0;um2;0;;;;;;;;;;;;;;
10698;Postsubiculum, layer 3;0;0;um2;0;0;0;um2;0;;;;;;;;;;;;;;
1084;Presubiculum;0;0;um2;0;0;0;um2;0;;;;;;;;;;;;;;
10699;Presubiculum, layer 1;0;0;um2;0;0;0;um2;0;;;;;;;;;;;;;;
10700;Presubiculum, layer 2;0;0;um2;0;0;0;um2;0;;;;;;;;;;;;;;
10701;Presubiculum, layer 3;0;0;um2;0;0;0;um2;0;;;;;;;;;;;;;;
502;Subiculum;601205;601205.221237;um2;786;4828;4828;um2;0.008031;;;;;;;;;;;;;;
509;Subiculum, dorsal part;0;0;um2;0;0;0;um2;0;;;;;;;;;;;;;;
829;Subiculum, dorsal part, molecular layer;0;0;um2;0;0;0;um2;0;;;;;;;;;;;;;;
845;Subiculum, dorsal part, pyramidal layer;0;0;um2;0;0;0;um2;0;;;;;;;;;;;;;;
837;Subiculum, dorsal part, stratum radiatum;0;0;um2;0;0;0;um2;0;;;;;;;;;;;;;;
518;Subiculum, ventral part;0;0;um2;0;0;0;um2;0;;;;;;;;;;;;;;
853;Subiculum, ventral part, molecular layer;0;0;um2;0;0;0;um2;0;;;;;;;;;;;;;;
870;Subiculum, ventral part, pyramidal layer;0;0;um2;0;0;0;um2;0;;;;;;;;;;;;;;
861;Subiculum, ventral part, stratum radiatum;0;0;um2;0;0;0;um2;0;;;;;;;;;;;;;;
484682470;Prosubiculum;234129;234129.254471;um2;362;2533;2533;um2;0.010819;;;;;;;;;;;;;;
484682475;Prosubiculum, dorsal part;0;0;um2;0;0;0;um2;0;;;;;;;;;;;;;;
484682479;Prosubiculum, dorsal part, molecular layer;0;0;um2;0;0;0;um2;0;;;;;;;;;;;;;;
484682483;Prosubiculum, dorsal part, pyramidal layer;0;0;um2;0;0;0;um2;0;;;;;;;;;;;;;;
484682487;Prosubiculum, dorsal part, stratum radiatum;0;0;um2;0;0;0;um2;0;;;;;;;;;;;;;;
484682492;Prosubiculum, ventral part;0;0;um2;0;0;0;um2;0;;;;;;;;;;;;;;
484682496;Prosubiculum, ventral part, molecular layer;0;0;um2;0;0;0;um2;0;;;;;;;;;;;;;;
484682500;Prosubiculum, ventral part, pyramidal layer;0;0;um2;0;0;0;um2;0;;;;;;;;;;;;;;
484682504;Prosubiculum, ventral part, stratum radiatum;0;0;um2;0;0;0;um2;0;;;;;;;;;;;;;;
589508447;Hippocampo-amygdalar transition area;110723;110722.698334;um2;131;870;870;um2;0.007857;;;;;;;;;;;;;;
484682508;Area prostriata;0;0;um2;0;0;0;um2;0;;;;;;;;;;;;;;
703;Cortical subplate;495733;495733.230247;um2;864;5765;5765;um2;0.011629;;;;;;;;;;;;;;
16;Layer 6b, isocortex;0;0;um2;0;0;0;um2;0;;;;;;;;;;;;;;
583;Claustrum;1128019;1128019.324432;um2;2948;21886;21886;um2;0.019402;;;;;;;;;;;;;;
942;Endopiriform nucleus;0;0;um2;0;0;0;um2;0;;;;;;;;;;;;;;
952;Endopiriform nucleus, dorsal part;2834844;2834843.989563;um2;6319;50054;50054;um2;0.017657;;;;;;;;;;;;;;
966;Endopiriform nucleus, ventral part;1092321;1092321.183319;um2;1468;10010;10010;um2;0.009164;;;;;;;;;;;;;;
131;Lateral amygdalar nucleus;1012840;1012840.249458;um2;1333;7078;7078;um2;0.006988;;;;;;;;;;;;;;
295;Basolateral amygdalar nucleus;0;0;um2;0;0;0;um2;0;;;;;;;;;;;;;;
303;Basolateral amygdalar nucleus, anterior part;914456;914455.614624;um2;2547;16280;16280;um2;0.017803;;;;;;;;;;;;;;
311;Basolateral amygdalar nucleus, posterior part;858709;858708.832214;um2;1572;9846;9846;um2;0.011466;;;;;;;;;;;;;;
451;Basolateral amygdalar nucleus, ventral part;615379;615379.376984;um2;837;5550;5550;um2;0.009019;;;;;;;;;;;;;;
319;Basomedial amygdalar nucleus;0;0;um2;0;0;0;um2;0;;;;;;;;;;;;;;
327;Basomedial amygdalar nucleus, anterior part;955598;955597.928604;um2;1964;13034;13034;um2;0.013640;;;;;;;;;;;;;;
334;Basomedial amygdalar nucleus, posterior part;794479;794479.178185;um2;1308;8049;8049;um2;0.010131;;;;;;;;;;;;;;
780;Posterior amygdalar nucleus;881957;881956.978111;um2;1406;9378;9378;um2;0.010633;;;;;;;;;;;;;;
623;Cerebral nuclei;0;0;um2;0;0;0;um2;0;;;;;;;;;;;;;;
477;Striatum;4794582;4794582.056625;um2;10251;67125;67125;um2;0.014000;;;;;;;;;;;;;;
485;Striatum dorsal region;0;0;um2;0;0;0;um2;0;;;;;;;;;;;;;;
672;Caudoputamen;41051891;41051891.310226;um2;59720;248935;248935;um2;0.006064;;;;;;;;;;;;;;
493;Striatum ventral region;0;0;um2;0;0;0;um2;0;;;;;;;;;;;;;;
56;Nucleus accumbens;9582484;9582483.511444;um2;17938;98227;98227;um2;0.010251;;;;;;;;;;;;;;
998;Fundus of striatum;680264;680263.604851;um2;932;5629;5629;um2;0.008275;;;;;;;;;;;;;;
754;Olfactory tubercle;7319962;7319961.904495;um2;10508;61412;61412;um2;0.008390;;;;;;;;;;;;;;
481;Islands of Calleja;0;0;um2;0;0;0;um2;0;;;;;;;;;;;;;;
489;Major island of Calleja;0;0;um2;0;0;0;um2;0;;;;;;;;;;;;;;
144;Olfactory tubercle, layers 1-3;0;0;um2;0;0;0;um2;0;;;;;;;;;;;;;;
458;Olfactory tubercle, molecular layer;0;0;um2;0;0;0;um2;0;;;;;;;;;;;;;;
465;Olfactory tubercle, pyramidal layer;0;0;um2;0;0;0;um2;0;;;;;;;;;;;;;;
473;Olfactory tubercle, polymorph layer;0;0;um2;0;0;0;um2;0;;;;;;;;;;;;;;
549009199;Lateral strip of striatum;0;0;um2;0;0;0;um2;0;;;;;;;;;;;;;;
275;Lateral septal complex;0;0;um2;0;0;0;um2;0;;;;;;;;;;;;;;
242;Lateral septal nucleus;0;0;um2;0;0;0;um2;0;;;;;;;;;;;;;;
250;Lateral septal nucleus, caudal (caudodorsal) part;877413;877412.830101;um2;1552;7822;7822;um2;0.008915;;;;;;;;;;;;;;
258;Lateral septal nucleus, rostral (rostroventral) part;3277174;3277174.216949;um2;8912;58620;58620;um2;0.017887;;;;;;;;;;;;;;
266;Lateral septal nucleus, ventral part;1055844;1055844.053497;um2;3432;21778;21778;um2;0.020626;;;;;;;;;;;;;;
310;Septofimbrial nucleus;681297;681297.382530;um2;1058;5888;5888;um2;0.008642;;;;;;;;;;;;;;
333;Septohippocampal nucleus;66683;66682.549225;um2;180;1075;1075;um2;0.016121;;;;;;;;;;;;;;
278;Striatum-like amygdalar nuclei;0;0;um2;0;0;0;um2;0;;;;;;;;;;;;;;
23;Anterior amygdalar area;779716;779715.626381;um2;1074;6583;6583;um2;0.008443;;;;;;;;;;;;;;
292;Bed nucleus of the accessory olfactory tract;27897;27896.999573;um2;18;64;64;um2;0.002294;;;;;;;;;;;;;;
536;Central amygdalar nucleus;0;0;um2;0;0;0;um2;0;;;;;;;;;;;;;;
544;Central amygdalar nucleus, capsular part;355379;355379.434746;um2;809;4376;4376;um2;0.012314;;;;;;;;;;;;;;
551;Central amygdalar nucleus, lateral part;324188;324187.791748;um2;693;3881;3881;um2;0.011971;;;;;;;;;;;;;;
559;Central amygdalar nucleus, medial part;876930;876929.595398;um2;1442;8836;8836;um2;0.010076;;;;;;;;;;;;;;
1105;Intercalated amygdalar nucleus;213321;213321.325432;um2;528;3145;3145;um2;0.014743;;;;;;;;;;;;;;
403;Medial amygdalar nucleus;2928637;2928637.257645;um2;5846;33698;33698;um2;0.011506;;;;;;;;;;;;;;
411;Medial amygdalar nucleus, anterodorsal part;0;0;um2;0;0;0;um2;0;;;;;;;;;;;;;;
418;Medial amygdalar nucleus, anteroventral part;0;0;um2;0;0;0;um2;0;;;;;;;;;;;;;;
426;Medial amygdalar nucleus, posterodorsal part;0;0;um2;0;0;0;um2;0;;;;;;;;;;;;;;
472;Medial amygdalar nucleus, posterodorsal part, sublayer a;0;0;um2;0;0;0;um2;0;;;;;;;;;;;;;;
480;Medial amygdalar nucleus, posterodorsal part, sublayer b;0;0;um2;0;0;0;um2;0;;;;;;;;;;;;;;
487;Medial amygdalar nucleus, posterodorsal part, sublayer c;0;0;um2;0;0;0;um2;0;;;;;;;;;;;;;;
435;Medial amygdalar nucleus, posteroventral part;0;0;um2;0;0;0;um2;0;;;;;;;;;;;;;;
803;Pallidum;1531109;1531109.058945;um2;2535;13680;13680;um2;0.008935;;;;;;;;;;;;;;
818;Pallidum, dorsal region;0;0;um2;0;0;0;um2;0;;;;;;;;;;;;;;
1022;Globus pallidus, external segment;1879261;1879260.897186;um2;3158;13642;13642;um2;0.007259;;;;;;;;;;;;;;
1031;Globus pallidus, internal segment;406274;406274.006882;um2;933;4848;4848;um2;0.011933;;;;;;;;;;;;;;
835;Pallidum, ventral region;0;0;um2;0;0;0;um2;0;;;;;;;;;;;;;;
342;Substantia innominata;4916686;4916685.641632;um2;6132;33486;33486;um2;0.006811;;;;;;;;;;;;;;
298;Magnocellular nucleus;575912;575911.667023;um2;1026;5228;5228;um2;0.009078;;;;;;;;;;;;;;
826;Pallidum, medial region;0;0;um2;0;0;0;um2;0;;;;;;;;;;;;;;
904;Medial septal complex;0;0;um2;0;0;0;um2;0;;;;;;;;;;;;;;
564;Medial septal nucleus;648029;648028.953247;um2;1280;7565;7565;um2;0.011674;;;;;;;;;;;;;;
596;Diagonal band nucleus;1352421;1352421.000771;um2;2838;16404;16404;um2;0.012129;;;;;;;;;;;;;;
581;Triangular nucleus of septum;439368;439367.736008;um2;594;3211;3211;um2;0.007308;;;;;;;;;;;;;;
809;Pallidum, caudal region;0;0;um2;0;0;0;um2;0;;;;;;;;;;;;;;
351;Bed nuclei of the stria terminalis;2183340;2183339.851875;um2;4263;27098;27098;um2;0.012411;;;;;;;;;;;;;;
359;Bed nuclei of the stria terminalis, anterior division;0;0;um2;0;0;0;um2;0;;;;;;;;;;;;;;
537;Bed nuclei of the stria terminalis, anterior division, anterolateral area;0;0;um2;0;0;0;um2;0;;;;;;;;;;;;;;
498;Bed nuclei of the stria terminalis, anterior division, anteromedial area;0;0;um2;0;0;0;um2;0;;;;;;;;;;;;;;
505;Bed nuclei of the stria terminalis, anterior division, dorsomedial nucleus;0;0;um2;0;0;0;um2;0;;;;;;;;;;;;;;
513;Bed nuclei of the stria terminalis, anterior division, fusiform nucleus;0;0;um2;0;0;0;um2;0;;;;;;;;;;;;;;
546;Bed nuclei of the stria terminalis, anterior division, juxtacapsular nucleus;0;0;um2;0;0;0;um2;0;;;;;;;;;;;;;;
521;Bed nuclei of the stria terminalis, anterior division, magnocellular nucleus;0;0;um2;0;0;0;um2;0;;;;;;;;;;;;;;
554;Bed nuclei of the stria terminalis, anterior division, oval nucleus;0;0;um2;0;0;0;um2;0;;;;;;;;;;;;;;
562;Bed nuclei of the stria terminalis, anterior division, rhomboid nucleus;0;0;um2;0;0;0;um2;0;;;;;;;;;;;;;;
529;Bed nuclei of the stria terminalis, anterior division, ventral nucleus;0;0;um2;0;0;0;um2;0;;;;;;;;;;;;;;
367;Bed nuclei of the stria terminalis, posterior division;0;0;um2;0;0;0;um2;0;;;;;;;;;;;;;;
569;Bed nuclei of the stria terminalis, posterior division, dorsal nucleus;0;0;um2;0;0;0;um2;0;;;;;;;;;;;;;;
578;Bed nuclei of the stria terminalis, posterior division, principal nucleus;0;0;um2;0;0;0;um2;0;;;;;;;;;;;;;;
585;Bed nuclei of the stria terminalis, posterior division, interfascicular nucleus;0;0;um2;0;0;0;um2;0;;;;;;;;;;;;;;
594;Bed nuclei of the stria terminalis, posterior division, transverse nucleus;0;0;um2;0;0;0;um2;0;;;;;;;;;;;;;;
602;Bed nuclei of the stria terminalis, posterior division, strial extension;0;0;um2;0;0;0;um2;0;;;;;;;;;;;;;;
287;Bed nucleus of the anterior commissure;0;0;um2;0;0;0;um2;0;;;;;;;;;;;;;;
343;Brain stem;0;0;um2;0;0;0;um2;0;;;;;;;;;;;;;;
1129;Interbrain;0;0;um2;0;0;0;um2;0;;;;;;;;;;;;;;
549;Thalamus;923589;923588.685837;um2;1425;8178;8178;um2;0.008855;;;;;;;;;;;;;;
864;Thalamus, sensory-motor cortex related;0;0;um2;0;0;0;um2;0;;;;;;;;;;;;;;
637;Ventral group of the dorsal thalamus;0;0;um2;0;0;0;um2;0;;;;;;;;;;;;;;
629;Ventral anterior-lateral complex of the thalamus;647538;647537.791679;um2;866;3914;3914;um2;0.006044;;;;;;;;;;;;;;
685;Ventral medial nucleus of the thalamus;1189859;1189859.030785;um2;2044;10656;10656;um2;0.008956;;;;;;;;;;;;;;
709;Ventral posterior complex of the thalamus;0;0;um2;0;0;0;um2;0;;;;;;;;;;;;;;
718;Ventral posterolateral nucleus of the thalamus;943033;943033.043839;um2;1983;8819;8819;um2;0.009352;;;;;;;;;;;;;;
725;Ventral posterolateral nucleus of the thalamus, parvicellular part;77632;77631.620575;um2;61;249;249;um2;0.003207;;;;;;;;;;;;;;
733;Ventral posteromedial nucleus of the thalamus;2173328;2173328.344742;um2;5859;26334;26334;um2;0.012117;;;;;;;;;;;;;;
741;Ventral posteromedial nucleus of the thalamus, parvicellular part;276655;276655.001732;um2;162;681;681;um2;0.002462;;;;;;;;;;;;;;
563807435;Posterior triangular thalamic nucleus;300240;300240.152008;um2;428;3196;3196;um2;0.010645;;;;;;;;;;;;;;
406;Subparafascicular nucleus;0;0;um2;0;0;0;um2;0;;;;;;;;;;;;;;
414;Subparafascicular nucleus, magnocellular part;37738;37737.563393;um2;35;189;189;um2;0.005008;;;;;;;;;;;;;;
422;Subparafascicular nucleus, parvicellular part;141403;141403.040474;um2;166;1206;1206;um2;0.008529;;;;;;;;;;;;;;
609;Subparafascicular area;31663;31663.231522;um2;34;189;189;um2;0.005969;;;;;;;;;;;;;;
1044;Peripeduncular nucleus;55063;55063.158600;um2;64;376;376;um2;0.006829;;;;;;;;;;;;;;
1008;Geniculate group, dorsal thalamus;0;0;um2;0;0;0;um2;0;;;;;;;;;;;;;;
475;Medial geniculate complex;0;0;um2;0;0;0;um2;0;;;;;;;;;;;;;;
1072;Medial geniculate complex, dorsal part;117847;117847.491989;um2;49;220;220;um2;0.001867;;;;;;;;;;;;;;
1079;Medial geniculate complex, ventral part;223557;223556.789825;um2;72;375;375;um2;0.001677;;;;;;;;;;;;;;
1088;Medial geniculate complex, medial part;233411;233410.764404;um2;199;1243;1243;um2;0.005325;;;;;;;;;;;;;;
170;Dorsal part of the lateral geniculate complex;0;0;um2;0;0;0;um2;0;;;;;;;;;;;;;;
496345664;Dorsal part of the lateral geniculate complex, shell;198259;198258.977684;um2;179;953;953;um2;0.004807;;;;;;;;;;;;;;
496345668;Dorsal part of the lateral geniculate complex, core;508715;508715.248795;um2;792;4076;4076;um2;0.008012;;;;;;;;;;;;;;
496345672;Dorsal part of the lateral geniculate complex, ipsilateral zone;99607;99607.471985;um2;84;303;303;um2;0.003042;;;;;;;;;;;;;;
856;Thalamus, polymodal association cortex related;0;0;um2;0;0;0;um2;0;;;;;;;;;;;;;;
138;Lateral group of the dorsal thalamus;0;0;um2;0;0;0;um2;0;;;;;;;;;;;;;;
218;Lateral posterior nucleus of the thalamus;1552082;1552082.058731;um2;1459;5961;5961;um2;0.003841;;;;;;;;;;;;;;
1020;Posterior complex of the thalamus;1605068;1605068.393906;um2;2188;8704;8704;um2;0.005423;;;;;;;;;;;;;;
1029;Posterior limiting nucleus of the thalamus;177393;177393.027451;um2;345;2431;2431;um2;0.013704;;;;;;;;;;;;;;
325;Suprageniculate nucleus;132698;132697.903145;um2;87;560;560;um2;0.004220;;;;;;;;;;;;;;
560581551;Ethmoid nucleus of the thalamus;241833;241832.917259;um2;240;1000;1000;um2;0.004135;;;;;;;;;;;;;;
560581555;Retroethmoid nucleus;0;0;um2;0;0;0;um2;0;;;;;;;;;;;;;;
239;Anterior group of the dorsal thalamus;0;0;um2;0;0;0;um2;0;;;;;;;;;;;;;;
255;Anteroventral nucleus of thalamus;325604;325603.685036;um2;404;1884;1884;um2;0.005786;;;;;;;;;;;;;;
127;Anteromedial nucleus;0;0;um2;0;0;0;um2;0;;;;;;;;;;;;;;
1096;Anteromedial nucleus, dorsal part;181935;181934.929214;um2;489;2922;2922;um2;0.016061;;;;;;;;;;;;;;
1104;Anteromedial nucleus, ventral part;120625;120625.199837;um2;218;1293;1293;um2;0.010719;;;;;;;;;;;;;;
64;Anterodorsal nucleus;120644;120644.292839;um2;84;321;321;um2;0.002661;;;;;;;;;;;;;;
1120;Interanteromedial nucleus of the thalamus;32399;32398.744209;um2;149;902;902;um2;0.027841;;;;;;;;;;;;;;
1113;Interanterodorsal nucleus of the thalamus;82264;82264.278481;um2;260;1527;1527;um2;0.018562;;;;;;;;;;;;;;
155;Lateral dorsal nucleus of thalamus;866416;866415.781929;um2;729;3224;3224;um2;0.003721;;;;;;;;;;;;;;
444;Medial group of the dorsal thalamus;0;0;um2;0;0;0;um2;0;;;;;;;;;;;;;;
59;Intermediodorsal nucleus of the thalamus;239315;239314.908844;um2;630;3249;3249;um2;0.013576;;;;;;;;;;;;;;
362;Mediodorsal nucleus of thalamus;1647323;1647323.091530;um2;2625;12153;12153;um2;0.007377;;;;;;;;;;;;;;
617;Mediodorsal nucleus of the thalamus, central part;0;0;um2;0;0;0;um2;0;;;;;;;;;;;;;;
626;Mediodorsal nucleus of the thalamus, lateral part;0;0;um2;0;0;0;um2;0;;;;;;;;;;;;;;
636;Mediodorsal nucleus of the thalamus, medial part;0;0;um2;0;0;0;um2;0;;;;;;;;;;;;;;
366;Submedial nucleus of the thalamus;283713;283712.707214;um2;354;1579;1579;um2;0.005565;;;;;;;;;;;;;;
1077;Perireunensis nucleus;140739;140739.233612;um2;336;1985;1985;um2;0.014104;;;;;;;;;;;;;;
571;Midline group of the dorsal thalamus;0;0;um2;0;0;0;um2;0;;;;;;;;;;;;;;
149;Paraventricular nucleus of the thalamus;610695;610695.470573;um2;2196;11952;11952;um2;0.019571;;;;;;;;;;;;;;
15;Parataenial nucleus;280045;280045.154312;um2;792;4375;4375;um2;0.015622;;;;;;;;;;;;;;
181;Nucleus of reuniens;357172;357171.850594;um2;796;4442;4442;um2;0.012437;;;;;;;;;;;;;;
560581559;Xiphoid thalamic nucleus;79375;79375.041061;um2;270;1653;1653;um2;0.020825;;;;;;;;;;;;;;
51;Intralaminar nuclei of the dorsal thalamus;0;0;um2;0;0;0;um2;0;;;;;;;;;;;;;;
189;Rhomboid nucleus;85670;85670.243416;um2;272;1483;1483;um2;0.017311;;;;;;;;;;;;;;
599;Central medial nucleus of the thalamus;256001;256000.827827;um2;677;3583;3583;um2;0.013996;;;;;;;;;;;;;;
907;Paracentral nucleus;280049;280049.200699;um2;526;2205;2205;um2;0.007874;;;;;;;;;;;;;;
575;Central lateral nucleus of the thalamus;461622;461621.772804;um2;1101;4875;4875;um2;0.010561;;;;;;;;;;;;;;
930;Parafascicular nucleus;329237;329237.344643;um2;563;2361;2361;um2;0.007171;;;;;;;;;;;;;;
560581563;Posterior intralaminar thalamic nucleus;133182;133182.405220;um2;178;1241;1241;um2;0.009318;;;;;;;;;;;;;;
262;Reticular nucleus of the thalamus;1472776;1472776.490654;um2;2908;14237;14237;um2;0.009667;;;;;;;;;;;;;;
1014;Geniculate group, ventral thalamus;0;0;um2;0;0;0;um2;0;;;;;;;;;;;;;;
27;Intergeniculate leaflet of the lateral geniculate complex;54183;54182.946777;um2;174;1160;1160;um2;0.021409;;;;;;;;;;;;;;
563807439;Intermediate geniculate nucleus;18762;18761.822868;um2;77;621;621;um2;0.033099;;;;;;;;;;;;;;
178;Ventral part of the lateral geniculate complex;372288;372288.005821;um2;935;5832;5832;um2;0.015665;;;;;;;;;;;;;;
300;Ventral part of the lateral geniculate complex, lateral zone;0;0;um2;0;0;0;um2;0;;;;;;;;;;;;;;
316;Ventral part of the lateral geniculate complex, medial zone;0;0;um2;0;0;0;um2;0;;;;;;;;;;;;;;
321;Subgeniculate nucleus;14311;14310.860847;um2;25;148;148;um2;0.010342;;;;;;;;;;;;;;
958;Epithalamus;0;0;um2;0;0;0;um2;0;;;;;;;;;;;;;;
483;Medial habenula;387420;387420.176491;um2;452;1933;1933;um2;0.004989;;;;;;;;;;;;;;
186;Lateral habenula;471951;471950.925682;um2;1109;4654;4654;um2;0.009861;;;;;;;;;;;;;;
953;Pineal body;0;0;um2;0;0;0;um2;0;;;;;;;;;;;;;;
1097;Hypothalamus;3522955;3522955.416443;um2;9017;55336;55336;um2;0.015707;;;;;;;;;;;;;;
157;Periventricular zone;0;0;um2;0;0;0;um2;0;;;;;;;;;;;;;;
390;Supraoptic nucleus;80091;80090.500137;um2;206;976;976;um2;0.012186;;;;;;;;;;;;;;
332;Accessory supraoptic group;9616;9615.853348;um2;26;196;196;um2;0.020383;;;;;;;;;;;;;;
432;Nucleus circularis;0;0;um2;0;0;0;um2;0;;;;;;;;;;;;;;
38;Paraventricular hypothalamic nucleus;180745;180744.845490;um2;425;2447;2447;um2;0.013538;;;;;;;;;;;;;;
71;Paraventricular hypothalamic nucleus, magnocellular division;0;0;um2;0;0;0;um2;0;;;;;;;;;;;;;;
47;Paraventricular hypothalamic nucleus, magnocellular division, anterior magnocellular part;0;0;um2;0;0;0;um2;0;;;;;;;;;;;;;;
79;Paraventricular hypothalamic nucleus, magnocellular division, medial magnocellular part;0;0;um2;0;0;0;um2;0;;;;;;;;;;;;;;
103;Paraventricular hypothalamic nucleus, magnocellular division, posterior magnocellular part;0;0;um2;0;0;0;um2;0;;;;;;;;;;;;;;
652;Paraventricular hypothalamic nucleus, magnocellular division, posterior magnocellular part, lateral zone;0;0;um2;0;0;0;um2;0;;;;;;;;;;;;;;
660;Paraventricular hypothalamic nucleus, magnocellular division, posterior magnocellular part, medial zone;0;0;um2;0;0;0;um2;0;;;;;;;;;;;;;;
94;Paraventricular hypothalamic nucleus, parvicellular division;0;0;um2;0;0;0;um2;0;;;;;;;;;;;;;;
55;Paraventricular hypothalamic nucleus, parvicellular division, anterior parvicellular part;0;0;um2;0;0;0;um2;0;;;;;;;;;;;;;;
87;Paraventricular hypothalamic nucleus, parvicellular division, medial parvicellular part, dorsal zone;0;0;um2;0;0;0;um2;0;;;;;;;;;;;;;;
110;Paraventricular hypothalamic nucleus, parvicellular division, periventricular part;0;0;um2;0;0;0;um2;0;;;;;;;;;;;;;;
30;Periventricular hypothalamic nucleus, anterior part;69763;69762.500526;um2;134;550;550;um2;0.007884;;;;;;;;;;;;;;
118;Periventricular hypothalamic nucleus, intermediate part;250598;250598.341049;um2;369;1872;1872;um2;0.007470;;;;;;;;;;;;;;
223;Arcuate hypothalamic nucleus;446236;446236.243881;um2;938;4247;4247;um2;0.009517;;;;;;;;;;;;;;
141;Periventricular region;0;0;um2;0;0;0;um2;0;;;;;;;;;;;;;;
72;Anterodorsal preoptic nucleus;155882;155882.003265;um2;688;4628;4628;um2;0.029689;;;;;;;;;;;;;;
80;Anterior hypothalamic area;0;0;um2;0;0;0;um2;0;;;;;;;;;;;;;;
263;Anteroventral preoptic nucleus;174332;174332.011108;um2;338;2114;2114;um2;0.012126;;;;;;;;;;;;;;
272;Anteroventral periventricular nucleus;287479;287478.817688;um2;528;3123;3123;um2;0.010863;;;;;;;;;;;;;;
830;Dorsomedial nucleus of the hypothalamus;650440;650439.654266;um2;1899;11423;11423;um2;0.017562;;;;;;;;;;;;;;
668;Dorsomedial nucleus of the hypothalamus, anterior part;0;0;um2;0;0;0;um2;0;;;;;;;;;;;;;;
676;Dorsomedial nucleus of the hypothalamus, posterior part;0;0;um2;0;0;0;um2;0;;;;;;;;;;;;;;
684;Dorsomedial nucleus of the hypothalamus, ventral part;0;0;um2;0;0;0;um2;0;;;;;;;;;;;;;;
452;Median preoptic nucleus;68409;68408.849304;um2;133;778;778;um2;0.011373;;;;;;;;;;;;;;
523;Medial preoptic area;833492;833491.871689;um2;1620;10586;10586;um2;0.012701;;;;;;;;;;;;;;
763;Vascular organ of the lamina terminalis;13543;13542.803009;um2;26;175;175;um2;0.012922;;;;;;;;;;;;;;
914;Posterodorsal preoptic nucleus;18247;18246.945198;um2;37;185;185;um2;0.010139;;;;;;;;;;;;;;
1109;Parastrial nucleus;178044;178043.850708;um2;411;2766;2766;um2;0.015535;;;;;;;;;;;;;;
1124;Suprachiasmatic preoptic nucleus;0;0;um2;0;0;0;um2;0;;;;;;;;;;;;;;
126;Periventricular hypothalamic nucleus, posterior part;122899;122898.652641;um2;169;944;944;um2;0.007681;;;;;;;;;;;;;;
133;Periventricular hypothalamic nucleus, preoptic part;202300;202299.570480;um2;141;512;512;um2;0.002531;;;;;;;;;;;;;;
347;Subparaventricular zone;114431;114431.115059;um2;268;1531;1531;um2;0.013379;;;;;;;;;;;;;;
286;Suprachiasmatic nucleus;95443;95442.527847;um2;291;1214;1214;um2;0.012720;;;;;;;;;;;;;;
338;Subfornical organ;24072;24071.971581;um2;12;36;36;um2;0.001496;;;;;;;;;;;;;;
576073699;Ventromedial preoptic nucleus;86535;86535.298485;um2;122;426;426;um2;0.004923;;;;;;;;;;;;;;
689;Ventrolateral preoptic nucleus;115437;115436.965179;um2;121;489;489;um2;0.004236;;;;;;;;;;;;;;
467;Hypothalamic medial zone;0;0;um2;0;0;0;um2;0;;;;;;;;;;;;;;
88;Anterior hypothalamic nucleus;824812;824812.047722;um2;1665;11103;11103;um2;0.013461;;;;;;;;;;;;;;
700;Anterior hypothalamic nucleus, anterior part;0;0;um2;0;0;0;um2;0;;;;;;;;;;;;;;
708;Anterior hypothalamic nucleus, central part;0;0;um2;0;0;0;um2;0;;;;;;;;;;;;;;
716;Anterior hypothalamic nucleus, dorsal part;0;0;um2;0;0;0;um2;0;;;;;;;;;;;;;;
724;Anterior hypothalamic nucleus, posterior part;0;0;um2;0;0;0;um2;0;;;;;;;;;;;;;;
331;Mammillary body;0;0;um2;0;0;0;um2;0;;;;;;;;;;;;;;
210;Lateral mammillary nucleus;87822;87821.950745;um2;169;1242;1242;um2;0.014142;;;;;;;;;;;;;;
491;Medial mammillary nucleus;0;0;um2;0;0;0;um2;0;;;;;;;;;;;;;;
732;Medial mammillary nucleus, median part;64077;64076.988998;um2;190;1362;1362;um2;0.021256;;;;;;;;;;;;;;
606826647;Medial mammillary nucleus, lateral part;296996;296995.786278;um2;482;2834;2834;um2;0.009542;;;;;;;;;;;;;;
606826651;Medial mammillary nucleus, medial part;147206;147206.006615;um2;261;1863;1863;um2;0.012656;;;;;;;;;;;;;;
606826655;Medial mammillary nucleus, posterior part;78329;78329.168457;um2;45;204;204;um2;0.002604;;;;;;;;;;;;;;
606826659;Medial mammillary nucleus, dorsal part;142307;142306.954529;um2;147;783;783;um2;0.005502;;;;;;;;;;;;;;
525;Supramammillary nucleus;313400;313400.076065;um2;838;6000;6000;um2;0.019145;;;;;;;;;;;;;;
1110;Supramammillary nucleus, lateral part;0;0;um2;0;0;0;um2;0;;;;;;;;;;;;;;
1118;Supramammillary nucleus, medial part;0;0;um2;0;0;0;um2;0;;;;;;;;;;;;;;
557;Tuberomammillary nucleus;0;0;um2;0;0;0;um2;0;;;;;;;;;;;;;;
1126;Tuberomammillary nucleus, dorsal part;35535;35534.969772;um2;90;586;586;um2;0.016491;;;;;;;;;;;;;;
1;Tuberomammillary nucleus, ventral part;48570;48570.083855;um2;53;338;338;um2;0.006959;;;;;;;;;;;;;;
515;Medial preoptic nucleus;595046;595045.693436;um2;817;4675;4675;um2;0.007857;;;;;;;;;;;;;;
740;Medial preoptic nucleus, central part;0;0;um2;0;0;0;um2;0;;;;;;;;;;;;;;
748;Medial preoptic nucleus, lateral part;0;0;um2;0;0;0;um2;0;;;;;;;;;;;;;;
756;Medial preoptic nucleus, medial part;0;0;um2;0;0;0;um2;0;;;;;;;;;;;;;;
980;Dorsal premammillary nucleus;165569;165569.336281;um2;571;4693;4693;um2;0.028345;;;;;;;;;;;;;;
1004;Ventral premammillary nucleus;177516;177515.531059;um2;334;2498;2498;um2;0.014072;;;;;;;;;;;;;;
63;Paraventricular hypothalamic nucleus, descending division;96490;96490.303528;um2;458;2711;2711;um2;0.028096;;;;;;;;;;;;;;
439;Paraventricular hypothalamic nucleus, descending division, dorsal parvicellular part;0;0;um2;0;0;0;um2;0;;;;;;;;;;;;;;
447;Paraventricular hypothalamic nucleus, descending division, forniceal part;0;0;um2;0;0;0;um2;0;;;;;;;;;;;;;;
455;Paraventricular hypothalamic nucleus, descending division, lateral parvicellular part;0;0;um2;0;0;0;um2;0;;;;;;;;;;;;;;
464;Paraventricular hypothalamic nucleus, descending division, medial parvicellular part, ventral zone;0;0;um2;0;0;0;um2;0;;;;;;;;;;;;;;
693;Ventromedial hypothalamic nucleus;802343;802342.800644;um2;1543;7417;7417;um2;0.009244;;;;;;;;;;;;;;
761;Ventromedial hypothalamic nucleus, anterior part;0;0;um2;0;0;0;um2;0;;;;;;;;;;;;;;
769;Ventromedial hypothalamic nucleus, central part;0;0;um2;0;0;0;um2;0;;;;;;;;;;;;;;
777;Ventromedial hypothalamic nucleus, dorsomedial part;0;0;um2;0;0;0;um2;0;;;;;;;;;;;;;;
785;Ventromedial hypothalamic nucleus, ventrolateral part;0;0;um2;0;0;0;um2;0;;;;;;;;;;;;;;
946;Posterior hypothalamic nucleus;921199;921198.706810;um2;3031;21998;21998;um2;0.023880;;;;;;;;;;;;;;
290;Hypothalamic lateral zone;0;0;um2;0;0;0;um2;0;;;;;;;;;;;;;;
194;Lateral hypothalamic area;2563804;2563803.804062;um2;6682;43748;43748;um2;0.017064;;;;;;;;;;;;;;
226;Lateral preoptic area;828814;828813.588066;um2;1547;9685;9685;um2;0.011685;;;;;;;;;;;;;;
356;Preparasubthalamic nucleus;23918;23918.340065;um2;104;754;754;um2;0.031524;;;;;;;;;;;;;;
364;Parasubthalamic nucleus;163491;163490.816658;um2;569;3536;3536;um2;0.021628;;;;;;;;;;;;;;
576073704;Perifornical nucleus;205499;205498.698479;um2;506;3355;3355;um2;0.016326;;;;;;;;;;;;;;
173;Retrochiasmatic area;238045;238044.753181;um2;395;1811;1811;um2;0.007608;;;;;;;;;;;;;;
470;Subthalamic nucleus;244716;244716.085434;um2;608;2986;2986;um2;0.012202;;;;;;;;;;;;;;
614;Tuberal nucleus;883428;883428.114838;um2;1233;5700;5700;um2;0.006452;;;;;;;;;;;;;;
797;Zona incerta;1572238;1572238.117523;um2;5431;33562;33562;um2;0.021347;;;;;;;;;;;;;;
796;Dopaminergic A13 group;0;0;um2;0;0;0;um2;0;;;;;;;;;;;;;;
804;Fields of Forel;208454;208454.064041;um2;726;5741;5741;um2;0.027541;;;;;;;;;;;;;;
10671;Median eminence;108563;108563.398720;um2;74;337;337;um2;0.003104;;;;;;;;;;;;;;
313;Midbrain;3037166;3037165.838539;um2;9148;73148;73148;um2;0.024084;;;;;;;;;;;;;;
339;Midbrain, sensory related;0;0;um2;0;0;0;um2;0;;;;;;;;;;;;;;
302;Superior colliculus, sensory related;0;0;um2;0;0;0;um2;0;;;;;;;;;;;;;;
851;Superior colliculus, optic layer;191750;191750.257149;um2;524;3443;3443;um2;0.017956;;;;;;;;;;;;;;
842;Superior colliculus, superficial gray layer;171286;171286.329231;um2;384;2368;2368;um2;0.013825;;;;;;;;;;;;;;
834;Superior colliculus, zonal layer;93839;93838.658432;um2;91;471;471;um2;0.005019;;;;;;;;;;;;;;
4;Inferior colliculus;0;0;um2;0;0;0;um2;0;;;;;;;;;;;;;;
811;Inferior colliculus, central nucleus;0;0;um2;0;0;0;um2;0;;;;;;;;;;;;;;
820;Inferior colliculus, dorsal nucleus;0;0;um2;0;0;0;um2;0;;;;;;;;;;;;;;
828;Inferior colliculus, external nucleus;0;0;um2;0;0;0;um2;0;;;;;;;;;;;;;;
580;Nucleus of the brachium of the inferior colliculus;0;0;um2;0;0;0;um2;0;;;;;;;;;;;;;;
271;Nucleus sagulum;0;0;um2;0;0;0;um2;0;;;;;;;;;;;;;;
874;Parabigeminal nucleus;0;0;um2;0;0;0;um2;0;;;;;;;;;;;;;;
460;Midbrain trigeminal nucleus;0;0;um2;0;0;0;um2;0;;;;;;;;;;;;;;
599626923;Subcommissural organ;8512;8512.221848;um2;8;44;44;um2;0.005169;;;;;;;;;;;;;;
323;Midbrain, motor related;0;0;um2;0;0;0;um2;0;;;;;;;;;;;;;;
381;Substantia nigra, reticular part;957854;957853.919289;um2;823;4490;4490;um2;0.004688;;;;;;;;;;;;;;
749;Ventral tegmental area;428097;428097.382736;um2;740;5750;5750;um2;0.013432;;;;;;;;;;;;;;
607344830;Paranigral nucleus;6020;6019.510849;um2;0;0;0;um2;0;;;;;;;;;;;;;;
246;Midbrain reticular nucleus, retrorubral area;0;0;um2;0;0;0;um2;0;;;;;;;;;;;;;;
128;Midbrain reticular nucleus;1490322;1490322.047256;um2;3429;26715;26715;um2;0.017926;;;;;;;;;;;;;;
539;Midbrain reticular nucleus, magnocellular part;0;0;um2;0;0;0;um2;0;;;;;;;;;;;;;;
548;Midbrain reticular nucleus, magnocellular part, general;0;0;um2;0;0;0;um2;0;;;;;;;;;;;;;;
555;Midbrain reticular nucleus, parvicellular part;0;0;um2;0;0;0;um2;0;;;;;;;;;;;;;;
294;Superior colliculus, motor related;0;0;um2;0;0;0;um2;0;;;;;;;;;;;;;;
26;Superior colliculus, motor related, deep gray layer;44360;44360.030533;um2;264;2411;2411;um2;0.054351;;;;;;;;;;;;;;
42;Superior colliculus, motor related, deep white layer;19114;19113.821800;um2;62;584;584;um2;0.030554;;;;;;;;;;;;;;
17;Superior colliculus, motor related, intermediate white layer;347199;347199.279999;um2;1720;15032;15032;um2;0.043295;;;;;;;;;;;;;;
10;Superior colliculus, motor related, intermediate gray layer;692510;692510.237282;um2;3399;26825;26825;um2;0.038736;;;;;;;;;;;;;;
494;Superior colliculus, motor related, intermediate gray layer, sublayer a;0;0;um2;0;0;0;um2;0;;;;;;;;;;;;;;
503;Superior colliculus, motor related, intermediate gray layer, sublayer b;0;0;um2;0;0;0;um2;0;;;;;;;;;;;;;;
511;Superior colliculus, motor related, intermediate gray layer, sublayer c;0;0;um2;0;0;0;um2;0;;;;;;;;;;;;;;
795;Periaqueductal gray;623444;623444.406952;um2;1889;15658;15658;um2;0.025115;;;;;;;;;;;;;;
50;Precommissural nucleus;91279;91279.146507;um2;203;1261;1261;um2;0.013815;;;;;;;;;;;;;;
67;Interstitial nucleus of Cajal;69315;69314.829544;um2;280;2252;2252;um2;0.032489;;;;;;;;;;;;;;
587;Nucleus of Darkschewitsch;79805;79804.590057;um2;461;3526;3526;um2;0.044183;;;;;;;;;;;;;;
614454277;Supraoculomotor periaqueductal gray;0;0;um2;0;0;0;um2;0;;;;;;;;;;;;;;
1100;Pretectal region;0;0;um2;0;0;0;um2;0;;;;;;;;;;;;;;
215;Anterior pretectal nucleus;1250884;1250884.343384;um2;3843;27257;27257;um2;0.021790;;;;;;;;;;;;;;
531;Medial pretectal area;33446;33445.598450;um2;80;532;532;um2;0.015906;;;;;;;;;;;;;;
628;Nucleus of the optic tract;222116;222116.126137;um2;377;2305;2305;um2;0.010377;;;;;;;;;;;;;;
634;Nucleus of the posterior commissure;233557;233557.045815;um2;823;6798;6798;um2;0.029106;;;;;;;;;;;;;;
706;Olivary pretectal nucleus;48836;48836.319595;um2;74;387;387;um2;0.007924;;;;;;;;;;;;;;
1061;Posterior pretectal nucleus;158406;158406.181313;um2;482;3529;3529;um2;0.022278;;;;;;;;;;;;;;
549009203;Retroparafascicular nucleus;46537;46536.965919;um2;235;2048;2048;um2;0.044008;;;;;;;;;;;;;;
549009207;Intercollicular nucleus;0;0;um2;0;0;0;um2;0;;;;;;;;;;;;;;
616;Cuneiform nucleus;0;0;um2;0;0;0;um2;0;;;;;;;;;;;;;;
214;Red nucleus;245666;245666.319672;um2;348;2843;2843;um2;0.011573;;;;;;;;;;;;;;
35;Oculomotor nucleus;0;0;um2;0;0;0;um2;0;;;;;;;;;;;;;;
549009211;Medial accesory oculomotor nucleus;24801;24801.273178;um2;85;742;742;um2;0.029918;;;;;;;;;;;;;;
975;Edinger-Westphal nucleus;18030;18030.346405;um2;70;636;636;um2;0.035274;;;;;;;;;;;;;;
115;Trochlear nucleus;0;0;um2;0;0;0;um2;0;;;;;;;;;;;;;;
606826663;Paratrochlear nucleus;0;0;um2;0;0;0;um2;0;;;;;;;;;;;;;;
757;Ventral tegmental nucleus;0;0;um2;0;0;0;um2;0;;;;;;;;;;;;;;
231;Anterior tegmental nucleus;0;0;um2;0;0;0;um2;0;;;;;;;;;;;;;;
66;Lateral terminal nucleus of the accessory optic tract;29971;29970.650848;um2;40;208;208;um2;0.006940;;;;;;;;;;;;;;
75;Dorsal terminal nucleus of the accessory optic tract;2429;2428.925430;um2;0;0;0;um2;0;;;;;;;;;;;;;;
58;Medial terminal nucleus of the accessory optic tract;52104;52104.159546;um2;49;344;344;um2;0.006602;;;;;;;;;;;;;;
615;Substantia nigra, lateral part;0;0;um2;0;0;0;um2;0;;;;;;;;;;;;;;
348;Midbrain, behavioral state related;0;0;um2;0;0;0;um2;0;;;;;;;;;;;;;;
374;Substantia nigra, compact part;147054;147053.930901;um2;203;1426;1426;um2;0.009697;;;;;;;;;;;;;;
1052;Pedunculopontine nucleus;0;0;um2;0;0;0;um2;0;;;;;;;;;;;;;;
165;Midbrain raphe nuclei;0;0;um2;0;0;0;um2;0;;;;;;;;;;;;;;
12;Interfascicular nucleus raphe;47256;47255.980919;um2;102;791;791;um2;0.016739;;;;;;;;;;;;;;
100;Interpeduncular nucleus;0;0;um2;0;0;0;um2;0;;;;;;;;;;;;;;
607344834;Interpeduncular nucleus, rostral;81302;81301.545914;um2;111;819;819;um2;0.010074;;;;;;;;;;;;;;
607344838;Interpeduncular nucleus, caudal;106;105.605453;um2;0;0;0;um2;0;;;;;;;;;;;;;;
607344842;Interpeduncular nucleus, apical;0;0;um2;0;0;0;um2;0;;;;;;;;;;;;;;
607344846;Interpeduncular nucleus, lateral;6020;6019.510849;um2;3;17;17;um2;0.002824;;;;;;;;;;;;;;
607344850;Interpeduncular nucleus, intermediate;5175;5174.667221;um2;4;33;33;um2;0.006377;;;;;;;;;;;;;;
607344854;Interpeduncular nucleus, dorsomedial;0;0;um2;0;0;0;um2;0;;;;;;;;;;;;;;
607344858;Interpeduncular nucleus, dorsolateral;5808;5808.299942;um2;5;46;46;um2;0.007920;;;;;;;;;;;;;;
607344862;Interpeduncular nucleus, rostrolateral;26975;26974.887894;um2;21;143;143;um2;0.005301;;;;;;;;;;;;;;
197;Rostral linear nucleus raphe;35177;35176.882614;um2;146;1233;1233;um2;0.035051;;;;;;;;;;;;;;
591;Central linear nucleus raphe;0;0;um2;0;0;0;um2;0;;;;;;;;;;;;;;
872;Dorsal nucleus raphe;0;0;um2;0;0;0;um2;0;;;;;;;;;;;;;;
1065;Hindbrain;0;0;um2;0;0;0;um2;0;;;;;;;;;;;;;;
771;Pons;0;0;um2;0;0;0;um2;0;;;;;;;;;;;;;;
1132;Pons, sensory related;0;0;um2;0;0;0;um2;0;;;;;;;;;;;;;;
612;Nucleus of the lateral lemniscus;0;0;um2;0;0;0;um2;0;;;;;;;;;;;;;;
82;Nucleus of the lateral lemniscus, dorsal part;0;0;um2;0;0;0;um2;0;;;;;;;;;;;;;;
90;Nucleus of the lateral lemniscus, horizontal part;0;0;um2;0;0;0;um2;0;;;;;;;;;;;;;;
99;Nucleus of the lateral lemniscus, ventral part;0;0;um2;0;0;0;um2;0;;;;;;;;;;;;;;
7;Principal sensory nucleus of the trigeminal;0;0;um2;0;0;0;um2;0;;;;;;;;;;;;;;
867;Parabrachial nucleus;0;0;um2;0;0;0;um2;0;;;;;;;;;;;;;;
123;Koelliker-Fuse subnucleus;0;0;um2;0;0;0;um2;0;;;;;;;;;;;;;;
881;Parabrachial nucleus, lateral division;0;0;um2;0;0;0;um2;0;;;;;;;;;;;;;;
860;Parabrachial nucleus, lateral division, central lateral part;0;0;um2;0;0;0;um2;0;;;;;;;;;;;;;;
868;Parabrachial nucleus, lateral division, dorsal lateral part;0;0;um2;0;0;0;um2;0;;;;;;;;;;;;;;
875;Parabrachial nucleus, lateral division, external lateral part;0;0;um2;0;0;0;um2;0;;;;;;;;;;;;;;
883;Parabrachial nucleus, lateral division, superior lateral part;0;0;um2;0;0;0;um2;0;;;;;;;;;;;;;;
891;Parabrachial nucleus, lateral division, ventral lateral part;0;0;um2;0;0;0;um2;0;;;;;;;;;;;;;;
890;Parabrachial nucleus, medial division;0;0;um2;0;0;0;um2;0;;;;;;;;;;;;;;
899;Parabrachial nucleus, medial division, external medial part;0;0;um2;0;0;0;um2;0;;;;;;;;;;;;;;
915;Parabrachial nucleus, medial division, medial medial part;0;0;um2;0;0;0;um2;0;;;;;;;;;;;;;;
923;Parabrachial nucleus, medial division, ventral medial part;0;0;um2;0;0;0;um2;0;;;;;;;;;;;;;;
398;Superior olivary complex;0;0;um2;0;0;0;um2;0;;;;;;;;;;;;;;
122;Superior olivary complex, periolivary region;0;0;um2;0;0;0;um2;0;;;;;;;;;;;;;;
105;Superior olivary complex, medial part;0;0;um2;0;0;0;um2;0;;;;;;;;;;;;;;
114;Superior olivary complex, lateral part;0;0;um2;0;0;0;um2;0;;;;;;;;;;;;;;
987;Pons, motor related;0;0;um2;0;0;0;um2;0;;;;;;;;;;;;;;
280;Barrington's nucleus;0;0;um2;0;0;0;um2;0;;;;;;;;;;;;;;
880;Dorsal tegmental nucleus;0;0;um2;0;0;0;um2;0;;;;;;;;;;;;;;
283;Lateral tegmental nucleus;0;0;um2;0;0;0;um2;0;;;;;;;;;;;;;;
599626927;Posterodorsal tegmental nucleus;0;0;um2;0;0;0;um2;0;;;;;;;;;;;;;;
898;Pontine central gray;0;0;um2;0;0;0;um2;0;;;;;;;;;;;;;;
931;Pontine gray;0;0;um2;0;0;0;um2;0;;;;;;;;;;;;;;
1093;Pontine reticular nucleus, caudal part;0;0;um2;0;0;0;um2;0;;;;;;;;;;;;;;
552;Pontine reticular nucleus, ventral part;0;0;um2;0;0;0;um2;0;;;;;;;;;;;;;;
318;Supragenual nucleus;0;0;um2;0;0;0;um2;0;;;;;;;;;;;;;;
462;Superior salivatory nucleus;0;0;um2;0;0;0;um2;0;;;;;;;;;;;;;;
534;Supratrigeminal nucleus;0;0;um2;0;0;0;um2;0;;;;;;;;;;;;;;
574;Tegmental reticular nucleus;0;0;um2;0;0;0;um2;0;;;;;;;;;;;;;;
621;Motor nucleus of trigeminal;0;0;um2;0;0;0;um2;0;;;;;;;;;;;;;;
549009215;Peritrigeminal zone;0;0;um2;0;0;0;um2;0;;;;;;;;;;;;;;
549009219;Accessory trigeminal nucleus;0;0;um2;0;0;0;um2;0;;;;;;;;;;;;;;
549009223;Parvicellular motor 5 nucleus;0;0;um2;0;0;0;um2;0;;;;;;;;;;;;;;
549009227;Intertrigeminal nucleus;0;0;um2;0;0;0;um2;0;;;;;;;;;;;;;;
1117;Pons, behavioral state related;0;0;um2;0;0;0;um2;0;;;;;;;;;;;;;;
679;Superior central nucleus raphe;0;0;um2;0;0;0;um2;0;;;;;;;;;;;;;;
137;Superior central nucleus raphe, lateral part;0;0;um2;0;0;0;um2;0;;;;;;;;;;;;;;
130;Superior central nucleus raphe, medial part;0;0;um2;0;0;0;um2;0;;;;;;;;;;;;;;
147;Locus ceruleus;0;0;um2;0;0;0;um2;0;;;;;;;;;;;;;;
162;Laterodorsal tegmental nucleus;0;0;um2;0;0;0;um2;0;;;;;;;;;;;;;;
604;Nucleus incertus;0;0;um2;0;0;0;um2;0;;;;;;;;;;;;;;
146;Pontine reticular nucleus;0;0;um2;0;0;0;um2;0;;;;;;;;;;;;;;
238;Nucleus raphe pontis;0;0;um2;0;0;0;um2;0;;;;;;;;;;;;;;
350;Subceruleus nucleus;0;0;um2;0;0;0;um2;0;;;;;;;;;;;;;;
358;Sublaterodorsal nucleus;0;0;um2;0;0;0;um2;0;;;;;;;;;;;;;;
354;Medulla;0;0;um2;0;0;0;um2;0;;;;;;;;;;;;;;
386;Medulla, sensory related;0;0;um2;0;0;0;um2;0;;;;;;;;;;;;;;
207;Area postrema;0;0;um2;0;0;0;um2;0;;;;;;;;;;;;;;
607;Cochlear nuclei;0;0;um2;0;0;0;um2;0;;;;;;;;;;;;;;
112;Granular lamina of the cochlear nuclei;0;0;um2;0;0;0;um2;0;;;;;;;;;;;;;;
560;Cochlear nucleus, subpedunclular granular region;0;0;um2;0;0;0;um2;0;;;;;;;;;;;;;;
96;Dorsal cochlear nucleus;0;0;um2;0;0;0;um2;0;;;;;;;;;;;;;;
101;Ventral cochlear nucleus;0;0;um2;0;0;0;um2;0;;;;;;;;;;;;;;
720;Dorsal column nuclei;0;0;um2;0;0;0;um2;0;;;;;;;;;;;;;;
711;Cuneate nucleus;0;0;um2;0;0;0;um2;0;;;;;;;;;;;;;;
1039;Gracile nucleus;0;0;um2;0;0;0;um2;0;;;;;;;;;;;;;;
903;External cuneate nucleus;0;0;um2;0;0;0;um2;0;;;;;;;;;;;;;;
642;Nucleus of the trapezoid body;0;0;um2;0;0;0;um2;0;;;;;;;;;;;;;;
651;Nucleus of the solitary tract;0;0;um2;0;0;0;um2;0;;;;;;;;;;;;;;
659;Nucleus of the solitary tract, central part;0;0;um2;0;0;0;um2;0;;;;;;;;;;;;;;
666;Nucleus of the solitary tract, commissural part;0;0;um2;0;0;0;um2;0;;;;;;;;;;;;;;
674;Nucleus of the solitary tract, gelatinous part;0;0;um2;0;0;0;um2;0;;;;;;;;;;;;;;
682;Nucleus of the solitary tract, lateral part;0;0;um2;0;0;0;um2;0;;;;;;;;;;;;;;
691;Nucleus of the solitary tract, medial part;0;0;um2;0;0;0;um2;0;;;;;;;;;;;;;;
429;Spinal nucleus of the trigeminal, caudal part;0;0;um2;0;0;0;um2;0;;;;;;;;;;;;;;
437;Spinal nucleus of the trigeminal, interpolar part;0;0;um2;0;0;0;um2;0;;;;;;;;;;;;;;
445;Spinal nucleus of the trigeminal, oral part;0;0;um2;0;0;0;um2;0;;;;;;;;;;;;;;
77;Spinal nucleus of the trigeminal, oral part, caudal dorsomedial part;0;0;um2;0;0;0;um2;0;;;;;;;;;;;;;;
53;Spinal nucleus of the trigeminal, oral part, middle dorsomedial part, dorsal zone;0;0;um2;0;0;0;um2;0;;;;;;;;;;;;;;
61;Spinal nucleus of the trigeminal, oral part, middle dorsomedial part, ventral zone;0;0;um2;0;0;0;um2;0;;;;;;;;;;;;;;
45;Spinal nucleus of the trigeminal, oral part, rostral dorsomedial part;0;0;um2;0;0;0;um2;0;;;;;;;;;;;;;;
69;Spinal nucleus of the trigeminal, oral part, ventrolateral part;0;0;um2;0;0;0;um2;0;;;;;;;;;;;;;;
589508451;Paratrigeminal nucleus;0;0;um2;0;0;0;um2;0;;;;;;;;;;;;;;
789;Nucleus z;0;0;um2;0;0;0;um2;0;;;;;;;;;;;;;;
370;Medulla, motor related;0;0;um2;0;0;0;um2;0;;;;;;;;;;;;;;
653;Abducens nucleus;0;0;um2;0;0;0;um2;0;;;;;;;;;;;;;;
568;Accessory abducens nucleus;0;0;um2;0;0;0;um2;0;;;;;;;;;;;;;;
661;Facial motor nucleus;0;0;um2;0;0;0;um2;0;;;;;;;;;;;;;;
576;Accessory facial motor nucleus;0;0;um2;0;0;0;um2;0;;;;;;;;;;;;;;
640;Efferent vestibular nucleus;0;0;um2;0;0;0;um2;0;;;;;;;;;;;;;;
135;Nucleus ambiguus;0;0;um2;0;0;0;um2;0;;;;;;;;;;;;;;
939;Nucleus ambiguus, dorsal division;0;0;um2;0;0;0;um2;0;;;;;;;;;;;;;;
143;Nucleus ambiguus, ventral division;0;0;um2;0;0;0;um2;0;;;;;;;;;;;;;;
839;Dorsal motor nucleus of the vagus nerve;0;0;um2;0;0;0;um2;0;;;;;;;;;;;;;;
887;Efferent cochlear group;0;0;um2;0;0;0;um2;0;;;;;;;;;;;;;;
1048;Gigantocellular reticular nucleus;0;0;um2;0;0;0;um2;0;;;;;;;;;;;;;;
372;Infracerebellar nucleus;0;0;um2;0;0;0;um2;0;;;;;;;;;;;;;;
83;Inferior olivary complex;0;0;um2;0;0;0;um2;0;;;;;;;;;;;;;;
136;Intermediate reticular nucleus;0;0;um2;0;0;0;um2;0;;;;;;;;;;;;;;
106;Inferior salivatory nucleus;0;0;um2;0;0;0;um2;0;;;;;;;;;;;;;;
203;Linear nucleus of the medulla;0;0;um2;0;0;0;um2;0;;;;;;;;;;;;;;
235;Lateral reticular nucleus;0;0;um2;0;0;0;um2;0;;;;;;;;;;;;;;
955;Lateral reticular nucleus, magnocellular part;0;0;um2;0;0;0;um2;0;;;;;;;;;;;;;;
963;Lateral reticular nucleus, parvicellular part;0;0;um2;0;0;0;um2;0;;;;;;;;;;;;;;
307;Magnocellular reticular nucleus;0;0;um2;0;0;0;um2;0;;;;;;;;;;;;;;
395;Medullary reticular nucleus;0;0;um2;0;0;0;um2;0;;;;;;;;;;;;;;
1098;Medullary reticular nucleus, dorsal part;0;0;um2;0;0;0;um2;0;;;;;;;;;;;;;;
1107;Medullary reticular nucleus, ventral part;0;0;um2;0;0;0;um2;0;;;;;;;;;;;;;;
852;Parvicellular reticular nucleus;0;0;um2;0;0;0;um2;0;;;;;;;;;;;;;;
859;Parasolitary nucleus;0;0;um2;0;0;0;um2;0;;;;;;;;;;;;;;
938;Paragigantocellular reticular nucleus;0;0;um2;0;0;0;um2;0;;;;;;;;;;;;;;
970;Paragigantocellular reticular nucleus, dorsal part;0;0;um2;0;0;0;um2;0;;;;;;;;;;;;;;
978;Paragigantocellular reticular nucleus, lateral part;0;0;um2;0;0;0;um2;0;;;;;;;;;;;;;;
154;Perihypoglossal nuclei;0;0;um2;0;0;0;um2;0;;;;;;;;;;;;;;
161;Nucleus intercalatus;0;0;um2;0;0;0;um2;0;;;;;;;;;;;;;;
177;Nucleus of Roller;0;0;um2;0;0;0;um2;0;;;;;;;;;;;;;;
169;Nucleus prepositus;0;0;um2;0;0;0;um2;0;;;;;;;;;;;;;;
995;Paramedian reticular nucleus;0;0;um2;0;0;0;um2;0;;;;;;;;;;;;;;
1069;Parapyramidal nucleus;0;0;um2;0;0;0;um2;0;;;;;;;;;;;;;;
185;Parapyramidal nucleus, deep part;0;0;um2;0;0;0;um2;0;;;;;;;;;;;;;;
193;Parapyramidal nucleus, superficial part;0;0;um2;0;0;0;um2;0;;;;;;;;;;;;;;
701;Vestibular nuclei;0;0;um2;0;0;0;um2;0;;;;;;;;;;;;;;
209;Lateral vestibular nucleus;0;0;um2;0;0;0;um2;0;;;;;;;;;;;;;;
202;Medial vestibular nucleus;0;0;um2;0;0;0;um2;0;;;;;;;;;;;;;;
225;Spinal vestibular nucleus;0;0;um2;0;0;0;um2;0;;;;;;;;;;;;;;
217;Superior vestibular nucleus;0;0;um2;0;0;0;um2;0;;;;;;;;;;;;;;
765;Nucleus x;0;0;um2;0;0;0;um2;0;;;;;;;;;;;;;;
773;Hypoglossal nucleus;0;0;um2;0;0;0;um2;0;;;;;;;;;;;;;;
781;Nucleus y;0;0;um2;0;0;0;um2;0;;;;;;;;;;;;;;
76;Interstitial nucleus of the vestibular nerve;0;0;um2;0;0;0;um2;0;;;;;;;;;;;;;;
379;Medulla, behavioral state related;0;0;um2;0;0;0;um2;0;;;;;;;;;;;;;;
206;Nucleus raphe magnus;0;0;um2;0;0;0;um2;0;;;;;;;;;;;;;;
230;Nucleus raphe pallidus;0;0;um2;0;0;0;um2;0;;;;;;;;;;;;;;
222;Nucleus raphe obscurus;0;0;um2;0;0;0;um2;0;;;;;;;;;;;;;;
512;Cerebellum;0;0;um2;0;0;0;um2;0;;;;;;;;;;;;;;
528;Cerebellar cortex;0;0;um2;0;0;0;um2;0;;;;;;;;;;;;;;
1144;Cerebellar cortex, molecular layer;0;0;um2;0;0;0;um2;0;;;;;;;;;;;;;;
1145;Cerebellar cortex, Purkinje layer;0;0;um2;0;0;0;um2;0;;;;;;;;;;;;;;
1143;Cerebellar cortex, granular layer;0;0;um2;0;0;0;um2;0;;;;;;;;;;;;;;
645;Vermal regions;0;0;um2;0;0;0;um2;0;;;;;;;;;;;;;;
912;Lingula (I);0;0;um2;0;0;0;um2;0;;;;;;;;;;;;;;
10707;Lingula (I), molecular layer;0;0;um2;0;0;0;um2;0;;;;;;;;;;;;;;
10706;Lingula (I), Purkinje layer;0;0;um2;0;0;0;um2;0;;;;;;;;;;;;;;
10705;Lingula (I), granular layer;0;0;um2;0;0;0;um2;0;;;;;;;;;;;;;;
920;Central lobule;0;0;um2;0;0;0;um2;0;;;;;;;;;;;;;;
976;Lobule II;0;0;um2;0;0;0;um2;0;;;;;;;;;;;;;;
10710;Lobule II, molecular layer;0;0;um2;0;0;0;um2;0;;;;;;;;;;;;;;
10709;Lobule II, Purkinje layer;0;0;um2;0;0;0;um2;0;;;;;;;;;;;;;;
10708;Lobule II, granular layer;0;0;um2;0;0;0;um2;0;;;;;;;;;;;;;;
984;Lobule III;0;0;um2;0;0;0;um2;0;;;;;;;;;;;;;;
10713;Lobule III, molecular layer;0;0;um2;0;0;0;um2;0;;;;;;;;;;;;;;
10712;Lobule III, Purkinje layer;0;0;um2;0;0;0;um2;0;;;;;;;;;;;;;;
10711;Lobule III, granular layer;0;0;um2;0;0;0;um2;0;;;;;;;;;;;;;;
928;Culmen;0;0;um2;0;0;0;um2;0;;;;;;;;;;;;;;
992;Lobule IV;0;0;um2;0;0;0;um2;0;;;;;;;;;;;;;;
10716;Lobule IV, molecular layer;0;0;um2;0;0;0;um2;0;;;;;;;;;;;;;;
10715;Lobule IV, Purkinje layer;0;0;um2;0;0;0;um2;0;;;;;;;;;;;;;;
10714;Lobule IV, granular layer;0;0;um2;0;0;0;um2;0;;;;;;;;;;;;;;
1001;Lobule V;0;0;um2;0;0;0;um2;0;;;;;;;;;;;;;;
10719;Lobule V, molecular layer;0;0;um2;0;0;0;um2;0;;;;;;;;;;;;;;
10718;Lobule V, Purkinje layer;0;0;um2;0;0;0;um2;0;;;;;;;;;;;;;;
10717;Lobule V, granular layer;0;0;um2;0;0;0;um2;0;;;;;;;;;;;;;;
1091;Lobules IV-V;0;0;um2;0;0;0;um2;0;;;;;;;;;;;;;;
10722;Lobules IV-V, molecular layer;0;0;um2;0;0;0;um2;0;;;;;;;;;;;;;;
10721;Lobules IV-V, Purkinje layer;0;0;um2;0;0;0;um2;0;;;;;;;;;;;;;;
10720;Lobules IV-V, granular layer;0;0;um2;0;0;0;um2;0;;;;;;;;;;;;;;
936;Declive (VI);0;0;um2;0;0;0;um2;0;;;;;;;;;;;;;;
10725;Declive (VI), molecular layer;0;0;um2;0;0;0;um2;0;;;;;;;;;;;;;;
10724;Declive (VI), Purkinje layer;0;0;um2;0;0;0;um2;0;;;;;;;;;;;;;;
10723;Declive (VI), granular layer;0;0;um2;0;0;0;um2;0;;;;;;;;;;;;;;
944;Folium-tuber vermis (VII);0;0;um2;0;0;0;um2;0;;;;;;;;;;;;;;
10728;Folium-tuber vermis (VII), molecular layer;0;0;um2;0;0;0;um2;0;;;;;;;;;;;;;;
10727;Folium-tuber vermis (VII), Purkinje layer;0;0;um2;0;0;0;um2;0;;;;;;;;;;;;;;
10726;Folium-tuber vermis (VII), granular layer;0;0;um2;0;0;0;um2;0;;;;;;;;;;;;;;
951;Pyramus (VIII);0;0;um2;0;0;0;um2;0;;;;;;;;;;;;;;
10731;Pyramus (VIII), molecular layer;0;0;um2;0;0;0;um2;0;;;;;;;;;;;;;;
10730;Pyramus (VIII), Purkinje layer;0;0;um2;0;0;0;um2;0;;;;;;;;;;;;;;
10729;Pyramus (VIII), granular layer;0;0;um2;0;0;0;um2;0;;;;;;;;;;;;;;
957;Uvula (IX);0;0;um2;0;0;0;um2;0;;;;;;;;;;;;;;
10734;Uvula (IX), molecular layer;0;0;um2;0;0;0;um2;0;;;;;;;;;;;;;;
10733;Uvula (IX), Purkinje layer;0;0;um2;0;0;0;um2;0;;;;;;;;;;;;;;
10732;Uvula (IX), granular layer;0;0;um2;0;0;0;um2;0;;;;;;;;;;;;;;
968;Nodulus (X);0;0;um2;0;0;0;um2;0;;;;;;;;;;;;;;
10737;Nodulus (X), molecular layer;0;0;um2;0;0;0;um2;0;;;;;;;;;;;;;;
10736;Nodulus (X), Purkinje layer;0;0;um2;0;0;0;um2;0;;;;;;;;;;;;;;
10735;Nodulus (X), granular layer;0;0;um2;0;0;0;um2;0;;;;;;;;;;;;;;
1073;Hemispheric regions;0;0;um2;0;0;0;um2;0;;;;;;;;;;;;;;
1007;Simple lobule;0;0;um2;0;0;0;um2;0;;;;;;;;;;;;;;
10674;Simple lobule, molecular layer;0;0;um2;0;0;0;um2;0;;;;;;;;;;;;;;
10673;Simple lobule, Purkinje layer;0;0;um2;0;0;0;um2;0;;;;;;;;;;;;;;
10672;Simple lobule, granular layer;0;0;um2;0;0;0;um2;0;;;;;;;;;;;;;;
1017;Ansiform lobule;0;0;um2;0;0;0;um2;0;;;;;;;;;;;;;;
1056;Crus 1;0;0;um2;0;0;0;um2;0;;;;;;;;;;;;;;
10677;Crus 1, molecular layer;0;0;um2;0;0;0;um2;0;;;;;;;;;;;;;;
10676;Crus 1, Purkinje layer;0;0;um2;0;0;0;um2;0;;;;;;;;;;;;;;
10675;Crus 1, granular layer;0;0;um2;0;0;0;um2;0;;;;;;;;;;;;;;
1064;Crus 2;0;0;um2;0;0;0;um2;0;;;;;;;;;;;;;;
10680;Crus 2, molecular layer;0;0;um2;0;0;0;um2;0;;;;;;;;;;;;;;
10679;Crus 2, Purkinje layer;0;0;um2;0;0;0;um2;0;;;;;;;;;;;;;;
10678;Crus 2, granular layer;0;0;um2;0;0;0;um2;0;;;;;;;;;;;;;;
1025;Paramedian lobule;0;0;um2;0;0;0;um2;0;;;;;;;;;;;;;;
10683;Paramedian lobule, molecular layer;0;0;um2;0;0;0;um2;0;;;;;;;;;;;;;;
10682;Paramedian lobule, Purkinje layer;0;0;um2;0;0;0;um2;0;;;;;;;;;;;;;;
10681;Paramedian lobule, granular layer;0;0;um2;0;0;0;um2;0;;;;;;;;;;;;;;
1033;Copula pyramidis;0;0;um2;0;0;0;um2;0;;;;;;;;;;;;;;
10686;Copula pyramidis, molecular layer;0;0;um2;0;0;0;um2;0;;;;;;;;;;;;;;
10685;Copula pyramidis, Purkinje layer;0;0;um2;0;0;0;um2;0;;;;;;;;;;;;;;
10684;Copula pyramidis, granular layer;0;0;um2;0;0;0;um2;0;;;;;;;;;;;;;;
1041;Paraflocculus;0;0;um2;0;0;0;um2;0;;;;;;;;;;;;;;
10689;Paraflocculus, molecular layer;0;0;um2;0;0;0;um2;0;;;;;;;;;;;;;;
10688;Paraflocculus, Purkinje layer;0;0;um2;0;0;0;um2;0;;;;;;;;;;;;;;
10687;Paraflocculus, granular layer;0;0;um2;0;0;0;um2;0;;;;;;;;;;;;;;
1049;Flocculus;0;0;um2;0;0;0;um2;0;;;;;;;;;;;;;;
10692;Flocculus, molecular layer;0;0;um2;0;0;0;um2;0;;;;;;;;;;;;;;
10691;Flocculus, Purkinje layer;0;0;um2;0;0;0;um2;0;;;;;;;;;;;;;;
10690;Flocculus, granular layer;0;0;um2;0;0;0;um2;0;;;;;;;;;;;;;;
519;Cerebellar nuclei;0;0;um2;0;0;0;um2;0;;;;;;;;;;;;;;
989;Fastigial nucleus;0;0;um2;0;0;0;um2;0;;;;;;;;;;;;;;
91;Interposed nucleus;0;0;um2;0;0;0;um2;0;;;;;;;;;;;;;;
846;Dentate nucleus;0;0;um2;0;0;0;um2;0;;;;;;;;;;;;;;
589508455;Vestibulocerebellar nucleus;0;0;um2;0;0;0;um2;0;;;;;;;;;;;;;;
1009;fiber tracts;2171715;2171715.238548;um2;1852;9252;9252;um2;0.004260;;;;;;;;;;;;;;
967;cranial nerves;0;0;um2;0;0;0;um2;0;;;;;;;;;;;;;;
885;terminal nerve;0;0;um2;0;0;0;um2;0;;;;;;;;;;;;;;
949;vomeronasal nerve;0;0;um2;0;0;0;um2;0;;;;;;;;;;;;;;
840;olfactory nerve;0;0;um2;0;0;0;um2;0;;;;;;;;;;;;;;
1016;olfactory nerve layer of main olfactory bulb;0;0;um2;0;0;0;um2;0;;;;;;;;;;;;;;
21;lateral olfactory tract, general;0;0;um2;0;0;0;um2;0;;;;;;;;;;;;;;
665;lateral olfactory tract, body;903333;903333.071274;um2;199;853;853;um2;0.000944;;;;;;;;;;;;;;
538;dorsal limb;0;0;um2;0;0;0;um2;0;;;;;;;;;;;;;;
459;accessory olfactory tract;0;0;um2;0;0;0;um2;0;;;;;;;;;;;;;;
900;anterior commissure, olfactory limb;929271;929271.314713;um2;404;2613;2613;um2;0.002812;;;;;;;;;;;;;;
848;optic nerve;158807;158806.806305;um2;0;0;0;um2;0;;;;;;;;;;;;;;
876;accessory optic tract;0;0;um2;0;0;0;um2;0;;;;;;;;;;;;;;
916;brachium of the superior colliculus;152311;152310.665909;um2;69;346;346;um2;0.002272;;;;;;;;;;;;;;
336;superior colliculus commissure;53443;53443.298340;um2;143;1177;1177;um2;0.022023;;;;;;;;;;;;;;
117;optic chiasm;883531;883530.957062;um2;73;286;286;um2;0.000324;;;;;;;;;;;;;;
125;optic tract;963539;963539.320381;um2;510;2237;2237;um2;0.002322;;;;;;;;;;;;;;
357;tectothalamic pathway;0;0;um2;0;0;0;um2;0;;;;;;;;;;;;;;
832;oculomotor nerve;0;0;um2;0;0;0;um2;0;;;;;;;;;;;;;;
62;medial longitudinal fascicle;1162;1161.659988;um2;8;57;57;um2;0.049068;;;;;;;;;;;;;;
158;posterior commissure;52425;52425.377846;um2;80;552;552;um2;0.010529;;;;;;;;;;;;;;
911;trochlear nerve;0;0;um2;0;0;0;um2;0;;;;;;;;;;;;;;
384;trochlear nerve decussation;0;0;um2;0;0;0;um2;0;;;;;;;;;;;;;;
710;abducens nerve;0;0;um2;0;0;0;um2;0;;;;;;;;;;;;;;
901;trigeminal nerve;0;0;um2;0;0;0;um2;0;;;;;;;;;;;;;;
93;motor root of the trigeminal nerve;0;0;um2;0;0;0;um2;0;;;;;;;;;;;;;;
229;sensory root of the trigeminal nerve;0;0;um2;0;0;0;um2;0;;;;;;;;;;;;;;
705;midbrain tract of the trigeminal nerve;0;0;um2;0;0;0;um2;0;;;;;;;;;;;;;;
794;spinal tract of the trigeminal nerve;0;0;um2;0;0;0;um2;0;;;;;;;;;;;;;;
798;facial nerve;0;0;um2;0;0;0;um2;0;;;;;;;;;;;;;;
1131;intermediate nerve;0;0;um2;0;0;0;um2;0;;;;;;;;;;;;;;
1116;genu of the facial nerve;0;0;um2;0;0;0;um2;0;;;;;;;;;;;;;;
933;vestibulocochlear nerve;0;0;um2;0;0;0;um2;0;;;;;;;;;;;;;;
1076;efferent cochleovestibular bundle;0;0;um2;0;0;0;um2;0;;;;;;;;;;;;;;
413;vestibular nerve;0;0;um2;0;0;0;um2;0;;;;;;;;;;;;;;
948;cochlear nerve;0;0;um2;0;0;0;um2;0;;;;;;;;;;;;;;
841;trapezoid body;0;0;um2;0;0;0;um2;0;;;;;;;;;;;;;;
641;intermediate acoustic stria;0;0;um2;0;0;0;um2;0;;;;;;;;;;;;;;
506;dorsal acoustic stria;0;0;um2;0;0;0;um2;0;;;;;;;;;;;;;;
658;lateral lemniscus;0;0;um2;0;0;0;um2;0;;;;;;;;;;;;;;
633;inferior colliculus commissure;0;0;um2;0;0;0;um2;0;;;;;;;;;;;;;;
482;brachium of the inferior colliculus;0;0;um2;0;0;0;um2;0;;;;;;;;;;;;;;
808;glossopharyngeal nerve;0;0;um2;0;0;0;um2;0;;;;;;;;;;;;;;
917;vagus nerve;0;0;um2;0;0;0;um2;0;;;;;;;;;;;;;;
237;solitary tract;0;0;um2;0;0;0;um2;0;;;;;;;;;;;;;;
717;accessory spinal nerve;0;0;um2;0;0;0;um2;0;;;;;;;;;;;;;;
813;hypoglossal nerve;0;0;um2;0;0;0;um2;0;;;;;;;;;;;;;;
925;ventral roots;0;0;um2;0;0;0;um2;0;;;;;;;;;;;;;;
792;dorsal roots;0;0;um2;0;0;0;um2;0;;;;;;;;;;;;;;
932;cervicothalamic tract;0;0;um2;0;0;0;um2;0;;;;;;;;;;;;;;
570;dorsolateral fascicle;0;0;um2;0;0;0;um2;0;;;;;;;;;;;;;;
522;dorsal commissure of the spinal cord;0;0;um2;0;0;0;um2;0;;;;;;;;;;;;;;
858;ventral commissure of the spinal cord;0;0;um2;0;0;0;um2;0;;;;;;;;;;;;;;
586;fasciculus proprius;0;0;um2;0;0;0;um2;0;;;;;;;;;;;;;;
514;dorsal column;0;0;um2;0;0;0;um2;0;;;;;;;;;;;;;;
380;cuneate fascicle;0;0;um2;0;0;0;um2;0;;;;;;;;;;;;;;
388;gracile fascicle;0;0;um2;0;0;0;um2;0;;;;;;;;;;;;;;
396;internal arcuate fibers;0;0;um2;0;0;0;um2;0;;;;;;;;;;;;;;
697;medial lemniscus;237851;237851.064316;um2;396;2923;2923;um2;0.012289;;;;;;;;;;;;;;
871;spinothalamic tract;0;0;um2;0;0;0;um2;0;;;;;;;;;;;;;;
29;lateral spinothalamic tract;0;0;um2;0;0;0;um2;0;;;;;;;;;;;;;;
389;ventral spinothalamic tract;0;0;um2;0;0;0;um2;0;;;;;;;;;;;;;;
245;spinocervical tract;0;0;um2;0;0;0;um2;0;;;;;;;;;;;;;;
261;spino-olivary pathway;0;0;um2;0;0;0;um2;0;;;;;;;;;;;;;;
270;spinoreticular pathway;0;0;um2;0;0;0;um2;0;;;;;;;;;;;;;;
293;spinovestibular pathway;0;0;um2;0;0;0;um2;0;;;;;;;;;;;;;;
277;spinotectal pathway;0;0;um2;0;0;0;um2;0;;;;;;;;;;;;;;
253;spinohypothalamic pathway;0;0;um2;0;0;0;um2;0;;;;;;;;;;;;;;
285;spinotelenchephalic pathway;0;0;um2;0;0;0;um2;0;;;;;;;;;;;;;;
627;hypothalamohypophysial tract;0;0;um2;0;0;0;um2;0;;;;;;;;;;;;;;
960;cerebellum related fiber tracts;0;0;um2;0;0;0;um2;0;;;;;;;;;;;;;;
744;cerebellar commissure;0;0;um2;0;0;0;um2;0;;;;;;;;;;;;;;
752;cerebellar peduncles;0;0;um2;0;0;0;um2;0;;;;;;;;;;;;;;
326;superior cerebelar peduncles;0;0;um2;0;0;0;um2;0;;;;;;;;;;;;;;
812;superior cerebellar peduncle decussation;0;0;um2;0;0;0;um2;0;;;;;;;;;;;;;;
85;spinocerebellar tract;0;0;um2;0;0;0;um2;0;;;;;;;;;;;;;;
850;uncinate fascicle;0;0;um2;0;0;0;um2;0;;;;;;;;;;;;;;
866;ventral spinocerebellar tract;0;0;um2;0;0;0;um2;0;;;;;;;;;;;;;;
78;middle cerebellar peduncle;0;0;um2;0;0;0;um2;0;;;;;;;;;;;;;;
1123;inferior cerebellar peduncle;0;0;um2;0;0;0;um2;0;;;;;;;;;;;;;;
553;dorsal spinocerebellar tract;0;0;um2;0;0;0;um2;0;;;;;;;;;;;;;;
499;cuneocerebellar tract;0;0;um2;0;0;0;um2;0;;;;;;;;;;;;;;
650;juxtarestiform body;0;0;um2;0;0;0;um2;0;;;;;;;;;;;;;;
490;bulbocerebellar tract;0;0;um2;0;0;0;um2;0;;;;;;;;;;;;;;
404;olivocerebellar tract;0;0;um2;0;0;0;um2;0;;;;;;;;;;;;;;
410;reticulocerebellar tract;0;0;um2;0;0;0;um2;0;;;;;;;;;;;;;;
373;trigeminocerebellar tract;0;0;um2;0;0;0;um2;0;;;;;;;;;;;;;;
728;arbor vitae;0;0;um2;0;0;0;um2;0;;;;;;;;;;;;;;
484682512;supra-callosal cerebral white matter;1481973;1481972.761848;um2;1390;8014;8014;um2;0.005408;;;;;;;;;;;;;;
983;lateral forebrain bundle system;0;0;um2;0;0;0;um2;0;;;;;;;;;;;;;;
776;corpus callosum;0;0;um2;0;0;0;um2;0;;;;;;;;;;;;;;
956;corpus callosum, anterior forceps;2159573;2159572.929260;um2;1262;8002;8002;um2;0.003705;;;;;;;;;;;;;;
579;external capsule;830339;830338.700371;um2;1219;6789;6789;um2;0.008176;;;;;;;;;;;;;;
964;corpus callosum, extreme capsule;105878;105878.069313;um2;260;1713;1713;um2;0.016179;;;;;;;;;;;;;;
1108;genu of corpus callosum;1587805;1587805.006363;um2;771;4509;4509;um2;0.002840;;;;;;;;;;;;;;
971;corpus callosum, posterior forceps;964253;964253.133476;um2;757;4695;4695;um2;0.004869;;;;;;;;;;;;;;
979;corpus callosum, rostrum;0;0;um2;0;0;0;um2;0;;;;;;;;;;;;;;
484682516;corpus callosum, body;4315445;4315445.276489;um2;3184;15299;15299;um2;0.003545;;;;;;;;;;;;;;
986;corpus callosum, splenium;1131436;1131435.599434;um2;885;3926;3926;um2;0.003470;;;;;;;;;;;;;;
784;corticospinal tract;0;0;um2;0;0;0;um2;0;;;;;;;;;;;;;;
6;internal capsule;2619018;2619017.539757;um2;2464;13124;13124;um2;0.005011;;;;;;;;;;;;;;
924;cerebal peduncle;660399;660398.625885;um2;295;1577;1577;um2;0.002388;;;;;;;;;;;;;;
1036;corticotectal tract;0;0;um2;0;0;0;um2;0;;;;;;;;;;;;;;
1012;corticorubral tract;0;0;um2;0;0;0;um2;0;;;;;;;;;;;;;;
1003;corticopontine tract;0;0;um2;0;0;0;um2;0;;;;;;;;;;;;;;
994;corticobulbar tract;0;0;um2;0;0;0;um2;0;;;;;;;;;;;;;;
190;pyramid;0;0;um2;0;0;0;um2;0;;;;;;;;;;;;;;
198;pyramidal decussation;0;0;um2;0;0;0;um2;0;;;;;;;;;;;;;;
1019;corticospinal tract, crossed;0;0;um2;0;0;0;um2;0;;;;;;;;;;;;;;
1028;corticospinal tract, uncrossed;0;0;um2;0;0;0;um2;0;;;;;;;;;;;;;;
896;thalamus related;0;0;um2;0;0;0;um2;0;;;;;;;;;;;;;;
1092;external medullary lamina of the thalamus;103751;103751.213028;um2;220;1004;1004;um2;0.009677;;;;;;;;;;;;;;
14;internal medullary lamina of the thalamus;0;0;um2;0;0;0;um2;0;;;;;;;;;;;;;;
86;middle thalamic commissure;0;0;um2;0;0;0;um2;0;;;;;;;;;;;;;;
365;thalamic peduncles;0;0;um2;0;0;0;um2;0;;;;;;;;;;;;;;
484682520;optic radiation;1829212;1829212.415222;um2;2774;15816;15816;um2;0.008646;;;;;;;;;;;;;;
484682524;auditory radiation;523456;523455.816696;um2;646;3393;3393;um2;0.006482;;;;;;;;;;;;;;
1000;extrapyramidal fiber systems;0;0;um2;0;0;0;um2;0;;;;;;;;;;;;;;
760;cerebral nuclei related;0;0;um2;0;0;0;um2;0;;;;;;;;;;;;;;
142;pallidothalamic pathway;0;0;um2;0;0;0;um2;0;;;;;;;;;;;;;;
102;nigrostriatal tract;130444;130444.463654;um2;394;2323;2323;um2;0.017808;;;;;;;;;;;;;;
109;nigrothalamic fibers;0;0;um2;0;0;0;um2;0;;;;;;;;;;;;;;
134;pallidotegmental fascicle;0;0;um2;0;0;0;um2;0;;;;;;;;;;;;;;
309;striatonigral pathway;0;0;um2;0;0;0;um2;0;;;;;;;;;;;;;;
317;subthalamic fascicle;0;0;um2;0;0;0;um2;0;;;;;;;;;;;;;;
877;tectospinal pathway;0;0;um2;0;0;0;um2;0;;;;;;;;;;;;;;
1051;direct tectospinal pathway;0;0;um2;0;0;0;um2;0;;;;;;;;;;;;;;
1060;doral tegmental decussation;0;0;um2;0;0;0;um2;0;;;;;;;;;;;;;;
1043;crossed tectospinal pathway;0;0;um2;0;0;0;um2;0;;;;;;;;;;;;;;
863;rubrospinal tract;10772;10771.756256;um2;9;70;70;um2;0.006498;;;;;;;;;;;;;;
397;ventral tegmental decussation;13729;13728.708954;um2;44;367;367;um2;0.026732;;;;;;;;;;;;;;
221;rubroreticular tract;0;0;um2;0;0;0;um2;0;;;;;;;;;;;;;;
736;central tegmental bundle;0;0;um2;0;0;0;um2;0;;;;;;;;;;;;;;
855;retriculospinal tract;0;0;um2;0;0;0;um2;0;;;;;;;;;;;;;;
205;retriculospinal tract, lateral part;0;0;um2;0;0;0;um2;0;;;;;;;;;;;;;;
213;retriculospinal tract, medial part;0;0;um2;0;0;0;um2;0;;;;;;;;;;;;;;
941;vestibulospinal pathway;0;0;um2;0;0;0;um2;0;;;;;;;;;;;;;;
991;medial forebrain bundle system;0;0;um2;0;0;0;um2;0;;;;;;;;;;;;;;
768;cerebrum related;0;0;um2;0;0;0;um2;0;;;;;;;;;;;;;;
884;amygdalar capsule;188028;188028.420555;um2;250;1301;1301;um2;0.006919;;;;;;;;;;;;;;
892;ansa peduncularis;0;0;um2;0;0;0;um2;0;;;;;;;;;;;;;;
908;anterior commissure, temporal limb;306664;306663.926537;um2;190;1127;1127;um2;0.003675;;;;;;;;;;;;;;
940;cingulum bundle;1799082;1799082.473419;um2;2815;16538;16538;um2;0.009192;;;;;;;;;;;;;;
1099;fornix system;0;0;um2;0;0;0;um2;0;;;;;;;;;;;;;;
466;alveus;1373263;1373263.477112;um2;1361;7478;7478;um2;0.005445;;;;;;;;;;;;;;
530;dorsal fornix;83291;83291.227257;um2;131;691;691;um2;0.008296;;;;;;;;;;;;;;
603;fimbria;2127501;2127501.386795;um2;1429;6991;6991;um2;0.003286;;;;;;;;;;;;;;
745;precommissural fornix, general;0;0;um2;0;0;0;um2;0;;;;;;;;;;;;;;
420;precommissural fornix diagonal band;0;0;um2;0;0;0;um2;0;;;;;;;;;;;;;;
737;postcommissural fornix;0;0;um2;0;0;0;um2;0;;;;;;;;;;;;;;
428;medial corticohypothalamic tract;20379;20379.482582;um2;50;273;273;um2;0.013396;;;;;;;;;;;;;;
436;columns of the fornix;329372;329372.140648;um2;647;3780;3780;um2;0.011476;;;;;;;;;;;;;;
618;hippocampal commissures;0;0;um2;0;0;0;um2;0;;;;;;;;;;;;;;
443;dorsal hippocampal commissure;655322;655321.952477;um2;421;1923;1923;um2;0.002934;;;;;;;;;;;;;;
449;ventral hippocampal commissure;98693;98693.475220;um2;114;596;596;um2;0.006039;;;;;;;;;;;;;;
713;perforant path;0;0;um2;0;0;0;um2;0;;;;;;;;;;;;;;
474;angular path;0;0;um2;0;0;0;um2;0;;;;;;;;;;;;;;
37;longitudinal association bundle;0;0;um2;0;0;0;um2;0;;;;;;;;;;;;;;
301;stria terminalis;467372;467372.458466;um2;429;2080;2080;um2;0.004450;;;;;;;;;;;;;;
484682528;commissural branch of stria terminalis;40687;40686.671043;um2;61;364;364;um2;0.008946;;;;;;;;;;;;;;
824;hypothalamus related;0;0;um2;0;0;0;um2;0;;;;;;;;;;;;;;
54;medial forebrain bundle;54343;54342.768509;um2;131;991;991;um2;0.018236;;;;;;;;;;;;;;
405;ventrolateral hypothalamic tract;0;0;um2;0;0;0;um2;0;;;;;;;;;;;;;;
174;preoptic commissure;0;0;um2;0;0;0;um2;0;;;;;;;;;;;;;;
349;supraoptic commissures;38267;38267.148048;um2;23;100;100;um2;0.002613;;;;;;;;;;;;;;
817;supraoptic commissures, anterior;0;0;um2;0;0;0;um2;0;;;;;;;;;;;;;;
825;supraoptic commissures, dorsal;0;0;um2;0;0;0;um2;0;;;;;;;;;;;;;;
833;supraoptic commissures, ventral;0;0;um2;0;0;0;um2;0;;;;;;;;;;;;;;
166;premammillary commissure;0;0;um2;0;0;0;um2;0;;;;;;;;;;;;;;
341;supramammillary decussation;0;0;um2;0;0;0;um2;0;;;;;;;;;;;;;;
182;propriohypothalamic pathways;0;0;um2;0;0;0;um2;0;;;;;;;;;;;;;;
762;propriohypothalamic pathways, dorsal;0;0;um2;0;0;0;um2;0;;;;;;;;;;;;;;
770;propriohypothalamic pathways, lateral;0;0;um2;0;0;0;um2;0;;;;;;;;;;;;;;
779;propriohypothalamic pathways, medial;0;0;um2;0;0;0;um2;0;;;;;;;;;;;;;;
787;propriohypothalamic pathways, ventral;0;0;um2;0;0;0;um2;0;;;;;;;;;;;;;;
150;periventricular bundle of the hypothalamus;0;0;um2;0;0;0;um2;0;;;;;;;;;;;;;;
46;mammillary related;0;0;um2;0;0;0;um2;0;;;;;;;;;;;;;;
753;principal mammillary tract;31974;31974.441658;um2;134;1126;1126;um2;0.035216;;;;;;;;;;;;;;
690;mammillothalamic tract;145114;145113.774567;um2;213;1077;1077;um2;0.007422;;;;;;;;;;;;;;
681;mammillotegmental tract;29673;29672.580452;um2;169;1459;1459;um2;0.049170;;;;;;;;;;;;;;
673;mammillary peduncle;32737;32736.764877;um2;44;268;268;um2;0.008187;;;;;;;;;;;;;;
1068;dorsal thalamus related;0;0;um2;0;0;0;um2;0;;;;;;;;;;;;;;
722;periventricular bundle of the thalamus;0;0;um2;0;0;0;um2;0;;;;;;;;;;;;;;
1083;epithalamus related;0;0;um2;0;0;0;um2;0;;;;;;;;;;;;;;
802;stria medullaris;346896;346896.442665;um2;497;2810;2810;um2;0.008100;;;;;;;;;;;;;;
595;fasciculus retroflexus;194187;194187.387520;um2;525;2984;2984;um2;0.015367;;;;;;;;;;;;;;
611;habenular commissure;31320;31320.430199;um2;40;160;160;um2;0.005108;;;;;;;;;;;;;;
730;pineal stalk;0;0;um2;0;0;0;um2;0;;;;;;;;;;;;;;
70;midbrain related;0;0;um2;0;0;0;um2;0;;;;;;;;;;;;;;
547;dorsal longitudinal fascicle;0;0;um2;0;0;0;um2;0;;;;;;;;;;;;;;
563;dorsal tegmental tract;0;0;um2;0;0;0;um2;0;;;;;;;;;;;;;;
73;ventricular systems;0;0;um2;0;0;0;um2;0;;;;;;;;;;;;;;
81;lateral ventricle;2854639;2854639.326118;um2;1108;5563;5563;um2;0.001949;;;;;;;;;;;;;;
89;rhinocele;0;0;um2;0;0;0;um2;0;;;;;;;;;;;;;;
98;subependymal zone;212377;212376.653900;um2;233;1359;1359;um2;0.006399;;;;;;;;;;;;;;
108;choroid plexus;872850;872850.333824;um2;162;805;805;um2;0.000922;;;;;;;;;;;;;;
116;choroid fissure;0;0;um2;0;0;0;um2;0;;;;;;;;;;;;;;
124;interventricular foramen;0;0;um2;0;0;0;um2;0;;;;;;;;;;;;;;
129;third ventricle;1179565;1179565.217819;um2;473;2167;2167;um2;0.001837;;;;;;;;;;;;;;
140;cerebral aqueduct;5071;5070.549255;um2;1;9;9;um2;0.001775;;;;;;;;;;;;;;
145;fourth ventricle;0;0;um2;0;0;0;um2;0;;;;;;;;;;;;;;
153;lateral recess;0;0;um2;0;0;0;um2;0;;;;;;;;;;;;;;
164;central canal, spinal cord/medulla;0;0;um2;0;0;0;um2;0;;;;;;;;;;;;;;
1024;grooves;0;0;um2;0;0;0;um2;0;;;;;;;;;;;;;;
1032;grooves of the cerebral cortex;0;0;um2;0;0;0;um2;0;;;;;;;;;;;;;;
1055;endorhinal groove;0;0;um2;0;0;0;um2;0;;;;;;;;;;;;;;
1063;hippocampal fissure;0;0;um2;0;0;0;um2;0;;;;;;;;;;;;;;
1071;rhinal fissure;0;0;um2;0;0;0;um2;0;;;;;;;;;;;;;;
1078;rhinal incisure;0;0;um2;0;0;0;um2;0;;;;;;;;;;;;;;
1040;grooves of the cerebellar cortex;0;0;um2;0;0;0;um2;0;;;;;;;;;;;;;;
1087;precentral fissure;0;0;um2;0;0;0;um2;0;;;;;;;;;;;;;;
1095;preculminate fissure;0;0;um2;0;0;0;um2;0;;;;;;;;;;;;;;
1103;primary fissure;0;0;um2;0;0;0;um2;0;;;;;;;;;;;;;;
1112;posterior superior fissure;0;0;um2;0;0;0;um2;0;;;;;;;;;;;;;;
1119;prepyramidal fissure;0;0;um2;0;0;0;um2;0;;;;;;;;;;;;;;
3;secondary fissure;0;0;um2;0;0;0;um2;0;;;;;;;;;;;;;;
11;posterolateral fissure;0;0;um2;0;0;0;um2;0;;;;;;;;;;;;;;
18;nodular fissure;0;0;um2;0;0;0;um2;0;;;;;;;;;;;;;;
25;simple fissure;0;0;um2;0;0;0;um2;0;;;;;;;;;;;;;;
34;intercrural fissure;0;0;um2;0;0;0;um2;0;;;;;;;;;;;;;;
43;ansoparamedian fissure;0;0;um2;0;0;0;um2;0;;;;;;;;;;;;;;
49;intraparafloccular fissure;0;0;um2;0;0;0;um2;0;;;;;;;;;;;;;;
57;paramedian sulcus;0;0;um2;0;0;0;um2;0;;;;;;;;;;;;;;
65;parafloccular sulcus;0;0;um2;0;0;0;um2;0;;;;;;;;;;;;;;
624;Interpeduncular fossa;0;0;um2;0;0;0;um2;0;;;;;;;;;;;;;;
304325711;retina;0;0;um2;0;0;0;um2;0;;;;;;;;;;;;;;
