Region ID;Region Name;Region pixels;Region area;Area unit;Object count;Object pixels;Object area;Area unit;Load;;;;;;;;;;;;;;
0;Clear Label;0;0;um2;25;193;193;um2;0;;;;;;;;;;;;;;
997;root;302784;302783.798981;um2;29;274;274;um2;0.000905;;;;;;;;;;;;;;
8;Basic cell groups and regions;0;0;um2;0;0;0;um2;0;;;;;;;;;;;;;;
567;Cerebrum;0;0;um2;0;0;0;um2;0;;;;;;;;;;;;;;
688;Cerebral cortex;0;0;um2;0;0;0;um2;0;;;;;;;;;;;;;;
695;Cortical plate;0;0;um2;0;0;0;um2;0;;;;;;;;;;;;;;
315;Isocortex;0;0;um2;0;0;0;um2;0;;;;;;;;;;;;;;
184;Frontal pole, cerebral cortex;0;0;um2;0;0;0;um2;0;;;;;;;;;;;;;;
68;Frontal pole, layer 1;0;0;um2;0;0;0;um2;0;;;;;;;;;;;;;;
667;Frontal pole, layer 2/3;0;0;um2;0;0;0;um2;0;;;;;;;;;;;;;;
526157192;Frontal pole, layer 5;0;0;um2;0;0;0;um2;0;;;;;;;;;;;;;;
526157196;Frontal pole, layer 6a;0;0;um2;0;0;0;um2;0;;;;;;;;;;;;;;
526322264;Frontal pole, layer 6b;0;0;um2;0;0;0;um2;0;;;;;;;;;;;;;;
500;Somatomotor areas;0;0;um2;0;0;0;um2;0;;;;;;;;;;;;;;
107;Somatomotor areas, Layer 1;0;0;um2;0;0;0;um2;0;;;;;;;;;;;;;;
219;Somatomotor areas, Layer 2/3;0;0;um2;0;0;0;um2;0;;;;;;;;;;;;;;
299;Somatomotor areas, Layer 5;0;0;um2;0;0;0;um2;0;;;;;;;;;;;;;;
644;Somatomotor areas, Layer 6a;0;0;um2;0;0;0;um2;0;;;;;;;;;;;;;;
947;Somatomotor areas, Layer 6b;0;0;um2;0;0;0;um2;0;;;;;;;;;;;;;;
985;Primary motor area;0;0;um2;0;0;0;um2;0;;;;;;;;;;;;;;
320;Primary motor area, Layer 1;0;0;um2;0;0;0;um2;0;;;;;;;;;;;;;;
943;Primary motor area, Layer 2/3;0;0;um2;0;0;0;um2;0;;;;;;;;;;;;;;
648;Primary motor area, Layer 5;0;0;um2;0;0;0;um2;0;;;;;;;;;;;;;;
844;Primary motor area, Layer 6a;0;0;um2;0;0;0;um2;0;;;;;;;;;;;;;;
882;Primary motor area, Layer 6b;0;0;um2;0;0;0;um2;0;;;;;;;;;;;;;;
993;Secondary motor area;0;0;um2;0;0;0;um2;0;;;;;;;;;;;;;;
656;Secondary motor area, layer 1;0;0;um2;0;0;0;um2;0;;;;;;;;;;;;;;
962;Secondary motor area, layer 2/3;0;0;um2;0;0;0;um2;0;;;;;;;;;;;;;;
767;Secondary motor area, layer 5;0;0;um2;0;0;0;um2;0;;;;;;;;;;;;;;
1021;Secondary motor area, layer 6a;0;0;um2;0;0;0;um2;0;;;;;;;;;;;;;;
1085;Secondary motor area, layer 6b;0;0;um2;0;0;0;um2;0;;;;;;;;;;;;;;
453;Somatosensory areas;0;0;um2;0;0;0;um2;0;;;;;;;;;;;;;;
12993;Somatosensory areas, layer 1;0;0;um2;0;0;0;um2;0;;;;;;;;;;;;;;
12994;Somatosensory areas, layer 2/3;0;0;um2;0;0;0;um2;0;;;;;;;;;;;;;;
12995;Somatosensory areas, layer 4;0;0;um2;0;0;0;um2;0;;;;;;;;;;;;;;
12996;Somatosensory areas, layer 5;0;0;um2;0;0;0;um2;0;;;;;;;;;;;;;;
12997;Somatosensory areas, layer 6a;0;0;um2;0;0;0;um2;0;;;;;;;;;;;;;;
12998;Somatosensory areas, layer 6b;0;0;um2;0;0;0;um2;0;;;;;;;;;;;;;;
322;Primary somatosensory area;0;0;um2;0;0;0;um2;0;;;;;;;;;;;;;;
793;Primary somatosensory area, layer 1;0;0;um2;0;0;0;um2;0;;;;;;;;;;;;;;
346;Primary somatosensory area, layer 2/3;0;0;um2;0;0;0;um2;0;;;;;;;;;;;;;;
865;Primary somatosensory area, layer 4;0;0;um2;0;0;0;um2;0;;;;;;;;;;;;;;
921;Primary somatosensory area, layer 5;0;0;um2;0;0;0;um2;0;;;;;;;;;;;;;;
686;Primary somatosensory area, layer 6a;0;0;um2;0;0;0;um2;0;;;;;;;;;;;;;;
719;Primary somatosensory area, layer 6b;0;0;um2;0;0;0;um2;0;;;;;;;;;;;;;;
353;Primary somatosensory area, nose;0;0;um2;0;0;0;um2;0;;;;;;;;;;;;;;
558;Primary somatosensory area, nose, layer 1;0;0;um2;0;0;0;um2;0;;;;;;;;;;;;;;
838;Primary somatosensory area, nose, layer 2/3;0;0;um2;0;0;0;um2;0;;;;;;;;;;;;;;
654;Primary somatosensory area, nose, layer 4;0;0;um2;0;0;0;um2;0;;;;;;;;;;;;;;
702;Primary somatosensory area, nose, layer 5;0;0;um2;0;0;0;um2;0;;;;;;;;;;;;;;
889;Primary somatosensory area, nose, layer 6a;0;0;um2;0;0;0;um2;0;;;;;;;;;;;;;;
929;Primary somatosensory area, nose, layer 6b;0;0;um2;0;0;0;um2;0;;;;;;;;;;;;;;
329;Primary somatosensory area, barrel field;0;0;um2;0;0;0;um2;0;;;;;;;;;;;;;;
981;Primary somatosensory area, barrel field, layer 1;73095;73094.943542;um2;40;653;653;um2;0.008934;;;;;;;;;;;;;;
201;Primary somatosensory area, barrel field, layer 2/3;150458;150458.204956;um2;172;2726;2726;um2;0.018118;;;;;;;;;;;;;;
1047;Primary somatosensory area, barrel field, layer 4;143789;143788.958282;um2;267;3376;3376;um2;0.023479;;;;;;;;;;;;;;
1070;Primary somatosensory area, barrel field, layer 5;155260;155260.062561;um2;147;2393;2393;um2;0.015413;;;;;;;;;;;;;;
1038;Primary somatosensory area, barrel field, layer 6a;151525;151525.284424;um2;270;4165;4165;um2;0.027487;;;;;;;;;;;;;;
1062;Primary somatosensory area, barrel field, layer 6b;29611;29611.455231;um2;29;561;561;um2;0.018945;;;;;;;;;;;;;;
480149202;Rostrolateral lateral visual area;0;0;um2;0;0;0;um2;0;;;;;;;;;;;;;;
480149206;Rostrolateral lateral visual area, layer 1;0;0;um2;0;0;0;um2;0;;;;;;;;;;;;;;
480149210;Rostrolateral lateral visual area, layer 2/3;0;0;um2;0;0;0;um2;0;;;;;;;;;;;;;;
480149214;Rostrolateral lateral visual area, layer 4;0;0;um2;0;0;0;um2;0;;;;;;;;;;;;;;
480149218;Rostrolateral lateral visual area,layer 5;0;0;um2;0;0;0;um2;0;;;;;;;;;;;;;;
480149222;Rostrolateral lateral visual area, layer 6a;0;0;um2;0;0;0;um2;0;;;;;;;;;;;;;;
480149226;Rostrolateral lateral visual area, layer 6b;0;0;um2;0;0;0;um2;0;;;;;;;;;;;;;;
337;Primary somatosensory area, lower limb;0;0;um2;0;0;0;um2;0;;;;;;;;;;;;;;
1030;Primary somatosensory area, lower limb, layer 1;0;0;um2;0;0;0;um2;0;;;;;;;;;;;;;;
113;Primary somatosensory area, lower limb, layer 2/3;0;0;um2;0;0;0;um2;0;;;;;;;;;;;;;;
1094;Primary somatosensory area, lower limb, layer 4;0;0;um2;0;0;0;um2;0;;;;;;;;;;;;;;
1128;Primary somatosensory area, lower limb, layer 5;0;0;um2;0;0;0;um2;0;;;;;;;;;;;;;;
478;Primary somatosensory area, lower limb, layer 6a;0;0;um2;0;0;0;um2;0;;;;;;;;;;;;;;
510;Primary somatosensory area, lower limb, layer 6b;0;0;um2;0;0;0;um2;0;;;;;;;;;;;;;;
345;Primary somatosensory area, mouth;0;0;um2;0;0;0;um2;0;;;;;;;;;;;;;;
878;Primary somatosensory area, mouth, layer 1;0;0;um2;0;0;0;um2;0;;;;;;;;;;;;;;
657;Primary somatosensory area, mouth, layer 2/3;0;0;um2;0;0;0;um2;0;;;;;;;;;;;;;;
950;Primary somatosensory area, mouth, layer 4;0;0;um2;0;0;0;um2;0;;;;;;;;;;;;;;
974;Primary somatosensory area, mouth, layer 5;0;0;um2;0;0;0;um2;0;;;;;;;;;;;;;;
1102;Primary somatosensory area, mouth, layer 6a;0;0;um2;0;0;0;um2;0;;;;;;;;;;;;;;
2;Primary somatosensory area, mouth, layer 6b;0;0;um2;0;0;0;um2;0;;;;;;;;;;;;;;
369;Primary somatosensory area, upper limb;0;0;um2;0;0;0;um2;0;;;;;;;;;;;;;;
450;Primary somatosensory area, upper limb, layer 1;0;0;um2;0;0;0;um2;0;;;;;;;;;;;;;;
854;Primary somatosensory area, upper limb, layer 2/3;0;0;um2;0;0;0;um2;0;;;;;;;;;;;;;;
577;Primary somatosensory area, upper limb, layer 4;0;0;um2;0;0;0;um2;0;;;;;;;;;;;;;;
625;Primary somatosensory area, upper limb, layer 5;0;0;um2;0;0;0;um2;0;;;;;;;;;;;;;;
945;Primary somatosensory area, upper limb, layer 6a;0;0;um2;0;0;0;um2;0;;;;;;;;;;;;;;
1026;Primary somatosensory area, upper limb, layer 6b;0;0;um2;0;0;0;um2;0;;;;;;;;;;;;;;
361;Primary somatosensory area, trunk;0;0;um2;0;0;0;um2;0;;;;;;;;;;;;;;
1006;Primary somatosensory area, trunk, layer 1;0;0;um2;0;0;0;um2;0;;;;;;;;;;;;;;
670;Primary somatosensory area, trunk, layer 2/3;0;0;um2;0;0;0;um2;0;;;;;;;;;;;;;;
1086;Primary somatosensory area, trunk, layer 4;0;0;um2;0;0;0;um2;0;;;;;;;;;;;;;;
1111;Primary somatosensory area, trunk, layer 5;0;0;um2;0;0;0;um2;0;;;;;;;;;;;;;;
9;Primary somatosensory area, trunk, layer 6a;0;0;um2;0;0;0;um2;0;;;;;;;;;;;;;;
461;Primary somatosensory area, trunk, layer 6b;0;0;um2;0;0;0;um2;0;;;;;;;;;;;;;;
182305689;Primary somatosensory area, unassigned;0;0;um2;0;0;0;um2;0;;;;;;;;;;;;;;
182305693;Primary somatosensory area, unassigned, layer 1;0;0;um2;0;0;0;um2;0;;;;;;;;;;;;;;
182305697;Primary somatosensory area, unassigned, layer 2/3;0;0;um2;0;0;0;um2;0;;;;;;;;;;;;;;
182305701;Primary somatosensory area, unassigned, layer 4;0;0;um2;0;0;0;um2;0;;;;;;;;;;;;;;
182305705;Primary somatosensory area, unassigned, layer 5;0;0;um2;0;0;0;um2;0;;;;;;;;;;;;;;
182305709;Primary somatosensory area, unassigned, layer 6a;0;0;um2;0;0;0;um2;0;;;;;;;;;;;;;;
182305713;Primary somatosensory area, unassigned, layer 6b;0;0;um2;0;0;0;um2;0;;;;;;;;;;;;;;
378;Supplemental somatosensory area;0;0;um2;0;0;0;um2;0;;;;;;;;;;;;;;
873;Supplemental somatosensory area, layer 1;49619;49619.195251;um2;13;171;171;um2;0.003446;;;;;;;;;;;;;;
806;Supplemental somatosensory area, layer 2/3;113911;113910.733185;um2;145;2361;2361;um2;0.020727;;;;;;;;;;;;;;
1035;Supplemental somatosensory area, layer 4;75229;75229.102478;um2;217;2667;2667;um2;0.035452;;;;;;;;;;;;;;
1090;Supplemental somatosensory area, layer 5;123248;123247.678528;um2;107;1849;1849;um2;0.015002;;;;;;;;;;;;;;
862;Supplemental somatosensory area, layer 6a;100572;100572.239838;um2;195;2912;2912;um2;0.028954;;;;;;;;;;;;;;
893;Supplemental somatosensory area, layer 6b;18941;18940.660553;um2;32;567;567;um2;0.029936;;;;;;;;;;;;;;
1057;Gustatory areas;0;0;um2;0;0;0;um2;0;;;;;;;;;;;;;;
36;Gustatory areas, layer 1;0;0;um2;0;0;0;um2;0;;;;;;;;;;;;;;
180;Gustatory areas, layer 2/3;0;0;um2;0;0;0;um2;0;;;;;;;;;;;;;;
148;Gustatory areas, layer 4;0;0;um2;0;0;0;um2;0;;;;;;;;;;;;;;
187;Gustatory areas, layer 5;0;0;um2;0;0;0;um2;0;;;;;;;;;;;;;;
638;Gustatory areas, layer 6a;0;0;um2;0;0;0;um2;0;;;;;;;;;;;;;;
662;Gustatory areas, layer 6b;0;0;um2;0;0;0;um2;0;;;;;;;;;;;;;;
677;Visceral area;0;0;um2;0;0;0;um2;0;;;;;;;;;;;;;;
897;Visceral area, layer 1;0;0;um2;0;0;0;um2;0;;;;;;;;;;;;;;
1106;Visceral area, layer 2/3;0;0;um2;0;0;0;um2;0;;;;;;;;;;;;;;
1010;Visceral area, layer 4;0;0;um2;0;0;0;um2;0;;;;;;;;;;;;;;
1058;Visceral area, layer 5;0;0;um2;0;0;0;um2;0;;;;;;;;;;;;;;
857;Visceral area, layer 6a;0;0;um2;0;0;0;um2;0;;;;;;;;;;;;;;
849;Visceral area, layer 6b;0;0;um2;0;0;0;um2;0;;;;;;;;;;;;;;
247;Auditory areas;0;0;um2;0;0;0;um2;0;;;;;;;;;;;;;;
1011;Dorsal auditory area;0;0;um2;0;0;0;um2;0;;;;;;;;;;;;;;
527;Dorsal auditory area, layer 1;78164;78163.571014;um2;28;349;349;um2;0.004465;;;;;;;;;;;;;;
600;Dorsal auditory area, layer 2/3;133118;133118.163605;um2;202;3363;3363;um2;0.025263;;;;;;;;;;;;;;
678;Dorsal auditory area, layer 4;57889;57889.061127;um2;131;1696;1696;um2;0.029297;;;;;;;;;;;;;;
252;Dorsal auditory area, layer 5;177402;177401.961517;um2;219;3788;3788;um2;0.021353;;;;;;;;;;;;;;
156;Dorsal auditory area, layer 6a;121380;121380.289459;um2;273;4428;4428;um2;0.036480;;;;;;;;;;;;;;
243;Dorsal auditory area, layer 6b;17073;17073.271484;um2;32;661;661;um2;0.038715;;;;;;;;;;;;;;
480149230;Laterolateral anterior visual area;0;0;um2;0;0;0;um2;0;;;;;;;;;;;;;;
480149234;Laterolateral anterior visual area, layer 1;0;0;um2;0;0;0;um2;0;;;;;;;;;;;;;;
480149238;Laterolateral anterior visual area, layer 2/3;0;0;um2;0;0;0;um2;0;;;;;;;;;;;;;;
480149242;Laterolateral anterior visual area, layer 4;0;0;um2;0;0;0;um2;0;;;;;;;;;;;;;;
480149246;Laterolateral anterior visual area,layer 5;0;0;um2;0;0;0;um2;0;;;;;;;;;;;;;;
480149250;Laterolateral anterior visual area, layer 6a;0;0;um2;0;0;0;um2;0;;;;;;;;;;;;;;
480149254;Laterolateral anterior visual area, layer 6b;0;0;um2;0;0;0;um2;0;;;;;;;;;;;;;;
1002;Primary auditory area;0;0;um2;0;0;0;um2;0;;;;;;;;;;;;;;
735;Primary auditory area, layer 1;102173;102172.859039;um2;81;1303;1303;um2;0.012753;;;;;;;;;;;;;;
251;Primary auditory area, layer 2/3;149391;149391.125488;um2;246;4496;4496;um2;0.030095;;;;;;;;;;;;;;
816;Primary auditory area, layer 4;65092;65091.847534;um2;153;2262;2262;um2;0.034751;;;;;;;;;;;;;;
847;Primary auditory area, layer 5;128583;128583.075867;um2;219;3787;3787;um2;0.029452;;;;;;;;;;;;;;
954;Primary auditory area, layer 6a;23743;23742.518158;um2;60;900;900;um2;0.037907;;;;;;;;;;;;;;
1005;Primary auditory area, layer 6b;0;0;um2;0;0;0;um2;0;;;;;;;;;;;;;;
1027;Posterior auditory area;0;0;um2;0;0;0;um2;0;;;;;;;;;;;;;;
696;Posterior auditory area, layer 1;0;0;um2;0;0;0;um2;0;;;;;;;;;;;;;;
643;Posterior auditory area, layer 2/3;0;0;um2;0;0;0;um2;0;;;;;;;;;;;;;;
759;Posterior auditory area, layer 4;0;0;um2;0;0;0;um2;0;;;;;;;;;;;;;;
791;Posterior auditory area, layer 5;0;0;um2;0;0;0;um2;0;;;;;;;;;;;;;;
249;Posterior auditory area, layer 6a;0;0;um2;0;0;0;um2;0;;;;;;;;;;;;;;
456;Posterior auditory area, layer 6b;0;0;um2;0;0;0;um2;0;;;;;;;;;;;;;;
1018;Ventral auditory area;0;0;um2;0;0;0;um2;0;;;;;;;;;;;;;;
959;Ventral auditory area, layer 1;58423;58422.600861;um2;57;890;890;um2;0.015234;;;;;;;;;;;;;;
755;Ventral auditory area, layer 2/3;91769;91768.834229;um2;137;2574;2574;um2;0.028049;;;;;;;;;;;;;;
990;Ventral auditory area, layer 4;56822;56821.981659;um2;101;1490;1490;um2;0.026222;;;;;;;;;;;;;;
1023;Ventral auditory area, layer 5;170733;170732.714844;um2;270;4687;4687;um2;0.027452;;;;;;;;;;;;;;
520;Ventral auditory area, layer 6a;127249;127249.226532;um2;314;5444;5444;um2;0.042782;;;;;;;;;;;;;;
598;Ventral auditory area, layer 6b;17340;17340.041351;um2;33;579;579;um2;0.033391;;;;;;;;;;;;;;
669;Visual areas;0;0;um2;0;0;0;um2;0;;;;;;;;;;;;;;
801;Visual areas, layer 1;0;0;um2;0;0;0;um2;0;;;;;;;;;;;;;;
561;Visual areas, layer 2/3;0;0;um2;0;0;0;um2;0;;;;;;;;;;;;;;
913;Visual areas, layer 4;0;0;um2;0;0;0;um2;0;;;;;;;;;;;;;;
937;Visual areas, layer 5;0;0;um2;0;0;0;um2;0;;;;;;;;;;;;;;
457;Visual areas, layer 6a;0;0;um2;0;0;0;um2;0;;;;;;;;;;;;;;
497;Visual areas, layer 6b;0;0;um2;0;0;0;um2;0;;;;;;;;;;;;;;
402;Anterolateral visual area;0;0;um2;0;0;0;um2;0;;;;;;;;;;;;;;
1074;Anterolateral visual area, layer 1;0;0;um2;0;0;0;um2;0;;;;;;;;;;;;;;
905;Anterolateral visual area, layer 2/3;0;0;um2;0;0;0;um2;0;;;;;;;;;;;;;;
1114;Anterolateral visual area, layer 4;0;0;um2;0;0;0;um2;0;;;;;;;;;;;;;;
233;Anterolateral visual area, layer 5;0;0;um2;0;0;0;um2;0;;;;;;;;;;;;;;
601;Anterolateral visual area, layer 6a;0;0;um2;0;0;0;um2;0;;;;;;;;;;;;;;
649;Anterolateral visual area, layer 6b;0;0;um2;0;0;0;um2;0;;;;;;;;;;;;;;
394;Anteromedial visual area;0;0;um2;0;0;0;um2;0;;;;;;;;;;;;;;
281;Anteromedial visual area, layer 1;97638;97637.771301;um2;23;318;318;um2;0.003257;;;;;;;;;;;;;;
1066;Anteromedial visual area, layer 2/3;146990;146990.196686;um2;310;5395;5395;um2;0.036703;;;;;;;;;;;;;;
401;Anteromedial visual area, layer 4;39749;39748.710175;um2;119;1604;1604;um2;0.040354;;;;;;;;;;;;;;
433;Anteromedial visual area, layer 5;150725;150724.974823;um2;339;5685;5685;um2;0.037718;;;;;;;;;;;;;;
1046;Anteromedial visual area, layer 6a;87501;87500.516357;um2;155;2367;2367;um2;0.027051;;;;;;;;;;;;;;
441;Anteromedial visual area, layer 6b;14672;14672.342682;um2;25;477;477;um2;0.032510;;;;;;;;;;;;;;
409;Lateral visual area;0;0;um2;0;0;0;um2;0;;;;;;;;;;;;;;
421;Lateral visual area, layer 1;0;0;um2;0;0;0;um2;0;;;;;;;;;;;;;;
973;Lateral visual area, layer 2/3;0;0;um2;0;0;0;um2;0;;;;;;;;;;;;;;
573;Lateral visual area, layer 4;0;0;um2;0;0;0;um2;0;;;;;;;;;;;;;;
613;Lateral visual area, layer 5;0;0;um2;0;0;0;um2;0;;;;;;;;;;;;;;
74;Lateral visual area, layer 6a;0;0;um2;0;0;0;um2;0;;;;;;;;;;;;;;
121;Lateral visual area, layer 6b;0;0;um2;0;0;0;um2;0;;;;;;;;;;;;;;
385;Primary visual area;0;0;um2;0;0;0;um2;0;;;;;;;;;;;;;;
593;Primary visual area, layer 1;1867;1867.389069;um2;0;0;0;um2;0;;;;;;;;;;;;;;
821;Primary visual area, layer 2/3;0;0;um2;0;0;0;um2;0;;;;;;;;;;;;;;
721;Primary visual area, layer 4;0;0;um2;0;0;0;um2;0;;;;;;;;;;;;;;
778;Primary visual area, layer 5;0;0;um2;0;0;0;um2;0;;;;;;;;;;;;;;
33;Primary visual area, layer 6a;0;0;um2;0;0;0;um2;0;;;;;;;;;;;;;;
305;Primary visual area, layer 6b;0;0;um2;0;0;0;um2;0;;;;;;;;;;;;;;
425;Posterolateral visual area;0;0;um2;0;0;0;um2;0;;;;;;;;;;;;;;
750;Posterolateral visual area, layer 1;0;0;um2;0;0;0;um2;0;;;;;;;;;;;;;;
269;Posterolateral visual area, layer 2/3;0;0;um2;0;0;0;um2;0;;;;;;;;;;;;;;
869;Posterolateral visual area, layer 4;0;0;um2;0;0;0;um2;0;;;;;;;;;;;;;;
902;Posterolateral visual area, layer 5;0;0;um2;0;0;0;um2;0;;;;;;;;;;;;;;
377;Posterolateral visual area, layer 6a;0;0;um2;0;0;0;um2;0;;;;;;;;;;;;;;
393;Posterolateral visual area, layer 6b;0;0;um2;0;0;0;um2;0;;;;;;;;;;;;;;
533;posteromedial visual area;0;0;um2;0;0;0;um2;0;;;;;;;;;;;;;;
805;posteromedial visual area, layer 1;0;0;um2;0;0;0;um2;0;;;;;;;;;;;;;;
41;posteromedial visual area, layer 2/3;0;0;um2;0;0;0;um2;0;;;;;;;;;;;;;;
501;posteromedial visual area, layer 4;0;0;um2;0;0;0;um2;0;;;;;;;;;;;;;;
565;posteromedial visual area, layer 5;0;0;um2;0;0;0;um2;0;;;;;;;;;;;;;;
257;posteromedial visual area, layer 6a;0;0;um2;0;0;0;um2;0;;;;;;;;;;;;;;
469;posteromedial visual area, layer 6b;0;0;um2;0;0;0;um2;0;;;;;;;;;;;;;;
312782574;Laterointermediate area;0;0;um2;0;0;0;um2;0;;;;;;;;;;;;;;
312782578;Laterointermediate area, layer 1;0;0;um2;0;0;0;um2;0;;;;;;;;;;;;;;
312782582;Laterointermediate area, layer 2/3;0;0;um2;0;0;0;um2;0;;;;;;;;;;;;;;
312782586;Laterointermediate area, layer 4;0;0;um2;0;0;0;um2;0;;;;;;;;;;;;;;
312782590;Laterointermediate area, layer 5;0;0;um2;0;0;0;um2;0;;;;;;;;;;;;;;
312782594;Laterointermediate area, layer 6a;0;0;um2;0;0;0;um2;0;;;;;;;;;;;;;;
312782598;Laterointermediate area, layer 6b;0;0;um2;0;0;0;um2;0;;;;;;;;;;;;;;
312782628;Postrhinal area;0;0;um2;0;0;0;um2;0;;;;;;;;;;;;;;
312782632;Postrhinal area, layer 1;0;0;um2;0;0;0;um2;0;;;;;;;;;;;;;;
312782636;Postrhinal area, layer 2/3;0;0;um2;0;0;0;um2;0;;;;;;;;;;;;;;
312782640;Postrhinal area, layer 4;0;0;um2;0;0;0;um2;0;;;;;;;;;;;;;;
312782644;Postrhinal area, layer 5;0;0;um2;0;0;0;um2;0;;;;;;;;;;;;;;
312782648;Postrhinal area, layer 6a;0;0;um2;0;0;0;um2;0;;;;;;;;;;;;;;
312782652;Postrhinal area, layer 6b;0;0;um2;0;0;0;um2;0;;;;;;;;;;;;;;
31;Anterior cingulate area;0;0;um2;0;0;0;um2;0;;;;;;;;;;;;;;
572;Anterior cingulate area, layer 1;0;0;um2;0;0;0;um2;0;;;;;;;;;;;;;;
1053;Anterior cingulate area, layer 2/3;0;0;um2;0;0;0;um2;0;;;;;;;;;;;;;;
739;Anterior cingulate area, layer 5;0;0;um2;0;0;0;um2;0;;;;;;;;;;;;;;
179;Anterior cingulate area, layer 6a;0;0;um2;0;0;0;um2;0;;;;;;;;;;;;;;
227;Anterior cingulate area, layer 6b;0;0;um2;0;0;0;um2;0;;;;;;;;;;;;;;
39;Anterior cingulate area, dorsal part;0;0;um2;0;0;0;um2;0;;;;;;;;;;;;;;
935;Anterior cingulate area, dorsal part, layer 1;0;0;um2;0;0;0;um2;0;;;;;;;;;;;;;;
211;Anterior cingulate area, dorsal part, layer 2/3;0;0;um2;0;0;0;um2;0;;;;;;;;;;;;;;
1015;Anterior cingulate area, dorsal part, layer 5;0;0;um2;0;0;0;um2;0;;;;;;;;;;;;;;
919;Anterior cingulate area, dorsal part, layer 6a;0;0;um2;0;0;0;um2;0;;;;;;;;;;;;;;
927;Anterior cingulate area, dorsal part, layer 6b;0;0;um2;0;0;0;um2;0;;;;;;;;;;;;;;
48;Anterior cingulate area, ventral part;0;0;um2;0;0;0;um2;0;;;;;;;;;;;;;;
588;Anterior cingulate area, ventral part, layer 1;0;0;um2;0;0;0;um2;0;;;;;;;;;;;;;;
296;Anterior cingulate area, ventral part, layer 2/3;0;0;um2;0;0;0;um2;0;;;;;;;;;;;;;;
772;Anterior cingulate area, ventral part, layer 5;0;0;um2;0;0;0;um2;0;;;;;;;;;;;;;;
810;Anterior cingulate area, ventral part, 6a;0;0;um2;0;0;0;um2;0;;;;;;;;;;;;;;
819;Anterior cingulate area, ventral part, 6b;0;0;um2;0;0;0;um2;0;;;;;;;;;;;;;;
972;Prelimbic area;0;0;um2;0;0;0;um2;0;;;;;;;;;;;;;;
171;Prelimbic area, layer 1;0;0;um2;0;0;0;um2;0;;;;;;;;;;;;;;
195;Prelimbic area, layer 2;0;0;um2;0;0;0;um2;0;;;;;;;;;;;;;;
304;Prelimbic area, layer 2/3;0;0;um2;0;0;0;um2;0;;;;;;;;;;;;;;
363;Prelimbic area, layer 5;0;0;um2;0;0;0;um2;0;;;;;;;;;;;;;;
84;Prelimbic area, layer 6a;0;0;um2;0;0;0;um2;0;;;;;;;;;;;;;;
132;Prelimbic area, layer 6b;0;0;um2;0;0;0;um2;0;;;;;;;;;;;;;;
44;Infralimbic area;0;0;um2;0;0;0;um2;0;;;;;;;;;;;;;;
707;Infralimbic area, layer 1;0;0;um2;0;0;0;um2;0;;;;;;;;;;;;;;
747;Infralimbic area, layer 2;0;0;um2;0;0;0;um2;0;;;;;;;;;;;;;;
556;Infralimbic area, layer 2/3;0;0;um2;0;0;0;um2;0;;;;;;;;;;;;;;
827;Infralimbic area, layer 5;0;0;um2;0;0;0;um2;0;;;;;;;;;;;;;;
1054;Infralimbic area, layer 6a;0;0;um2;0;0;0;um2;0;;;;;;;;;;;;;;
1081;Infralimbic area, layer 6b;0;0;um2;0;0;0;um2;0;;;;;;;;;;;;;;
714;Orbital area;0;0;um2;0;0;0;um2;0;;;;;;;;;;;;;;
264;Orbital area, layer 1;0;0;um2;0;0;0;um2;0;;;;;;;;;;;;;;
492;Orbital area, layer 2/3;0;0;um2;0;0;0;um2;0;;;;;;;;;;;;;;
352;Orbital area, layer 5;0;0;um2;0;0;0;um2;0;;;;;;;;;;;;;;
476;Orbital area, layer 6a;0;0;um2;0;0;0;um2;0;;;;;;;;;;;;;;
516;Orbital area, layer 6b;0;0;um2;0;0;0;um2;0;;;;;;;;;;;;;;
723;Orbital area, lateral part;0;0;um2;0;0;0;um2;0;;;;;;;;;;;;;;
448;Orbital area, lateral part, layer 1;0;0;um2;0;0;0;um2;0;;;;;;;;;;;;;;
412;Orbital area, lateral part, layer 2/3;0;0;um2;0;0;0;um2;0;;;;;;;;;;;;;;
630;Orbital area, lateral part, layer 5;0;0;um2;0;0;0;um2;0;;;;;;;;;;;;;;
440;Orbital area, lateral part, layer 6a;0;0;um2;0;0;0;um2;0;;;;;;;;;;;;;;
488;Orbital area, lateral part, layer 6b;0;0;um2;0;0;0;um2;0;;;;;;;;;;;;;;
731;Orbital area, medial part;0;0;um2;0;0;0;um2;0;;;;;;;;;;;;;;
484;Orbital area, medial part, layer 1;0;0;um2;0;0;0;um2;0;;;;;;;;;;;;;;
524;Orbital area, medial part, layer 2;0;0;um2;0;0;0;um2;0;;;;;;;;;;;;;;
582;Orbital area, medial part, layer 2/3;0;0;um2;0;0;0;um2;0;;;;;;;;;;;;;;
620;Orbital area, medial part, layer 5;0;0;um2;0;0;0;um2;0;;;;;;;;;;;;;;
910;Orbital area, medial part, layer 6a;0;0;um2;0;0;0;um2;0;;;;;;;;;;;;;;
527696977;Orbital area, medial part, layer 6b;0;0;um2;0;0;0;um2;0;;;;;;;;;;;;;;
738;Orbital area, ventral part;0;0;um2;0;0;0;um2;0;;;;;;;;;;;;;;
746;Orbital area, ventrolateral part;0;0;um2;0;0;0;um2;0;;;;;;;;;;;;;;
969;Orbital area, ventrolateral part, layer 1;0;0;um2;0;0;0;um2;0;;;;;;;;;;;;;;
288;Orbital area, ventrolateral part, layer 2/3;0;0;um2;0;0;0;um2;0;;;;;;;;;;;;;;
1125;Orbital area, ventrolateral part, layer 5;0;0;um2;0;0;0;um2;0;;;;;;;;;;;;;;
608;Orbital area, ventrolateral part, layer 6a;0;0;um2;0;0;0;um2;0;;;;;;;;;;;;;;
680;Orbital area, ventrolateral part, layer 6b;0;0;um2;0;0;0;um2;0;;;;;;;;;;;;;;
95;Agranular insular area;0;0;um2;0;0;0;um2;0;;;;;;;;;;;;;;
104;Agranular insular area, dorsal part;0;0;um2;0;0;0;um2;0;;;;;;;;;;;;;;
996;Agranular insular area, dorsal part, layer 1;0;0;um2;0;0;0;um2;0;;;;;;;;;;;;;;
328;Agranular insular area, dorsal part, layer 2/3;0;0;um2;0;0;0;um2;0;;;;;;;;;;;;;;
1101;Agranular insular area, dorsal part, layer 5;0;0;um2;0;0;0;um2;0;;;;;;;;;;;;;;
783;Agranular insular area, dorsal part, layer 6a;0;0;um2;0;0;0;um2;0;;;;;;;;;;;;;;
831;Agranular insular area, dorsal part, layer 6b;0;0;um2;0;0;0;um2;0;;;;;;;;;;;;;;
111;Agranular insular area, posterior part;0;0;um2;0;0;0;um2;0;;;;;;;;;;;;;;
120;Agranular insular area, posterior part, layer 1;0;0;um2;0;0;0;um2;0;;;;;;;;;;;;;;
163;Agranular insular area, posterior part, layer 2/3;0;0;um2;0;0;0;um2;0;;;;;;;;;;;;;;
344;Agranular insular area, posterior part, layer 5;267;266.769867;um2;0;0;0;um2;0;;;;;;;;;;;;;;
314;Agranular insular area, posterior part, layer 6a;4002;4001.548004;um2;3;76;76;um2;0.018993;;;;;;;;;;;;;;
355;Agranular insular area, posterior part, layer 6b;1067;1067.079468;um2;0;0;0;um2;0;;;;;;;;;;;;;;
119;Agranular insular area, ventral part;0;0;um2;0;0;0;um2;0;;;;;;;;;;;;;;
704;Agranular insular area, ventral part, layer 1;0;0;um2;0;0;0;um2;0;;;;;;;;;;;;;;
694;Agranular insular area, ventral part, layer 2/3;0;0;um2;0;0;0;um2;0;;;;;;;;;;;;;;
800;Agranular insular area, ventral part, layer 5;0;0;um2;0;0;0;um2;0;;;;;;;;;;;;;;
675;Agranular insular area, ventral part, layer 6a;0;0;um2;0;0;0;um2;0;;;;;;;;;;;;;;
699;Agranular insular area, ventral part, layer 6b;0;0;um2;0;0;0;um2;0;;;;;;;;;;;;;;
254;Retrosplenial area;0;0;um2;0;0;0;um2;0;;;;;;;;;;;;;;
894;Retrosplenial area, lateral agranular part;0;0;um2;0;0;0;um2;0;;;;;;;;;;;;;;
671;Retrosplenial area, lateral agranular part, layer 1;46685;46684.726715;um2;40;701;701;um2;0.015016;;;;;;;;;;;;;;
965;Retrosplenial area, lateral agranular part, layer 2/3;60824;60823.529663;um2;132;1921;1921;um2;0.031583;;;;;;;;;;;;;;
774;Retrosplenial area, lateral agranular part, layer 5;76830;76829.721680;um2;79;1156;1156;um2;0.015046;;;;;;;;;;;;;;
906;Retrosplenial area, lateral agranular part, layer 6a;53354;53353.973389;um2;105;1547;1547;um2;0.028995;;;;;;;;;;;;;;
279;Retrosplenial area, lateral agranular part, layer 6b;7203;7202.786407;um2;12;155;155;um2;0.021519;;;;;;;;;;;;;;
480149258;Mediomedial anterior visual area;0;0;um2;0;0;0;um2;0;;;;;;;;;;;;;;
480149262;Mediomedial anterior visual area, layer 1;0;0;um2;0;0;0;um2;0;;;;;;;;;;;;;;
480149266;Mediomedial anterior visual area, layer 2/3;0;0;um2;0;0;0;um2;0;;;;;;;;;;;;;;
480149270;Mediomedial anterior visual area, layer 4;0;0;um2;0;0;0;um2;0;;;;;;;;;;;;;;
480149274;Mediomedial anterior visual area,layer 5;0;0;um2;0;0;0;um2;0;;;;;;;;;;;;;;
480149278;Mediomedial anterior visual area, layer 6a;0;0;um2;0;0;0;um2;0;;;;;;;;;;;;;;
480149282;Mediomedial anterior visual area, layer 6b;0;0;um2;0;0;0;um2;0;;;;;;;;;;;;;;
480149286;Mediomedial posterior visual area;0;0;um2;0;0;0;um2;0;;;;;;;;;;;;;;
480149290;Mediomedial posterior visual area, layer 1;0;0;um2;0;0;0;um2;0;;;;;;;;;;;;;;
480149294;Mediomedial posterior visual area, layer 2/3;0;0;um2;0;0;0;um2;0;;;;;;;;;;;;;;
480149298;Mediomedial posterior visual area, layer 4;0;0;um2;0;0;0;um2;0;;;;;;;;;;;;;;
480149302;Mediomedial posterior visual area,layer 5;0;0;um2;0;0;0;um2;0;;;;;;;;;;;;;;
480149306;Mediomedial posterior visual area, layer 6a;0;0;um2;0;0;0;um2;0;;;;;;;;;;;;;;
480149310;Mediomedial posterior visual area, layer 6b;0;0;um2;0;0;0;um2;0;;;;;;;;;;;;;;
480149314;Medial visual area;0;0;um2;0;0;0;um2;0;;;;;;;;;;;;;;
480149318;Medial visual area, layer 1;0;0;um2;0;0;0;um2;0;;;;;;;;;;;;;;
480149322;Medial visual area, layer 2/3;0;0;um2;0;0;0;um2;0;;;;;;;;;;;;;;
480149326;Medial visual area, layer 4;0;0;um2;0;0;0;um2;0;;;;;;;;;;;;;;
480149330;Medial visual area,layer 5;0;0;um2;0;0;0;um2;0;;;;;;;;;;;;;;
480149334;Medial visual area, layer 6a;0;0;um2;0;0;0;um2;0;;;;;;;;;;;;;;
480149338;Medial visual area, layer 6b;0;0;um2;0;0;0;um2;0;;;;;;;;;;;;;;
879;Retrosplenial area, dorsal part;0;0;um2;0;0;0;um2;0;;;;;;;;;;;;;;
442;Retrosplenial area, dorsal part, layer 1;89368;89367.905426;um2;52;754;754;um2;0.008437;;;;;;;;;;;;;;
434;Retrosplenial area, dorsal part, layer 2/3;130984;130984.004669;um2;124;1958;1958;um2;0.014948;;;;;;;;;;;;;;
545;Retrosplenial area, dorsal part, layer 4;0;0;um2;0;0;0;um2;0;;;;;;;;;;;;;;
610;Retrosplenial area, dorsal part, layer 5;143789;143788.958282;um2;76;1098;1098;um2;0.007636;;;;;;;;;;;;;;
274;Retrosplenial area, dorsal part, layer 6a;96037;96037.152100;um2;72;952;952;um2;0.009913;;;;;;;;;;;;;;
330;Retrosplenial area, dorsal part, layer 6b;5869;5868.937073;um2;2;19;19;um2;0.003237;;;;;;;;;;;;;;
886;Retrosplenial area, ventral part;0;0;um2;0;0;0;um2;0;;;;;;;;;;;;;;
542;Retrosplenial area, ventral part, layer 1;83499;83498.968353;um2;11;114;114;um2;0.001365;;;;;;;;;;;;;;
606;Retrosplenial area, ventral part, layer 2;0;0;um2;0;0;0;um2;0;;;;;;;;;;;;;;
430;Retrosplenial area, ventral part, layer 2/3;125115;125115.067596;um2;162;1876;1876;um2;0.014994;;;;;;;;;;;;;;
687;Retrosplenial area, ventral part, layer 5;204879;204879.257813;um2;82;935;935;um2;0.004564;;;;;;;;;;;;;;
590;Retrosplenial area, ventral part, layer 6a;65359;65358.617401;um2;22;354;354;um2;0.005416;;;;;;;;;;;;;;
622;Retrosplenial area, ventral part, layer 6b;10137;10137.254944;um2;4;35;35;um2;0.003453;;;;;;;;;;;;;;
22;Posterior parietal association areas;0;0;um2;0;0;0;um2;0;;;;;;;;;;;;;;
532;Posterior parietal association areas, layer 1;0;0;um2;0;0;0;um2;0;;;;;;;;;;;;;;
241;Posterior parietal association areas, layer 2/3;0;0;um2;0;0;0;um2;0;;;;;;;;;;;;;;
635;Posterior parietal association areas, layer 4;0;0;um2;0;0;0;um2;0;;;;;;;;;;;;;;
683;Posterior parietal association areas, layer 5;0;0;um2;0;0;0;um2;0;;;;;;;;;;;;;;
308;Posterior parietal association areas, layer 6a;0;0;um2;0;0;0;um2;0;;;;;;;;;;;;;;
340;Posterior parietal association areas, layer 6b;0;0;um2;0;0;0;um2;0;;;;;;;;;;;;;;
312782546;Anterior area;0;0;um2;0;0;0;um2;0;;;;;;;;;;;;;;
312782550;Anterior area, layer 1;59223;59222.910461;um2;60;1150;1150;um2;0.019418;;;;;;;;;;;;;;
312782554;Anterior area, layer 2/3;109376;109375.645447;um2;163;3145;3145;um2;0.028754;;;;;;;;;;;;;;
312782558;Anterior area, layer 4;47752;47751.806183;um2;133;1949;1949;um2;0.040815;;;;;;;;;;;;;;
312782562;Anterior area, layer 5;115511;115511.352386;um2;181;3146;3146;um2;0.027235;;;;;;;;;;;;;;
312782566;Anterior area, layer 6a;90435;90434.984894;um2;142;2279;2279;um2;0.025200;;;;;;;;;;;;;;
312782570;Anterior area, layer 6b;20008;20007.740021;um2;14;225;225;um2;0.011246;;;;;;;;;;;;;;
417;Rostrolateral visual area;0;0;um2;0;0;0;um2;0;;;;;;;;;;;;;;
312782604;Rostrolateral area, layer 1;85100;85099.587555;um2;80;1262;1262;um2;0.014830;;;;;;;;;;;;;;
312782608;Rostrolateral area, layer 2/3;135252;135252.322540;um2;195;3420;3420;um2;0.025286;;;;;;;;;;;;;;
312782612;Rostrolateral area, layer 4;66159;66158.927002;um2;127;2007;2007;um2;0.030336;;;;;;;;;;;;;;
312782616;Rostrolateral area, layer 5;99772;99771.930237;um2;126;2338;2338;um2;0.023433;;;;;;;;;;;;;;
312782620;Rostrolateral area, layer 6a;58956;58956.140594;um2;82;1311;1311;um2;0.022237;;;;;;;;;;;;;;
312782624;Rostrolateral area, layer 6b;10404;10404.024811;um2;10;158;158;um2;0.015186;;;;;;;;;;;;;;
541;Temporal association areas;0;0;um2;0;0;0;um2;0;;;;;;;;;;;;;;
97;Temporal association areas, layer 1;79764;79764.190216;um2;23;409;409;um2;0.005128;;;;;;;;;;;;;;
1127;Temporal association areas, layer 2/3;113377;113377.193451;um2;139;2205;2205;um2;0.019448;;;;;;;;;;;;;;
234;Temporal association areas, layer 4;46418;46417.956848;um2;71;1060;1060;um2;0.022836;;;;;;;;;;;;;;
289;Temporal association areas, layer 5;154993;154993.292694;um2;218;3949;3949;um2;0.025479;;;;;;;;;;;;;;
729;Temporal association areas, layer 6a;134986;134985.552673;um2;234;4470;4470;um2;0.033115;;;;;;;;;;;;;;
786;Temporal association areas, layer 6b;12271;12271.413879;um2;9;159;159;um2;0.012957;;;;;;;;;;;;;;
922;Perirhinal area;0;0;um2;0;0;0;um2;0;;;;;;;;;;;;;;
540;Perirhinal area, layer 1;45618;45617.647247;um2;7;143;143;um2;0.003135;;;;;;;;;;;;;;
888;Perirhinal area, layer 2/3;74429;74428.792877;um2;64;1176;1176;um2;0.015800;;;;;;;;;;;;;;
692;Perirhinal area, layer 5;40282;40282.249908;um2;43;798;798;um2;0.019810;;;;;;;;;;;;;;
335;Perirhinal area, layer 6a;3201;3201.238403;um2;2;21;21;um2;0.006560;;;;;;;;;;;;;;
368;Perirhinal area, layer 6b;0;0;um2;0;0;0;um2;0;;;;;;;;;;;;;;
895;Ectorhinal area;0;0;um2;0;0;0;um2;0;;;;;;;;;;;;;;
836;Ectorhinal area/Layer 1;56288;56288.441925;um2;10;121;121;um2;0.002150;;;;;;;;;;;;;;
427;Ectorhinal area/Layer 2/3;100039;100038.700104;um2;70;1236;1236;um2;0.012355;;;;;;;;;;;;;;
988;Ectorhinal area/Layer 5;126716;126715.686798;um2;124;2445;2445;um2;0.019295;;;;;;;;;;;;;;
977;Ectorhinal area/Layer 6a;97371;97371.001434;um2;91;1813;1813;um2;0.018620;;;;;;;;;;;;;;
1045;Ectorhinal area/Layer 6b;12005;12004.644012;um2;7;128;128;um2;0.010663;;;;;;;;;;;;;;
698;Olfactory areas;29611;29611.455231;um2;6;102;102;um2;0.003445;;;;;;;;;;;;;;
507;Main olfactory bulb;0;0;um2;0;0;0;um2;0;;;;;;;;;;;;;;
212;Main olfactory bulb, glomerular layer;0;0;um2;0;0;0;um2;0;;;;;;;;;;;;;;
220;Main olfactory bulb, granule layer;0;0;um2;0;0;0;um2;0;;;;;;;;;;;;;;
228;Main olfactory bulb, inner plexiform layer;0;0;um2;0;0;0;um2;0;;;;;;;;;;;;;;
236;Main olfactory bulb, mitral layer;0;0;um2;0;0;0;um2;0;;;;;;;;;;;;;;
244;Main olfactory bulb, outer plexiform layer;0;0;um2;0;0;0;um2;0;;;;;;;;;;;;;;
151;Accessory olfactory bulb;0;0;um2;0;0;0;um2;0;;;;;;;;;;;;;;
188;Accessory olfactory bulb, glomerular layer;0;0;um2;0;0;0;um2;0;;;;;;;;;;;;;;
196;Accessory olfactory bulb, granular layer;0;0;um2;0;0;0;um2;0;;;;;;;;;;;;;;
204;Accessory olfactory bulb, mitral layer;0;0;um2;0;0;0;um2;0;;;;;;;;;;;;;;
159;Anterior olfactory nucleus;0;0;um2;0;0;0;um2;0;;;;;;;;;;;;;;
167;Anterior olfactory nucleus, dorsal part;0;0;um2;0;0;0;um2;0;;;;;;;;;;;;;;
175;Anterior olfactory nucleus, external part;0;0;um2;0;0;0;um2;0;;;;;;;;;;;;;;
183;Anterior olfactory nucleus, lateral part;0;0;um2;0;0;0;um2;0;;;;;;;;;;;;;;
191;Anterior olfactory nucleus, medial part;0;0;um2;0;0;0;um2;0;;;;;;;;;;;;;;
199;Anterior olfactory nucleus, posteroventral part;0;0;um2;0;0;0;um2;0;;;;;;;;;;;;;;
160;Anterior olfactory nucleus, layer 1;0;0;um2;0;0;0;um2;0;;;;;;;;;;;;;;
168;Anterior olfactory nucleus, layer 2;0;0;um2;0;0;0;um2;0;;;;;;;;;;;;;;
589;Taenia tecta;0;0;um2;0;0;0;um2;0;;;;;;;;;;;;;;
597;Taenia tecta, dorsal part;0;0;um2;0;0;0;um2;0;;;;;;;;;;;;;;
297;Taenia tecta, dorsal part, layers 1-4;0;0;um2;0;0;0;um2;0;;;;;;;;;;;;;;
1034;Taenia tecta, dorsal part, layer 1;0;0;um2;0;0;0;um2;0;;;;;;;;;;;;;;
1042;Taenia tecta, dorsal part, layer 2;0;0;um2;0;0;0;um2;0;;;;;;;;;;;;;;
1050;Taenia tecta, dorsal part, layer 3;0;0;um2;0;0;0;um2;0;;;;;;;;;;;;;;
1059;Taenia tecta, dorsal part, layer 4;0;0;um2;0;0;0;um2;0;;;;;;;;;;;;;;
605;Taenia tecta, ventral part;0;0;um2;0;0;0;um2;0;;;;;;;;;;;;;;
306;Taenia tecta, ventral part, layers 1-3;0;0;um2;0;0;0;um2;0;;;;;;;;;;;;;;
1067;Taenia tecta, ventral part, layer 1;0;0;um2;0;0;0;um2;0;;;;;;;;;;;;;;
1075;Taenia tecta, ventral part, layer 2;0;0;um2;0;0;0;um2;0;;;;;;;;;;;;;;
1082;Taenia tecta, ventral part, layer 3;0;0;um2;0;0;0;um2;0;;;;;;;;;;;;;;
814;Dorsal peduncular area;0;0;um2;0;0;0;um2;0;;;;;;;;;;;;;;
496;Dorsal peduncular area, layer 1;0;0;um2;0;0;0;um2;0;;;;;;;;;;;;;;
535;Dorsal peduncular area, layer 2;0;0;um2;0;0;0;um2;0;;;;;;;;;;;;;;
360;Dorsal peduncular area, layer 2/3;0;0;um2;0;0;0;um2;0;;;;;;;;;;;;;;
646;Dorsal peduncular area, layer 5;0;0;um2;0;0;0;um2;0;;;;;;;;;;;;;;
267;Dorsal peduncular area, layer 6a;0;0;um2;0;0;0;um2;0;;;;;;;;;;;;;;
961;Piriform area;950501;950501.035919;um2;541;12344;12344;um2;0.012987;;;;;;;;;;;;;;
152;Piriform area, layers 1-3;0;0;um2;0;0;0;um2;0;;;;;;;;;;;;;;
276;Piriform area, molecular layer;0;0;um2;0;0;0;um2;0;;;;;;;;;;;;;;
284;Piriform area, pyramidal layer;0;0;um2;0;0;0;um2;0;;;;;;;;;;;;;;
291;Piriform area, polymorph layer;0;0;um2;0;0;0;um2;0;;;;;;;;;;;;;;
619;Nucleus of the lateral olfactory tract;0;0;um2;0;0;0;um2;0;;;;;;;;;;;;;;
392;Nucleus of the lateral olfactory tract, layers 1-3;0;0;um2;0;0;0;um2;0;;;;;;;;;;;;;;
260;Nucleus of the lateral olfactory tract, molecular layer;0;0;um2;0;0;0;um2;0;;;;;;;;;;;;;;
268;Nucleus of the lateral olfactory tract, pyramidal layer;0;0;um2;0;0;0;um2;0;;;;;;;;;;;;;;
1139;Nucleus of the lateral olfactory tract, layer 3;0;0;um2;0;0;0;um2;0;;;;;;;;;;;;;;
631;Cortical amygdalar area;0;0;um2;0;0;0;um2;0;;;;;;;;;;;;;;
639;Cortical amygdalar area, anterior part;36814;36814.241638;um2;11;183;183;um2;0.004971;;;;;;;;;;;;;;
192;Cortical amygdalar area, anterior part, layer 1;0;0;um2;0;0;0;um2;0;;;;;;;;;;;;;;
200;Cortical amygdalar area, anterior part, layer 2;0;0;um2;0;0;0;um2;0;;;;;;;;;;;;;;
208;Cortical amygdalar area, anterior part, layer 3;0;0;um2;0;0;0;um2;0;;;;;;;;;;;;;;
647;Cortical amygdalar area, posterior part;0;0;um2;0;0;0;um2;0;;;;;;;;;;;;;;
655;Cortical amygdalar area, posterior part, lateral zone;291846;291846.234436;um2;203;3965;3965;um2;0.013586;;;;;;;;;;;;;;
584;Cortical amygdalar area, posterior part, lateral zone, layers 1-2;0;0;um2;0;0;0;um2;0;;;;;;;;;;;;;;
376;Cortical amygdalar area, posterior part, lateral zone, layers 1-3;0;0;um2;0;0;0;um2;0;;;;;;;;;;;;;;
216;Cortical amygdalar area, posterior part, lateral zone, layer 1;0;0;um2;0;0;0;um2;0;;;;;;;;;;;;;;
224;Cortical amygdalar area, posterior part, lateral zone, layer 2;0;0;um2;0;0;0;um2;0;;;;;;;;;;;;;;
232;Cortical amygdalar area, posterior part, lateral zone, layer 3;0;0;um2;0;0;0;um2;0;;;;;;;;;;;;;;
663;Cortical amygdalar area, posterior part, medial zone;92569;92569.143829;um2;31;525;525;um2;0.005671;;;;;;;;;;;;;;
592;Cortical amygdalar area, posterior part, medial zone, layers 1-2;0;0;um2;0;0;0;um2;0;;;;;;;;;;;;;;
383;Cortical amygdalar area, posterior part, medial zone, layers 1-3;0;0;um2;0;0;0;um2;0;;;;;;;;;;;;;;
240;Cortical amygdalar area, posterior part, medial zone, layer 1;0;0;um2;0;0;0;um2;0;;;;;;;;;;;;;;
248;Cortical amygdalar area, posterior part, medial zone, layer 2;0;0;um2;0;0;0;um2;0;;;;;;;;;;;;;;
256;Cortical amygdalar area, posterior part, medial zone, layer 3;0;0;um2;0;0;0;um2;0;;;;;;;;;;;;;;
788;Piriform-amygdalar area;232357;232356.554108;um2;87;2036;2036;um2;0.008762;;;;;;;;;;;;;;
400;Piriform-amygdalar area, layers 1-3;0;0;um2;0;0;0;um2;0;;;;;;;;;;;;;;
408;Piriform-amygdalar area, molecular layer;0;0;um2;0;0;0;um2;0;;;;;;;;;;;;;;
416;Piriform-amygdalar area, pyramidal layer;0;0;um2;0;0;0;um2;0;;;;;;;;;;;;;;
424;Piriform-amygdalar area, polymorph layer;0;0;um2;0;0;0;um2;0;;;;;;;;;;;;;;
566;Postpiriform transition area;0;0;um2;0;0;0;um2;0;;;;;;;;;;;;;;
517;Postpiriform transition area, layers 1-3;0;0;um2;0;0;0;um2;0;;;;;;;;;;;;;;
1140;Postpiriform transition area, layers 1;0;0;um2;0;0;0;um2;0;;;;;;;;;;;;;;
1141;Postpiriform transition area, layers 2;0;0;um2;0;0;0;um2;0;;;;;;;;;;;;;;
1142;Postpiriform transition area, layers 3;0;0;um2;0;0;0;um2;0;;;;;;;;;;;;;;
1089;Hippocampal formation;6136;6135.706940;um2;0;0;0;um2;0;;;;;;;;;;;;;;
1080;Hippocampal region;0;0;um2;0;0;0;um2;0;;;;;;;;;;;;;;
375;Ammon's horn;0;0;um2;0;0;0;um2;0;;;;;;;;;;;;;;
382;Field CA1;1379200;1379200.212097;um2;676;10528;10528;um2;0.007633;;;;;;;;;;;;;;
391;Field CA1, stratum lacunosum-moleculare;0;0;um2;0;0;0;um2;0;;;;;;;;;;;;;;
399;Field CA1, stratum oriens;0;0;um2;0;0;0;um2;0;;;;;;;;;;;;;;
407;Field CA1, pyramidal layer;0;0;um2;0;0;0;um2;0;;;;;;;;;;;;;;
415;Field CA1, stratum radiatum;0;0;um2;0;0;0;um2;0;;;;;;;;;;;;;;
423;Field CA2;47485;47485.036316;um2;13;279;279;um2;0.005876;;;;;;;;;;;;;;
431;Field CA2, stratum lacunosum-moleculare;0;0;um2;0;0;0;um2;0;;;;;;;;;;;;;;
438;Field CA2, stratum oriens;0;0;um2;0;0;0;um2;0;;;;;;;;;;;;;;
446;Field CA2, pyramidal layer;0;0;um2;0;0;0;um2;0;;;;;;;;;;;;;;
454;Field CA2, stratum radiatum;0;0;um2;0;0;0;um2;0;;;;;;;;;;;;;;
463;Field CA3;580224;580224.460602;um2;266;4892;4892;um2;0.008431;;;;;;;;;;;;;;
471;Field CA3, stratum lacunosum-moleculare;0;0;um2;0;0;0;um2;0;;;;;;;;;;;;;;
479;Field CA3, stratum lucidum;0;0;um2;0;0;0;um2;0;;;;;;;;;;;;;;
486;Field CA3, stratum oriens;0;0;um2;0;0;0;um2;0;;;;;;;;;;;;;;
495;Field CA3, pyramidal layer;0;0;um2;0;0;0;um2;0;;;;;;;;;;;;;;
504;Field CA3, stratum radiatum;0;0;um2;0;0;0;um2;0;;;;;;;;;;;;;;
726;Dentate gyrus;0;0;um2;0;0;0;um2;0;;;;;;;;;;;;;;
10703;Dentate gyrus, molecular layer;507130;507129.517059;um2;50;1291;1291;um2;0.002546;;;;;;;;;;;;;;
10704;Dentate gyrus, polymorph layer;78964;78963.880615;um2;39;662;662;um2;0.008384;;;;;;;;;;;;;;
632;Dentate gyrus, granule cell layer;186739;186738.906860;um2;87;1976;1976;um2;0.010582;;;;;;;;;;;;;;
10702;Dentate gyrus, subgranular zone;0;0;um2;0;0;0;um2;0;;;;;;;;;;;;;;
734;Dentate gyrus crest;0;0;um2;0;0;0;um2;0;;;;;;;;;;;;;;
742;Dentate gyrus crest, molecular layer;0;0;um2;0;0;0;um2;0;;;;;;;;;;;;;;
751;Dentate gyrus crest, polymorph layer;0;0;um2;0;0;0;um2;0;;;;;;;;;;;;;;
758;Dentate gyrus crest, granule cell layer;0;0;um2;0;0;0;um2;0;;;;;;;;;;;;;;
766;Dentate gyrus lateral blade;0;0;um2;0;0;0;um2;0;;;;;;;;;;;;;;
775;Dentate gyrus lateral blade, molecular layer;0;0;um2;0;0;0;um2;0;;;;;;;;;;;;;;
782;Dentate gyrus lateral blade, polymorph layer;0;0;um2;0;0;0;um2;0;;;;;;;;;;;;;;
790;Dentate gyrus lateral blade, granule cell layer;0;0;um2;0;0;0;um2;0;;;;;;;;;;;;;;
799;Dentate gyrus medial blade;0;0;um2;0;0;0;um2;0;;;;;;;;;;;;;;
807;Dentate gyrus medial blade, molecular layer;0;0;um2;0;0;0;um2;0;;;;;;;;;;;;;;
815;Dentate gyrus medial blade, polymorph layer;0;0;um2;0;0;0;um2;0;;;;;;;;;;;;;;
823;Dentate gyrus medial blade, granule cell layer;0;0;um2;0;0;0;um2;0;;;;;;;;;;;;;;
982;Fasciola cinerea;18941;18940.660553;um2;3;51;51;um2;0.002693;;;;;;;;;;;;;;
19;Induseum griseum;0;0;um2;0;0;0;um2;0;;;;;;;;;;;;;;
822;Retrohippocampal region;0;0;um2;0;0;0;um2;0;;;;;;;;;;;;;;
909;Entorhinal area;0;0;um2;0;0;0;um2;0;;;;;;;;;;;;;;
918;Entorhinal area, lateral part;0;0;um2;0;0;0;um2;0;;;;;;;;;;;;;;
1121;Entorhinal area, lateral part, layer 1;30145;30144.994965;um2;2;18;18;um2;0.000597;;;;;;;;;;;;;;
20;Entorhinal area, lateral part, layer 2;36014;36013.932037;um2;5;90;90;um2;0.002499;;;;;;;;;;;;;;
999;Entorhinal area, lateral part, layer 2/3;0;0;um2;0;0;0;um2;0;;;;;;;;;;;;;;
715;Entorhinal area, lateral part, layer 2a;0;0;um2;0;0;0;um2;0;;;;;;;;;;;;;;
764;Entorhinal area, lateral part, layer 2b;0;0;um2;0;0;0;um2;0;;;;;;;;;;;;;;
52;Entorhinal area, lateral part, layer 3;44817;44817.337646;um2;22;473;473;um2;0.010554;;;;;;;;;;;;;;
92;Entorhinal area, lateral part, layer 4;0;0;um2;0;0;0;um2;0;;;;;;;;;;;;;;
312;Entorhinal area, lateral part, layer 4/5;0;0;um2;0;0;0;um2;0;;;;;;;;;;;;;;
139;Entorhinal area, lateral part, layer 5;51220;51219.814453;um2;17;341;341;um2;0.006658;;;;;;;;;;;;;;
387;Entorhinal area, lateral part, layer 5/6;0;0;um2;0;0;0;um2;0;;;;;;;;;;;;;;
28;Entorhinal area, lateral part, layer 6a;8803;8803.405609;um2;4;123;123;um2;0.013972;;;;;;;;;;;;;;
60;Entorhinal area, lateral part, layer 6b;0;0;um2;0;0;0;um2;0;;;;;;;;;;;;;;
926;Entorhinal area, medial part, dorsal zone;0;0;um2;0;0;0;um2;0;;;;;;;;;;;;;;
526;Entorhinal area, medial part, dorsal zone, layer 1;0;0;um2;0;0;0;um2;0;;;;;;;;;;;;;;
543;Entorhinal area, medial part, dorsal zone, layer 2;0;0;um2;0;0;0;um2;0;;;;;;;;;;;;;;
468;Entorhinal area, medial part, dorsal zone, layer 2a;0;0;um2;0;0;0;um2;0;;;;;;;;;;;;;;
508;Entorhinal area, medial part, dorsal zone, layer 2b;0;0;um2;0;0;0;um2;0;;;;;;;;;;;;;;
664;Entorhinal area, medial part, dorsal zone, layer 3;0;0;um2;0;0;0;um2;0;;;;;;;;;;;;;;
712;Entorhinal area, medial part, dorsal zone, layer 4;0;0;um2;0;0;0;um2;0;;;;;;;;;;;;;;
727;Entorhinal area, medial part, dorsal zone, layer 5;0;0;um2;0;0;0;um2;0;;;;;;;;;;;;;;
550;Entorhinal area, medial part, dorsal zone, layer 5/6;0;0;um2;0;0;0;um2;0;;;;;;;;;;;;;;
743;Entorhinal area, medial part, dorsal zone, layer 6;0;0;um2;0;0;0;um2;0;;;;;;;;;;;;;;
934;Entorhinal area, medial part, ventral zone;0;0;um2;0;0;0;um2;0;;;;;;;;;;;;;;
259;Entorhinal area, medial part, ventral zone, layer 1;0;0;um2;0;0;0;um2;0;;;;;;;;;;;;;;
324;Entorhinal area, medial part, ventral zone, layer 2;0;0;um2;0;0;0;um2;0;;;;;;;;;;;;;;
371;Entorhinal area, medial part, ventral zone, layer 3;0;0;um2;0;0;0;um2;0;;;;;;;;;;;;;;
419;Entorhinal area, medial part, ventral zone, layer 4;0;0;um2;0;0;0;um2;0;;;;;;;;;;;;;;
1133;Entorhinal area, medial part, ventral zone, layer 5/6;0;0;um2;0;0;0;um2;0;;;;;;;;;;;;;;
843;Parasubiculum;0;0;um2;0;0;0;um2;0;;;;;;;;;;;;;;
10693;Parasubiculum, layer 1;0;0;um2;0;0;0;um2;0;;;;;;;;;;;;;;
10694;Parasubiculum, layer 2;0;0;um2;0;0;0;um2;0;;;;;;;;;;;;;;
10695;Parasubiculum, layer 3;0;0;um2;0;0;0;um2;0;;;;;;;;;;;;;;
1037;Postsubiculum;0;0;um2;0;0;0;um2;0;;;;;;;;;;;;;;
10696;Postsubiculum, layer 1;0;0;um2;0;0;0;um2;0;;;;;;;;;;;;;;
10697;Postsubiculum, layer 2;0;0;um2;0;0;0;um2;0;;;;;;;;;;;;;;
10698;Postsubiculum, layer 3;0;0;um2;0;0;0;um2;0;;;;;;;;;;;;;;
1084;Presubiculum;0;0;um2;0;0;0;um2;0;;;;;;;;;;;;;;
10699;Presubiculum, layer 1;0;0;um2;0;0;0;um2;0;;;;;;;;;;;;;;
10700;Presubiculum, layer 2;0;0;um2;0;0;0;um2;0;;;;;;;;;;;;;;
10701;Presubiculum, layer 3;0;0;um2;0;0;0;um2;0;;;;;;;;;;;;;;
502;Subiculum;0;0;um2;0;0;0;um2;0;;;;;;;;;;;;;;
509;Subiculum, dorsal part;0;0;um2;0;0;0;um2;0;;;;;;;;;;;;;;
829;Subiculum, dorsal part, molecular layer;0;0;um2;0;0;0;um2;0;;;;;;;;;;;;;;
845;Subiculum, dorsal part, pyramidal layer;0;0;um2;0;0;0;um2;0;;;;;;;;;;;;;;
837;Subiculum, dorsal part, stratum radiatum;0;0;um2;0;0;0;um2;0;;;;;;;;;;;;;;
518;Subiculum, ventral part;0;0;um2;0;0;0;um2;0;;;;;;;;;;;;;;
853;Subiculum, ventral part, molecular layer;0;0;um2;0;0;0;um2;0;;;;;;;;;;;;;;
870;Subiculum, ventral part, pyramidal layer;0;0;um2;0;0;0;um2;0;;;;;;;;;;;;;;
861;Subiculum, ventral part, stratum radiatum;0;0;um2;0;0;0;um2;0;;;;;;;;;;;;;;
484682470;Prosubiculum;0;0;um2;0;0;0;um2;0;;;;;;;;;;;;;;
484682475;Prosubiculum, dorsal part;0;0;um2;0;0;0;um2;0;;;;;;;;;;;;;;
484682479;Prosubiculum, dorsal part, molecular layer;0;0;um2;0;0;0;um2;0;;;;;;;;;;;;;;
484682483;Prosubiculum, dorsal part, pyramidal layer;0;0;um2;0;0;0;um2;0;;;;;;;;;;;;;;
484682487;Prosubiculum, dorsal part, stratum radiatum;0;0;um2;0;0;0;um2;0;;;;;;;;;;;;;;
484682492;Prosubiculum, ventral part;0;0;um2;0;0;0;um2;0;;;;;;;;;;;;;;
484682496;Prosubiculum, ventral part, molecular layer;0;0;um2;0;0;0;um2;0;;;;;;;;;;;;;;
484682500;Prosubiculum, ventral part, pyramidal layer;0;0;um2;0;0;0;um2;0;;;;;;;;;;;;;;
484682504;Prosubiculum, ventral part, stratum radiatum;0;0;um2;0;0;0;um2;0;;;;;;;;;;;;;;
589508447;Hippocampo-amygdalar transition area;0;0;um2;0;0;0;um2;0;;;;;;;;;;;;;;
484682508;Area prostriata;0;0;um2;0;0;0;um2;0;;;;;;;;;;;;;;
703;Cortical subplate;46951;46951.496582;um2;33;704;704;um2;0.014994;;;;;;;;;;;;;;
16;Layer 6b, isocortex;0;0;um2;0;0;0;um2;0;;;;;;;;;;;;;;
583;Claustrum;0;0;um2;0;0;0;um2;0;;;;;;;;;;;;;;
942;Endopiriform nucleus;0;0;um2;0;0;0;um2;0;;;;;;;;;;;;;;
952;Endopiriform nucleus, dorsal part;149391;149391.125488;um2;70;1563;1563;um2;0.010462;;;;;;;;;;;;;;
966;Endopiriform nucleus, ventral part;99505;99505.160370;um2;51;1196;1196;um2;0.012019;;;;;;;;;;;;;;
131;Lateral amygdalar nucleus;422297;422296.699371;um2;108;1876;1876;um2;0.004442;;;;;;;;;;;;;;
295;Basolateral amygdalar nucleus;0;0;um2;0;0;0;um2;0;;;;;;;;;;;;;;
303;Basolateral amygdalar nucleus, anterior part;179003;179002.580719;um2;173;3114;3114;um2;0.017396;;;;;;;;;;;;;;
311;Basolateral amygdalar nucleus, posterior part;201411;201411.249542;um2;136;2844;2844;um2;0.014120;;;;;;;;;;;;;;
451;Basolateral amygdalar nucleus, ventral part;290512;290512.385101;um2;190;4191;4191;um2;0.014426;;;;;;;;;;;;;;
319;Basomedial amygdalar nucleus;0;0;um2;0;0;0;um2;0;;;;;;;;;;;;;;
327;Basomedial amygdalar nucleus, anterior part;97905;97904.541168;um2;34;642;642;um2;0.006557;;;;;;;;;;;;;;
334;Basomedial amygdalar nucleus, posterior part;274773;274772.962952;um2;373;7829;7829;um2;0.028493;;;;;;;;;;;;;;
780;Posterior amygdalar nucleus;5869;5868.937073;um2;0;0;0;um2;0;;;;;;;;;;;;;;
623;Cerebral nuclei;0;0;um2;0;0;0;um2;0;;;;;;;;;;;;;;
477;Striatum;169132;169132.095642;um2;47;906;906;um2;0.005357;;;;;;;;;;;;;;
485;Striatum dorsal region;0;0;um2;0;0;0;um2;0;;;;;;;;;;;;;;
672;Caudoputamen;649851;649851.395874;um2;297;4414;4414;um2;0.006792;;;;;;;;;;;;;;
493;Striatum ventral region;0;0;um2;0;0;0;um2;0;;;;;;;;;;;;;;
56;Nucleus accumbens;0;0;um2;0;0;0;um2;0;;;;;;;;;;;;;;
998;Fundus of striatum;0;0;um2;0;0;0;um2;0;;;;;;;;;;;;;;
754;Olfactory tubercle;0;0;um2;0;0;0;um2;0;;;;;;;;;;;;;;
481;Islands of Calleja;0;0;um2;0;0;0;um2;0;;;;;;;;;;;;;;
489;Major island of Calleja;0;0;um2;0;0;0;um2;0;;;;;;;;;;;;;;
144;Olfactory tubercle, layers 1-3;0;0;um2;0;0;0;um2;0;;;;;;;;;;;;;;
458;Olfactory tubercle, molecular layer;0;0;um2;0;0;0;um2;0;;;;;;;;;;;;;;
465;Olfactory tubercle, pyramidal layer;0;0;um2;0;0;0;um2;0;;;;;;;;;;;;;;
473;Olfactory tubercle, polymorph layer;0;0;um2;0;0;0;um2;0;;;;;;;;;;;;;;
549009199;Lateral strip of striatum;0;0;um2;0;0;0;um2;0;;;;;;;;;;;;;;
275;Lateral septal complex;0;0;um2;0;0;0;um2;0;;;;;;;;;;;;;;
242;Lateral septal nucleus;0;0;um2;0;0;0;um2;0;;;;;;;;;;;;;;
250;Lateral septal nucleus, caudal (caudodorsal) part;0;0;um2;0;0;0;um2;0;;;;;;;;;;;;;;
258;Lateral septal nucleus, rostral (rostroventral) part;0;0;um2;0;0;0;um2;0;;;;;;;;;;;;;;
266;Lateral septal nucleus, ventral part;0;0;um2;0;0;0;um2;0;;;;;;;;;;;;;;
310;Septofimbrial nucleus;0;0;um2;0;0;0;um2;0;;;;;;;;;;;;;;
333;Septohippocampal nucleus;0;0;um2;0;0;0;um2;0;;;;;;;;;;;;;;
278;Striatum-like amygdalar nuclei;0;0;um2;0;0;0;um2;0;;;;;;;;;;;;;;
23;Anterior amygdalar area;0;0;um2;0;0;0;um2;0;;;;;;;;;;;;;;
292;Bed nucleus of the accessory olfactory tract;0;0;um2;0;0;0;um2;0;;;;;;;;;;;;;;
536;Central amygdalar nucleus;0;0;um2;0;0;0;um2;0;;;;;;;;;;;;;;
544;Central amygdalar nucleus, capsular part;54688;54687.822723;um2;25;410;410;um2;0.007497;;;;;;;;;;;;;;
551;Central amygdalar nucleus, lateral part;61624;61623.839264;um2;41;655;655;um2;0.010629;;;;;;;;;;;;;;
559;Central amygdalar nucleus, medial part;104040;104040.248108;um2;44;585;585;um2;0.005623;;;;;;;;;;;;;;
1105;Intercalated amygdalar nucleus;52820;52820.433655;um2;54;835;835;um2;0.015808;;;;;;;;;;;;;;
403;Medial amygdalar nucleus;886743;886743.037720;um2;229;3797;3797;um2;0.004282;;;;;;;;;;;;;;
411;Medial amygdalar nucleus, anterodorsal part;0;0;um2;0;0;0;um2;0;;;;;;;;;;;;;;
418;Medial amygdalar nucleus, anteroventral part;0;0;um2;0;0;0;um2;0;;;;;;;;;;;;;;
426;Medial amygdalar nucleus, posterodorsal part;0;0;um2;0;0;0;um2;0;;;;;;;;;;;;;;
472;Medial amygdalar nucleus, posterodorsal part, sublayer a;0;0;um2;0;0;0;um2;0;;;;;;;;;;;;;;
480;Medial amygdalar nucleus, posterodorsal part, sublayer b;0;0;um2;0;0;0;um2;0;;;;;;;;;;;;;;
487;Medial amygdalar nucleus, posterodorsal part, sublayer c;0;0;um2;0;0;0;um2;0;;;;;;;;;;;;;;
435;Medial amygdalar nucleus, posteroventral part;0;0;um2;0;0;0;um2;0;;;;;;;;;;;;;;
803;Pallidum;0;0;um2;0;0;0;um2;0;;;;;;;;;;;;;;
818;Pallidum, dorsal region;0;0;um2;0;0;0;um2;0;;;;;;;;;;;;;;
1022;Globus pallidus, external segment;0;0;um2;0;0;0;um2;0;;;;;;;;;;;;;;
1031;Globus pallidus, internal segment;0;0;um2;0;0;0;um2;0;;;;;;;;;;;;;;
835;Pallidum, ventral region;0;0;um2;0;0;0;um2;0;;;;;;;;;;;;;;
342;Substantia innominata;0;0;um2;0;0;0;um2;0;;;;;;;;;;;;;;
298;Magnocellular nucleus;0;0;um2;0;0;0;um2;0;;;;;;;;;;;;;;
826;Pallidum, medial region;0;0;um2;0;0;0;um2;0;;;;;;;;;;;;;;
904;Medial septal complex;0;0;um2;0;0;0;um2;0;;;;;;;;;;;;;;
564;Medial septal nucleus;0;0;um2;0;0;0;um2;0;;;;;;;;;;;;;;
596;Diagonal band nucleus;0;0;um2;0;0;0;um2;0;;;;;;;;;;;;;;
581;Triangular nucleus of septum;0;0;um2;0;0;0;um2;0;;;;;;;;;;;;;;
809;Pallidum, caudal region;0;0;um2;0;0;0;um2;0;;;;;;;;;;;;;;
351;Bed nuclei of the stria terminalis;0;0;um2;0;0;0;um2;0;;;;;;;;;;;;;;
359;Bed nuclei of the stria terminalis, anterior division;0;0;um2;0;0;0;um2;0;;;;;;;;;;;;;;
537;Bed nuclei of the stria terminalis, anterior division, anterolateral area;0;0;um2;0;0;0;um2;0;;;;;;;;;;;;;;
498;Bed nuclei of the stria terminalis, anterior division, anteromedial area;0;0;um2;0;0;0;um2;0;;;;;;;;;;;;;;
505;Bed nuclei of the stria terminalis, anterior division, dorsomedial nucleus;0;0;um2;0;0;0;um2;0;;;;;;;;;;;;;;
513;Bed nuclei of the stria terminalis, anterior division, fusiform nucleus;0;0;um2;0;0;0;um2;0;;;;;;;;;;;;;;
546;Bed nuclei of the stria terminalis, anterior division, juxtacapsular nucleus;0;0;um2;0;0;0;um2;0;;;;;;;;;;;;;;
521;Bed nuclei of the stria terminalis, anterior division, magnocellular nucleus;0;0;um2;0;0;0;um2;0;;;;;;;;;;;;;;
554;Bed nuclei of the stria terminalis, anterior division, oval nucleus;0;0;um2;0;0;0;um2;0;;;;;;;;;;;;;;
562;Bed nuclei of the stria terminalis, anterior division, rhomboid nucleus;0;0;um2;0;0;0;um2;0;;;;;;;;;;;;;;
529;Bed nuclei of the stria terminalis, anterior division, ventral nucleus;0;0;um2;0;0;0;um2;0;;;;;;;;;;;;;;
367;Bed nuclei of the stria terminalis, posterior division;0;0;um2;0;0;0;um2;0;;;;;;;;;;;;;;
569;Bed nuclei of the stria terminalis, posterior division, dorsal nucleus;0;0;um2;0;0;0;um2;0;;;;;;;;;;;;;;
578;Bed nuclei of the stria terminalis, posterior division, principal nucleus;0;0;um2;0;0;0;um2;0;;;;;;;;;;;;;;
585;Bed nuclei of the stria terminalis, posterior division, interfascicular nucleus;0;0;um2;0;0;0;um2;0;;;;;;;;;;;;;;
594;Bed nuclei of the stria terminalis, posterior division, transverse nucleus;0;0;um2;0;0;0;um2;0;;;;;;;;;;;;;;
602;Bed nuclei of the stria terminalis, posterior division, strial extension;0;0;um2;0;0;0;um2;0;;;;;;;;;;;;;;
287;Bed nucleus of the anterior commissure;0;0;um2;0;0;0;um2;0;;;;;;;;;;;;;;
343;Brain stem;0;0;um2;0;0;0;um2;0;;;;;;;;;;;;;;
1129;Interbrain;0;0;um2;0;0;0;um2;0;;;;;;;;;;;;;;
549;Thalamus;307586;307585.656586;um2;159;3189;3189;um2;0.010368;;;;;;;;;;;;;;
864;Thalamus, sensory-motor cortex related;0;0;um2;0;0;0;um2;0;;;;;;;;;;;;;;
637;Ventral group of the dorsal thalamus;0;0;um2;0;0;0;um2;0;;;;;;;;;;;;;;
629;Ventral anterior-lateral complex of the thalamus;0;0;um2;0;0;0;um2;0;;;;;;;;;;;;;;
685;Ventral medial nucleus of the thalamus;378813;378813.211060;um2;277;5739;5739;um2;0.015150;;;;;;;;;;;;;;
709;Ventral posterior complex of the thalamus;0;0;um2;0;0;0;um2;0;;;;;;;;;;;;;;
718;Ventral posterolateral nucleus of the thalamus;254765;254765.222931;um2;9;87;87;um2;0.000341;;;;;;;;;;;;;;
725;Ventral posterolateral nucleus of the thalamus, parvicellular part;64292;64291.537933;um2;0;0;0;um2;0;;;;;;;;;;;;;;
733;Ventral posteromedial nucleus of the thalamus;675728;675728.072968;um2;4;37;37;um2;0.000055;;;;;;;;;;;;;;
741;Ventral posteromedial nucleus of the thalamus, parvicellular part;280108;280108.360291;um2;14;203;203;um2;0.000725;;;;;;;;;;;;;;
563807435;Posterior triangular thalamic nucleus;0;0;um2;0;0;0;um2;0;;;;;;;;;;;;;;
406;Subparafascicular nucleus;0;0;um2;0;0;0;um2;0;;;;;;;;;;;;;;
414;Subparafascicular nucleus, magnocellular part;1067;1067.079468;um2;2;26;26;um2;0.024366;;;;;;;;;;;;;;
422;Subparafascicular nucleus, parvicellular part;0;0;um2;0;0;0;um2;0;;;;;;;;;;;;;;
609;Subparafascicular area;0;0;um2;0;0;0;um2;0;;;;;;;;;;;;;;
1044;Peripeduncular nucleus;0;0;um2;0;0;0;um2;0;;;;;;;;;;;;;;
1008;Geniculate group, dorsal thalamus;0;0;um2;0;0;0;um2;0;;;;;;;;;;;;;;
475;Medial geniculate complex;0;0;um2;0;0;0;um2;0;;;;;;;;;;;;;;
1072;Medial geniculate complex, dorsal part;0;0;um2;0;0;0;um2;0;;;;;;;;;;;;;;
1079;Medial geniculate complex, ventral part;0;0;um2;0;0;0;um2;0;;;;;;;;;;;;;;
1088;Medial geniculate complex, medial part;0;0;um2;0;0;0;um2;0;;;;;;;;;;;;;;
170;Dorsal part of the lateral geniculate complex;0;0;um2;0;0;0;um2;0;;;;;;;;;;;;;;
496345664;Dorsal part of the lateral geniculate complex, shell;65625;65625.387268;um2;4;23;23;um2;0.000350;;;;;;;;;;;;;;
496345668;Dorsal part of the lateral geniculate complex, core;204346;204345.718079;um2;7;80;80;um2;0.000391;;;;;;;;;;;;;;
496345672;Dorsal part of the lateral geniculate complex, ipsilateral zone;38148;38148.090973;um2;2;2;2;um2;0.000052;;;;;;;;;;;;;;
856;Thalamus, polymodal association cortex related;0;0;um2;0;0;0;um2;0;;;;;;;;;;;;;;
138;Lateral group of the dorsal thalamus;0;0;um2;0;0;0;um2;0;;;;;;;;;;;;;;
218;Lateral posterior nucleus of the thalamus;430300;430299.795380;um2;105;1590;1590;um2;0.003695;;;;;;;;;;;;;;
1020;Posterior complex of the thalamus;560217;560216.720581;um2;14;151;151;um2;0.000270;;;;;;;;;;;;;;
1029;Posterior limiting nucleus of the thalamus;0;0;um2;0;0;0;um2;0;;;;;;;;;;;;;;
325;Suprageniculate nucleus;0;0;um2;0;0;0;um2;0;;;;;;;;;;;;;;
560581551;Ethmoid nucleus of the thalamus;102440;102439.628906;um2;41;579;579;um2;0.005652;;;;;;;;;;;;;;
560581555;Retroethmoid nucleus;0;0;um2;0;0;0;um2;0;;;;;;;;;;;;;;
239;Anterior group of the dorsal thalamus;0;0;um2;0;0;0;um2;0;;;;;;;;;;;;;;
255;Anteroventral nucleus of thalamus;0;0;um2;0;0;0;um2;0;;;;;;;;;;;;;;
127;Anteromedial nucleus;0;0;um2;0;0;0;um2;0;;;;;;;;;;;;;;
1096;Anteromedial nucleus, dorsal part;0;0;um2;0;0;0;um2;0;;;;;;;;;;;;;;
1104;Anteromedial nucleus, ventral part;0;0;um2;0;0;0;um2;0;;;;;;;;;;;;;;
64;Anterodorsal nucleus;0;0;um2;0;0;0;um2;0;;;;;;;;;;;;;;
1120;Interanteromedial nucleus of the thalamus;0;0;um2;0;0;0;um2;0;;;;;;;;;;;;;;
1113;Interanterodorsal nucleus of the thalamus;0;0;um2;0;0;0;um2;0;;;;;;;;;;;;;;
155;Lateral dorsal nucleus of thalamus;0;0;um2;0;0;0;um2;0;;;;;;;;;;;;;;
444;Medial group of the dorsal thalamus;0;0;um2;0;0;0;um2;0;;;;;;;;;;;;;;
59;Intermediodorsal nucleus of the thalamus;148324;148324.046021;um2;228;4025;4025;um2;0.027137;;;;;;;;;;;;;;
362;Mediodorsal nucleus of thalamus;328927;328927.245941;um2;212;3912;3912;um2;0.011893;;;;;;;;;;;;;;
617;Mediodorsal nucleus of the thalamus, central part;0;0;um2;0;0;0;um2;0;;;;;;;;;;;;;;
626;Mediodorsal nucleus of the thalamus, lateral part;0;0;um2;0;0;0;um2;0;;;;;;;;;;;;;;
636;Mediodorsal nucleus of the thalamus, medial part;0;0;um2;0;0;0;um2;0;;;;;;;;;;;;;;
366;Submedial nucleus of the thalamus;0;0;um2;0;0;0;um2;0;;;;;;;;;;;;;;
1077;Perireunensis nucleus;0;0;um2;0;0;0;um2;0;;;;;;;;;;;;;;
571;Midline group of the dorsal thalamus;0;0;um2;0;0;0;um2;0;;;;;;;;;;;;;;
149;Paraventricular nucleus of the thalamus;124048;124047.988129;um2;230;3988;3988;um2;0.032149;;;;;;;;;;;;;;
15;Parataenial nucleus;0;0;um2;0;0;0;um2;0;;;;;;;;;;;;;;
181;Nucleus of reuniens;0;0;um2;0;0;0;um2;0;;;;;;;;;;;;;;
560581559;Xiphoid thalamic nucleus;0;0;um2;0;0;0;um2;0;;;;;;;;;;;;;;
51;Intralaminar nuclei of the dorsal thalamus;0;0;um2;0;0;0;um2;0;;;;;;;;;;;;;;
189;Rhomboid nucleus;0;0;um2;0;0;0;um2;0;;;;;;;;;;;;;;
599;Central medial nucleus of the thalamus;53888;53887.513123;um2;26;429;429;um2;0.007961;;;;;;;;;;;;;;
907;Paracentral nucleus;59223;59222.910461;um2;1;9;9;um2;0.000152;;;;;;;;;;;;;;
575;Central lateral nucleus of the thalamus;27211;27210.526428;um2;14;170;170;um2;0.006248;;;;;;;;;;;;;;
930;Parafascicular nucleus;293980;293980.393372;um2;189;3551;3551;um2;0.012079;;;;;;;;;;;;;;
560581563;Posterior intralaminar thalamic nucleus;0;0;um2;0;0;0;um2;0;;;;;;;;;;;;;;
262;Reticular nucleus of the thalamus;125115;125115.067596;um2;33;409;409;um2;0.003269;;;;;;;;;;;;;;
1014;Geniculate group, ventral thalamus;0;0;um2;0;0;0;um2;0;;;;;;;;;;;;;;
27;Intergeniculate leaflet of the lateral geniculate complex;11471;11471.104279;um2;12;254;254;um2;0.022143;;;;;;;;;;;;;;
563807439;Intermediate geniculate nucleus;0;0;um2;0;0;0;um2;0;;;;;;;;;;;;;;
178;Ventral part of the lateral geniculate complex;133385;133384.933472;um2;88;1369;1369;um2;0.010264;;;;;;;;;;;;;;
300;Ventral part of the lateral geniculate complex, lateral zone;0;0;um2;0;0;0;um2;0;;;;;;;;;;;;;;
316;Ventral part of the lateral geniculate complex, medial zone;0;0;um2;0;0;0;um2;0;;;;;;;;;;;;;;
321;Subgeniculate nucleus;0;0;um2;0;0;0;um2;0;;;;;;;;;;;;;;
958;Epithalamus;0;0;um2;0;0;0;um2;0;;;;;;;;;;;;;;
483;Medial habenula;70694;70694.014740;um2;8;125;125;um2;0.001768;;;;;;;;;;;;;;
186;Lateral habenula;84566;84566.047821;um2;42;682;682;um2;0.008065;;;;;;;;;;;;;;
953;Pineal body;0;0;um2;0;0;0;um2;0;;;;;;;;;;;;;;
1097;Hypothalamus;380414;380413.830261;um2;348;6868;6868;um2;0.018054;;;;;;;;;;;;;;
157;Periventricular zone;0;0;um2;0;0;0;um2;0;;;;;;;;;;;;;;
390;Supraoptic nucleus;0;0;um2;0;0;0;um2;0;;;;;;;;;;;;;;
332;Accessory supraoptic group;0;0;um2;0;0;0;um2;0;;;;;;;;;;;;;;
432;Nucleus circularis;0;0;um2;0;0;0;um2;0;;;;;;;;;;;;;;
38;Paraventricular hypothalamic nucleus;0;0;um2;0;0;0;um2;0;;;;;;;;;;;;;;
71;Paraventricular hypothalamic nucleus, magnocellular division;0;0;um2;0;0;0;um2;0;;;;;;;;;;;;;;
47;Paraventricular hypothalamic nucleus, magnocellular division, anterior magnocellular part;0;0;um2;0;0;0;um2;0;;;;;;;;;;;;;;
79;Paraventricular hypothalamic nucleus, magnocellular division, medial magnocellular part;0;0;um2;0;0;0;um2;0;;;;;;;;;;;;;;
103;Paraventricular hypothalamic nucleus, magnocellular division, posterior magnocellular part;0;0;um2;0;0;0;um2;0;;;;;;;;;;;;;;
652;Paraventricular hypothalamic nucleus, magnocellular division, posterior magnocellular part, lateral zone;0;0;um2;0;0;0;um2;0;;;;;;;;;;;;;;
660;Paraventricular hypothalamic nucleus, magnocellular division, posterior magnocellular part, medial zone;0;0;um2;0;0;0;um2;0;;;;;;;;;;;;;;
94;Paraventricular hypothalamic nucleus, parvicellular division;0;0;um2;0;0;0;um2;0;;;;;;;;;;;;;;
55;Paraventricular hypothalamic nucleus, parvicellular division, anterior parvicellular part;0;0;um2;0;0;0;um2;0;;;;;;;;;;;;;;
87;Paraventricular hypothalamic nucleus, parvicellular division, medial parvicellular part, dorsal zone;0;0;um2;0;0;0;um2;0;;;;;;;;;;;;;;
110;Paraventricular hypothalamic nucleus, parvicellular division, periventricular part;0;0;um2;0;0;0;um2;0;;;;;;;;;;;;;;
30;Periventricular hypothalamic nucleus, anterior part;0;0;um2;0;0;0;um2;0;;;;;;;;;;;;;;
118;Periventricular hypothalamic nucleus, intermediate part;69894;69893.705139;um2;30;471;471;um2;0.006739;;;;;;;;;;;;;;
223;Arcuate hypothalamic nucleus;181937;181937.049255;um2;2;20;20;um2;0.000110;;;;;;;;;;;;;;
141;Periventricular region;0;0;um2;0;0;0;um2;0;;;;;;;;;;;;;;
72;Anterodorsal preoptic nucleus;0;0;um2;0;0;0;um2;0;;;;;;;;;;;;;;
80;Anterior hypothalamic area;0;0;um2;0;0;0;um2;0;;;;;;;;;;;;;;
263;Anteroventral preoptic nucleus;0;0;um2;0;0;0;um2;0;;;;;;;;;;;;;;
272;Anteroventral periventricular nucleus;0;0;um2;0;0;0;um2;0;;;;;;;;;;;;;;
830;Dorsomedial nucleus of the hypothalamus;241693;241693.499451;um2;221;4306;4306;um2;0.017816;;;;;;;;;;;;;;
668;Dorsomedial nucleus of the hypothalamus, anterior part;0;0;um2;0;0;0;um2;0;;;;;;;;;;;;;;
676;Dorsomedial nucleus of the hypothalamus, posterior part;0;0;um2;0;0;0;um2;0;;;;;;;;;;;;;;
684;Dorsomedial nucleus of the hypothalamus, ventral part;0;0;um2;0;0;0;um2;0;;;;;;;;;;;;;;
452;Median preoptic nucleus;0;0;um2;0;0;0;um2;0;;;;;;;;;;;;;;
523;Medial preoptic area;0;0;um2;0;0;0;um2;0;;;;;;;;;;;;;;
763;Vascular organ of the lamina terminalis;0;0;um2;0;0;0;um2;0;;;;;;;;;;;;;;
914;Posterodorsal preoptic nucleus;0;0;um2;0;0;0;um2;0;;;;;;;;;;;;;;
1109;Parastrial nucleus;0;0;um2;0;0;0;um2;0;;;;;;;;;;;;;;
1124;Suprachiasmatic preoptic nucleus;0;0;um2;0;0;0;um2;0;;;;;;;;;;;;;;
126;Periventricular hypothalamic nucleus, posterior part;0;0;um2;0;0;0;um2;0;;;;;;;;;;;;;;
133;Periventricular hypothalamic nucleus, preoptic part;0;0;um2;0;0;0;um2;0;;;;;;;;;;;;;;
347;Subparaventricular zone;0;0;um2;0;0;0;um2;0;;;;;;;;;;;;;;
286;Suprachiasmatic nucleus;0;0;um2;0;0;0;um2;0;;;;;;;;;;;;;;
338;Subfornical organ;0;0;um2;0;0;0;um2;0;;;;;;;;;;;;;;
576073699;Ventromedial preoptic nucleus;0;0;um2;0;0;0;um2;0;;;;;;;;;;;;;;
689;Ventrolateral preoptic nucleus;0;0;um2;0;0;0;um2;0;;;;;;;;;;;;;;
467;Hypothalamic medial zone;0;0;um2;0;0;0;um2;0;;;;;;;;;;;;;;
88;Anterior hypothalamic nucleus;0;0;um2;0;0;0;um2;0;;;;;;;;;;;;;;
700;Anterior hypothalamic nucleus, anterior part;0;0;um2;0;0;0;um2;0;;;;;;;;;;;;;;
708;Anterior hypothalamic nucleus, central part;0;0;um2;0;0;0;um2;0;;;;;;;;;;;;;;
716;Anterior hypothalamic nucleus, dorsal part;0;0;um2;0;0;0;um2;0;;;;;;;;;;;;;;
724;Anterior hypothalamic nucleus, posterior part;0;0;um2;0;0;0;um2;0;;;;;;;;;;;;;;
331;Mammillary body;0;0;um2;0;0;0;um2;0;;;;;;;;;;;;;;
210;Lateral mammillary nucleus;0;0;um2;0;0;0;um2;0;;;;;;;;;;;;;;
491;Medial mammillary nucleus;0;0;um2;0;0;0;um2;0;;;;;;;;;;;;;;
732;Medial mammillary nucleus, median part;0;0;um2;0;0;0;um2;0;;;;;;;;;;;;;;
606826647;Medial mammillary nucleus, lateral part;0;0;um2;0;0;0;um2;0;;;;;;;;;;;;;;
606826651;Medial mammillary nucleus, medial part;0;0;um2;0;0;0;um2;0;;;;;;;;;;;;;;
606826655;Medial mammillary nucleus, posterior part;0;0;um2;0;0;0;um2;0;;;;;;;;;;;;;;
606826659;Medial mammillary nucleus, dorsal part;0;0;um2;0;0;0;um2;0;;;;;;;;;;;;;;
525;Supramammillary nucleus;0;0;um2;0;0;0;um2;0;;;;;;;;;;;;;;
1110;Supramammillary nucleus, lateral part;0;0;um2;0;0;0;um2;0;;;;;;;;;;;;;;
1118;Supramammillary nucleus, medial part;0;0;um2;0;0;0;um2;0;;;;;;;;;;;;;;
557;Tuberomammillary nucleus;0;0;um2;0;0;0;um2;0;;;;;;;;;;;;;;
1126;Tuberomammillary nucleus, dorsal part;0;0;um2;0;0;0;um2;0;;;;;;;;;;;;;;
1;Tuberomammillary nucleus, ventral part;0;0;um2;0;0;0;um2;0;;;;;;;;;;;;;;
515;Medial preoptic nucleus;0;0;um2;0;0;0;um2;0;;;;;;;;;;;;;;
740;Medial preoptic nucleus, central part;0;0;um2;0;0;0;um2;0;;;;;;;;;;;;;;
748;Medial preoptic nucleus, lateral part;0;0;um2;0;0;0;um2;0;;;;;;;;;;;;;;
756;Medial preoptic nucleus, medial part;0;0;um2;0;0;0;um2;0;;;;;;;;;;;;;;
980;Dorsal premammillary nucleus;0;0;um2;0;0;0;um2;0;;;;;;;;;;;;;;
1004;Ventral premammillary nucleus;0;0;um2;0;0;0;um2;0;;;;;;;;;;;;;;
63;Paraventricular hypothalamic nucleus, descending division;0;0;um2;0;0;0;um2;0;;;;;;;;;;;;;;
439;Paraventricular hypothalamic nucleus, descending division, dorsal parvicellular part;0;0;um2;0;0;0;um2;0;;;;;;;;;;;;;;
447;Paraventricular hypothalamic nucleus, descending division, forniceal part;0;0;um2;0;0;0;um2;0;;;;;;;;;;;;;;
455;Paraventricular hypothalamic nucleus, descending division, lateral parvicellular part;0;0;um2;0;0;0;um2;0;;;;;;;;;;;;;;
464;Paraventricular hypothalamic nucleus, descending division, medial parvicellular part, ventral zone;0;0;um2;0;0;0;um2;0;;;;;;;;;;;;;;
693;Ventromedial hypothalamic nucleus;219552;219551.600494;um2;7;114;114;um2;0.000519;;;;;;;;;;;;;;
761;Ventromedial hypothalamic nucleus, anterior part;0;0;um2;0;0;0;um2;0;;;;;;;;;;;;;;
769;Ventromedial hypothalamic nucleus, central part;0;0;um2;0;0;0;um2;0;;;;;;;;;;;;;;
777;Ventromedial hypothalamic nucleus, dorsomedial part;0;0;um2;0;0;0;um2;0;;;;;;;;;;;;;;
785;Ventromedial hypothalamic nucleus, ventrolateral part;0;0;um2;0;0;0;um2;0;;;;;;;;;;;;;;
946;Posterior hypothalamic nucleus;338798;338797.731018;um2;549;10359;10359;um2;0.030576;;;;;;;;;;;;;;
290;Hypothalamic lateral zone;0;0;um2;0;0;0;um2;0;;;;;;;;;;;;;;
194;Lateral hypothalamic area;417228;417228.071899;um2;239;4274;4274;um2;0.010244;;;;;;;;;;;;;;
226;Lateral preoptic area;0;0;um2;0;0;0;um2;0;;;;;;;;;;;;;;
356;Preparasubthalamic nucleus;0;0;um2;0;0;0;um2;0;;;;;;;;;;;;;;
364;Parasubthalamic nucleus;66159;66158.927002;um2;26;393;393;um2;0.005940;;;;;;;;;;;;;;
576073704;Perifornical nucleus;0;0;um2;0;0;0;um2;0;;;;;;;;;;;;;;
173;Retrochiasmatic area;0;0;um2;0;0;0;um2;0;;;;;;;;;;;;;;
470;Subthalamic nucleus;139521;139520.640411;um2;62;1201;1201;um2;0.008608;;;;;;;;;;;;;;
614;Tuberal nucleus;290779;290779.154968;um2;42;757;757;um2;0.002603;;;;;;;;;;;;;;
797;Zona incerta;434301;434301.343384;um2;237;4058;4058;um2;0.009344;;;;;;;;;;;;;;
796;Dopaminergic A13 group;0;0;um2;0;0;0;um2;0;;;;;;;;;;;;;;
804;Fields of Forel;0;0;um2;0;0;0;um2;0;;;;;;;;;;;;;;
10671;Median eminence;44017;44017.028046;um2;0;0;0;um2;0;;;;;;;;;;;;;;
313;Midbrain;137120;137119.711609;um2;139;2327;2327;um2;0.016971;;;;;;;;;;;;;;
339;Midbrain, sensory related;0;0;um2;0;0;0;um2;0;;;;;;;;;;;;;;
302;Superior colliculus, sensory related;0;0;um2;0;0;0;um2;0;;;;;;;;;;;;;;
851;Superior colliculus, optic layer;0;0;um2;0;0;0;um2;0;;;;;;;;;;;;;;
842;Superior colliculus, superficial gray layer;0;0;um2;0;0;0;um2;0;;;;;;;;;;;;;;
834;Superior colliculus, zonal layer;0;0;um2;0;0;0;um2;0;;;;;;;;;;;;;;
4;Inferior colliculus;0;0;um2;0;0;0;um2;0;;;;;;;;;;;;;;
811;Inferior colliculus, central nucleus;0;0;um2;0;0;0;um2;0;;;;;;;;;;;;;;
820;Inferior colliculus, dorsal nucleus;0;0;um2;0;0;0;um2;0;;;;;;;;;;;;;;
828;Inferior colliculus, external nucleus;0;0;um2;0;0;0;um2;0;;;;;;;;;;;;;;
580;Nucleus of the brachium of the inferior colliculus;0;0;um2;0;0;0;um2;0;;;;;;;;;;;;;;
271;Nucleus sagulum;0;0;um2;0;0;0;um2;0;;;;;;;;;;;;;;
874;Parabigeminal nucleus;0;0;um2;0;0;0;um2;0;;;;;;;;;;;;;;
460;Midbrain trigeminal nucleus;0;0;um2;0;0;0;um2;0;;;;;;;;;;;;;;
599626923;Subcommissural organ;0;0;um2;0;0;0;um2;0;;;;;;;;;;;;;;
323;Midbrain, motor related;0;0;um2;0;0;0;um2;0;;;;;;;;;;;;;;
381;Substantia nigra, reticular part;0;0;um2;0;0;0;um2;0;;;;;;;;;;;;;;
749;Ventral tegmental area;0;0;um2;0;0;0;um2;0;;;;;;;;;;;;;;
607344830;Paranigral nucleus;0;0;um2;0;0;0;um2;0;;;;;;;;;;;;;;
246;Midbrain reticular nucleus, retrorubral area;0;0;um2;0;0;0;um2;0;;;;;;;;;;;;;;
128;Midbrain reticular nucleus;0;0;um2;0;0;0;um2;0;;;;;;;;;;;;;;
539;Midbrain reticular nucleus, magnocellular part;0;0;um2;0;0;0;um2;0;;;;;;;;;;;;;;
548;Midbrain reticular nucleus, magnocellular part, general;0;0;um2;0;0;0;um2;0;;;;;;;;;;;;;;
555;Midbrain reticular nucleus, parvicellular part;0;0;um2;0;0;0;um2;0;;;;;;;;;;;;;;
294;Superior colliculus, motor related;0;0;um2;0;0;0;um2;0;;;;;;;;;;;;;;
26;Superior colliculus, motor related, deep gray layer;0;0;um2;0;0;0;um2;0;;;;;;;;;;;;;;
42;Superior colliculus, motor related, deep white layer;0;0;um2;0;0;0;um2;0;;;;;;;;;;;;;;
17;Superior colliculus, motor related, intermediate white layer;0;0;um2;0;0;0;um2;0;;;;;;;;;;;;;;
10;Superior colliculus, motor related, intermediate gray layer;0;0;um2;0;0;0;um2;0;;;;;;;;;;;;;;
494;Superior colliculus, motor related, intermediate gray layer, sublayer a;0;0;um2;0;0;0;um2;0;;;;;;;;;;;;;;
503;Superior colliculus, motor related, intermediate gray layer, sublayer b;0;0;um2;0;0;0;um2;0;;;;;;;;;;;;;;
511;Superior colliculus, motor related, intermediate gray layer, sublayer c;0;0;um2;0;0;0;um2;0;;;;;;;;;;;;;;
795;Periaqueductal gray;0;0;um2;0;0;0;um2;0;;;;;;;;;;;;;;
50;Precommissural nucleus;43217;43216.718445;um2;26;321;321;um2;0.007428;;;;;;;;;;;;;;
67;Interstitial nucleus of Cajal;0;0;um2;0;0;0;um2;0;;;;;;;;;;;;;;
587;Nucleus of Darkschewitsch;0;0;um2;0;0;0;um2;0;;;;;;;;;;;;;;
614454277;Supraoculomotor periaqueductal gray;0;0;um2;0;0;0;um2;0;;;;;;;;;;;;;;
1100;Pretectal region;0;0;um2;0;0;0;um2;0;;;;;;;;;;;;;;
215;Anterior pretectal nucleus;0;0;um2;0;0;0;um2;0;;;;;;;;;;;;;;
531;Medial pretectal area;0;0;um2;0;0;0;um2;0;;;;;;;;;;;;;;
628;Nucleus of the optic tract;0;0;um2;0;0;0;um2;0;;;;;;;;;;;;;;
634;Nucleus of the posterior commissure;0;0;um2;0;0;0;um2;0;;;;;;;;;;;;;;
706;Olivary pretectal nucleus;0;0;um2;0;0;0;um2;0;;;;;;;;;;;;;;
1061;Posterior pretectal nucleus;0;0;um2;0;0;0;um2;0;;;;;;;;;;;;;;
549009203;Retroparafascicular nucleus;0;0;um2;0;0;0;um2;0;;;;;;;;;;;;;;
549009207;Intercollicular nucleus;0;0;um2;0;0;0;um2;0;;;;;;;;;;;;;;
616;Cuneiform nucleus;0;0;um2;0;0;0;um2;0;;;;;;;;;;;;;;
214;Red nucleus;0;0;um2;0;0;0;um2;0;;;;;;;;;;;;;;
35;Oculomotor nucleus;0;0;um2;0;0;0;um2;0;;;;;;;;;;;;;;
549009211;Medial accesory oculomotor nucleus;0;0;um2;0;0;0;um2;0;;;;;;;;;;;;;;
975;Edinger-Westphal nucleus;0;0;um2;0;0;0;um2;0;;;;;;;;;;;;;;
115;Trochlear nucleus;0;0;um2;0;0;0;um2;0;;;;;;;;;;;;;;
606826663;Paratrochlear nucleus;0;0;um2;0;0;0;um2;0;;;;;;;;;;;;;;
757;Ventral tegmental nucleus;0;0;um2;0;0;0;um2;0;;;;;;;;;;;;;;
231;Anterior tegmental nucleus;0;0;um2;0;0;0;um2;0;;;;;;;;;;;;;;
66;Lateral terminal nucleus of the accessory optic tract;0;0;um2;0;0;0;um2;0;;;;;;;;;;;;;;
75;Dorsal terminal nucleus of the accessory optic tract;0;0;um2;0;0;0;um2;0;;;;;;;;;;;;;;
58;Medial terminal nucleus of the accessory optic tract;0;0;um2;0;0;0;um2;0;;;;;;;;;;;;;;
615;Substantia nigra, lateral part;0;0;um2;0;0;0;um2;0;;;;;;;;;;;;;;
348;Midbrain, behavioral state related;0;0;um2;0;0;0;um2;0;;;;;;;;;;;;;;
374;Substantia nigra, compact part;0;0;um2;0;0;0;um2;0;;;;;;;;;;;;;;
1052;Pedunculopontine nucleus;0;0;um2;0;0;0;um2;0;;;;;;;;;;;;;;
165;Midbrain raphe nuclei;0;0;um2;0;0;0;um2;0;;;;;;;;;;;;;;
12;Interfascicular nucleus raphe;0;0;um2;0;0;0;um2;0;;;;;;;;;;;;;;
100;Interpeduncular nucleus;0;0;um2;0;0;0;um2;0;;;;;;;;;;;;;;
607344834;Interpeduncular nucleus, rostral;0;0;um2;0;0;0;um2;0;;;;;;;;;;;;;;
607344838;Interpeduncular nucleus, caudal;0;0;um2;0;0;0;um2;0;;;;;;;;;;;;;;
607344842;Interpeduncular nucleus, apical;0;0;um2;0;0;0;um2;0;;;;;;;;;;;;;;
607344846;Interpeduncular nucleus, lateral;0;0;um2;0;0;0;um2;0;;;;;;;;;;;;;;
607344850;Interpeduncular nucleus, intermediate;0;0;um2;0;0;0;um2;0;;;;;;;;;;;;;;
607344854;Interpeduncular nucleus, dorsomedial;0;0;um2;0;0;0;um2;0;;;;;;;;;;;;;;
607344858;Interpeduncular nucleus, dorsolateral;0;0;um2;0;0;0;um2;0;;;;;;;;;;;;;;
607344862;Interpeduncular nucleus, rostrolateral;0;0;um2;0;0;0;um2;0;;;;;;;;;;;;;;
197;Rostral linear nucleus raphe;0;0;um2;0;0;0;um2;0;;;;;;;;;;;;;;
591;Central linear nucleus raphe;0;0;um2;0;0;0;um2;0;;;;;;;;;;;;;;
872;Dorsal nucleus raphe;0;0;um2;0;0;0;um2;0;;;;;;;;;;;;;;
1065;Hindbrain;0;0;um2;0;0;0;um2;0;;;;;;;;;;;;;;
771;Pons;0;0;um2;0;0;0;um2;0;;;;;;;;;;;;;;
1132;Pons, sensory related;0;0;um2;0;0;0;um2;0;;;;;;;;;;;;;;
612;Nucleus of the lateral lemniscus;0;0;um2;0;0;0;um2;0;;;;;;;;;;;;;;
82;Nucleus of the lateral lemniscus, dorsal part;0;0;um2;0;0;0;um2;0;;;;;;;;;;;;;;
90;Nucleus of the lateral lemniscus, horizontal part;0;0;um2;0;0;0;um2;0;;;;;;;;;;;;;;
99;Nucleus of the lateral lemniscus, ventral part;0;0;um2;0;0;0;um2;0;;;;;;;;;;;;;;
7;Principal sensory nucleus of the trigeminal;0;0;um2;0;0;0;um2;0;;;;;;;;;;;;;;
867;Parabrachial nucleus;0;0;um2;0;0;0;um2;0;;;;;;;;;;;;;;
123;Koelliker-Fuse subnucleus;0;0;um2;0;0;0;um2;0;;;;;;;;;;;;;;
881;Parabrachial nucleus, lateral division;0;0;um2;0;0;0;um2;0;;;;;;;;;;;;;;
860;Parabrachial nucleus, lateral division, central lateral part;0;0;um2;0;0;0;um2;0;;;;;;;;;;;;;;
868;Parabrachial nucleus, lateral division, dorsal lateral part;0;0;um2;0;0;0;um2;0;;;;;;;;;;;;;;
875;Parabrachial nucleus, lateral division, external lateral part;0;0;um2;0;0;0;um2;0;;;;;;;;;;;;;;
883;Parabrachial nucleus, lateral division, superior lateral part;0;0;um2;0;0;0;um2;0;;;;;;;;;;;;;;
891;Parabrachial nucleus, lateral division, ventral lateral part;0;0;um2;0;0;0;um2;0;;;;;;;;;;;;;;
890;Parabrachial nucleus, medial division;0;0;um2;0;0;0;um2;0;;;;;;;;;;;;;;
899;Parabrachial nucleus, medial division, external medial part;0;0;um2;0;0;0;um2;0;;;;;;;;;;;;;;
915;Parabrachial nucleus, medial division, medial medial part;0;0;um2;0;0;0;um2;0;;;;;;;;;;;;;;
923;Parabrachial nucleus, medial division, ventral medial part;0;0;um2;0;0;0;um2;0;;;;;;;;;;;;;;
398;Superior olivary complex;0;0;um2;0;0;0;um2;0;;;;;;;;;;;;;;
122;Superior olivary complex, periolivary region;0;0;um2;0;0;0;um2;0;;;;;;;;;;;;;;
105;Superior olivary complex, medial part;0;0;um2;0;0;0;um2;0;;;;;;;;;;;;;;
114;Superior olivary complex, lateral part;0;0;um2;0;0;0;um2;0;;;;;;;;;;;;;;
987;Pons, motor related;0;0;um2;0;0;0;um2;0;;;;;;;;;;;;;;
280;Barrington's nucleus;0;0;um2;0;0;0;um2;0;;;;;;;;;;;;;;
880;Dorsal tegmental nucleus;0;0;um2;0;0;0;um2;0;;;;;;;;;;;;;;
283;Lateral tegmental nucleus;0;0;um2;0;0;0;um2;0;;;;;;;;;;;;;;
599626927;Posterodorsal tegmental nucleus;0;0;um2;0;0;0;um2;0;;;;;;;;;;;;;;
898;Pontine central gray;0;0;um2;0;0;0;um2;0;;;;;;;;;;;;;;
931;Pontine gray;0;0;um2;0;0;0;um2;0;;;;;;;;;;;;;;
1093;Pontine reticular nucleus, caudal part;0;0;um2;0;0;0;um2;0;;;;;;;;;;;;;;
552;Pontine reticular nucleus, ventral part;0;0;um2;0;0;0;um2;0;;;;;;;;;;;;;;
318;Supragenual nucleus;0;0;um2;0;0;0;um2;0;;;;;;;;;;;;;;
462;Superior salivatory nucleus;0;0;um2;0;0;0;um2;0;;;;;;;;;;;;;;
534;Supratrigeminal nucleus;0;0;um2;0;0;0;um2;0;;;;;;;;;;;;;;
574;Tegmental reticular nucleus;0;0;um2;0;0;0;um2;0;;;;;;;;;;;;;;
621;Motor nucleus of trigeminal;0;0;um2;0;0;0;um2;0;;;;;;;;;;;;;;
549009215;Peritrigeminal zone;0;0;um2;0;0;0;um2;0;;;;;;;;;;;;;;
549009219;Accessory trigeminal nucleus;0;0;um2;0;0;0;um2;0;;;;;;;;;;;;;;
549009223;Parvicellular motor 5 nucleus;0;0;um2;0;0;0;um2;0;;;;;;;;;;;;;;
549009227;Intertrigeminal nucleus;0;0;um2;0;0;0;um2;0;;;;;;;;;;;;;;
1117;Pons, behavioral state related;0;0;um2;0;0;0;um2;0;;;;;;;;;;;;;;
679;Superior central nucleus raphe;0;0;um2;0;0;0;um2;0;;;;;;;;;;;;;;
137;Superior central nucleus raphe, lateral part;0;0;um2;0;0;0;um2;0;;;;;;;;;;;;;;
130;Superior central nucleus raphe, medial part;0;0;um2;0;0;0;um2;0;;;;;;;;;;;;;;
147;Locus ceruleus;0;0;um2;0;0;0;um2;0;;;;;;;;;;;;;;
162;Laterodorsal tegmental nucleus;0;0;um2;0;0;0;um2;0;;;;;;;;;;;;;;
604;Nucleus incertus;0;0;um2;0;0;0;um2;0;;;;;;;;;;;;;;
146;Pontine reticular nucleus;0;0;um2;0;0;0;um2;0;;;;;;;;;;;;;;
238;Nucleus raphe pontis;0;0;um2;0;0;0;um2;0;;;;;;;;;;;;;;
350;Subceruleus nucleus;0;0;um2;0;0;0;um2;0;;;;;;;;;;;;;;
358;Sublaterodorsal nucleus;0;0;um2;0;0;0;um2;0;;;;;;;;;;;;;;
354;Medulla;0;0;um2;0;0;0;um2;0;;;;;;;;;;;;;;
386;Medulla, sensory related;0;0;um2;0;0;0;um2;0;;;;;;;;;;;;;;
207;Area postrema;0;0;um2;0;0;0;um2;0;;;;;;;;;;;;;;
607;Cochlear nuclei;0;0;um2;0;0;0;um2;0;;;;;;;;;;;;;;
112;Granular lamina of the cochlear nuclei;0;0;um2;0;0;0;um2;0;;;;;;;;;;;;;;
560;Cochlear nucleus, subpedunclular granular region;0;0;um2;0;0;0;um2;0;;;;;;;;;;;;;;
96;Dorsal cochlear nucleus;0;0;um2;0;0;0;um2;0;;;;;;;;;;;;;;
101;Ventral cochlear nucleus;0;0;um2;0;0;0;um2;0;;;;;;;;;;;;;;
720;Dorsal column nuclei;0;0;um2;0;0;0;um2;0;;;;;;;;;;;;;;
711;Cuneate nucleus;0;0;um2;0;0;0;um2;0;;;;;;;;;;;;;;
1039;Gracile nucleus;0;0;um2;0;0;0;um2;0;;;;;;;;;;;;;;
903;External cuneate nucleus;0;0;um2;0;0;0;um2;0;;;;;;;;;;;;;;
642;Nucleus of the trapezoid body;0;0;um2;0;0;0;um2;0;;;;;;;;;;;;;;
651;Nucleus of the solitary tract;0;0;um2;0;0;0;um2;0;;;;;;;;;;;;;;
659;Nucleus of the solitary tract, central part;0;0;um2;0;0;0;um2;0;;;;;;;;;;;;;;
666;Nucleus of the solitary tract, commissural part;0;0;um2;0;0;0;um2;0;;;;;;;;;;;;;;
674;Nucleus of the solitary tract, gelatinous part;0;0;um2;0;0;0;um2;0;;;;;;;;;;;;;;
682;Nucleus of the solitary tract, lateral part;0;0;um2;0;0;0;um2;0;;;;;;;;;;;;;;
691;Nucleus of the solitary tract, medial part;0;0;um2;0;0;0;um2;0;;;;;;;;;;;;;;
429;Spinal nucleus of the trigeminal, caudal part;0;0;um2;0;0;0;um2;0;;;;;;;;;;;;;;
437;Spinal nucleus of the trigeminal, interpolar part;0;0;um2;0;0;0;um2;0;;;;;;;;;;;;;;
445;Spinal nucleus of the trigeminal, oral part;0;0;um2;0;0;0;um2;0;;;;;;;;;;;;;;
77;Spinal nucleus of the trigeminal, oral part, caudal dorsomedial part;0;0;um2;0;0;0;um2;0;;;;;;;;;;;;;;
53;Spinal nucleus of the trigeminal, oral part, middle dorsomedial part, dorsal zone;0;0;um2;0;0;0;um2;0;;;;;;;;;;;;;;
61;Spinal nucleus of the trigeminal, oral part, middle dorsomedial part, ventral zone;0;0;um2;0;0;0;um2;0;;;;;;;;;;;;;;
45;Spinal nucleus of the trigeminal, oral part, rostral dorsomedial part;0;0;um2;0;0;0;um2;0;;;;;;;;;;;;;;
69;Spinal nucleus of the trigeminal, oral part, ventrolateral part;0;0;um2;0;0;0;um2;0;;;;;;;;;;;;;;
589508451;Paratrigeminal nucleus;0;0;um2;0;0;0;um2;0;;;;;;;;;;;;;;
789;Nucleus z;0;0;um2;0;0;0;um2;0;;;;;;;;;;;;;;
370;Medulla, motor related;0;0;um2;0;0;0;um2;0;;;;;;;;;;;;;;
653;Abducens nucleus;0;0;um2;0;0;0;um2;0;;;;;;;;;;;;;;
568;Accessory abducens nucleus;0;0;um2;0;0;0;um2;0;;;;;;;;;;;;;;
661;Facial motor nucleus;0;0;um2;0;0;0;um2;0;;;;;;;;;;;;;;
576;Accessory facial motor nucleus;0;0;um2;0;0;0;um2;0;;;;;;;;;;;;;;
640;Efferent vestibular nucleus;0;0;um2;0;0;0;um2;0;;;;;;;;;;;;;;
135;Nucleus ambiguus;0;0;um2;0;0;0;um2;0;;;;;;;;;;;;;;
939;Nucleus ambiguus, dorsal division;0;0;um2;0;0;0;um2;0;;;;;;;;;;;;;;
143;Nucleus ambiguus, ventral division;0;0;um2;0;0;0;um2;0;;;;;;;;;;;;;;
839;Dorsal motor nucleus of the vagus nerve;0;0;um2;0;0;0;um2;0;;;;;;;;;;;;;;
887;Efferent cochlear group;0;0;um2;0;0;0;um2;0;;;;;;;;;;;;;;
1048;Gigantocellular reticular nucleus;0;0;um2;0;0;0;um2;0;;;;;;;;;;;;;;
372;Infracerebellar nucleus;0;0;um2;0;0;0;um2;0;;;;;;;;;;;;;;
83;Inferior olivary complex;0;0;um2;0;0;0;um2;0;;;;;;;;;;;;;;
136;Intermediate reticular nucleus;0;0;um2;0;0;0;um2;0;;;;;;;;;;;;;;
106;Inferior salivatory nucleus;0;0;um2;0;0;0;um2;0;;;;;;;;;;;;;;
203;Linear nucleus of the medulla;0;0;um2;0;0;0;um2;0;;;;;;;;;;;;;;
235;Lateral reticular nucleus;0;0;um2;0;0;0;um2;0;;;;;;;;;;;;;;
955;Lateral reticular nucleus, magnocellular part;0;0;um2;0;0;0;um2;0;;;;;;;;;;;;;;
963;Lateral reticular nucleus, parvicellular part;0;0;um2;0;0;0;um2;0;;;;;;;;;;;;;;
307;Magnocellular reticular nucleus;0;0;um2;0;0;0;um2;0;;;;;;;;;;;;;;
395;Medullary reticular nucleus;0;0;um2;0;0;0;um2;0;;;;;;;;;;;;;;
1098;Medullary reticular nucleus, dorsal part;0;0;um2;0;0;0;um2;0;;;;;;;;;;;;;;
1107;Medullary reticular nucleus, ventral part;0;0;um2;0;0;0;um2;0;;;;;;;;;;;;;;
852;Parvicellular reticular nucleus;0;0;um2;0;0;0;um2;0;;;;;;;;;;;;;;
859;Parasolitary nucleus;0;0;um2;0;0;0;um2;0;;;;;;;;;;;;;;
938;Paragigantocellular reticular nucleus;0;0;um2;0;0;0;um2;0;;;;;;;;;;;;;;
970;Paragigantocellular reticular nucleus, dorsal part;0;0;um2;0;0;0;um2;0;;;;;;;;;;;;;;
978;Paragigantocellular reticular nucleus, lateral part;0;0;um2;0;0;0;um2;0;;;;;;;;;;;;;;
154;Perihypoglossal nuclei;0;0;um2;0;0;0;um2;0;;;;;;;;;;;;;;
161;Nucleus intercalatus;0;0;um2;0;0;0;um2;0;;;;;;;;;;;;;;
177;Nucleus of Roller;0;0;um2;0;0;0;um2;0;;;;;;;;;;;;;;
169;Nucleus prepositus;0;0;um2;0;0;0;um2;0;;;;;;;;;;;;;;
995;Paramedian reticular nucleus;0;0;um2;0;0;0;um2;0;;;;;;;;;;;;;;
1069;Parapyramidal nucleus;0;0;um2;0;0;0;um2;0;;;;;;;;;;;;;;
185;Parapyramidal nucleus, deep part;0;0;um2;0;0;0;um2;0;;;;;;;;;;;;;;
193;Parapyramidal nucleus, superficial part;0;0;um2;0;0;0;um2;0;;;;;;;;;;;;;;
701;Vestibular nuclei;0;0;um2;0;0;0;um2;0;;;;;;;;;;;;;;
209;Lateral vestibular nucleus;0;0;um2;0;0;0;um2;0;;;;;;;;;;;;;;
202;Medial vestibular nucleus;0;0;um2;0;0;0;um2;0;;;;;;;;;;;;;;
225;Spinal vestibular nucleus;0;0;um2;0;0;0;um2;0;;;;;;;;;;;;;;
217;Superior vestibular nucleus;0;0;um2;0;0;0;um2;0;;;;;;;;;;;;;;
765;Nucleus x;0;0;um2;0;0;0;um2;0;;;;;;;;;;;;;;
773;Hypoglossal nucleus;0;0;um2;0;0;0;um2;0;;;;;;;;;;;;;;
781;Nucleus y;0;0;um2;0;0;0;um2;0;;;;;;;;;;;;;;
76;Interstitial nucleus of the vestibular nerve;0;0;um2;0;0;0;um2;0;;;;;;;;;;;;;;
379;Medulla, behavioral state related;0;0;um2;0;0;0;um2;0;;;;;;;;;;;;;;
206;Nucleus raphe magnus;0;0;um2;0;0;0;um2;0;;;;;;;;;;;;;;
230;Nucleus raphe pallidus;0;0;um2;0;0;0;um2;0;;;;;;;;;;;;;;
222;Nucleus raphe obscurus;0;0;um2;0;0;0;um2;0;;;;;;;;;;;;;;
512;Cerebellum;0;0;um2;0;0;0;um2;0;;;;;;;;;;;;;;
528;Cerebellar cortex;0;0;um2;0;0;0;um2;0;;;;;;;;;;;;;;
1144;Cerebellar cortex, molecular layer;0;0;um2;0;0;0;um2;0;;;;;;;;;;;;;;
1145;Cerebellar cortex, Purkinje layer;0;0;um2;0;0;0;um2;0;;;;;;;;;;;;;;
1143;Cerebellar cortex, granular layer;0;0;um2;0;0;0;um2;0;;;;;;;;;;;;;;
645;Vermal regions;0;0;um2;0;0;0;um2;0;;;;;;;;;;;;;;
912;Lingula (I);0;0;um2;0;0;0;um2;0;;;;;;;;;;;;;;
10707;Lingula (I), molecular layer;0;0;um2;0;0;0;um2;0;;;;;;;;;;;;;;
10706;Lingula (I), Purkinje layer;0;0;um2;0;0;0;um2;0;;;;;;;;;;;;;;
10705;Lingula (I), granular layer;0;0;um2;0;0;0;um2;0;;;;;;;;;;;;;;
920;Central lobule;0;0;um2;0;0;0;um2;0;;;;;;;;;;;;;;
976;Lobule II;0;0;um2;0;0;0;um2;0;;;;;;;;;;;;;;
10710;Lobule II, molecular layer;0;0;um2;0;0;0;um2;0;;;;;;;;;;;;;;
10709;Lobule II, Purkinje layer;0;0;um2;0;0;0;um2;0;;;;;;;;;;;;;;
10708;Lobule II, granular layer;0;0;um2;0;0;0;um2;0;;;;;;;;;;;;;;
984;Lobule III;0;0;um2;0;0;0;um2;0;;;;;;;;;;;;;;
10713;Lobule III, molecular layer;0;0;um2;0;0;0;um2;0;;;;;;;;;;;;;;
10712;Lobule III, Purkinje layer;0;0;um2;0;0;0;um2;0;;;;;;;;;;;;;;
10711;Lobule III, granular layer;0;0;um2;0;0;0;um2;0;;;;;;;;;;;;;;
928;Culmen;0;0;um2;0;0;0;um2;0;;;;;;;;;;;;;;
992;Lobule IV;0;0;um2;0;0;0;um2;0;;;;;;;;;;;;;;
10716;Lobule IV, molecular layer;0;0;um2;0;0;0;um2;0;;;;;;;;;;;;;;
10715;Lobule IV, Purkinje layer;0;0;um2;0;0;0;um2;0;;;;;;;;;;;;;;
10714;Lobule IV, granular layer;0;0;um2;0;0;0;um2;0;;;;;;;;;;;;;;
1001;Lobule V;0;0;um2;0;0;0;um2;0;;;;;;;;;;;;;;
10719;Lobule V, molecular layer;0;0;um2;0;0;0;um2;0;;;;;;;;;;;;;;
10718;Lobule V, Purkinje layer;0;0;um2;0;0;0;um2;0;;;;;;;;;;;;;;
10717;Lobule V, granular layer;0;0;um2;0;0;0;um2;0;;;;;;;;;;;;;;
1091;Lobules IV-V;0;0;um2;0;0;0;um2;0;;;;;;;;;;;;;;
10722;Lobules IV-V, molecular layer;0;0;um2;0;0;0;um2;0;;;;;;;;;;;;;;
10721;Lobules IV-V, Purkinje layer;0;0;um2;0;0;0;um2;0;;;;;;;;;;;;;;
10720;Lobules IV-V, granular layer;0;0;um2;0;0;0;um2;0;;;;;;;;;;;;;;
936;Declive (VI);0;0;um2;0;0;0;um2;0;;;;;;;;;;;;;;
10725;Declive (VI), molecular layer;0;0;um2;0;0;0;um2;0;;;;;;;;;;;;;;
10724;Declive (VI), Purkinje layer;0;0;um2;0;0;0;um2;0;;;;;;;;;;;;;;
10723;Declive (VI), granular layer;0;0;um2;0;0;0;um2;0;;;;;;;;;;;;;;
944;Folium-tuber vermis (VII);0;0;um2;0;0;0;um2;0;;;;;;;;;;;;;;
10728;Folium-tuber vermis (VII), molecular layer;0;0;um2;0;0;0;um2;0;;;;;;;;;;;;;;
10727;Folium-tuber vermis (VII), Purkinje layer;0;0;um2;0;0;0;um2;0;;;;;;;;;;;;;;
10726;Folium-tuber vermis (VII), granular layer;0;0;um2;0;0;0;um2;0;;;;;;;;;;;;;;
951;Pyramus (VIII);0;0;um2;0;0;0;um2;0;;;;;;;;;;;;;;
10731;Pyramus (VIII), molecular layer;0;0;um2;0;0;0;um2;0;;;;;;;;;;;;;;
10730;Pyramus (VIII), Purkinje layer;0;0;um2;0;0;0;um2;0;;;;;;;;;;;;;;
10729;Pyramus (VIII), granular layer;0;0;um2;0;0;0;um2;0;;;;;;;;;;;;;;
957;Uvula (IX);0;0;um2;0;0;0;um2;0;;;;;;;;;;;;;;
10734;Uvula (IX), molecular layer;0;0;um2;0;0;0;um2;0;;;;;;;;;;;;;;
10733;Uvula (IX), Purkinje layer;0;0;um2;0;0;0;um2;0;;;;;;;;;;;;;;
10732;Uvula (IX), granular layer;0;0;um2;0;0;0;um2;0;;;;;;;;;;;;;;
968;Nodulus (X);0;0;um2;0;0;0;um2;0;;;;;;;;;;;;;;
10737;Nodulus (X), molecular layer;0;0;um2;0;0;0;um2;0;;;;;;;;;;;;;;
10736;Nodulus (X), Purkinje layer;0;0;um2;0;0;0;um2;0;;;;;;;;;;;;;;
10735;Nodulus (X), granular layer;0;0;um2;0;0;0;um2;0;;;;;;;;;;;;;;
1073;Hemispheric regions;0;0;um2;0;0;0;um2;0;;;;;;;;;;;;;;
1007;Simple lobule;0;0;um2;0;0;0;um2;0;;;;;;;;;;;;;;
10674;Simple lobule, molecular layer;0;0;um2;0;0;0;um2;0;;;;;;;;;;;;;;
10673;Simple lobule, Purkinje layer;0;0;um2;0;0;0;um2;0;;;;;;;;;;;;;;
10672;Simple lobule, granular layer;0;0;um2;0;0;0;um2;0;;;;;;;;;;;;;;
1017;Ansiform lobule;0;0;um2;0;0;0;um2;0;;;;;;;;;;;;;;
1056;Crus 1;0;0;um2;0;0;0;um2;0;;;;;;;;;;;;;;
10677;Crus 1, molecular layer;0;0;um2;0;0;0;um2;0;;;;;;;;;;;;;;
10676;Crus 1, Purkinje layer;0;0;um2;0;0;0;um2;0;;;;;;;;;;;;;;
10675;Crus 1, granular layer;0;0;um2;0;0;0;um2;0;;;;;;;;;;;;;;
1064;Crus 2;0;0;um2;0;0;0;um2;0;;;;;;;;;;;;;;
10680;Crus 2, molecular layer;0;0;um2;0;0;0;um2;0;;;;;;;;;;;;;;
10679;Crus 2, Purkinje layer;0;0;um2;0;0;0;um2;0;;;;;;;;;;;;;;
10678;Crus 2, granular layer;0;0;um2;0;0;0;um2;0;;;;;;;;;;;;;;
1025;Paramedian lobule;0;0;um2;0;0;0;um2;0;;;;;;;;;;;;;;
10683;Paramedian lobule, molecular layer;0;0;um2;0;0;0;um2;0;;;;;;;;;;;;;;
10682;Paramedian lobule, Purkinje layer;0;0;um2;0;0;0;um2;0;;;;;;;;;;;;;;
10681;Paramedian lobule, granular layer;0;0;um2;0;0;0;um2;0;;;;;;;;;;;;;;
1033;Copula pyramidis;0;0;um2;0;0;0;um2;0;;;;;;;;;;;;;;
10686;Copula pyramidis, molecular layer;0;0;um2;0;0;0;um2;0;;;;;;;;;;;;;;
10685;Copula pyramidis, Purkinje layer;0;0;um2;0;0;0;um2;0;;;;;;;;;;;;;;
10684;Copula pyramidis, granular layer;0;0;um2;0;0;0;um2;0;;;;;;;;;;;;;;
1041;Paraflocculus;0;0;um2;0;0;0;um2;0;;;;;;;;;;;;;;
10689;Paraflocculus, molecular layer;0;0;um2;0;0;0;um2;0;;;;;;;;;;;;;;
10688;Paraflocculus, Purkinje layer;0;0;um2;0;0;0;um2;0;;;;;;;;;;;;;;
10687;Paraflocculus, granular layer;0;0;um2;0;0;0;um2;0;;;;;;;;;;;;;;
1049;Flocculus;0;0;um2;0;0;0;um2;0;;;;;;;;;;;;;;
10692;Flocculus, molecular layer;0;0;um2;0;0;0;um2;0;;;;;;;;;;;;;;
10691;Flocculus, Purkinje layer;0;0;um2;0;0;0;um2;0;;;;;;;;;;;;;;
10690;Flocculus, granular layer;0;0;um2;0;0;0;um2;0;;;;;;;;;;;;;;
519;Cerebellar nuclei;0;0;um2;0;0;0;um2;0;;;;;;;;;;;;;;
989;Fastigial nucleus;0;0;um2;0;0;0;um2;0;;;;;;;;;;;;;;
91;Interposed nucleus;0;0;um2;0;0;0;um2;0;;;;;;;;;;;;;;
846;Dentate nucleus;0;0;um2;0;0;0;um2;0;;;;;;;;;;;;;;
589508455;Vestibulocerebellar nucleus;0;0;um2;0;0;0;um2;0;;;;;;;;;;;;;;
1009;fiber tracts;499927;499926.730652;um2;94;1775;1775;um2;0.003551;;;;;;;;;;;;;;
967;cranial nerves;0;0;um2;0;0;0;um2;0;;;;;;;;;;;;;;
885;terminal nerve;0;0;um2;0;0;0;um2;0;;;;;;;;;;;;;;
949;vomeronasal nerve;0;0;um2;0;0;0;um2;0;;;;;;;;;;;;;;
840;olfactory nerve;0;0;um2;0;0;0;um2;0;;;;;;;;;;;;;;
1016;olfactory nerve layer of main olfactory bulb;0;0;um2;0;0;0;um2;0;;;;;;;;;;;;;;
21;lateral olfactory tract, general;0;0;um2;0;0;0;um2;0;;;;;;;;;;;;;;
665;lateral olfactory tract, body;0;0;um2;0;0;0;um2;0;;;;;;;;;;;;;;
538;dorsal limb;0;0;um2;0;0;0;um2;0;;;;;;;;;;;;;;
459;accessory olfactory tract;0;0;um2;0;0;0;um2;0;;;;;;;;;;;;;;
900;anterior commissure, olfactory limb;0;0;um2;0;0;0;um2;0;;;;;;;;;;;;;;
848;optic nerve;0;0;um2;0;0;0;um2;0;;;;;;;;;;;;;;
876;accessory optic tract;0;0;um2;0;0;0;um2;0;;;;;;;;;;;;;;
916;brachium of the superior colliculus;0;0;um2;0;0;0;um2;0;;;;;;;;;;;;;;
336;superior colliculus commissure;0;0;um2;0;0;0;um2;0;;;;;;;;;;;;;;
117;optic chiasm;0;0;um2;0;0;0;um2;0;;;;;;;;;;;;;;
125;optic tract;167798;167798.246307;um2;2;6;6;um2;0.000036;;;;;;;;;;;;;;
357;tectothalamic pathway;0;0;um2;0;0;0;um2;0;;;;;;;;;;;;;;
832;oculomotor nerve;0;0;um2;0;0;0;um2;0;;;;;;;;;;;;;;
62;medial longitudinal fascicle;0;0;um2;0;0;0;um2;0;;;;;;;;;;;;;;
158;posterior commissure;0;0;um2;0;0;0;um2;0;;;;;;;;;;;;;;
911;trochlear nerve;0;0;um2;0;0;0;um2;0;;;;;;;;;;;;;;
384;trochlear nerve decussation;0;0;um2;0;0;0;um2;0;;;;;;;;;;;;;;
710;abducens nerve;0;0;um2;0;0;0;um2;0;;;;;;;;;;;;;;
901;trigeminal nerve;0;0;um2;0;0;0;um2;0;;;;;;;;;;;;;;
93;motor root of the trigeminal nerve;0;0;um2;0;0;0;um2;0;;;;;;;;;;;;;;
229;sensory root of the trigeminal nerve;0;0;um2;0;0;0;um2;0;;;;;;;;;;;;;;
705;midbrain tract of the trigeminal nerve;0;0;um2;0;0;0;um2;0;;;;;;;;;;;;;;
794;spinal tract of the trigeminal nerve;0;0;um2;0;0;0;um2;0;;;;;;;;;;;;;;
798;facial nerve;0;0;um2;0;0;0;um2;0;;;;;;;;;;;;;;
1131;intermediate nerve;0;0;um2;0;0;0;um2;0;;;;;;;;;;;;;;
1116;genu of the facial nerve;0;0;um2;0;0;0;um2;0;;;;;;;;;;;;;;
933;vestibulocochlear nerve;0;0;um2;0;0;0;um2;0;;;;;;;;;;;;;;
1076;efferent cochleovestibular bundle;0;0;um2;0;0;0;um2;0;;;;;;;;;;;;;;
413;vestibular nerve;0;0;um2;0;0;0;um2;0;;;;;;;;;;;;;;
948;cochlear nerve;0;0;um2;0;0;0;um2;0;;;;;;;;;;;;;;
841;trapezoid body;0;0;um2;0;0;0;um2;0;;;;;;;;;;;;;;
641;intermediate acoustic stria;0;0;um2;0;0;0;um2;0;;;;;;;;;;;;;;
506;dorsal acoustic stria;0;0;um2;0;0;0;um2;0;;;;;;;;;;;;;;
658;lateral lemniscus;0;0;um2;0;0;0;um2;0;;;;;;;;;;;;;;
633;inferior colliculus commissure;0;0;um2;0;0;0;um2;0;;;;;;;;;;;;;;
482;brachium of the inferior colliculus;0;0;um2;0;0;0;um2;0;;;;;;;;;;;;;;
808;glossopharyngeal nerve;0;0;um2;0;0;0;um2;0;;;;;;;;;;;;;;
917;vagus nerve;0;0;um2;0;0;0;um2;0;;;;;;;;;;;;;;
237;solitary tract;0;0;um2;0;0;0;um2;0;;;;;;;;;;;;;;
717;accessory spinal nerve;0;0;um2;0;0;0;um2;0;;;;;;;;;;;;;;
813;hypoglossal nerve;0;0;um2;0;0;0;um2;0;;;;;;;;;;;;;;
925;ventral roots;0;0;um2;0;0;0;um2;0;;;;;;;;;;;;;;
792;dorsal roots;0;0;um2;0;0;0;um2;0;;;;;;;;;;;;;;
932;cervicothalamic tract;0;0;um2;0;0;0;um2;0;;;;;;;;;;;;;;
570;dorsolateral fascicle;0;0;um2;0;0;0;um2;0;;;;;;;;;;;;;;
522;dorsal commissure of the spinal cord;0;0;um2;0;0;0;um2;0;;;;;;;;;;;;;;
858;ventral commissure of the spinal cord;0;0;um2;0;0;0;um2;0;;;;;;;;;;;;;;
586;fasciculus proprius;0;0;um2;0;0;0;um2;0;;;;;;;;;;;;;;
514;dorsal column;0;0;um2;0;0;0;um2;0;;;;;;;;;;;;;;
380;cuneate fascicle;0;0;um2;0;0;0;um2;0;;;;;;;;;;;;;;
388;gracile fascicle;0;0;um2;0;0;0;um2;0;;;;;;;;;;;;;;
396;internal arcuate fibers;0;0;um2;0;0;0;um2;0;;;;;;;;;;;;;;
697;medial lemniscus;0;0;um2;0;0;0;um2;0;;;;;;;;;;;;;;
871;spinothalamic tract;0;0;um2;0;0;0;um2;0;;;;;;;;;;;;;;
29;lateral spinothalamic tract;0;0;um2;0;0;0;um2;0;;;;;;;;;;;;;;
389;ventral spinothalamic tract;0;0;um2;0;0;0;um2;0;;;;;;;;;;;;;;
245;spinocervical tract;0;0;um2;0;0;0;um2;0;;;;;;;;;;;;;;
261;spino-olivary pathway;0;0;um2;0;0;0;um2;0;;;;;;;;;;;;;;
270;spinoreticular pathway;0;0;um2;0;0;0;um2;0;;;;;;;;;;;;;;
293;spinovestibular pathway;0;0;um2;0;0;0;um2;0;;;;;;;;;;;;;;
277;spinotectal pathway;0;0;um2;0;0;0;um2;0;;;;;;;;;;;;;;
253;spinohypothalamic pathway;0;0;um2;0;0;0;um2;0;;;;;;;;;;;;;;
285;spinotelenchephalic pathway;0;0;um2;0;0;0;um2;0;;;;;;;;;;;;;;
627;hypothalamohypophysial tract;0;0;um2;0;0;0;um2;0;;;;;;;;;;;;;;
960;cerebellum related fiber tracts;0;0;um2;0;0;0;um2;0;;;;;;;;;;;;;;
744;cerebellar commissure;0;0;um2;0;0;0;um2;0;;;;;;;;;;;;;;
752;cerebellar peduncles;0;0;um2;0;0;0;um2;0;;;;;;;;;;;;;;
326;superior cerebelar peduncles;0;0;um2;0;0;0;um2;0;;;;;;;;;;;;;;
812;superior cerebellar peduncle decussation;0;0;um2;0;0;0;um2;0;;;;;;;;;;;;;;
85;spinocerebellar tract;0;0;um2;0;0;0;um2;0;;;;;;;;;;;;;;
850;uncinate fascicle;0;0;um2;0;0;0;um2;0;;;;;;;;;;;;;;
866;ventral spinocerebellar tract;0;0;um2;0;0;0;um2;0;;;;;;;;;;;;;;
78;middle cerebellar peduncle;0;0;um2;0;0;0;um2;0;;;;;;;;;;;;;;
1123;inferior cerebellar peduncle;0;0;um2;0;0;0;um2;0;;;;;;;;;;;;;;
553;dorsal spinocerebellar tract;0;0;um2;0;0;0;um2;0;;;;;;;;;;;;;;
499;cuneocerebellar tract;0;0;um2;0;0;0;um2;0;;;;;;;;;;;;;;
650;juxtarestiform body;0;0;um2;0;0;0;um2;0;;;;;;;;;;;;;;
490;bulbocerebellar tract;0;0;um2;0;0;0;um2;0;;;;;;;;;;;;;;
404;olivocerebellar tract;0;0;um2;0;0;0;um2;0;;;;;;;;;;;;;;
410;reticulocerebellar tract;0;0;um2;0;0;0;um2;0;;;;;;;;;;;;;;
373;trigeminocerebellar tract;0;0;um2;0;0;0;um2;0;;;;;;;;;;;;;;
728;arbor vitae;0;0;um2;0;0;0;um2;0;;;;;;;;;;;;;;
484682512;supra-callosal cerebral white matter;5335;5335.397339;um2;4;62;62;um2;0.011621;;;;;;;;;;;;;;
983;lateral forebrain bundle system;0;0;um2;0;0;0;um2;0;;;;;;;;;;;;;;
776;corpus callosum;0;0;um2;0;0;0;um2;0;;;;;;;;;;;;;;
956;corpus callosum, anterior forceps;0;0;um2;0;0;0;um2;0;;;;;;;;;;;;;;
579;external capsule;29345;29344.685364;um2;16;220;220;um2;0.007497;;;;;;;;;;;;;;
964;corpus callosum, extreme capsule;30412;30411.764832;um2;18;418;418;um2;0.013745;;;;;;;;;;;;;;
1108;genu of corpus callosum;0;0;um2;0;0;0;um2;0;;;;;;;;;;;;;;
971;corpus callosum, posterior forceps;0;0;um2;0;0;0;um2;0;;;;;;;;;;;;;;
979;corpus callosum, rostrum;0;0;um2;0;0;0;um2;0;;;;;;;;;;;;;;
484682516;corpus callosum, body;0;0;um2;0;0;0;um2;0;;;;;;;;;;;;;;
986;corpus callosum, splenium;542877;542876.679230;um2;50;695;695;um2;0.001280;;;;;;;;;;;;;;
784;corticospinal tract;0;0;um2;0;0;0;um2;0;;;;;;;;;;;;;;
6;internal capsule;379080;379079.980927;um2;30;409;409;um2;0.001079;;;;;;;;;;;;;;
924;cerebal peduncle;0;0;um2;0;0;0;um2;0;;;;;;;;;;;;;;
1036;corticotectal tract;0;0;um2;0;0;0;um2;0;;;;;;;;;;;;;;
1012;corticorubral tract;0;0;um2;0;0;0;um2;0;;;;;;;;;;;;;;
1003;corticopontine tract;0;0;um2;0;0;0;um2;0;;;;;;;;;;;;;;
994;corticobulbar tract;0;0;um2;0;0;0;um2;0;;;;;;;;;;;;;;
190;pyramid;0;0;um2;0;0;0;um2;0;;;;;;;;;;;;;;
198;pyramidal decussation;0;0;um2;0;0;0;um2;0;;;;;;;;;;;;;;
1019;corticospinal tract, crossed;0;0;um2;0;0;0;um2;0;;;;;;;;;;;;;;
1028;corticospinal tract, uncrossed;0;0;um2;0;0;0;um2;0;;;;;;;;;;;;;;
896;thalamus related;0;0;um2;0;0;0;um2;0;;;;;;;;;;;;;;
1092;external medullary lamina of the thalamus;4802;4801.857605;um2;2;36;36;um2;0.007497;;;;;;;;;;;;;;
14;internal medullary lamina of the thalamus;0;0;um2;0;0;0;um2;0;;;;;;;;;;;;;;
86;middle thalamic commissure;0;0;um2;0;0;0;um2;0;;;;;;;;;;;;;;
365;thalamic peduncles;0;0;um2;0;0;0;um2;0;;;;;;;;;;;;;;
484682520;optic radiation;448173;448173.376465;um2;97;1452;1452;um2;0.003240;;;;;;;;;;;;;;
484682524;auditory radiation;109909;109909.185181;um2;58;1021;1021;um2;0.009289;;;;;;;;;;;;;;
1000;extrapyramidal fiber systems;0;0;um2;0;0;0;um2;0;;;;;;;;;;;;;;
760;cerebral nuclei related;0;0;um2;0;0;0;um2;0;;;;;;;;;;;;;;
142;pallidothalamic pathway;0;0;um2;0;0;0;um2;0;;;;;;;;;;;;;;
102;nigrostriatal tract;40549;40549.019775;um2;15;280;280;um2;0.006905;;;;;;;;;;;;;;
109;nigrothalamic fibers;0;0;um2;0;0;0;um2;0;;;;;;;;;;;;;;
134;pallidotegmental fascicle;0;0;um2;0;0;0;um2;0;;;;;;;;;;;;;;
309;striatonigral pathway;0;0;um2;0;0;0;um2;0;;;;;;;;;;;;;;
317;subthalamic fascicle;0;0;um2;0;0;0;um2;0;;;;;;;;;;;;;;
877;tectospinal pathway;0;0;um2;0;0;0;um2;0;;;;;;;;;;;;;;
1051;direct tectospinal pathway;0;0;um2;0;0;0;um2;0;;;;;;;;;;;;;;
1060;doral tegmental decussation;0;0;um2;0;0;0;um2;0;;;;;;;;;;;;;;
1043;crossed tectospinal pathway;0;0;um2;0;0;0;um2;0;;;;;;;;;;;;;;
863;rubrospinal tract;0;0;um2;0;0;0;um2;0;;;;;;;;;;;;;;
397;ventral tegmental decussation;0;0;um2;0;0;0;um2;0;;;;;;;;;;;;;;
221;rubroreticular tract;0;0;um2;0;0;0;um2;0;;;;;;;;;;;;;;
736;central tegmental bundle;0;0;um2;0;0;0;um2;0;;;;;;;;;;;;;;
855;retriculospinal tract;0;0;um2;0;0;0;um2;0;;;;;;;;;;;;;;
205;retriculospinal tract, lateral part;0;0;um2;0;0;0;um2;0;;;;;;;;;;;;;;
213;retriculospinal tract, medial part;0;0;um2;0;0;0;um2;0;;;;;;;;;;;;;;
941;vestibulospinal pathway;0;0;um2;0;0;0;um2;0;;;;;;;;;;;;;;
991;medial forebrain bundle system;0;0;um2;0;0;0;um2;0;;;;;;;;;;;;;;
768;cerebrum related;0;0;um2;0;0;0;um2;0;;;;;;;;;;;;;;
884;amygdalar capsule;53354;53353.973389;um2;12;248;248;um2;0.004648;;;;;;;;;;;;;;
892;ansa peduncularis;0;0;um2;0;0;0;um2;0;;;;;;;;;;;;;;
908;anterior commissure, temporal limb;0;0;um2;0;0;0;um2;0;;;;;;;;;;;;;;
940;cingulum bundle;152059;152058.824158;um2;51;742;742;um2;0.004880;;;;;;;;;;;;;;
1099;fornix system;0;0;um2;0;0;0;um2;0;;;;;;;;;;;;;;
466;alveus;167265;167264.706573;um2;19;430;430;um2;0.002571;;;;;;;;;;;;;;
530;dorsal fornix;0;0;um2;0;0;0;um2;0;;;;;;;;;;;;;;
603;fimbria;169932;169932.405243;um2;5;86;86;um2;0.000506;;;;;;;;;;;;;;
745;precommissural fornix, general;0;0;um2;0;0;0;um2;0;;;;;;;;;;;;;;
420;precommissural fornix diagonal band;0;0;um2;0;0;0;um2;0;;;;;;;;;;;;;;
737;postcommissural fornix;0;0;um2;0;0;0;um2;0;;;;;;;;;;;;;;
428;medial corticohypothalamic tract;0;0;um2;0;0;0;um2;0;;;;;;;;;;;;;;
436;columns of the fornix;22409;22408.668823;um2;6;115;115;um2;0.005132;;;;;;;;;;;;;;
618;hippocampal commissures;0;0;um2;0;0;0;um2;0;;;;;;;;;;;;;;
443;dorsal hippocampal commissure;165131;165130.547638;um2;0;0;0;um2;0;;;;;;;;;;;;;;
449;ventral hippocampal commissure;0;0;um2;0;0;0;um2;0;;;;;;;;;;;;;;
713;perforant path;0;0;um2;0;0;0;um2;0;;;;;;;;;;;;;;
474;angular path;0;0;um2;0;0;0;um2;0;;;;;;;;;;;;;;
37;longitudinal association bundle;0;0;um2;0;0;0;um2;0;;;;;;;;;;;;;;
301;stria terminalis;157661;157660.991364;um2;5;27;27;um2;0.000171;;;;;;;;;;;;;;
484682528;commissural branch of stria terminalis;0;0;um2;0;0;0;um2;0;;;;;;;;;;;;;;
824;hypothalamus related;0;0;um2;0;0;0;um2;0;;;;;;;;;;;;;;
54;medial forebrain bundle;267;266.769867;um2;0;0;0;um2;0;;;;;;;;;;;;;;
405;ventrolateral hypothalamic tract;0;0;um2;0;0;0;um2;0;;;;;;;;;;;;;;
174;preoptic commissure;0;0;um2;0;0;0;um2;0;;;;;;;;;;;;;;
349;supraoptic commissures;0;0;um2;0;0;0;um2;0;;;;;;;;;;;;;;
817;supraoptic commissures, anterior;0;0;um2;0;0;0;um2;0;;;;;;;;;;;;;;
825;supraoptic commissures, dorsal;0;0;um2;0;0;0;um2;0;;;;;;;;;;;;;;
833;supraoptic commissures, ventral;0;0;um2;0;0;0;um2;0;;;;;;;;;;;;;;
166;premammillary commissure;0;0;um2;0;0;0;um2;0;;;;;;;;;;;;;;
341;supramammillary decussation;0;0;um2;0;0;0;um2;0;;;;;;;;;;;;;;
182;propriohypothalamic pathways;0;0;um2;0;0;0;um2;0;;;;;;;;;;;;;;
762;propriohypothalamic pathways, dorsal;0;0;um2;0;0;0;um2;0;;;;;;;;;;;;;;
770;propriohypothalamic pathways, lateral;0;0;um2;0;0;0;um2;0;;;;;;;;;;;;;;
779;propriohypothalamic pathways, medial;0;0;um2;0;0;0;um2;0;;;;;;;;;;;;;;
787;propriohypothalamic pathways, ventral;0;0;um2;0;0;0;um2;0;;;;;;;;;;;;;;
150;periventricular bundle of the hypothalamus;0;0;um2;0;0;0;um2;0;;;;;;;;;;;;;;
46;mammillary related;0;0;um2;0;0;0;um2;0;;;;;;;;;;;;;;
753;principal mammillary tract;0;0;um2;0;0;0;um2;0;;;;;;;;;;;;;;
690;mammillothalamic tract;40549;40549.019775;um2;37;707;707;um2;0.017436;;;;;;;;;;;;;;
681;mammillotegmental tract;0;0;um2;0;0;0;um2;0;;;;;;;;;;;;;;
673;mammillary peduncle;0;0;um2;0;0;0;um2;0;;;;;;;;;;;;;;
1068;dorsal thalamus related;0;0;um2;0;0;0;um2;0;;;;;;;;;;;;;;
722;periventricular bundle of the thalamus;0;0;um2;0;0;0;um2;0;;;;;;;;;;;;;;
1083;epithalamus related;0;0;um2;0;0;0;um2;0;;;;;;;;;;;;;;
802;stria medullaris;0;0;um2;0;0;0;um2;0;;;;;;;;;;;;;;
595;fasciculus retroflexus;46951;46951.496582;um2;16;258;258;um2;0.005495;;;;;;;;;;;;;;
611;habenular commissure;26410;26410.216827;um2;1;15;15;um2;0.000568;;;;;;;;;;;;;;
730;pineal stalk;0;0;um2;0;0;0;um2;0;;;;;;;;;;;;;;
70;midbrain related;0;0;um2;0;0;0;um2;0;;;;;;;;;;;;;;
547;dorsal longitudinal fascicle;0;0;um2;0;0;0;um2;0;;;;;;;;;;;;;;
563;dorsal tegmental tract;0;0;um2;0;0;0;um2;0;;;;;;;;;;;;;;
73;ventricular systems;0;0;um2;0;0;0;um2;0;;;;;;;;;;;;;;
81;lateral ventricle;166998;166997.936707;um2;15;184;184;um2;0.001102;;;;;;;;;;;;;;
89;rhinocele;0;0;um2;0;0;0;um2;0;;;;;;;;;;;;;;
98;subependymal zone;0;0;um2;0;0;0;um2;0;;;;;;;;;;;;;;
108;choroid plexus;59490;59489.680328;um2;4;10;10;um2;0.000168;;;;;;;;;;;;;;
116;choroid fissure;0;0;um2;0;0;0;um2;0;;;;;;;;;;;;;;
124;interventricular foramen;0;0;um2;0;0;0;um2;0;;;;;;;;;;;;;;
129;third ventricle;146723;146723.426819;um2;0;0;0;um2;0;;;;;;;;;;;;;;
140;cerebral aqueduct;0;0;um2;0;0;0;um2;0;;;;;;;;;;;;;;
145;fourth ventricle;0;0;um2;0;0;0;um2;0;;;;;;;;;;;;;;
153;lateral recess;0;0;um2;0;0;0;um2;0;;;;;;;;;;;;;;
164;central canal, spinal cord/medulla;0;0;um2;0;0;0;um2;0;;;;;;;;;;;;;;
1024;grooves;0;0;um2;0;0;0;um2;0;;;;;;;;;;;;;;
1032;grooves of the cerebral cortex;0;0;um2;0;0;0;um2;0;;;;;;;;;;;;;;
1055;endorhinal groove;0;0;um2;0;0;0;um2;0;;;;;;;;;;;;;;
1063;hippocampal fissure;0;0;um2;0;0;0;um2;0;;;;;;;;;;;;;;
1071;rhinal fissure;0;0;um2;0;0;0;um2;0;;;;;;;;;;;;;;
1078;rhinal incisure;0;0;um2;0;0;0;um2;0;;;;;;;;;;;;;;
1040;grooves of the cerebellar cortex;0;0;um2;0;0;0;um2;0;;;;;;;;;;;;;;
1087;precentral fissure;0;0;um2;0;0;0;um2;0;;;;;;;;;;;;;;
1095;preculminate fissure;0;0;um2;0;0;0;um2;0;;;;;;;;;;;;;;
1103;primary fissure;0;0;um2;0;0;0;um2;0;;;;;;;;;;;;;;
1112;posterior superior fissure;0;0;um2;0;0;0;um2;0;;;;;;;;;;;;;;
1119;prepyramidal fissure;0;0;um2;0;0;0;um2;0;;;;;;;;;;;;;;
3;secondary fissure;0;0;um2;0;0;0;um2;0;;;;;;;;;;;;;;
11;posterolateral fissure;0;0;um2;0;0;0;um2;0;;;;;;;;;;;;;;
18;nodular fissure;0;0;um2;0;0;0;um2;0;;;;;;;;;;;;;;
25;simple fissure;0;0;um2;0;0;0;um2;0;;;;;;;;;;;;;;
34;intercrural fissure;0;0;um2;0;0;0;um2;0;;;;;;;;;;;;;;
43;ansoparamedian fissure;0;0;um2;0;0;0;um2;0;;;;;;;;;;;;;;
49;intraparafloccular fissure;0;0;um2;0;0;0;um2;0;;;;;;;;;;;;;;
57;paramedian sulcus;0;0;um2;0;0;0;um2;0;;;;;;;;;;;;;;
65;parafloccular sulcus;0;0;um2;0;0;0;um2;0;;;;;;;;;;;;;;
624;Interpeduncular fossa;0;0;um2;0;0;0;um2;0;;;;;;;;;;;;;;
304325711;retina;0;0;um2;0;0;0;um2;0;;;;;;;;;;;;;;
