Region ID;Region Name;Region pixels;Region area;Area unit;Object count;Object pixels;Object area;Area unit;Load;;;;;;;;;;;;;;
0;Clear Label;0;0;um2;615;20729;20729;um2;0;;;;;;;;;;;;;;
997;root;8581978;8581977.863281;um2;565;19585;19585;um2;0.002282;;;;;;;;;;;;;;
8;Basic cell groups and regions;0;0;um2;0;0;0;um2;0;;;;;;;;;;;;;;
567;Cerebrum;0;0;um2;0;0;0;um2;0;;;;;;;;;;;;;;
688;Cerebral cortex;0;0;um2;0;0;0;um2;0;;;;;;;;;;;;;;
695;Cortical plate;0;0;um2;0;0;0;um2;0;;;;;;;;;;;;;;
315;Isocortex;0;0;um2;0;0;0;um2;0;;;;;;;;;;;;;;
184;Frontal pole, cerebral cortex;0;0;um2;0;0;0;um2;0;;;;;;;;;;;;;;
68;Frontal pole, layer 1;0;0;um2;0;0;0;um2;0;;;;;;;;;;;;;;
667;Frontal pole, layer 2/3;754788;754787.788330;um2;223;12827;12827;um2;0.016994;;;;;;;;;;;;;;
526157192;Frontal pole, layer 5;4747452;4747451.911499;um2;1607;103054;103054;um2;0.021707;;;;;;;;;;;;;;
526157196;Frontal pole, layer 6a;498253;498253.476013;um2;424;20057;20057;um2;0.040255;;;;;;;;;;;;;;
526322264;Frontal pole, layer 6b;7241;7241.198364;um2;2;110;110;um2;0.015191;;;;;;;;;;;;;;
500;Somatomotor areas;0;0;um2;0;0;0;um2;0;;;;;;;;;;;;;;
107;Somatomotor areas, Layer 1;0;0;um2;0;0;0;um2;0;;;;;;;;;;;;;;
219;Somatomotor areas, Layer 2/3;0;0;um2;0;0;0;um2;0;;;;;;;;;;;;;;
299;Somatomotor areas, Layer 5;0;0;um2;0;0;0;um2;0;;;;;;;;;;;;;;
644;Somatomotor areas, Layer 6a;0;0;um2;0;0;0;um2;0;;;;;;;;;;;;;;
947;Somatomotor areas, Layer 6b;0;0;um2;0;0;0;um2;0;;;;;;;;;;;;;;
985;Primary motor area;0;0;um2;0;0;0;um2;0;;;;;;;;;;;;;;
320;Primary motor area, Layer 1;5897014;5897013.654144;um2;1475;58608;58608;um2;0.009939;;;;;;;;;;;;;;
943;Primary motor area, Layer 2/3;16702735;16702734.834869;um2;18860;829805;829805;um2;0.049681;;;;;;;;;;;;;;
648;Primary motor area, Layer 5;15019175;15019175.324371;um2;14396;702055;702055;um2;0.046744;;;;;;;;;;;;;;
844;Primary motor area, Layer 6a;13312800;13312799.847992;um2;12470;513783;513783;um2;0.038593;;;;;;;;;;;;;;
882;Primary motor area, Layer 6b;874392;874392.191223;um2;172;4840;4840;um2;0.005535;;;;;;;;;;;;;;
993;Secondary motor area;0;0;um2;0;0;0;um2;0;;;;;;;;;;;;;;
656;Secondary motor area, layer 1;13534195;13534194.939056;um2;2442;101722;101722;um2;0.007516;;;;;;;;;;;;;;
962;Secondary motor area, layer 2/3;22633748;22633748.092773;um2;16878;758587;758587;um2;0.033516;;;;;;;;;;;;;;
767;Secondary motor area, layer 5;23324850;23324849.753845;um2;23415;1190434;1190434;um2;0.051037;;;;;;;;;;;;;;
1021;Secondary motor area, layer 6a;10990112;10990111.770081;um2;11726;572045;572045;um2;0.052051;;;;;;;;;;;;;;
1085;Secondary motor area, layer 6b;344087;344086.747467;um2;208;7884;7884;um2;0.022913;;;;;;;;;;;;;;
453;Somatosensory areas;0;0;um2;0;0;0;um2;0;;;;;;;;;;;;;;
12993;Somatosensory areas, layer 1;0;0;um2;0;0;0;um2;0;;;;;;;;;;;;;;
12994;Somatosensory areas, layer 2/3;0;0;um2;0;0;0;um2;0;;;;;;;;;;;;;;
12995;Somatosensory areas, layer 4;0;0;um2;0;0;0;um2;0;;;;;;;;;;;;;;
12996;Somatosensory areas, layer 5;0;0;um2;0;0;0;um2;0;;;;;;;;;;;;;;
12997;Somatosensory areas, layer 6a;0;0;um2;0;0;0;um2;0;;;;;;;;;;;;;;
12998;Somatosensory areas, layer 6b;0;0;um2;0;0;0;um2;0;;;;;;;;;;;;;;
322;Primary somatosensory area;0;0;um2;0;0;0;um2;0;;;;;;;;;;;;;;
793;Primary somatosensory area, layer 1;0;0;um2;0;0;0;um2;0;;;;;;;;;;;;;;
346;Primary somatosensory area, layer 2/3;0;0;um2;0;0;0;um2;0;;;;;;;;;;;;;;
865;Primary somatosensory area, layer 4;0;0;um2;0;0;0;um2;0;;;;;;;;;;;;;;
921;Primary somatosensory area, layer 5;0;0;um2;0;0;0;um2;0;;;;;;;;;;;;;;
686;Primary somatosensory area, layer 6a;0;0;um2;0;0;0;um2;0;;;;;;;;;;;;;;
719;Primary somatosensory area, layer 6b;0;0;um2;0;0;0;um2;0;;;;;;;;;;;;;;
353;Primary somatosensory area, nose;0;0;um2;0;0;0;um2;0;;;;;;;;;;;;;;
558;Primary somatosensory area, nose, layer 1;1989597;1989597.297882;um2;806;27312;27312;um2;0.013727;;;;;;;;;;;;;;
838;Primary somatosensory area, nose, layer 2/3;2779429;2779429.327728;um2;4756;175601;175601;um2;0.063179;;;;;;;;;;;;;;
654;Primary somatosensory area, nose, layer 4;2066920;2066920.153839;um2;6952;287344;287344;um2;0.139020;;;;;;;;;;;;;;
702;Primary somatosensory area, nose, layer 5;1866713;1866712.531860;um2;3005;114131;114131;um2;0.061140;;;;;;;;;;;;;;
889;Primary somatosensory area, nose, layer 6a;2484744;2484743.700104;um2;4439;154140;154140;um2;0.062035;;;;;;;;;;;;;;
929;Primary somatosensory area, nose, layer 6b;163852;163852.234161;um2;63;1451;1451;um2;0.008856;;;;;;;;;;;;;;
329;Primary somatosensory area, barrel field;0;0;um2;0;0;0;um2;0;;;;;;;;;;;;;;
981;Primary somatosensory area, barrel field, layer 1;2429428;2429428.160645;um2;1570;60160;60160;um2;0.024763;;;;;;;;;;;;;;
201;Primary somatosensory area, barrel field, layer 2/3;4072876;4072876.003937;um2;9793;408714;408714;um2;0.100350;;;;;;;;;;;;;;
1047;Primary somatosensory area, barrel field, layer 4;3364400;3364399.811890;um2;11957;559521;559521;um2;0.166306;;;;;;;;;;;;;;
1070;Primary somatosensory area, barrel field, layer 5;3160803;3160802.863831;um2;6192;223706;223706;um2;0.070775;;;;;;;;;;;;;;
1038;Primary somatosensory area, barrel field, layer 6a;3555256;3555256.413818;um2;7829;270315;270315;um2;0.076032;;;;;;;;;;;;;;
1062;Primary somatosensory area, barrel field, layer 6b;392055;392055.340973;um2;207;3714;3714;um2;0.009473;;;;;;;;;;;;;;
480149202;Rostrolateral lateral visual area;0;0;um2;0;0;0;um2;0;;;;;;;;;;;;;;
480149206;Rostrolateral lateral visual area, layer 1;0;0;um2;0;0;0;um2;0;;;;;;;;;;;;;;
480149210;Rostrolateral lateral visual area, layer 2/3;0;0;um2;0;0;0;um2;0;;;;;;;;;;;;;;
480149214;Rostrolateral lateral visual area, layer 4;0;0;um2;0;0;0;um2;0;;;;;;;;;;;;;;
480149218;Rostrolateral lateral visual area,layer 5;0;0;um2;0;0;0;um2;0;;;;;;;;;;;;;;
480149222;Rostrolateral lateral visual area, layer 6a;0;0;um2;0;0;0;um2;0;;;;;;;;;;;;;;
480149226;Rostrolateral lateral visual area, layer 6b;0;0;um2;0;0;0;um2;0;;;;;;;;;;;;;;
337;Primary somatosensory area, lower limb;0;0;um2;0;0;0;um2;0;;;;;;;;;;;;;;
1030;Primary somatosensory area, lower limb, layer 1;1045796;1045796.066742;um2;387;14251;14251;um2;0.013627;;;;;;;;;;;;;;
113;Primary somatosensory area, lower limb, layer 2/3;2017128;2017128.405731;um2;4633;207091;207091;um2;0.102666;;;;;;;;;;;;;;
1094;Primary somatosensory area, lower limb, layer 4;803847;803846.817413;um2;2913;159492;159492;um2;0.198411;;;;;;;;;;;;;;
1128;Primary somatosensory area, lower limb, layer 5;1518306;1518306.434387;um2;3190;150657;150657;um2;0.099227;;;;;;;;;;;;;;
478;Primary somatosensory area, lower limb, layer 6a;1493817;1493816.917480;um2;2978;111842;111842;um2;0.074870;;;;;;;;;;;;;;
510;Primary somatosensory area, lower limb, layer 6b;150035;150035.447693;um2;17;259;259;um2;0.001726;;;;;;;;;;;;;;
345;Primary somatosensory area, mouth;0;0;um2;0;0;0;um2;0;;;;;;;;;;;;;;
878;Primary somatosensory area, mouth, layer 1;3517626;3517626.287506;um2;714;24048;24048;um2;0.006836;;;;;;;;;;;;;;
657;Primary somatosensory area, mouth, layer 2/3;6898188;6898187.907654;um2;5660;192136;192136;um2;0.027853;;;;;;;;;;;;;;
950;Primary somatosensory area, mouth, layer 4;4497433;4497433.110657;um2;6116;184899;184899;um2;0.041112;;;;;;;;;;;;;;
974;Primary somatosensory area, mouth, layer 5;6025228;6025227.890320;um2;3993;131588;131588;um2;0.021840;;;;;;;;;;;;;;
1102;Primary somatosensory area, mouth, layer 6a;8280951;8280951.457550;um2;8066;268715;268715;um2;0.032450;;;;;;;;;;;;;;
2;Primary somatosensory area, mouth, layer 6b;564391;564391.247803;um2;102;2688;2688;um2;0.004763;;;;;;;;;;;;;;
369;Primary somatosensory area, upper limb;0;0;um2;0;0;0;um2;0;;;;;;;;;;;;;;
450;Primary somatosensory area, upper limb, layer 1;1962725;1962725.039490;um2;980;36604;36604;um2;0.018650;;;;;;;;;;;;;;
854;Primary somatosensory area, upper limb, layer 2/3;4085172;4085172.218781;um2;8154;346784;346784;um2;0.084888;;;;;;;;;;;;;;
577;Primary somatosensory area, upper limb, layer 4;2202889;2202888.669708;um2;6355;303620;303620;um2;0.137828;;;;;;;;;;;;;;
625;Primary somatosensory area, upper limb, layer 5;3221097;3221097.210938;um2;5452;233368;233368;um2;0.072450;;;;;;;;;;;;;;
945;Primary somatosensory area, upper limb, layer 6a;3894488;3894487.771332;um2;6918;262121;262121;um2;0.067306;;;;;;;;;;;;;;
1026;Primary somatosensory area, upper limb, layer 6b;290386;290386.143188;um2;56;1336;1336;um2;0.004601;;;;;;;;;;;;;;
361;Primary somatosensory area, trunk;0;0;um2;0;0;0;um2;0;;;;;;;;;;;;;;
1006;Primary somatosensory area, trunk, layer 1;720038;720037.813782;um2;235;9043;9043;um2;0.012559;;;;;;;;;;;;;;
670;Primary somatosensory area, trunk, layer 2/3;1298916;1298916.130890;um2;1988;78735;78735;um2;0.060616;;;;;;;;;;;;;;
1086;Primary somatosensory area, trunk, layer 4;481043;481042.741974;um2;1282;54182;54182;um2;0.112634;;;;;;;;;;;;;;
1111;Primary somatosensory area, trunk, layer 5;1135375;1135374.789642;um2;2015;91571;91571;um2;0.080653;;;;;;;;;;;;;;
9;Primary somatosensory area, trunk, layer 6a;730784;730784.366547;um2;1230;43464;43464;um2;0.059476;;;;;;;;;;;;;;
461;Primary somatosensory area, trunk, layer 6b;89378;89377.733582;um2;11;199;199;um2;0.002227;;;;;;;;;;;;;;
182305689;Primary somatosensory area, unassigned;0;0;um2;0;0;0;um2;0;;;;;;;;;;;;;;
182305693;Primary somatosensory area, unassigned, layer 1;649412;649411.532349;um2;445;17023;17023;um2;0.026213;;;;;;;;;;;;;;
182305697;Primary somatosensory area, unassigned, layer 2/3;1193059;1193058.976776;um2;2777;117644;117644;um2;0.098607;;;;;;;;;;;;;;
182305701;Primary somatosensory area, unassigned, layer 4;686427;686427.190094;um2;2292;109523;109523;um2;0.159555;;;;;;;;;;;;;;
182305705;Primary somatosensory area, unassigned, layer 5;881613;881613.464020;um2;1674;68696;68696;um2;0.077921;;;;;;;;;;;;;;
182305709;Primary somatosensory area, unassigned, layer 6a;968343;968343.458801;um2;1888;70148;70148;um2;0.072441;;;;;;;;;;;;;;
182305713;Primary somatosensory area, unassigned, layer 6b;76515;76514.771484;um2;28;454;454;um2;0.005933;;;;;;;;;;;;;;
378;Supplemental somatosensory area;0;0;um2;0;0;0;um2;0;;;;;;;;;;;;;;
873;Supplemental somatosensory area, layer 1;4693010;4693010.056458;um2;1965;75435;75435;um2;0.016074;;;;;;;;;;;;;;
806;Supplemental somatosensory area, layer 2/3;7818148;7818147.683655;um2;10924;424265;424265;um2;0.054267;;;;;;;;;;;;;;
1035;Supplemental somatosensory area, layer 4;4076958;4076957.508606;um2;8083;321429;321429;um2;0.078840;;;;;;;;;;;;;;
1090;Supplemental somatosensory area, layer 5;7213898;7213898.295227;um2;8752;330471;330471;um2;0.045810;;;;;;;;;;;;;;
862;Supplemental somatosensory area, layer 6a;7048735;7048735.150726;um2;9779;363861;363861;um2;0.051621;;;;;;;;;;;;;;
893;Supplemental somatosensory area, layer 6b;638210;638210.348114;um2;332;9904;9904;um2;0.015518;;;;;;;;;;;;;;
1057;Gustatory areas;0;0;um2;0;0;0;um2;0;;;;;;;;;;;;;;
36;Gustatory areas, layer 1;1041947;1041947.308502;um2;111;4101;4101;um2;0.003936;;;;;;;;;;;;;;
180;Gustatory areas, layer 2/3;2063737;2063736.547913;um2;1627;66760;66760;um2;0.032349;;;;;;;;;;;;;;
148;Gustatory areas, layer 4;757430;757430.131226;um2;982;39014;39014;um2;0.051508;;;;;;;;;;;;;;
187;Gustatory areas, layer 5;2916026;2916025.845032;um2;2560;111376;111376;um2;0.038194;;;;;;;;;;;;;;
638;Gustatory areas, layer 6a;2284834;2284833.583405;um2;1974;80050;80050;um2;0.035035;;;;;;;;;;;;;;
662;Gustatory areas, layer 6b;205234;205233.896759;um2;64;1819;1819;um2;0.008863;;;;;;;;;;;;;;
677;Visceral area;0;0;um2;0;0;0;um2;0;;;;;;;;;;;;;;
897;Visceral area, layer 1;1184688;1184688.448761;um2;221;7629;7629;um2;0.006440;;;;;;;;;;;;;;
1106;Visceral area, layer 2/3;1786970;1786970.035919;um2;1619;63454;63454;um2;0.035509;;;;;;;;;;;;;;
1010;Visceral area, layer 4;607852;607851.652191;um2;872;31525;31525;um2;0.051863;;;;;;;;;;;;;;
1058;Visceral area, layer 5;2215844;2215844.266113;um2;2322;101504;101504;um2;0.045808;;;;;;;;;;;;;;
857;Visceral area, layer 6a;1681725;1681724.895935;um2;2119;100605;100605;um2;0.059823;;;;;;;;;;;;;;
849;Visceral area, layer 6b;157118;157118.268097;um2;107;3998;3998;um2;0.025446;;;;;;;;;;;;;;
247;Auditory areas;0;0;um2;0;0;0;um2;0;;;;;;;;;;;;;;
1011;Dorsal auditory area;0;0;um2;0;0;0;um2;0;;;;;;;;;;;;;;
527;Dorsal auditory area, layer 1;481140;481140.254608;um2;417;16658;16658;um2;0.034622;;;;;;;;;;;;;;
600;Dorsal auditory area, layer 2/3;674656;674655.582031;um2;1431;54800;54800;um2;0.081227;;;;;;;;;;;;;;
678;Dorsal auditory area, layer 4;242308;242307.855225;um2;770;29719;29719;um2;0.122650;;;;;;;;;;;;;;
252;Dorsal auditory area, layer 5;622580;622580.463959;um2;1374;54368;54368;um2;0.087327;;;;;;;;;;;;;;
156;Dorsal auditory area, layer 6a;341185;341184.662048;um2;787;26752;26752;um2;0.078409;;;;;;;;;;;;;;
243;Dorsal auditory area, layer 6b;47053;47053.049774;um2;55;1055;1055;um2;0.022422;;;;;;;;;;;;;;
480149230;Laterolateral anterior visual area;0;0;um2;0;0;0;um2;0;;;;;;;;;;;;;;
480149234;Laterolateral anterior visual area, layer 1;0;0;um2;0;0;0;um2;0;;;;;;;;;;;;;;
480149238;Laterolateral anterior visual area, layer 2/3;0;0;um2;0;0;0;um2;0;;;;;;;;;;;;;;
480149242;Laterolateral anterior visual area, layer 4;0;0;um2;0;0;0;um2;0;;;;;;;;;;;;;;
480149246;Laterolateral anterior visual area,layer 5;0;0;um2;0;0;0;um2;0;;;;;;;;;;;;;;
480149250;Laterolateral anterior visual area, layer 6a;0;0;um2;0;0;0;um2;0;;;;;;;;;;;;;;
480149254;Laterolateral anterior visual area, layer 6b;0;0;um2;0;0;0;um2;0;;;;;;;;;;;;;;
1002;Primary auditory area;0;0;um2;0;0;0;um2;0;;;;;;;;;;;;;;
735;Primary auditory area, layer 1;732956;732956.102753;um2;520;18372;18372;um2;0.025066;;;;;;;;;;;;;;
251;Primary auditory area, layer 2/3;855453;855452.636719;um2;1992;81747;81747;um2;0.095560;;;;;;;;;;;;;;
816;Primary auditory area, layer 4;400413;400412.541534;um2;1299;53495;53495;um2;0.133600;;;;;;;;;;;;;;
847;Primary auditory area, layer 5;1179471;1179471.168427;um2;2794;108604;108604;um2;0.092079;;;;;;;;;;;;;;
954;Primary auditory area, layer 6a;503711;503711.434509;um2;1274;45869;45869;um2;0.091062;;;;;;;;;;;;;;
1005;Primary auditory area, layer 6b;84060;84059.971527;um2;90;1958;1958;um2;0.023293;;;;;;;;;;;;;;
1027;Posterior auditory area;0;0;um2;0;0;0;um2;0;;;;;;;;;;;;;;
696;Posterior auditory area, layer 1;199333;199332.587738;um2;108;3167;3167;um2;0.015888;;;;;;;;;;;;;;
643;Posterior auditory area, layer 2/3;257969;257969.341309;um2;555;16506;16506;um2;0.063984;;;;;;;;;;;;;;
759;Posterior auditory area, layer 4;122745;122745.080536;um2;344;12915;12915;um2;0.105218;;;;;;;;;;;;;;
791;Posterior auditory area, layer 5;303773;303773.322357;um2;670;22893;22893;um2;0.075362;;;;;;;;;;;;;;
249;Posterior auditory area, layer 6a;117858;117858.251007;um2;326;11527;11527;um2;0.097804;;;;;;;;;;;;;;
456;Posterior auditory area, layer 6b;24453;24452.726929;um2;26;624;624;um2;0.025519;;;;;;;;;;;;;;
1018;Ventral auditory area;0;0;um2;0;0;0;um2;0;;;;;;;;;;;;;;
959;Ventral auditory area, layer 1;677930;677930.126526;um2;452;17068;17068;um2;0.025177;;;;;;;;;;;;;;
755;Ventral auditory area, layer 2/3;847949;847948.644135;um2;1595;72496;72496;um2;0.085496;;;;;;;;;;;;;;
990;Ventral auditory area, layer 4;404031;404031.498596;um2;997;45532;45532;um2;0.112694;;;;;;;;;;;;;;
1023;Ventral auditory area, layer 5;1130877;1130876.528961;um2;2144;101878;101878;um2;0.090088;;;;;;;;;;;;;;
520;Ventral auditory area, layer 6a;486345;486345.334015;um2;994;48497;48497;um2;0.099717;;;;;;;;;;;;;;
598;Ventral auditory area, layer 6b;75343;75343.036957;um2;87;3691;3691;um2;0.048989;;;;;;;;;;;;;;
669;Visual areas;0;0;um2;0;0;0;um2;0;;;;;;;;;;;;;;
801;Visual areas, layer 1;0;0;um2;0;0;0;um2;0;;;;;;;;;;;;;;
561;Visual areas, layer 2/3;0;0;um2;0;0;0;um2;0;;;;;;;;;;;;;;
913;Visual areas, layer 4;0;0;um2;0;0;0;um2;0;;;;;;;;;;;;;;
937;Visual areas, layer 5;0;0;um2;0;0;0;um2;0;;;;;;;;;;;;;;
457;Visual areas, layer 6a;0;0;um2;0;0;0;um2;0;;;;;;;;;;;;;;
497;Visual areas, layer 6b;0;0;um2;0;0;0;um2;0;;;;;;;;;;;;;;
402;Anterolateral visual area;0;0;um2;0;0;0;um2;0;;;;;;;;;;;;;;
1074;Anterolateral visual area, layer 1;219763;219762.527496;um2;121;3930;3930;um2;0.017883;;;;;;;;;;;;;;
905;Anterolateral visual area, layer 2/3;358476;358476.446930;um2;832;28565;28565;um2;0.079684;;;;;;;;;;;;;;
1114;Anterolateral visual area, layer 4;183091;183090.941498;um2;635;26751;26751;um2;0.146108;;;;;;;;;;;;;;
233;Anterolateral visual area, layer 5;358132;358131.929291;um2;934;34533;34533;um2;0.096425;;;;;;;;;;;;;;
601;Anterolateral visual area, layer 6a;216641;216640.525848;um2;612;20510;20510;um2;0.094673;;;;;;;;;;;;;;
649;Anterolateral visual area, layer 6b;46229;46228.784973;um2;48;1184;1184;um2;0.025612;;;;;;;;;;;;;;
394;Anteromedial visual area;0;0;um2;0;0;0;um2;0;;;;;;;;;;;;;;
281;Anteromedial visual area, layer 1;298858;298857.812927;um2;68;2970;2970;um2;0.009938;;;;;;;;;;;;;;
1066;Anteromedial visual area, layer 2/3;401738;401737.686554;um2;1009;53481;53481;um2;0.133124;;;;;;;;;;;;;;
401;Anteromedial visual area, layer 4;117596;117595.911438;um2;378;20388;20388;um2;0.173373;;;;;;;;;;;;;;
433;Anteromedial visual area, layer 5;468188;468188.130615;um2;1324;75899;75899;um2;0.162112;;;;;;;;;;;;;;
1046;Anteromedial visual area, layer 6a;231563;231563.252228;um2;515;22728;22728;um2;0.098150;;;;;;;;;;;;;;
441;Anteromedial visual area, layer 6b;46405;46404.849243;um2;10;238;238;um2;0.005129;;;;;;;;;;;;;;
409;Lateral visual area;0;0;um2;0;0;0;um2;0;;;;;;;;;;;;;;
421;Lateral visual area, layer 1;246624;246624.078522;um2;61;2742;2742;um2;0.011118;;;;;;;;;;;;;;
973;Lateral visual area, layer 2/3;390742;390742.424255;um2;634;24249;24249;um2;0.062059;;;;;;;;;;;;;;
573;Lateral visual area, layer 4;239609;239609.272156;um2;658;25147;25147;um2;0.104950;;;;;;;;;;;;;;
613;Lateral visual area, layer 5;454497;454497.087250;um2;1074;51871;51871;um2;0.114128;;;;;;;;;;;;;;
74;Lateral visual area, layer 6a;329182;329181.925995;um2;811;40466;40466;um2;0.122929;;;;;;;;;;;;;;
121;Lateral visual area, layer 6b;59807;59806.669800;um2;65;3473;3473;um2;0.058070;;;;;;;;;;;;;;
385;Primary visual area;0;0;um2;0;0;0;um2;0;;;;;;;;;;;;;;
593;Primary visual area, layer 1;1712845;1712845.006958;um2;776;32906;32906;um2;0.019211;;;;;;;;;;;;;;
821;Primary visual area, layer 2/3;3084507;3084506.865875;um2;6347;295732;295732;um2;0.095877;;;;;;;;;;;;;;
721;Primary visual area, layer 4;1594850;1594849.532440;um2;4184;197246;197246;um2;0.123677;;;;;;;;;;;;;;
778;Primary visual area, layer 5;2611306;2611305.515076;um2;5987;273336;273336;um2;0.104674;;;;;;;;;;;;;;
33;Primary visual area, layer 6a;1804539;1804538.737183;um2;4291;187641;187641;um2;0.103983;;;;;;;;;;;;;;
305;Primary visual area, layer 6b;302041;302041.147827;um2;320;13797;13797;um2;0.045679;;;;;;;;;;;;;;
425;Posterolateral visual area;0;0;um2;0;0;0;um2;0;;;;;;;;;;;;;;
750;Posterolateral visual area, layer 1;0;0;um2;0;0;0;um2;0;;;;;;;;;;;;;;
269;Posterolateral visual area, layer 2/3;0;0;um2;0;0;0;um2;0;;;;;;;;;;;;;;
869;Posterolateral visual area, layer 4;0;0;um2;0;0;0;um2;0;;;;;;;;;;;;;;
902;Posterolateral visual area, layer 5;0;0;um2;0;0;0;um2;0;;;;;;;;;;;;;;
377;Posterolateral visual area, layer 6a;0;0;um2;0;0;0;um2;0;;;;;;;;;;;;;;
393;Posterolateral visual area, layer 6b;0;0;um2;0;0;0;um2;0;;;;;;;;;;;;;;
533;posteromedial visual area;0;0;um2;0;0;0;um2;0;;;;;;;;;;;;;;
805;posteromedial visual area, layer 1;441819;441819.109802;um2;85;3795;3795;um2;0.008589;;;;;;;;;;;;;;
41;posteromedial visual area, layer 2/3;659400;659400.412903;um2;1400;81477;81477;um2;0.123562;;;;;;;;;;;;;;
501;posteromedial visual area, layer 4;217802;217802.390564;um2;731;41207;41207;um2;0.189194;;;;;;;;;;;;;;
565;posteromedial visual area, layer 5;621646;621645.656097;um2;1653;89127;89127;um2;0.143373;;;;;;;;;;;;;;
257;posteromedial visual area, layer 6a;322333;322332.915619;um2;907;44950;44950;um2;0.139452;;;;;;;;;;;;;;
469;posteromedial visual area, layer 6b;61598;61597.762115;um2;107;4073;4073;um2;0.066123;;;;;;;;;;;;;;
312782574;Laterointermediate area;0;0;um2;0;0;0;um2;0;;;;;;;;;;;;;;
312782578;Laterointermediate area, layer 1;110164;110164.265167;um2;14;306;306;um2;0.002778;;;;;;;;;;;;;;
312782582;Laterointermediate area, layer 2/3;172836;172836.344360;um2;297;12920;12920;um2;0.074753;;;;;;;;;;;;;;
312782586;Laterointermediate area, layer 4;81296;81295.607941;um2;227;9891;9891;um2;0.121667;;;;;;;;;;;;;;
312782590;Laterointermediate area, layer 5;235595;235594.816803;um2;604;31372;31372;um2;0.133161;;;;;;;;;;;;;;
312782594;Laterointermediate area, layer 6a;140828;140827.825073;um2;356;18526;18526;um2;0.131551;;;;;;;;;;;;;;
312782598;Laterointermediate area, layer 6b;28233;28232.673248;um2;18;816;816;um2;0.028903;;;;;;;;;;;;;;
312782628;Postrhinal area;0;0;um2;0;0;0;um2;0;;;;;;;;;;;;;;
312782632;Postrhinal area, layer 1;26291;26291.443359;um2;0;0;0;um2;0;;;;;;;;;;;;;;
312782636;Postrhinal area, layer 2/3;56234;56234.476074;um2;30;1443;1443;um2;0.025660;;;;;;;;;;;;;;
312782640;Postrhinal area, layer 4;30673;30673.350586;um2;42;2301;2301;um2;0.075016;;;;;;;;;;;;;;
312782644;Postrhinal area, layer 5;169796;169796.341766;um2;276;14125;14125;um2;0.083188;;;;;;;;;;;;;;
312782648;Postrhinal area, layer 6a;200807;200806.655396;um2;448;29612;29612;um2;0.147465;;;;;;;;;;;;;;
312782652;Postrhinal area, layer 6b;53298;53297.825012;um2;83;5435;5435;um2;0.101974;;;;;;;;;;;;;;
31;Anterior cingulate area;0;0;um2;0;0;0;um2;0;;;;;;;;;;;;;;
572;Anterior cingulate area, layer 1;0;0;um2;0;0;0;um2;0;;;;;;;;;;;;;;
1053;Anterior cingulate area, layer 2/3;0;0;um2;0;0;0;um2;0;;;;;;;;;;;;;;
739;Anterior cingulate area, layer 5;0;0;um2;0;0;0;um2;0;;;;;;;;;;;;;;
179;Anterior cingulate area, layer 6a;0;0;um2;0;0;0;um2;0;;;;;;;;;;;;;;
227;Anterior cingulate area, layer 6b;0;0;um2;0;0;0;um2;0;;;;;;;;;;;;;;
39;Anterior cingulate area, dorsal part;0;0;um2;0;0;0;um2;0;;;;;;;;;;;;;;
935;Anterior cingulate area, dorsal part, layer 1;2720866;2720865.619537;um2;705;30564;30564;um2;0.011233;;;;;;;;;;;;;;
211;Anterior cingulate area, dorsal part, layer 2/3;2781488;2781488.425781;um2;4505;228778;228778;um2;0.082250;;;;;;;;;;;;;;
1015;Anterior cingulate area, dorsal part, layer 5;5503958;5503957.667603;um2;8748;496761;496761;um2;0.090255;;;;;;;;;;;;;;
919;Anterior cingulate area, dorsal part, layer 6a;3176279;3176278.851410;um2;4929;259350;259350;um2;0.081652;;;;;;;;;;;;;;
927;Anterior cingulate area, dorsal part, layer 6b;103676;103675.679565;um2;86;3312;3312;um2;0.031946;;;;;;;;;;;;;;
48;Anterior cingulate area, ventral part;0;0;um2;0;0;0;um2;0;;;;;;;;;;;;;;
588;Anterior cingulate area, ventral part, layer 1;2095619;2095618.757782;um2;837;40287;40287;um2;0.019224;;;;;;;;;;;;;;
296;Anterior cingulate area, ventral part, layer 2/3;2238715;2238714.997437;um2;3654;199875;199875;um2;0.089281;;;;;;;;;;;;;;
772;Anterior cingulate area, ventral part, layer 5;4371675;4371675.475922;um2;7184;403132;403132;um2;0.092215;;;;;;;;;;;;;;
810;Anterior cingulate area, ventral part, 6a;1460099;1460098.775787;um2;2007;100453;100453;um2;0.068799;;;;;;;;;;;;;;
819;Anterior cingulate area, ventral part, 6b;244546;244546.306671;um2;87;2984;2984;um2;0.012202;;;;;;;;;;;;;;
972;Prelimbic area;0;0;um2;0;0;0;um2;0;;;;;;;;;;;;;;
171;Prelimbic area, layer 1;4131504;4131503.889374;um2;884;40215;40215;um2;0.009734;;;;;;;;;;;;;;
195;Prelimbic area, layer 2;0;0;um2;0;0;0;um2;0;;;;;;;;;;;;;;
304;Prelimbic area, layer 2/3;3558034;3558034.428833;um2;2720;149946;149946;um2;0.042143;;;;;;;;;;;;;;
363;Prelimbic area, layer 5;6472672;6472671.695618;um2;6695;410525;410525;um2;0.063424;;;;;;;;;;;;;;
84;Prelimbic area, layer 6a;2332392;2332391.818542;um2;3175;192018;192018;um2;0.082327;;;;;;;;;;;;;;
132;Prelimbic area, layer 6b;126606;126605.586487;um2;48;2402;2402;um2;0.018972;;;;;;;;;;;;;;
44;Infralimbic area;0;0;um2;0;0;0;um2;0;;;;;;;;;;;;;;
707;Infralimbic area, layer 1;846099;846099.183807;um2;203;10768;10768;um2;0.012727;;;;;;;;;;;;;;
747;Infralimbic area, layer 2;0;0;um2;0;0;0;um2;0;;;;;;;;;;;;;;
556;Infralimbic area, layer 2/3;767732;767731.711365;um2;604;39669;39669;um2;0.051670;;;;;;;;;;;;;;
827;Infralimbic area, layer 5;1816209;1816208.718353;um2;2228;160624;160624;um2;0.088439;;;;;;;;;;;;;;
1054;Infralimbic area, layer 6a;1132475;1132475.418732;um2;1597;113423;113423;um2;0.100155;;;;;;;;;;;;;;
1081;Infralimbic area, layer 6b;54829;54828.686462;um2;37;2392;2392;um2;0.043627;;;;;;;;;;;;;;
714;Orbital area;0;0;um2;0;0;0;um2;0;;;;;;;;;;;;;;
264;Orbital area, layer 1;0;0;um2;0;0;0;um2;0;;;;;;;;;;;;;;
492;Orbital area, layer 2/3;0;0;um2;0;0;0;um2;0;;;;;;;;;;;;;;
352;Orbital area, layer 5;0;0;um2;0;0;0;um2;0;;;;;;;;;;;;;;
476;Orbital area, layer 6a;0;0;um2;0;0;0;um2;0;;;;;;;;;;;;;;
516;Orbital area, layer 6b;0;0;um2;0;0;0;um2;0;;;;;;;;;;;;;;
723;Orbital area, lateral part;0;0;um2;0;0;0;um2;0;;;;;;;;;;;;;;
448;Orbital area, lateral part, layer 1;2899520;2899520.266235;um2;404;16978;16978;um2;0.005855;;;;;;;;;;;;;;
412;Orbital area, lateral part, layer 2/3;4806062;4806061.793091;um2;2706;159727;159727;um2;0.033234;;;;;;;;;;;;;;
630;Orbital area, lateral part, layer 5;7567757;7567756.536102;um2;9039;522145;522145;um2;0.068996;;;;;;;;;;;;;;
440;Orbital area, lateral part, layer 6a;2211728;2211728.120789;um2;3090;171824;171824;um2;0.077688;;;;;;;;;;;;;;
488;Orbital area, lateral part, layer 6b;369985;369985.208496;um2;309;17221;17221;um2;0.046545;;;;;;;;;;;;;;
731;Orbital area, medial part;0;0;um2;0;0;0;um2;0;;;;;;;;;;;;;;
484;Orbital area, medial part, layer 1;3843300;3843299.844116;um2;613;34795;34795;um2;0.009053;;;;;;;;;;;;;;
524;Orbital area, medial part, layer 2;0;0;um2;0;0;0;um2;0;;;;;;;;;;;;;;
582;Orbital area, medial part, layer 2/3;3030337;3030336.784668;um2;1176;77199;77199;um2;0.025475;;;;;;;;;;;;;;
620;Orbital area, medial part, layer 5;3208232;3208232.127014;um2;2846;181757;181757;um2;0.056653;;;;;;;;;;;;;;
910;Orbital area, medial part, layer 6a;938597;938597.477112;um2;1358;83865;83865;um2;0.089351;;;;;;;;;;;;;;
527696977;Orbital area, medial part, layer 6b;22433;22433.030640;um2;13;742;742;um2;0.033076;;;;;;;;;;;;;;
738;Orbital area, ventral part;0;0;um2;0;0;0;um2;0;;;;;;;;;;;;;;
746;Orbital area, ventrolateral part;0;0;um2;0;0;0;um2;0;;;;;;;;;;;;;;
969;Orbital area, ventrolateral part, layer 1;4105099;4105098.777039;um2;665;34358;34358;um2;0.008370;;;;;;;;;;;;;;
288;Orbital area, ventrolateral part, layer 2/3;4969153;4969153.303040;um2;2524;176585;176585;um2;0.035536;;;;;;;;;;;;;;
1125;Orbital area, ventrolateral part, layer 5;4761556;4761556.230225;um2;4986;297001;297001;um2;0.062375;;;;;;;;;;;;;;
608;Orbital area, ventrolateral part, layer 6a;1090512;1090511.592163;um2;1764;99506;99506;um2;0.091247;;;;;;;;;;;;;;
680;Orbital area, ventrolateral part, layer 6b;53013;53012.910461;um2;41;2870;2870;um2;0.054138;;;;;;;;;;;;;;
95;Agranular insular area;0;0;um2;0;0;0;um2;0;;;;;;;;;;;;;;
104;Agranular insular area, dorsal part;0;0;um2;0;0;0;um2;0;;;;;;;;;;;;;;
996;Agranular insular area, dorsal part, layer 1;2975401;2975401.015625;um2;226;8262;8262;um2;0.002777;;;;;;;;;;;;;;
328;Agranular insular area, dorsal part, layer 2/3;5927296;5927296.453613;um2;2565;115991;115991;um2;0.019569;;;;;;;;;;;;;;
1101;Agranular insular area, dorsal part, layer 5;7814079;7814079.099670;um2;5797;284602;284602;um2;0.036422;;;;;;;;;;;;;;
783;Agranular insular area, dorsal part, layer 6a;3665439;3665438.766022;um2;3205;154071;154071;um2;0.042033;;;;;;;;;;;;;;
831;Agranular insular area, dorsal part, layer 6b;251556;251556.115479;um2;41;1660;1660;um2;0.006599;;;;;;;;;;;;;;
111;Agranular insular area, posterior part;0;0;um2;0;0;0;um2;0;;;;;;;;;;;;;;
120;Agranular insular area, posterior part, layer 1;1842868;1842867.977325;um2;159;4620;4620;um2;0.002507;;;;;;;;;;;;;;
163;Agranular insular area, posterior part, layer 2/3;3397811;3397811.486786;um2;2401;97101;97101;um2;0.028578;;;;;;;;;;;;;;
344;Agranular insular area, posterior part, layer 5;3049806;3049806.058685;um2;2871;130621;130621;um2;0.042829;;;;;;;;;;;;;;
314;Agranular insular area, posterior part, layer 6a;1624543;1624542.519501;um2;2077;104072;104072;um2;0.064062;;;;;;;;;;;;;;
355;Agranular insular area, posterior part, layer 6b;49850;49850.183929;um2;61;2196;2196;um2;0.044052;;;;;;;;;;;;;;
119;Agranular insular area, ventral part;0;0;um2;0;0;0;um2;0;;;;;;;;;;;;;;
704;Agranular insular area, ventral part, layer 1;1263073;1263072.902161;um2;226;9466;9466;um2;0.007494;;;;;;;;;;;;;;
694;Agranular insular area, ventral part, layer 2/3;2925612;2925611.838013;um2;2871;137509;137509;um2;0.047002;;;;;;;;;;;;;;
800;Agranular insular area, ventral part, layer 5;3490560;3490559.629486;um2;4558;245929;245929;um2;0.070455;;;;;;;;;;;;;;
675;Agranular insular area, ventral part, layer 6a;907770;907770.002930;um2;1257;74191;74191;um2;0.081729;;;;;;;;;;;;;;
699;Agranular insular area, ventral part, layer 6b;24338;24337.525909;um2;5;165;165;um2;0.006780;;;;;;;;;;;;;;
254;Retrosplenial area;0;0;um2;0;0;0;um2;0;;;;;;;;;;;;;;
894;Retrosplenial area, lateral agranular part;0;0;um2;0;0;0;um2;0;;;;;;;;;;;;;;
671;Retrosplenial area, lateral agranular part, layer 1;898004;898003.703400;um2;292;10639;10639;um2;0.011847;;;;;;;;;;;;;;
965;Retrosplenial area, lateral agranular part, layer 2/3;1307931;1307930.599396;um2;2383;113643;113643;um2;0.086888;;;;;;;;;;;;;;
774;Retrosplenial area, lateral agranular part, layer 5;1608489;1608488.766785;um2;2864;144149;144149;um2;0.089618;;;;;;;;;;;;;;
906;Retrosplenial area, lateral agranular part, layer 6a;910369;910368.764160;um2;1673;73056;73056;um2;0.080249;;;;;;;;;;;;;;
279;Retrosplenial area, lateral agranular part, layer 6b;87353;87353.450226;um2;85;2831;2831;um2;0.032409;;;;;;;;;;;;;;
480149258;Mediomedial anterior visual area;0;0;um2;0;0;0;um2;0;;;;;;;;;;;;;;
480149262;Mediomedial anterior visual area, layer 1;0;0;um2;0;0;0;um2;0;;;;;;;;;;;;;;
480149266;Mediomedial anterior visual area, layer 2/3;0;0;um2;0;0;0;um2;0;;;;;;;;;;;;;;
480149270;Mediomedial anterior visual area, layer 4;0;0;um2;0;0;0;um2;0;;;;;;;;;;;;;;
480149274;Mediomedial anterior visual area,layer 5;0;0;um2;0;0;0;um2;0;;;;;;;;;;;;;;
480149278;Mediomedial anterior visual area, layer 6a;0;0;um2;0;0;0;um2;0;;;;;;;;;;;;;;
480149282;Mediomedial anterior visual area, layer 6b;0;0;um2;0;0;0;um2;0;;;;;;;;;;;;;;
480149286;Mediomedial posterior visual area;0;0;um2;0;0;0;um2;0;;;;;;;;;;;;;;
480149290;Mediomedial posterior visual area, layer 1;0;0;um2;0;0;0;um2;0;;;;;;;;;;;;;;
480149294;Mediomedial posterior visual area, layer 2/3;0;0;um2;0;0;0;um2;0;;;;;;;;;;;;;;
480149298;Mediomedial posterior visual area, layer 4;0;0;um2;0;0;0;um2;0;;;;;;;;;;;;;;
480149302;Mediomedial posterior visual area,layer 5;0;0;um2;0;0;0;um2;0;;;;;;;;;;;;;;
480149306;Mediomedial posterior visual area, layer 6a;0;0;um2;0;0;0;um2;0;;;;;;;;;;;;;;
480149310;Mediomedial posterior visual area, layer 6b;0;0;um2;0;0;0;um2;0;;;;;;;;;;;;;;
480149314;Medial visual area;0;0;um2;0;0;0;um2;0;;;;;;;;;;;;;;
480149318;Medial visual area, layer 1;0;0;um2;0;0;0;um2;0;;;;;;;;;;;;;;
480149322;Medial visual area, layer 2/3;0;0;um2;0;0;0;um2;0;;;;;;;;;;;;;;
480149326;Medial visual area, layer 4;0;0;um2;0;0;0;um2;0;;;;;;;;;;;;;;
480149330;Medial visual area,layer 5;0;0;um2;0;0;0;um2;0;;;;;;;;;;;;;;
480149334;Medial visual area, layer 6a;0;0;um2;0;0;0;um2;0;;;;;;;;;;;;;;
480149338;Medial visual area, layer 6b;0;0;um2;0;0;0;um2;0;;;;;;;;;;;;;;
879;Retrosplenial area, dorsal part;0;0;um2;0;0;0;um2;0;;;;;;;;;;;;;;
442;Retrosplenial area, dorsal part, layer 1;1629579;1629579.280548;um2;542;17338;17338;um2;0.010640;;;;;;;;;;;;;;
434;Retrosplenial area, dorsal part, layer 2/3;1989650;1989650.473328;um2;2336;74562;74562;um2;0.037475;;;;;;;;;;;;;;
545;Retrosplenial area, dorsal part, layer 4;0;0;um2;0;0;0;um2;0;;;;;;;;;;;;;;
610;Retrosplenial area, dorsal part, layer 5;2650879;2650878.567139;um2;2373;82564;82564;um2;0.031146;;;;;;;;;;;;;;
274;Retrosplenial area, dorsal part, layer 6a;1864677;1864676.888306;um2;2545;85227;85227;um2;0.045706;;;;;;;;;;;;;;
330;Retrosplenial area, dorsal part, layer 6b;76758;76757.851196;um2;52;1024;1024;um2;0.013341;;;;;;;;;;;;;;
886;Retrosplenial area, ventral part;0;0;um2;0;0;0;um2;0;;;;;;;;;;;;;;
542;Retrosplenial area, ventral part, layer 1;2278027;2278026.851227;um2;314;8659;8659;um2;0.003801;;;;;;;;;;;;;;
606;Retrosplenial area, ventral part, layer 2;0;0;um2;0;0;0;um2;0;;;;;;;;;;;;;;
430;Retrosplenial area, ventral part, layer 2/3;2485068;2485067.532257;um2;2086;60766;60766;um2;0.024452;;;;;;;;;;;;;;
687;Retrosplenial area, ventral part, layer 5;4076539;4076539.154694;um2;5825;214169;214169;um2;0.052537;;;;;;;;;;;;;;
590;Retrosplenial area, ventral part, layer 6a;1634278;1634277.713959;um2;2192;76253;76253;um2;0.046659;;;;;;;;;;;;;;
622;Retrosplenial area, ventral part, layer 6b;120075;120074.723694;um2;56;994;994;um2;0.008278;;;;;;;;;;;;;;
22;Posterior parietal association areas;0;0;um2;0;0;0;um2;0;;;;;;;;;;;;;;
532;Posterior parietal association areas, layer 1;0;0;um2;0;0;0;um2;0;;;;;;;;;;;;;;
241;Posterior parietal association areas, layer 2/3;0;0;um2;0;0;0;um2;0;;;;;;;;;;;;;;
635;Posterior parietal association areas, layer 4;0;0;um2;0;0;0;um2;0;;;;;;;;;;;;;;
683;Posterior parietal association areas, layer 5;0;0;um2;0;0;0;um2;0;;;;;;;;;;;;;;
308;Posterior parietal association areas, layer 6a;0;0;um2;0;0;0;um2;0;;;;;;;;;;;;;;
340;Posterior parietal association areas, layer 6b;0;0;um2;0;0;0;um2;0;;;;;;;;;;;;;;
312782546;Anterior area;0;0;um2;0;0;0;um2;0;;;;;;;;;;;;;;
312782550;Anterior area, layer 1;656706;656705.949066;um2;227;10487;10487;um2;0.015969;;;;;;;;;;;;;;
312782554;Anterior area, layer 2/3;1014240;1014239.755920;um2;2372;103124;103124;um2;0.101676;;;;;;;;;;;;;;
312782558;Anterior area, layer 4;363463;363463.008179;um2;1193;58986;58986;um2;0.162289;;;;;;;;;;;;;;
312782562;Anterior area, layer 5;792436;792435.894531;um2;1945;88904;88904;um2;0.112191;;;;;;;;;;;;;;
312782566;Anterior area, layer 6a;456926;456925.780212;um2;936;35650;35650;um2;0.078021;;;;;;;;;;;;;;
312782570;Anterior area, layer 6b;80335;80334.914032;um2;18;307;307;um2;0.003822;;;;;;;;;;;;;;
417;Rostrolateral visual area;0;0;um2;0;0;0;um2;0;;;;;;;;;;;;;;
312782604;Rostrolateral area, layer 1;370209;370208.650330;um2;164;7219;7219;um2;0.019500;;;;;;;;;;;;;;
312782608;Rostrolateral area, layer 2/3;513438;513438.322113;um2;1464;62546;62546;um2;0.121818;;;;;;;;;;;;;;
312782612;Rostrolateral area, layer 4;272036;272036.221252;um2;973;44366;44366;um2;0.163089;;;;;;;;;;;;;;
312782616;Rostrolateral area, layer 5;451791;451790.802490;um2;1209;49830;49830;um2;0.110294;;;;;;;;;;;;;;
312782620;Rostrolateral area, layer 6a;264983;264983.220551;um2;708;29541;29541;um2;0.111483;;;;;;;;;;;;;;
312782624;Rostrolateral area, layer 6b;50851;50850.712494;um2;44;1173;1173;um2;0.023068;;;;;;;;;;;;;;
541;Temporal association areas;0;0;um2;0;0;0;um2;0;;;;;;;;;;;;;;
97;Temporal association areas, layer 1;1025918;1025918.482605;um2;270;11267;11267;um2;0.010982;;;;;;;;;;;;;;
1127;Temporal association areas, layer 2/3;1333468;1333468.108734;um2;1444;60670;60670;um2;0.045498;;;;;;;;;;;;;;
234;Temporal association areas, layer 4;583474;583473.548492;um2;1093;46199;46199;um2;0.079179;;;;;;;;;;;;;;
289;Temporal association areas, layer 5;1804164;1804164.302032;um2;2995;155768;155768;um2;0.086338;;;;;;;;;;;;;;
729;Temporal association areas, layer 6a;985082;985082.270447;um2;1809;101088;101088;um2;0.102619;;;;;;;;;;;;;;
786;Temporal association areas, layer 6b;171037;171037.190155;um2;161;7882;7882;um2;0.046084;;;;;;;;;;;;;;
922;Perirhinal area;0;0;um2;0;0;0;um2;0;;;;;;;;;;;;;;
540;Perirhinal area, layer 1;413143;413143.172119;um2;71;2094;2094;um2;0.005068;;;;;;;;;;;;;;
888;Perirhinal area, layer 2/3;601089;601088.924500;um2;681;32059;32059;um2;0.053335;;;;;;;;;;;;;;
692;Perirhinal area, layer 5;287308;287308.293274;um2;412;22531;22531;um2;0.078421;;;;;;;;;;;;;;
335;Perirhinal area, layer 6a;90712;90712.397858;um2;146;7923;7923;um2;0.087342;;;;;;;;;;;;;;
368;Perirhinal area, layer 6b;23402;23402.350525;um2;23;1220;1220;um2;0.052132;;;;;;;;;;;;;;
895;Ectorhinal area;0;0;um2;0;0;0;um2;0;;;;;;;;;;;;;;
836;Ectorhinal area/Layer 1;536626;536625.651062;um2;97;3415;3415;um2;0.006364;;;;;;;;;;;;;;
427;Ectorhinal area/Layer 2/3;924513;924513.108246;um2;1003;38462;38462;um2;0.041602;;;;;;;;;;;;;;
988;Ectorhinal area/Layer 5;1008841;1008841.181641;um2;1584;81308;81308;um2;0.080595;;;;;;;;;;;;;;
977;Ectorhinal area/Layer 6a;718645;718644.754822;um2;1257;79341;79341;um2;0.110404;;;;;;;;;;;;;;
1045;Ectorhinal area/Layer 6b;105159;105158.981140;um2;112;6066;6066;um2;0.057684;;;;;;;;;;;;;;
698;Olfactory areas;15164246;15164245.930817;um2;10797;654848;654848;um2;0.043184;;;;;;;;;;;;;;
507;Main olfactory bulb;18697897;18697896.829224;um2;17594;1667860;1667860;um2;0.089200;;;;;;;;;;;;;;
212;Main olfactory bulb, glomerular layer;0;0;um2;0;0;0;um2;0;;;;;;;;;;;;;;
220;Main olfactory bulb, granule layer;0;0;um2;0;0;0;um2;0;;;;;;;;;;;;;;
228;Main olfactory bulb, inner plexiform layer;0;0;um2;0;0;0;um2;0;;;;;;;;;;;;;;
236;Main olfactory bulb, mitral layer;0;0;um2;0;0;0;um2;0;;;;;;;;;;;;;;
244;Main olfactory bulb, outer plexiform layer;0;0;um2;0;0;0;um2;0;;;;;;;;;;;;;;
151;Accessory olfactory bulb;0;0;um2;0;0;0;um2;0;;;;;;;;;;;;;;
188;Accessory olfactory bulb, glomerular layer;678910;678909.650879;um2;232;8396;8396;um2;0.012367;;;;;;;;;;;;;;
196;Accessory olfactory bulb, granular layer;0;0;um2;0;0;0;um2;0;;;;;;;;;;;;;;
204;Accessory olfactory bulb, mitral layer;413336;413336.169800;um2;194;10902;10902;um2;0.026376;;;;;;;;;;;;;;
159;Anterior olfactory nucleus;33652103;33652103.087402;um2;26082;1865064;1865064;um2;0.055422;;;;;;;;;;;;;;
167;Anterior olfactory nucleus, dorsal part;0;0;um2;0;0;0;um2;0;;;;;;;;;;;;;;
175;Anterior olfactory nucleus, external part;0;0;um2;0;0;0;um2;0;;;;;;;;;;;;;;
183;Anterior olfactory nucleus, lateral part;0;0;um2;0;0;0;um2;0;;;;;;;;;;;;;;
191;Anterior olfactory nucleus, medial part;0;0;um2;0;0;0;um2;0;;;;;;;;;;;;;;
199;Anterior olfactory nucleus, posteroventral part;0;0;um2;0;0;0;um2;0;;;;;;;;;;;;;;
160;Anterior olfactory nucleus, layer 1;0;0;um2;0;0;0;um2;0;;;;;;;;;;;;;;
168;Anterior olfactory nucleus, layer 2;0;0;um2;0;0;0;um2;0;;;;;;;;;;;;;;
589;Taenia tecta;0;0;um2;0;0;0;um2;0;;;;;;;;;;;;;;
597;Taenia tecta, dorsal part;4314752;4314752.150848;um2;3554;241314;241314;um2;0.055928;;;;;;;;;;;;;;
297;Taenia tecta, dorsal part, layers 1-4;0;0;um2;0;0;0;um2;0;;;;;;;;;;;;;;
1034;Taenia tecta, dorsal part, layer 1;0;0;um2;0;0;0;um2;0;;;;;;;;;;;;;;
1042;Taenia tecta, dorsal part, layer 2;0;0;um2;0;0;0;um2;0;;;;;;;;;;;;;;
1050;Taenia tecta, dorsal part, layer 3;0;0;um2;0;0;0;um2;0;;;;;;;;;;;;;;
1059;Taenia tecta, dorsal part, layer 4;0;0;um2;0;0;0;um2;0;;;;;;;;;;;;;;
605;Taenia tecta, ventral part;4344639;4344639.351746;um2;1397;75485;75485;um2;0.017374;;;;;;;;;;;;;;
306;Taenia tecta, ventral part, layers 1-3;0;0;um2;0;0;0;um2;0;;;;;;;;;;;;;;
1067;Taenia tecta, ventral part, layer 1;0;0;um2;0;0;0;um2;0;;;;;;;;;;;;;;
1075;Taenia tecta, ventral part, layer 2;0;0;um2;0;0;0;um2;0;;;;;;;;;;;;;;
1082;Taenia tecta, ventral part, layer 3;0;0;um2;0;0;0;um2;0;;;;;;;;;;;;;;
814;Dorsal peduncular area;3277892;3277891.682953;um2;3650;242343;242343;um2;0.073933;;;;;;;;;;;;;;
496;Dorsal peduncular area, layer 1;0;0;um2;0;0;0;um2;0;;;;;;;;;;;;;;
535;Dorsal peduncular area, layer 2;0;0;um2;0;0;0;um2;0;;;;;;;;;;;;;;
360;Dorsal peduncular area, layer 2/3;0;0;um2;0;0;0;um2;0;;;;;;;;;;;;;;
646;Dorsal peduncular area, layer 5;0;0;um2;0;0;0;um2;0;;;;;;;;;;;;;;
267;Dorsal peduncular area, layer 6a;0;0;um2;0;0;0;um2;0;;;;;;;;;;;;;;
961;Piriform area;45968148;45968148.262909;um2;41450;2135799;2135799;um2;0.046463;;;;;;;;;;;;;;
152;Piriform area, layers 1-3;0;0;um2;0;0;0;um2;0;;;;;;;;;;;;;;
276;Piriform area, molecular layer;0;0;um2;0;0;0;um2;0;;;;;;;;;;;;;;
284;Piriform area, pyramidal layer;0;0;um2;0;0;0;um2;0;;;;;;;;;;;;;;
291;Piriform area, polymorph layer;0;0;um2;0;0;0;um2;0;;;;;;;;;;;;;;
619;Nucleus of the lateral olfactory tract;0;0;um2;0;0;0;um2;0;;;;;;;;;;;;;;
392;Nucleus of the lateral olfactory tract, layers 1-3;0;0;um2;0;0;0;um2;0;;;;;;;;;;;;;;
260;Nucleus of the lateral olfactory tract, molecular layer;496266;496265.745178;um2;159;7883;7883;um2;0.015885;;;;;;;;;;;;;;
268;Nucleus of the lateral olfactory tract, pyramidal layer;659133;659133.368103;um2;807;40394;40394;um2;0.061284;;;;;;;;;;;;;;
1139;Nucleus of the lateral olfactory tract, layer 3;239284;239284.182404;um2;287;15208;15208;um2;0.063556;;;;;;;;;;;;;;
631;Cortical amygdalar area;0;0;um2;0;0;0;um2;0;;;;;;;;;;;;;;
639;Cortical amygdalar area, anterior part;2585043;2585043.233795;um2;2509;130248;130248;um2;0.050385;;;;;;;;;;;;;;
192;Cortical amygdalar area, anterior part, layer 1;0;0;um2;0;0;0;um2;0;;;;;;;;;;;;;;
200;Cortical amygdalar area, anterior part, layer 2;0;0;um2;0;0;0;um2;0;;;;;;;;;;;;;;
208;Cortical amygdalar area, anterior part, layer 3;0;0;um2;0;0;0;um2;0;;;;;;;;;;;;;;
647;Cortical amygdalar area, posterior part;0;0;um2;0;0;0;um2;0;;;;;;;;;;;;;;
655;Cortical amygdalar area, posterior part, lateral zone;2576690;2576689.885193;um2;1094;45148;45148;um2;0.017522;;;;;;;;;;;;;;
584;Cortical amygdalar area, posterior part, lateral zone, layers 1-2;0;0;um2;0;0;0;um2;0;;;;;;;;;;;;;;
376;Cortical amygdalar area, posterior part, lateral zone, layers 1-3;0;0;um2;0;0;0;um2;0;;;;;;;;;;;;;;
216;Cortical amygdalar area, posterior part, lateral zone, layer 1;0;0;um2;0;0;0;um2;0;;;;;;;;;;;;;;
224;Cortical amygdalar area, posterior part, lateral zone, layer 2;0;0;um2;0;0;0;um2;0;;;;;;;;;;;;;;
232;Cortical amygdalar area, posterior part, lateral zone, layer 3;0;0;um2;0;0;0;um2;0;;;;;;;;;;;;;;
663;Cortical amygdalar area, posterior part, medial zone;3084836;3084835.793945;um2;1529;70083;70083;um2;0.022719;;;;;;;;;;;;;;
592;Cortical amygdalar area, posterior part, medial zone, layers 1-2;0;0;um2;0;0;0;um2;0;;;;;;;;;;;;;;
383;Cortical amygdalar area, posterior part, medial zone, layers 1-3;0;0;um2;0;0;0;um2;0;;;;;;;;;;;;;;
240;Cortical amygdalar area, posterior part, medial zone, layer 1;0;0;um2;0;0;0;um2;0;;;;;;;;;;;;;;
248;Cortical amygdalar area, posterior part, medial zone, layer 2;0;0;um2;0;0;0;um2;0;;;;;;;;;;;;;;
256;Cortical amygdalar area, posterior part, medial zone, layer 3;0;0;um2;0;0;0;um2;0;;;;;;;;;;;;;;
788;Piriform-amygdalar area;3266240;3266240.189514;um2;1842;88961;88961;um2;0.027237;;;;;;;;;;;;;;
400;Piriform-amygdalar area, layers 1-3;0;0;um2;0;0;0;um2;0;;;;;;;;;;;;;;
408;Piriform-amygdalar area, molecular layer;0;0;um2;0;0;0;um2;0;;;;;;;;;;;;;;
416;Piriform-amygdalar area, pyramidal layer;0;0;um2;0;0;0;um2;0;;;;;;;;;;;;;;
424;Piriform-amygdalar area, polymorph layer;0;0;um2;0;0;0;um2;0;;;;;;;;;;;;;;
566;Postpiriform transition area;2872345;2872345.167603;um2;1944;96129;96129;um2;0.033467;;;;;;;;;;;;;;
517;Postpiriform transition area, layers 1-3;0;0;um2;0;0;0;um2;0;;;;;;;;;;;;;;
1140;Postpiriform transition area, layers 1;0;0;um2;0;0;0;um2;0;;;;;;;;;;;;;;
1141;Postpiriform transition area, layers 2;0;0;um2;0;0;0;um2;0;;;;;;;;;;;;;;
1142;Postpiriform transition area, layers 3;0;0;um2;0;0;0;um2;0;;;;;;;;;;;;;;
1089;Hippocampal formation;436539;436538.633728;um2;143;4750;4750;um2;0.010881;;;;;;;;;;;;;;
1080;Hippocampal region;0;0;um2;0;0;0;um2;0;;;;;;;;;;;;;;
375;Ammon's horn;0;0;um2;0;0;0;um2;0;;;;;;;;;;;;;;
382;Field CA1;21535590;21535589.962280;um2;14282;741653;741653;um2;0.034438;;;;;;;;;;;;;;
391;Field CA1, stratum lacunosum-moleculare;0;0;um2;0;0;0;um2;0;;;;;;;;;;;;;;
399;Field CA1, stratum oriens;0;0;um2;0;0;0;um2;0;;;;;;;;;;;;;;
407;Field CA1, pyramidal layer;0;0;um2;0;0;0;um2;0;;;;;;;;;;;;;;
415;Field CA1, stratum radiatum;0;0;um2;0;0;0;um2;0;;;;;;;;;;;;;;
423;Field CA2;1167781;1167780.700409;um2;454;15735;15735;um2;0.013474;;;;;;;;;;;;;;
431;Field CA2, stratum lacunosum-moleculare;0;0;um2;0;0;0;um2;0;;;;;;;;;;;;;;
438;Field CA2, stratum oriens;0;0;um2;0;0;0;um2;0;;;;;;;;;;;;;;
446;Field CA2, pyramidal layer;0;0;um2;0;0;0;um2;0;;;;;;;;;;;;;;
454;Field CA2, stratum radiatum;0;0;um2;0;0;0;um2;0;;;;;;;;;;;;;;
463;Field CA3;15538082;15538081.982635;um2;7826;379675;379675;um2;0.024435;;;;;;;;;;;;;;
471;Field CA3, stratum lacunosum-moleculare;0;0;um2;0;0;0;um2;0;;;;;;;;;;;;;;
479;Field CA3, stratum lucidum;0;0;um2;0;0;0;um2;0;;;;;;;;;;;;;;
486;Field CA3, stratum oriens;0;0;um2;0;0;0;um2;0;;;;;;;;;;;;;;
495;Field CA3, pyramidal layer;0;0;um2;0;0;0;um2;0;;;;;;;;;;;;;;
504;Field CA3, stratum radiatum;0;0;um2;0;0;0;um2;0;;;;;;;;;;;;;;
726;Dentate gyrus;0;0;um2;0;0;0;um2;0;;;;;;;;;;;;;;
10703;Dentate gyrus, molecular layer;9733132;9733132.070190;um2;1768;61257;61257;um2;0.006294;;;;;;;;;;;;;;
10704;Dentate gyrus, polymorph layer;1404537;1404537.167847;um2;733;32169;32169;um2;0.022904;;;;;;;;;;;;;;
632;Dentate gyrus, granule cell layer;3773959;3773959.373047;um2;1396;69546;69546;um2;0.018428;;;;;;;;;;;;;;
10702;Dentate gyrus, subgranular zone;0;0;um2;0;0;0;um2;0;;;;;;;;;;;;;;
734;Dentate gyrus crest;0;0;um2;0;0;0;um2;0;;;;;;;;;;;;;;
742;Dentate gyrus crest, molecular layer;0;0;um2;0;0;0;um2;0;;;;;;;;;;;;;;
751;Dentate gyrus crest, polymorph layer;0;0;um2;0;0;0;um2;0;;;;;;;;;;;;;;
758;Dentate gyrus crest, granule cell layer;0;0;um2;0;0;0;um2;0;;;;;;;;;;;;;;
766;Dentate gyrus lateral blade;0;0;um2;0;0;0;um2;0;;;;;;;;;;;;;;
775;Dentate gyrus lateral blade, molecular layer;0;0;um2;0;0;0;um2;0;;;;;;;;;;;;;;
782;Dentate gyrus lateral blade, polymorph layer;0;0;um2;0;0;0;um2;0;;;;;;;;;;;;;;
790;Dentate gyrus lateral blade, granule cell layer;0;0;um2;0;0;0;um2;0;;;;;;;;;;;;;;
799;Dentate gyrus medial blade;0;0;um2;0;0;0;um2;0;;;;;;;;;;;;;;
807;Dentate gyrus medial blade, molecular layer;0;0;um2;0;0;0;um2;0;;;;;;;;;;;;;;
815;Dentate gyrus medial blade, polymorph layer;0;0;um2;0;0;0;um2;0;;;;;;;;;;;;;;
823;Dentate gyrus medial blade, granule cell layer;0;0;um2;0;0;0;um2;0;;;;;;;;;;;;;;
982;Fasciola cinerea;125886;125885.671570;um2;24;584;584;um2;0.004639;;;;;;;;;;;;;;
19;Induseum griseum;626525;626525.413208;um2;112;4349;4349;um2;0.006941;;;;;;;;;;;;;;
822;Retrohippocampal region;0;0;um2;0;0;0;um2;0;;;;;;;;;;;;;;
909;Entorhinal area;0;0;um2;0;0;0;um2;0;;;;;;;;;;;;;;
918;Entorhinal area, lateral part;0;0;um2;0;0;0;um2;0;;;;;;;;;;;;;;
1121;Entorhinal area, lateral part, layer 1;877636;877635.604370;um2;152;5981;5981;um2;0.006815;;;;;;;;;;;;;;
20;Entorhinal area, lateral part, layer 2;1387666;1387665.722534;um2;1559;95478;95478;um2;0.068805;;;;;;;;;;;;;;
999;Entorhinal area, lateral part, layer 2/3;0;0;um2;0;0;0;um2;0;;;;;;;;;;;;;;
715;Entorhinal area, lateral part, layer 2a;0;0;um2;0;0;0;um2;0;;;;;;;;;;;;;;
764;Entorhinal area, lateral part, layer 2b;0;0;um2;0;0;0;um2;0;;;;;;;;;;;;;;
52;Entorhinal area, lateral part, layer 3;1271553;1271552.820953;um2;1666;101324;101324;um2;0.079685;;;;;;;;;;;;;;
92;Entorhinal area, lateral part, layer 4;0;0;um2;0;0;0;um2;0;;;;;;;;;;;;;;
312;Entorhinal area, lateral part, layer 4/5;0;0;um2;0;0;0;um2;0;;;;;;;;;;;;;;
139;Entorhinal area, lateral part, layer 5;1463926;1463925.941803;um2;1499;85818;85818;um2;0.058622;;;;;;;;;;;;;;
387;Entorhinal area, lateral part, layer 5/6;0;0;um2;0;0;0;um2;0;;;;;;;;;;;;;;
28;Entorhinal area, lateral part, layer 6a;774051;774050.877045;um2;925;58298;58298;um2;0.075315;;;;;;;;;;;;;;
60;Entorhinal area, lateral part, layer 6b;0;0;um2;0;0;0;um2;0;;;;;;;;;;;;;;
926;Entorhinal area, medial part, dorsal zone;0;0;um2;0;0;0;um2;0;;;;;;;;;;;;;;
526;Entorhinal area, medial part, dorsal zone, layer 1;2191;2190.953613;um2;0;0;0;um2;0;;;;;;;;;;;;;;
543;Entorhinal area, medial part, dorsal zone, layer 2;3652;3651.589355;um2;0;0;0;um2;0;;;;;;;;;;;;;;
468;Entorhinal area, medial part, dorsal zone, layer 2a;0;0;um2;0;0;0;um2;0;;;;;;;;;;;;;;
508;Entorhinal area, medial part, dorsal zone, layer 2b;0;0;um2;0;0;0;um2;0;;;;;;;;;;;;;;
664;Entorhinal area, medial part, dorsal zone, layer 3;9859;9859.291260;um2;0;0;0;um2;0;;;;;;;;;;;;;;
712;Entorhinal area, medial part, dorsal zone, layer 4;0;0;um2;0;0;0;um2;0;;;;;;;;;;;;;;
727;Entorhinal area, medial part, dorsal zone, layer 5;12415;12415.403809;um2;21;1084;1084;um2;0.087311;;;;;;;;;;;;;;
550;Entorhinal area, medial part, dorsal zone, layer 5/6;0;0;um2;0;0;0;um2;0;;;;;;;;;;;;;;
743;Entorhinal area, medial part, dorsal zone, layer 6;11320;11319.927002;um2;17;681;681;um2;0.060159;;;;;;;;;;;;;;
934;Entorhinal area, medial part, ventral zone;0;0;um2;0;0;0;um2;0;;;;;;;;;;;;;;
259;Entorhinal area, medial part, ventral zone, layer 1;0;0;um2;0;0;0;um2;0;;;;;;;;;;;;;;
324;Entorhinal area, medial part, ventral zone, layer 2;0;0;um2;0;0;0;um2;0;;;;;;;;;;;;;;
371;Entorhinal area, medial part, ventral zone, layer 3;0;0;um2;0;0;0;um2;0;;;;;;;;;;;;;;
419;Entorhinal area, medial part, ventral zone, layer 4;0;0;um2;0;0;0;um2;0;;;;;;;;;;;;;;
1133;Entorhinal area, medial part, ventral zone, layer 5/6;0;0;um2;0;0;0;um2;0;;;;;;;;;;;;;;
843;Parasubiculum;0;0;um2;0;0;0;um2;0;;;;;;;;;;;;;;
10693;Parasubiculum, layer 1;0;0;um2;0;0;0;um2;0;;;;;;;;;;;;;;
10694;Parasubiculum, layer 2;0;0;um2;0;0;0;um2;0;;;;;;;;;;;;;;
10695;Parasubiculum, layer 3;0;0;um2;0;0;0;um2;0;;;;;;;;;;;;;;
1037;Postsubiculum;2000563;2000563.207428;um2;1100;31613;31613;um2;0.015802;;;;;;;;;;;;;;
10696;Postsubiculum, layer 1;0;0;um2;0;0;0;um2;0;;;;;;;;;;;;;;
10697;Postsubiculum, layer 2;0;0;um2;0;0;0;um2;0;;;;;;;;;;;;;;
10698;Postsubiculum, layer 3;0;0;um2;0;0;0;um2;0;;;;;;;;;;;;;;
1084;Presubiculum;579083;579083.116730;um2;639;20245;20245;um2;0.034960;;;;;;;;;;;;;;
10699;Presubiculum, layer 1;0;0;um2;0;0;0;um2;0;;;;;;;;;;;;;;
10700;Presubiculum, layer 2;0;0;um2;0;0;0;um2;0;;;;;;;;;;;;;;
10701;Presubiculum, layer 3;0;0;um2;0;0;0;um2;0;;;;;;;;;;;;;;
502;Subiculum;2532494;2532494.488525;um2;1907;81118;81118;um2;0.032031;;;;;;;;;;;;;;
509;Subiculum, dorsal part;0;0;um2;0;0;0;um2;0;;;;;;;;;;;;;;
829;Subiculum, dorsal part, molecular layer;0;0;um2;0;0;0;um2;0;;;;;;;;;;;;;;
845;Subiculum, dorsal part, pyramidal layer;0;0;um2;0;0;0;um2;0;;;;;;;;;;;;;;
837;Subiculum, dorsal part, stratum radiatum;0;0;um2;0;0;0;um2;0;;;;;;;;;;;;;;
518;Subiculum, ventral part;0;0;um2;0;0;0;um2;0;;;;;;;;;;;;;;
853;Subiculum, ventral part, molecular layer;0;0;um2;0;0;0;um2;0;;;;;;;;;;;;;;
870;Subiculum, ventral part, pyramidal layer;0;0;um2;0;0;0;um2;0;;;;;;;;;;;;;;
861;Subiculum, ventral part, stratum radiatum;0;0;um2;0;0;0;um2;0;;;;;;;;;;;;;;
484682470;Prosubiculum;2448780;2448780.330597;um2;2426;143330;143330;um2;0.058531;;;;;;;;;;;;;;
484682475;Prosubiculum, dorsal part;0;0;um2;0;0;0;um2;0;;;;;;;;;;;;;;
484682479;Prosubiculum, dorsal part, molecular layer;0;0;um2;0;0;0;um2;0;;;;;;;;;;;;;;
484682483;Prosubiculum, dorsal part, pyramidal layer;0;0;um2;0;0;0;um2;0;;;;;;;;;;;;;;
484682487;Prosubiculum, dorsal part, stratum radiatum;0;0;um2;0;0;0;um2;0;;;;;;;;;;;;;;
484682492;Prosubiculum, ventral part;0;0;um2;0;0;0;um2;0;;;;;;;;;;;;;;
484682496;Prosubiculum, ventral part, molecular layer;0;0;um2;0;0;0;um2;0;;;;;;;;;;;;;;
484682500;Prosubiculum, ventral part, pyramidal layer;0;0;um2;0;0;0;um2;0;;;;;;;;;;;;;;
484682504;Prosubiculum, ventral part, stratum radiatum;0;0;um2;0;0;0;um2;0;;;;;;;;;;;;;;
589508447;Hippocampo-amygdalar transition area;614704;614704.081543;um2;83;2626;2626;um2;0.004272;;;;;;;;;;;;;;
484682508;Area prostriata;69380;69380.197754;um2;11;365;365;um2;0.005261;;;;;;;;;;;;;;
703;Cortical subplate;1380370;1380370.186829;um2;1118;55610;55610;um2;0.040286;;;;;;;;;;;;;;
16;Layer 6b, isocortex;0;0;um2;0;0;0;um2;0;;;;;;;;;;;;;;
583;Claustrum;3044641;3044640.854065;um2;3944;214022;214022;um2;0.070295;;;;;;;;;;;;;;
942;Endopiriform nucleus;0;0;um2;0;0;0;um2;0;;;;;;;;;;;;;;
952;Endopiriform nucleus, dorsal part;7205057;7205057.487061;um2;7406;410016;410016;um2;0.056907;;;;;;;;;;;;;;
966;Endopiriform nucleus, ventral part;2903456;2903455.848785;um2;2056;95041;95041;um2;0.032734;;;;;;;;;;;;;;
131;Lateral amygdalar nucleus;1891084;1891084.412018;um2;1039;40805;40805;um2;0.021578;;;;;;;;;;;;;;
295;Basolateral amygdalar nucleus;0;0;um2;0;0;0;um2;0;;;;;;;;;;;;;;
303;Basolateral amygdalar nucleus, anterior part;2076392;2076391.986511;um2;2325;148472;148472;um2;0.071505;;;;;;;;;;;;;;
311;Basolateral amygdalar nucleus, posterior part;1419896;1419896.394684;um2;1188;59259;59259;um2;0.041735;;;;;;;;;;;;;;
451;Basolateral amygdalar nucleus, ventral part;1053331;1053331.190979;um2;684;38648;38648;um2;0.036691;;;;;;;;;;;;;;
319;Basomedial amygdalar nucleus;0;0;um2;0;0;0;um2;0;;;;;;;;;;;;;;
327;Basomedial amygdalar nucleus, anterior part;2412705;2412705.208923;um2;2098;116133;116133;um2;0.048134;;;;;;;;;;;;;;
334;Basomedial amygdalar nucleus, posterior part;1582028;1582027.800507;um2;1071;50884;50884;um2;0.032164;;;;;;;;;;;;;;
780;Posterior amygdalar nucleus;2127424;2127424.082306;um2;1113;48902;48902;um2;0.022986;;;;;;;;;;;;;;
623;Cerebral nuclei;0;0;um2;0;0;0;um2;0;;;;;;;;;;;;;;
477;Striatum;14955876;14955876.302795;um2;10538;527877;527877;um2;0.035296;;;;;;;;;;;;;;
485;Striatum dorsal region;0;0;um2;0;0;0;um2;0;;;;;;;;;;;;;;
672;Caudoputamen;131364390;131364390.004761;um2;93579;3703950;3703950;um2;0.028196;;;;;;;;;;;;;;
493;Striatum ventral region;0;0;um2;0;0;0;um2;0;;;;;;;;;;;;;;
56;Nucleus accumbens;25403181;25403181.101257;um2;26469;1374889;1374889;um2;0.054123;;;;;;;;;;;;;;
998;Fundus of striatum;3004277;3004276.986145;um2;1329;52738;52738;um2;0.017554;;;;;;;;;;;;;;
754;Olfactory tubercle;23975653;23975652.651367;um2;7796;326948;326948;um2;0.013637;;;;;;;;;;;;;;
481;Islands of Calleja;0;0;um2;0;0;0;um2;0;;;;;;;;;;;;;;
489;Major island of Calleja;0;0;um2;0;0;0;um2;0;;;;;;;;;;;;;;
144;Olfactory tubercle, layers 1-3;0;0;um2;0;0;0;um2;0;;;;;;;;;;;;;;
458;Olfactory tubercle, molecular layer;0;0;um2;0;0;0;um2;0;;;;;;;;;;;;;;
465;Olfactory tubercle, pyramidal layer;0;0;um2;0;0;0;um2;0;;;;;;;;;;;;;;
473;Olfactory tubercle, polymorph layer;0;0;um2;0;0;0;um2;0;;;;;;;;;;;;;;
549009199;Lateral strip of striatum;0;0;um2;0;0;0;um2;0;;;;;;;;;;;;;;
275;Lateral septal complex;0;0;um2;0;0;0;um2;0;;;;;;;;;;;;;;
242;Lateral septal nucleus;0;0;um2;0;0;0;um2;0;;;;;;;;;;;;;;
250;Lateral septal nucleus, caudal (caudodorsal) part;3477806;3477806.374390;um2;1878;98990;98990;um2;0.028463;;;;;;;;;;;;;;
258;Lateral septal nucleus, rostral (rostroventral) part;11866040;11866040.062653;um2;10765;609276;609276;um2;0.051346;;;;;;;;;;;;;;
266;Lateral septal nucleus, ventral part;4301214;4301214.287567;um2;6057;370740;370740;um2;0.086194;;;;;;;;;;;;;;
310;Septofimbrial nucleus;2635932;2635932.332153;um2;1350;66037;66037;um2;0.025053;;;;;;;;;;;;;;
333;Septohippocampal nucleus;173249;173248.939087;um2;27;1265;1265;um2;0.007302;;;;;;;;;;;;;;
278;Striatum-like amygdalar nuclei;0;0;um2;0;0;0;um2;0;;;;;;;;;;;;;;
23;Anterior amygdalar area;2364262;2364262.004791;um2;1321;57290;57290;um2;0.024232;;;;;;;;;;;;;;
292;Bed nucleus of the accessory olfactory tract;66788;66788.472290;um2;8;315;315;um2;0.004716;;;;;;;;;;;;;;
536;Central amygdalar nucleus;0;0;um2;0;0;0;um2;0;;;;;;;;;;;;;;
544;Central amygdalar nucleus, capsular part;885330;885329.573273;um2;599;26134;26134;um2;0.029519;;;;;;;;;;;;;;
551;Central amygdalar nucleus, lateral part;720735;720734.735321;um2;490;18763;18763;um2;0.026033;;;;;;;;;;;;;;
559;Central amygdalar nucleus, medial part;2358229;2358228.972931;um2;1375;60012;60012;um2;0.025448;;;;;;;;;;;;;;
1105;Intercalated amygdalar nucleus;455985;455984.810028;um2;514;24556;24556;um2;0.053853;;;;;;;;;;;;;;
403;Medial amygdalar nucleus;6075903;6075903.056641;um2;3128;139256;139256;um2;0.022919;;;;;;;;;;;;;;
411;Medial amygdalar nucleus, anterodorsal part;0;0;um2;0;0;0;um2;0;;;;;;;;;;;;;;
418;Medial amygdalar nucleus, anteroventral part;0;0;um2;0;0;0;um2;0;;;;;;;;;;;;;;
426;Medial amygdalar nucleus, posterodorsal part;0;0;um2;0;0;0;um2;0;;;;;;;;;;;;;;
472;Medial amygdalar nucleus, posterodorsal part, sublayer a;0;0;um2;0;0;0;um2;0;;;;;;;;;;;;;;
480;Medial amygdalar nucleus, posterodorsal part, sublayer b;0;0;um2;0;0;0;um2;0;;;;;;;;;;;;;;
487;Medial amygdalar nucleus, posterodorsal part, sublayer c;0;0;um2;0;0;0;um2;0;;;;;;;;;;;;;;
435;Medial amygdalar nucleus, posteroventral part;0;0;um2;0;0;0;um2;0;;;;;;;;;;;;;;
803;Pallidum;5262697;5262697.385040;um2;1571;61896;61896;um2;0.011761;;;;;;;;;;;;;;
818;Pallidum, dorsal region;0;0;um2;0;0;0;um2;0;;;;;;;;;;;;;;
1022;Globus pallidus, external segment;5886513;5886513.401886;um2;1180;28034;28034;um2;0.004762;;;;;;;;;;;;;;
1031;Globus pallidus, internal segment;1284402;1284402.493774;um2;388;11920;11920;um2;0.009281;;;;;;;;;;;;;;
835;Pallidum, ventral region;0;0;um2;0;0;0;um2;0;;;;;;;;;;;;;;
342;Substantia innominata;18249858;18249857.519379;um2;8269;334385;334385;um2;0.018323;;;;;;;;;;;;;;
298;Magnocellular nucleus;2611894;2611894.196716;um2;1006;39961;39961;um2;0.015300;;;;;;;;;;;;;;
826;Pallidum, medial region;0;0;um2;0;0;0;um2;0;;;;;;;;;;;;;;
904;Medial septal complex;0;0;um2;0;0;0;um2;0;;;;;;;;;;;;;;
564;Medial septal nucleus;3143288;3143287.892700;um2;1759;78708;78708;um2;0.025040;;;;;;;;;;;;;;
596;Diagonal band nucleus;4921033;4921032.945038;um2;1520;57888;57888;um2;0.011763;;;;;;;;;;;;;;
581;Triangular nucleus of septum;1788832;1788831.704224;um2;283;9453;9453;um2;0.005284;;;;;;;;;;;;;;
809;Pallidum, caudal region;0;0;um2;0;0;0;um2;0;;;;;;;;;;;;;;
351;Bed nuclei of the stria terminalis;9216764;9216763.700928;um2;6040;317631;317631;um2;0.034462;;;;;;;;;;;;;;
359;Bed nuclei of the stria terminalis, anterior division;0;0;um2;0;0;0;um2;0;;;;;;;;;;;;;;
537;Bed nuclei of the stria terminalis, anterior division, anterolateral area;0;0;um2;0;0;0;um2;0;;;;;;;;;;;;;;
498;Bed nuclei of the stria terminalis, anterior division, anteromedial area;0;0;um2;0;0;0;um2;0;;;;;;;;;;;;;;
505;Bed nuclei of the stria terminalis, anterior division, dorsomedial nucleus;0;0;um2;0;0;0;um2;0;;;;;;;;;;;;;;
513;Bed nuclei of the stria terminalis, anterior division, fusiform nucleus;0;0;um2;0;0;0;um2;0;;;;;;;;;;;;;;
546;Bed nuclei of the stria terminalis, anterior division, juxtacapsular nucleus;0;0;um2;0;0;0;um2;0;;;;;;;;;;;;;;
521;Bed nuclei of the stria terminalis, anterior division, magnocellular nucleus;0;0;um2;0;0;0;um2;0;;;;;;;;;;;;;;
554;Bed nuclei of the stria terminalis, anterior division, oval nucleus;0;0;um2;0;0;0;um2;0;;;;;;;;;;;;;;
562;Bed nuclei of the stria terminalis, anterior division, rhomboid nucleus;0;0;um2;0;0;0;um2;0;;;;;;;;;;;;;;
529;Bed nuclei of the stria terminalis, anterior division, ventral nucleus;0;0;um2;0;0;0;um2;0;;;;;;;;;;;;;;
367;Bed nuclei of the stria terminalis, posterior division;0;0;um2;0;0;0;um2;0;;;;;;;;;;;;;;
569;Bed nuclei of the stria terminalis, posterior division, dorsal nucleus;0;0;um2;0;0;0;um2;0;;;;;;;;;;;;;;
578;Bed nuclei of the stria terminalis, posterior division, principal nucleus;0;0;um2;0;0;0;um2;0;;;;;;;;;;;;;;
585;Bed nuclei of the stria terminalis, posterior division, interfascicular nucleus;0;0;um2;0;0;0;um2;0;;;;;;;;;;;;;;
594;Bed nuclei of the stria terminalis, posterior division, transverse nucleus;0;0;um2;0;0;0;um2;0;;;;;;;;;;;;;;
602;Bed nuclei of the stria terminalis, posterior division, strial extension;0;0;um2;0;0;0;um2;0;;;;;;;;;;;;;;
287;Bed nucleus of the anterior commissure;49596;49596.136780;um2;0;0;0;um2;0;;;;;;;;;;;;;;
343;Brain stem;0;0;um2;0;0;0;um2;0;;;;;;;;;;;;;;
1129;Interbrain;0;0;um2;0;0;0;um2;0;;;;;;;;;;;;;;
549;Thalamus;2490077;2490077.243774;um2;1138;45846;45846;um2;0.018411;;;;;;;;;;;;;;
864;Thalamus, sensory-motor cortex related;0;0;um2;0;0;0;um2;0;;;;;;;;;;;;;;
637;Ventral group of the dorsal thalamus;0;0;um2;0;0;0;um2;0;;;;;;;;;;;;;;
629;Ventral anterior-lateral complex of the thalamus;2876908;2876907.713623;um2;668;13460;13460;um2;0.004679;;;;;;;;;;;;;;
685;Ventral medial nucleus of the thalamus;2680856;2680855.594269;um2;1359;50060;50060;um2;0.018673;;;;;;;;;;;;;;
709;Ventral posterior complex of the thalamus;0;0;um2;0;0;0;um2;0;;;;;;;;;;;;;;
718;Ventral posterolateral nucleus of the thalamus;2775224;2775223.792206;um2;411;7392;7392;um2;0.002664;;;;;;;;;;;;;;
725;Ventral posterolateral nucleus of the thalamus, parvicellular part;255965;255964.501495;um2;5;47;47;um2;0.000184;;;;;;;;;;;;;;
733;Ventral posteromedial nucleus of the thalamus;4249027;4249027.126404;um2;916;14384;14384;um2;0.003385;;;;;;;;;;;;;;
741;Ventral posteromedial nucleus of the thalamus, parvicellular part;484885;484884.507813;um2;85;1521;1521;um2;0.003137;;;;;;;;;;;;;;
563807435;Posterior triangular thalamic nucleus;637333;637332.955170;um2;177;5230;5230;um2;0.008206;;;;;;;;;;;;;;
406;Subparafascicular nucleus;0;0;um2;0;0;0;um2;0;;;;;;;;;;;;;;
414;Subparafascicular nucleus, magnocellular part;220762;220762.069458;um2;346;19642;19642;um2;0.088974;;;;;;;;;;;;;;
422;Subparafascicular nucleus, parvicellular part;350798;350797.846466;um2;160;3801;3801;um2;0.010835;;;;;;;;;;;;;;
609;Subparafascicular area;476025;476024.529877;um2;760;42420;42420;um2;0.089113;;;;;;;;;;;;;;
1044;Peripeduncular nucleus;182374;182373.992889;um2;48;1504;1504;um2;0.008247;;;;;;;;;;;;;;
1008;Geniculate group, dorsal thalamus;0;0;um2;0;0;0;um2;0;;;;;;;;;;;;;;
475;Medial geniculate complex;0;0;um2;0;0;0;um2;0;;;;;;;;;;;;;;
1072;Medial geniculate complex, dorsal part;358530;358530.132172;um2;56;1158;1158;um2;0.003230;;;;;;;;;;;;;;
1079;Medial geniculate complex, ventral part;547887;547886.913696;um2;164;4244;4244;um2;0.007746;;;;;;;;;;;;;;
1088;Medial geniculate complex, medial part;597690;597690.216553;um2;179;4590;4590;um2;0.007680;;;;;;;;;;;;;;
170;Dorsal part of the lateral geniculate complex;0;0;um2;0;0;0;um2;0;;;;;;;;;;;;;;
496345664;Dorsal part of the lateral geniculate complex, shell;507150;507149.825623;um2;100;3238;3238;um2;0.006385;;;;;;;;;;;;;;
496345668;Dorsal part of the lateral geniculate complex, core;1035331;1035330.772308;um2;378;14001;14001;um2;0.013523;;;;;;;;;;;;;;
496345672;Dorsal part of the lateral geniculate complex, ipsilateral zone;221267;221267.108429;um2;43;623;623;um2;0.002816;;;;;;;;;;;;;;
856;Thalamus, polymodal association cortex related;0;0;um2;0;0;0;um2;0;;;;;;;;;;;;;;
138;Lateral group of the dorsal thalamus;0;0;um2;0;0;0;um2;0;;;;;;;;;;;;;;
218;Lateral posterior nucleus of the thalamus;2993488;2993487.644562;um2;721;19815;19815;um2;0.006619;;;;;;;;;;;;;;
1020;Posterior complex of the thalamus;3076639;3076638.552948;um2;424;6611;6611;um2;0.002149;;;;;;;;;;;;;;
1029;Posterior limiting nucleus of the thalamus;424265;424264.957062;um2;265;7977;7977;um2;0.018802;;;;;;;;;;;;;;
325;Suprageniculate nucleus;457064;457063.896301;um2;163;4544;4544;um2;0.009942;;;;;;;;;;;;;;
560581551;Ethmoid nucleus of the thalamus;590759;590758.685974;um2;137;2832;2832;um2;0.004794;;;;;;;;;;;;;;
560581555;Retroethmoid nucleus;0;0;um2;0;0;0;um2;0;;;;;;;;;;;;;;
239;Anterior group of the dorsal thalamus;0;0;um2;0;0;0;um2;0;;;;;;;;;;;;;;
255;Anteroventral nucleus of thalamus;1086050;1086050.385040;um2;542;20299;20299;um2;0.018691;;;;;;;;;;;;;;
127;Anteromedial nucleus;0;0;um2;0;0;0;um2;0;;;;;;;;;;;;;;
1096;Anteromedial nucleus, dorsal part;775529;775528.591064;um2;399;18537;18537;um2;0.023902;;;;;;;;;;;;;;
1104;Anteromedial nucleus, ventral part;502692;502692.299377;um2;329;12143;12143;um2;0.024156;;;;;;;;;;;;;;
64;Anterodorsal nucleus;439681;439681.233459;um2;36;622;622;um2;0.001415;;;;;;;;;;;;;;
1120;Interanteromedial nucleus of the thalamus;223075;223075.441956;um2;195;10149;10149;um2;0.045496;;;;;;;;;;;;;;
1113;Interanterodorsal nucleus of the thalamus;386638;386638.011078;um2;343;18944;18944;um2;0.048997;;;;;;;;;;;;;;
155;Lateral dorsal nucleus of thalamus;3367461;3367461.452972;um2;574;15532;15532;um2;0.004612;;;;;;;;;;;;;;
444;Medial group of the dorsal thalamus;0;0;um2;0;0;0;um2;0;;;;;;;;;;;;;;
59;Intermediodorsal nucleus of the thalamus;398987;398986.684296;um2;571;27629;27629;um2;0.069248;;;;;;;;;;;;;;
362;Mediodorsal nucleus of thalamus;4050108;4050108.052765;um2;2664;124808;124808;um2;0.030816;;;;;;;;;;;;;;
617;Mediodorsal nucleus of the thalamus, central part;0;0;um2;0;0;0;um2;0;;;;;;;;;;;;;;
626;Mediodorsal nucleus of the thalamus, lateral part;0;0;um2;0;0;0;um2;0;;;;;;;;;;;;;;
636;Mediodorsal nucleus of the thalamus, medial part;0;0;um2;0;0;0;um2;0;;;;;;;;;;;;;;
366;Submedial nucleus of the thalamus;822414;822414.193451;um2;503;14778;14778;um2;0.017969;;;;;;;;;;;;;;
1077;Perireunensis nucleus;516665;516664.691315;um2;748;40785;40785;um2;0.078939;;;;;;;;;;;;;;
571;Midline group of the dorsal thalamus;0;0;um2;0;0;0;um2;0;;;;;;;;;;;;;;
149;Paraventricular nucleus of the thalamus;1756838;1756838.284454;um2;1615;74234;74234;um2;0.042254;;;;;;;;;;;;;;
15;Parataenial nucleus;945427;945427.077820;um2;987;64319;64319;um2;0.068032;;;;;;;;;;;;;;
181;Nucleus of reuniens;1404377;1404376.934784;um2;1169;58729;58729;um2;0.041819;;;;;;;;;;;;;;
560581559;Xiphoid thalamic nucleus;308510;308510.169891;um2;428;23665;23665;um2;0.076707;;;;;;;;;;;;;;
51;Intralaminar nuclei of the dorsal thalamus;0;0;um2;0;0;0;um2;0;;;;;;;;;;;;;;
189;Rhomboid nucleus;305706;305706.202637;um2;330;13145;13145;um2;0.042999;;;;;;;;;;;;;;
599;Central medial nucleus of the thalamus;657170;657169.576965;um2;723;34376;34376;um2;0.052309;;;;;;;;;;;;;;
907;Paracentral nucleus;654020;654020.359009;um2;380;14757;14757;um2;0.022564;;;;;;;;;;;;;;
575;Central lateral nucleus of the thalamus;1078548;1078548.453796;um2;839;34024;34024;um2;0.031546;;;;;;;;;;;;;;
930;Parafascicular nucleus;1245270;1245269.639099;um2;1226;46937;46937;um2;0.037692;;;;;;;;;;;;;;
560581563;Posterior intralaminar thalamic nucleus;386961;386960.616364;um2;218;8262;8262;um2;0.021351;;;;;;;;;;;;;;
262;Reticular nucleus of the thalamus;4639334;4639333.510437;um2;1096;38390;38390;um2;0.008275;;;;;;;;;;;;;;
1014;Geniculate group, ventral thalamus;0;0;um2;0;0;0;um2;0;;;;;;;;;;;;;;
27;Intergeniculate leaflet of the lateral geniculate complex;165683;165683.134705;um2;191;8322;8322;um2;0.050228;;;;;;;;;;;;;;
563807439;Intermediate geniculate nucleus;64673;64672.671570;um2;52;1374;1374;um2;0.021245;;;;;;;;;;;;;;
178;Ventral part of the lateral geniculate complex;1006338;1006337.618408;um2;829;38967;38967;um2;0.038722;;;;;;;;;;;;;;
300;Ventral part of the lateral geniculate complex, lateral zone;0;0;um2;0;0;0;um2;0;;;;;;;;;;;;;;
316;Ventral part of the lateral geniculate complex, medial zone;0;0;um2;0;0;0;um2;0;;;;;;;;;;;;;;
321;Subgeniculate nucleus;86751;86750.952301;um2;14;260;260;um2;0.002997;;;;;;;;;;;;;;
958;Epithalamus;0;0;um2;0;0;0;um2;0;;;;;;;;;;;;;;
483;Medial habenula;980181;980180.903900;um2;254;7843;7843;um2;0.008002;;;;;;;;;;;;;;
186;Lateral habenula;990745;990744.521057;um2;714;31090;31090;um2;0.031380;;;;;;;;;;;;;;
953;Pineal body;0;0;um2;0;0;0;um2;0;;;;;;;;;;;;;;
1097;Hypothalamus;11018898;11018898.442749;um2;8015;431881;431881;um2;0.039195;;;;;;;;;;;;;;
157;Periventricular zone;0;0;um2;0;0;0;um2;0;;;;;;;;;;;;;;
390;Supraoptic nucleus;213096;213096.484283;um2;68;2478;2478;um2;0.011629;;;;;;;;;;;;;;
332;Accessory supraoptic group;32178;32177.712585;um2;24;883;883;um2;0.027441;;;;;;;;;;;;;;
432;Nucleus circularis;0;0;um2;0;0;0;um2;0;;;;;;;;;;;;;;
38;Paraventricular hypothalamic nucleus;733544;733543.659027;um2;833;40360;40360;um2;0.055021;;;;;;;;;;;;;;
71;Paraventricular hypothalamic nucleus, magnocellular division;0;0;um2;0;0;0;um2;0;;;;;;;;;;;;;;
47;Paraventricular hypothalamic nucleus, magnocellular division, anterior magnocellular part;0;0;um2;0;0;0;um2;0;;;;;;;;;;;;;;
79;Paraventricular hypothalamic nucleus, magnocellular division, medial magnocellular part;0;0;um2;0;0;0;um2;0;;;;;;;;;;;;;;
103;Paraventricular hypothalamic nucleus, magnocellular division, posterior magnocellular part;0;0;um2;0;0;0;um2;0;;;;;;;;;;;;;;
652;Paraventricular hypothalamic nucleus, magnocellular division, posterior magnocellular part, lateral zone;0;0;um2;0;0;0;um2;0;;;;;;;;;;;;;;
660;Paraventricular hypothalamic nucleus, magnocellular division, posterior magnocellular part, medial zone;0;0;um2;0;0;0;um2;0;;;;;;;;;;;;;;
94;Paraventricular hypothalamic nucleus, parvicellular division;0;0;um2;0;0;0;um2;0;;;;;;;;;;;;;;
55;Paraventricular hypothalamic nucleus, parvicellular division, anterior parvicellular part;0;0;um2;0;0;0;um2;0;;;;;;;;;;;;;;
87;Paraventricular hypothalamic nucleus, parvicellular division, medial parvicellular part, dorsal zone;0;0;um2;0;0;0;um2;0;;;;;;;;;;;;;;
110;Paraventricular hypothalamic nucleus, parvicellular division, periventricular part;0;0;um2;0;0;0;um2;0;;;;;;;;;;;;;;
30;Periventricular hypothalamic nucleus, anterior part;245844;245844.324188;um2;95;3037;3037;um2;0.012353;;;;;;;;;;;;;;
118;Periventricular hypothalamic nucleus, intermediate part;500924;500923.600891;um2;208;7959;7959;um2;0.015889;;;;;;;;;;;;;;
223;Arcuate hypothalamic nucleus;910294;910294.455383;um2;426;15127;15127;um2;0.016618;;;;;;;;;;;;;;
141;Periventricular region;0;0;um2;0;0;0;um2;0;;;;;;;;;;;;;;
72;Anterodorsal preoptic nucleus;1406788;1406788.230957;um2;1992;112115;112115;um2;0.079696;;;;;;;;;;;;;;
80;Anterior hypothalamic area;0;0;um2;0;0;0;um2;0;;;;;;;;;;;;;;
263;Anteroventral preoptic nucleus;1160571;1160571.464203;um2;674;26165;26165;um2;0.022545;;;;;;;;;;;;;;
272;Anteroventral periventricular nucleus;1601320;1601320.278412;um2;529;19701;19701;um2;0.012303;;;;;;;;;;;;;;
830;Dorsomedial nucleus of the hypothalamus;904889;904888.608276;um2;1604;88978;88978;um2;0.098330;;;;;;;;;;;;;;
668;Dorsomedial nucleus of the hypothalamus, anterior part;0;0;um2;0;0;0;um2;0;;;;;;;;;;;;;;
676;Dorsomedial nucleus of the hypothalamus, posterior part;0;0;um2;0;0;0;um2;0;;;;;;;;;;;;;;
684;Dorsomedial nucleus of the hypothalamus, ventral part;0;0;um2;0;0;0;um2;0;;;;;;;;;;;;;;
452;Median preoptic nucleus;416542;416542.400787;um2;365;17384;17384;um2;0.041734;;;;;;;;;;;;;;
523;Medial preoptic area;4426098;4426097.902771;um2;2964;136101;136101;um2;0.030750;;;;;;;;;;;;;;
763;Vascular organ of the lamina terminalis;114754;114753.824524;um2;44;1977;1977;um2;0.017228;;;;;;;;;;;;;;
914;Posterodorsal preoptic nucleus;98159;98158.574921;um2;26;1743;1743;um2;0.017757;;;;;;;;;;;;;;
1109;Parastrial nucleus;1133063;1133063.211090;um2;1084;51222;51222;um2;0.045207;;;;;;;;;;;;;;
1124;Suprachiasmatic preoptic nucleus;0;0;um2;0;0;0;um2;0;;;;;;;;;;;;;;
126;Periventricular hypothalamic nucleus, posterior part;327594;327593.713013;um2;281;11241;11241;um2;0.034314;;;;;;;;;;;;;;
133;Periventricular hypothalamic nucleus, preoptic part;989356;989356.227631;um2;157;5754;5754;um2;0.005816;;;;;;;;;;;;;;
347;Subparaventricular zone;559976;559975.757355;um2;374;16922;16922;um2;0.030219;;;;;;;;;;;;;;
286;Suprachiasmatic nucleus;333830;333829.932373;um2;39;618;618;um2;0.001851;;;;;;;;;;;;;;
338;Subfornical organ;58076;58075.882660;um2;0;0;0;um2;0;;;;;;;;;;;;;;
576073699;Ventromedial preoptic nucleus;424817;424816.506927;um2;75;3022;3022;um2;0.007114;;;;;;;;;;;;;;
689;Ventrolateral preoptic nucleus;589784;589783.963776;um2;74;2546;2546;um2;0.004317;;;;;;;;;;;;;;
467;Hypothalamic medial zone;0;0;um2;0;0;0;um2;0;;;;;;;;;;;;;;
88;Anterior hypothalamic nucleus;3057545;3057544.870972;um2;1893;94280;94280;um2;0.030835;;;;;;;;;;;;;;
700;Anterior hypothalamic nucleus, anterior part;0;0;um2;0;0;0;um2;0;;;;;;;;;;;;;;
708;Anterior hypothalamic nucleus, central part;0;0;um2;0;0;0;um2;0;;;;;;;;;;;;;;
716;Anterior hypothalamic nucleus, dorsal part;0;0;um2;0;0;0;um2;0;;;;;;;;;;;;;;
724;Anterior hypothalamic nucleus, posterior part;0;0;um2;0;0;0;um2;0;;;;;;;;;;;;;;
331;Mammillary body;0;0;um2;0;0;0;um2;0;;;;;;;;;;;;;;
210;Lateral mammillary nucleus;13919;13919.324921;um2;1;23;23;um2;0.001652;;;;;;;;;;;;;;
491;Medial mammillary nucleus;0;0;um2;0;0;0;um2;0;;;;;;;;;;;;;;
732;Medial mammillary nucleus, median part;2590;2589.641846;um2;1;21;21;um2;0.008109;;;;;;;;;;;;;;
606826647;Medial mammillary nucleus, lateral part;412595;412594.780487;um2;24;744;744;um2;0.001803;;;;;;;;;;;;;;
606826651;Medial mammillary nucleus, medial part;97310;97310.110596;um2;15;857;857;um2;0.008807;;;;;;;;;;;;;;
606826655;Medial mammillary nucleus, posterior part;182627;182626.727417;um2;0;0;0;um2;0;;;;;;;;;;;;;;
606826659;Medial mammillary nucleus, dorsal part;235727;235727.087708;um2;0;0;0;um2;0;;;;;;;;;;;;;;
525;Supramammillary nucleus;461727;461726.736816;um2;544;39938;39938;um2;0.086497;;;;;;;;;;;;;;
1110;Supramammillary nucleus, lateral part;0;0;um2;0;0;0;um2;0;;;;;;;;;;;;;;
1118;Supramammillary nucleus, medial part;0;0;um2;0;0;0;um2;0;;;;;;;;;;;;;;
557;Tuberomammillary nucleus;0;0;um2;0;0;0;um2;0;;;;;;;;;;;;;;
1126;Tuberomammillary nucleus, dorsal part;153411;153411.414673;um2;336;18407;18407;um2;0.119985;;;;;;;;;;;;;;
1;Tuberomammillary nucleus, ventral part;507785;507785.267731;um2;51;2018;2018;um2;0.003974;;;;;;;;;;;;;;
515;Medial preoptic nucleus;2601251;2601251.189911;um2;1110;54361;54361;um2;0.020898;;;;;;;;;;;;;;
740;Medial preoptic nucleus, central part;0;0;um2;0;0;0;um2;0;;;;;;;;;;;;;;
748;Medial preoptic nucleus, lateral part;0;0;um2;0;0;0;um2;0;;;;;;;;;;;;;;
756;Medial preoptic nucleus, medial part;0;0;um2;0;0;0;um2;0;;;;;;;;;;;;;;
980;Dorsal premammillary nucleus;430884;430884.141632;um2;388;17868;17868;um2;0.041468;;;;;;;;;;;;;;
1004;Ventral premammillary nucleus;698870;698870.426147;um2;437;20487;20487;um2;0.029314;;;;;;;;;;;;;;
63;Paraventricular hypothalamic nucleus, descending division;335231;335230.616333;um2;589;30550;30550;um2;0.091131;;;;;;;;;;;;;;
439;Paraventricular hypothalamic nucleus, descending division, dorsal parvicellular part;0;0;um2;0;0;0;um2;0;;;;;;;;;;;;;;
447;Paraventricular hypothalamic nucleus, descending division, forniceal part;0;0;um2;0;0;0;um2;0;;;;;;;;;;;;;;
455;Paraventricular hypothalamic nucleus, descending division, lateral parvicellular part;0;0;um2;0;0;0;um2;0;;;;;;;;;;;;;;
464;Paraventricular hypothalamic nucleus, descending division, medial parvicellular part, ventral zone;0;0;um2;0;0;0;um2;0;;;;;;;;;;;;;;
693;Ventromedial hypothalamic nucleus;1585561;1585561.330627;um2;519;20673;20673;um2;0.013038;;;;;;;;;;;;;;
761;Ventromedial hypothalamic nucleus, anterior part;0;0;um2;0;0;0;um2;0;;;;;;;;;;;;;;
769;Ventromedial hypothalamic nucleus, central part;0;0;um2;0;0;0;um2;0;;;;;;;;;;;;;;
777;Ventromedial hypothalamic nucleus, dorsomedial part;0;0;um2;0;0;0;um2;0;;;;;;;;;;;;;;
785;Ventromedial hypothalamic nucleus, ventrolateral part;0;0;um2;0;0;0;um2;0;;;;;;;;;;;;;;
946;Posterior hypothalamic nucleus;1978441;1978441.216370;um2;3707;268925;268925;um2;0.135928;;;;;;;;;;;;;;
290;Hypothalamic lateral zone;0;0;um2;0;0;0;um2;0;;;;;;;;;;;;;;
194;Lateral hypothalamic area;7168939;7168939.090454;um2;5123;256640;256640;um2;0.035799;;;;;;;;;;;;;;
226;Lateral preoptic area;3501608;3501608.482056;um2;1853;81078;81078;um2;0.023155;;;;;;;;;;;;;;
356;Preparasubthalamic nucleus;5789;5789.325714;um2;6;244;244;um2;0.042147;;;;;;;;;;;;;;
364;Parasubthalamic nucleus;517012;517012.167694;um2;512;24067;24067;um2;0.046550;;;;;;;;;;;;;;
576073704;Perifornical nucleus;706007;706007.446594;um2;566;27846;27846;um2;0.039442;;;;;;;;;;;;;;
173;Retrochiasmatic area;556361;556360.743256;um2;43;1026;1026;um2;0.001844;;;;;;;;;;;;;;
470;Subthalamic nucleus;514613;514612.902618;um2;408;13380;13380;um2;0.026000;;;;;;;;;;;;;;
614;Tuberal nucleus;1477547;1477546.593262;um2;257;10357;10357;um2;0.007010;;;;;;;;;;;;;;
797;Zona incerta;4312116;4312115.893341;um2;3597;145992;145992;um2;0.033856;;;;;;;;;;;;;;
796;Dopaminergic A13 group;0;0;um2;0;0;0;um2;0;;;;;;;;;;;;;;
804;Fields of Forel;697250;697249.771576;um2;386;11761;11761;um2;0.016868;;;;;;;;;;;;;;
10671;Median eminence;265337;265336.532257;um2;0;0;0;um2;0;;;;;;;;;;;;;;
313;Midbrain;9029075;9029075.353333;um2;6729;294521;294521;um2;0.032619;;;;;;;;;;;;;;
339;Midbrain, sensory related;0;0;um2;0;0;0;um2;0;;;;;;;;;;;;;;
302;Superior colliculus, sensory related;0;0;um2;0;0;0;um2;0;;;;;;;;;;;;;;
851;Superior colliculus, optic layer;1061465;1061464.809113;um2;1012;34712;34712;um2;0.032702;;;;;;;;;;;;;;
842;Superior colliculus, superficial gray layer;2109505;2109505.456818;um2;1053;29400;29400;um2;0.013937;;;;;;;;;;;;;;
834;Superior colliculus, zonal layer;594692;594692.485992;um2;80;2160;2160;um2;0.003632;;;;;;;;;;;;;;
4;Inferior colliculus;0;0;um2;0;0;0;um2;0;;;;;;;;;;;;;;
811;Inferior colliculus, central nucleus;0;0;um2;0;0;0;um2;0;;;;;;;;;;;;;;
820;Inferior colliculus, dorsal nucleus;0;0;um2;0;0;0;um2;0;;;;;;;;;;;;;;
828;Inferior colliculus, external nucleus;4747;4747.066162;um2;0;0;0;um2;0;;;;;;;;;;;;;;
580;Nucleus of the brachium of the inferior colliculus;174063;174062.902161;um2;24;754;754;um2;0.004332;;;;;;;;;;;;;;
271;Nucleus sagulum;0;0;um2;0;0;0;um2;0;;;;;;;;;;;;;;
874;Parabigeminal nucleus;0;0;um2;0;0;0;um2;0;;;;;;;;;;;;;;
460;Midbrain trigeminal nucleus;0;0;um2;0;0;0;um2;0;;;;;;;;;;;;;;
599626923;Subcommissural organ;43465;43464.632446;um2;3;72;72;um2;0.001657;;;;;;;;;;;;;;
323;Midbrain, motor related;0;0;um2;0;0;0;um2;0;;;;;;;;;;;;;;
381;Substantia nigra, reticular part;3279634;3279634.270355;um2;1716;52876;52876;um2;0.016123;;;;;;;;;;;;;;
749;Ventral tegmental area;816690;816689.539917;um2;373;11343;11343;um2;0.013889;;;;;;;;;;;;;;
607344830;Paranigral nucleus;39802;39802.412354;um2;21;1111;1111;um2;0.027913;;;;;;;;;;;;;;
246;Midbrain reticular nucleus, retrorubral area;242100;242100.374268;um2;112;4371;4371;um2;0.018054;;;;;;;;;;;;;;
128;Midbrain reticular nucleus;6893357;6893356.748474;um2;3558;122638;122638;um2;0.017791;;;;;;;;;;;;;;
539;Midbrain reticular nucleus, magnocellular part;0;0;um2;0;0;0;um2;0;;;;;;;;;;;;;;
548;Midbrain reticular nucleus, magnocellular part, general;0;0;um2;0;0;0;um2;0;;;;;;;;;;;;;;
555;Midbrain reticular nucleus, parvicellular part;0;0;um2;0;0;0;um2;0;;;;;;;;;;;;;;
294;Superior colliculus, motor related;0;0;um2;0;0;0;um2;0;;;;;;;;;;;;;;
26;Superior colliculus, motor related, deep gray layer;1542262;1542261.889282;um2;880;33368;33368;um2;0.021636;;;;;;;;;;;;;;
42;Superior colliculus, motor related, deep white layer;405640;405639.858398;um2;293;13068;13068;um2;0.032216;;;;;;;;;;;;;;
17;Superior colliculus, motor related, intermediate white layer;3486223;3486223.014862;um2;3435;143974;143974;um2;0.041298;;;;;;;;;;;;;;
10;Superior colliculus, motor related, intermediate gray layer;3491080;3491080.262054;um2;4051;183818;183818;um2;0.052654;;;;;;;;;;;;;;
494;Superior colliculus, motor related, intermediate gray layer, sublayer a;0;0;um2;0;0;0;um2;0;;;;;;;;;;;;;;
503;Superior colliculus, motor related, intermediate gray layer, sublayer b;0;0;um2;0;0;0;um2;0;;;;;;;;;;;;;;
511;Superior colliculus, motor related, intermediate gray layer, sublayer c;0;0;um2;0;0;0;um2;0;;;;;;;;;;;;;;
795;Periaqueductal gray;3974205;3974204.620880;um2;4160;220312;220312;um2;0.055435;;;;;;;;;;;;;;
50;Precommissural nucleus;406965;406964.556732;um2;548;33653;33653;um2;0.082693;;;;;;;;;;;;;;
67;Interstitial nucleus of Cajal;142274;142274.114319;um2;132;5432;5432;um2;0.038180;;;;;;;;;;;;;;
587;Nucleus of Darkschewitsch;183465;183465.179535;um2;270;15604;15604;um2;0.085052;;;;;;;;;;;;;;
614454277;Supraoculomotor periaqueductal gray;54774;54773.840332;um2;101;6349;6349;um2;0.115913;;;;;;;;;;;;;;
1100;Pretectal region;0;0;um2;0;0;0;um2;0;;;;;;;;;;;;;;
215;Anterior pretectal nucleus;2703327;2703326.713928;um2;1171;28092;28092;um2;0.010392;;;;;;;;;;;;;;
531;Medial pretectal area;141435;141434.940552;um2;158;6210;6210;um2;0.043907;;;;;;;;;;;;;;
628;Nucleus of the optic tract;612415;612414.842255;um2;233;7129;7129;um2;0.011641;;;;;;;;;;;;;;
634;Nucleus of the posterior commissure;954481;954480.698669;um2;1109;45892;45892;um2;0.048081;;;;;;;;;;;;;;
706;Olivary pretectal nucleus;148405;148405.360931;um2;69;1933;1933;um2;0.013025;;;;;;;;;;;;;;
1061;Posterior pretectal nucleus;498820;498819.763092;um2;467;14852;14852;um2;0.029774;;;;;;;;;;;;;;
549009203;Retroparafascicular nucleus;220037;220037.129700;um2;257;9723;9723;um2;0.044188;;;;;;;;;;;;;;
549009207;Intercollicular nucleus;0;0;um2;0;0;0;um2;0;;;;;;;;;;;;;;
616;Cuneiform nucleus;0;0;um2;0;0;0;um2;0;;;;;;;;;;;;;;
214;Red nucleus;1959704;1959703.994141;um2;728;21465;21465;um2;0.010953;;;;;;;;;;;;;;
35;Oculomotor nucleus;43089;43088.754395;um2;11;160;160;um2;0.003713;;;;;;;;;;;;;;
549009211;Medial accesory oculomotor nucleus;27043;27043.034729;um2;12;461;461;um2;0.017047;;;;;;;;;;;;;;
975;Edinger-Westphal nucleus;54718;54718.466797;um2;80;3646;3646;um2;0.066632;;;;;;;;;;;;;;
115;Trochlear nucleus;0;0;um2;0;0;0;um2;0;;;;;;;;;;;;;;
606826663;Paratrochlear nucleus;0;0;um2;0;0;0;um2;0;;;;;;;;;;;;;;
757;Ventral tegmental nucleus;0;0;um2;0;0;0;um2;0;;;;;;;;;;;;;;
231;Anterior tegmental nucleus;0;0;um2;0;0;0;um2;0;;;;;;;;;;;;;;
66;Lateral terminal nucleus of the accessory optic tract;0;0;um2;0;0;0;um2;0;;;;;;;;;;;;;;
75;Dorsal terminal nucleus of the accessory optic tract;36456;36455.939667;um2;13;303;303;um2;0.008311;;;;;;;;;;;;;;
58;Medial terminal nucleus of the accessory optic tract;124539;124539.491089;um2;76;2648;2648;um2;0.021262;;;;;;;;;;;;;;
615;Substantia nigra, lateral part;0;0;um2;0;0;0;um2;0;;;;;;;;;;;;;;
348;Midbrain, behavioral state related;0;0;um2;0;0;0;um2;0;;;;;;;;;;;;;;
374;Substantia nigra, compact part;197834;197834.312561;um2;122;3438;3438;um2;0.017378;;;;;;;;;;;;;;
1052;Pedunculopontine nucleus;0;0;um2;0;0;0;um2;0;;;;;;;;;;;;;;
165;Midbrain raphe nuclei;0;0;um2;0;0;0;um2;0;;;;;;;;;;;;;;
12;Interfascicular nucleus raphe;166705;166705.117310;um2;136;6052;6052;um2;0.036304;;;;;;;;;;;;;;
100;Interpeduncular nucleus;730;730.317871;um2;0;0;0;um2;0;;;;;;;;;;;;;;
607344834;Interpeduncular nucleus, rostral;244378;244377.852905;um2;268;16325;16325;um2;0.066802;;;;;;;;;;;;;;
607344838;Interpeduncular nucleus, caudal;89405;89404.984161;um2;74;3521;3521;um2;0.039383;;;;;;;;;;;;;;
607344842;Interpeduncular nucleus, apical;50027;50026.774170;um2;46;2538;2538;um2;0.050733;;;;;;;;;;;;;;
607344846;Interpeduncular nucleus, lateral;111110;111110.216949;um2;52;2261;2261;um2;0.020349;;;;;;;;;;;;;;
607344850;Interpeduncular nucleus, intermediate;57661;57661.243225;um2;48;2533;2533;um2;0.043929;;;;;;;;;;;;;;
607344854;Interpeduncular nucleus, dorsomedial;31391;31390.852142;um2;12;292;292;um2;0.009302;;;;;;;;;;;;;;
607344858;Interpeduncular nucleus, dorsolateral;77835;77835.333435;um2;48;2342;2342;um2;0.030089;;;;;;;;;;;;;;
607344862;Interpeduncular nucleus, rostrolateral;68731;68731.338196;um2;21;858;858;um2;0.012483;;;;;;;;;;;;;;
197;Rostral linear nucleus raphe;136220;136220.021179;um2;84;3911;3911;um2;0.028711;;;;;;;;;;;;;;
591;Central linear nucleus raphe;122693;122693.402344;um2;51;1771;1771;um2;0.014434;;;;;;;;;;;;;;
872;Dorsal nucleus raphe;0;0;um2;0;0;0;um2;0;;;;;;;;;;;;;;
1065;Hindbrain;0;0;um2;0;0;0;um2;0;;;;;;;;;;;;;;
771;Pons;306734;306733.505859;um2;79;2732;2732;um2;0.008907;;;;;;;;;;;;;;
1132;Pons, sensory related;0;0;um2;0;0;0;um2;0;;;;;;;;;;;;;;
612;Nucleus of the lateral lemniscus;0;0;um2;0;0;0;um2;0;;;;;;;;;;;;;;
82;Nucleus of the lateral lemniscus, dorsal part;0;0;um2;0;0;0;um2;0;;;;;;;;;;;;;;
90;Nucleus of the lateral lemniscus, horizontal part;0;0;um2;0;0;0;um2;0;;;;;;;;;;;;;;
99;Nucleus of the lateral lemniscus, ventral part;0;0;um2;0;0;0;um2;0;;;;;;;;;;;;;;
7;Principal sensory nucleus of the trigeminal;0;0;um2;0;0;0;um2;0;;;;;;;;;;;;;;
867;Parabrachial nucleus;0;0;um2;0;0;0;um2;0;;;;;;;;;;;;;;
123;Koelliker-Fuse subnucleus;0;0;um2;0;0;0;um2;0;;;;;;;;;;;;;;
881;Parabrachial nucleus, lateral division;0;0;um2;0;0;0;um2;0;;;;;;;;;;;;;;
860;Parabrachial nucleus, lateral division, central lateral part;0;0;um2;0;0;0;um2;0;;;;;;;;;;;;;;
868;Parabrachial nucleus, lateral division, dorsal lateral part;0;0;um2;0;0;0;um2;0;;;;;;;;;;;;;;
875;Parabrachial nucleus, lateral division, external lateral part;0;0;um2;0;0;0;um2;0;;;;;;;;;;;;;;
883;Parabrachial nucleus, lateral division, superior lateral part;0;0;um2;0;0;0;um2;0;;;;;;;;;;;;;;
891;Parabrachial nucleus, lateral division, ventral lateral part;0;0;um2;0;0;0;um2;0;;;;;;;;;;;;;;
890;Parabrachial nucleus, medial division;0;0;um2;0;0;0;um2;0;;;;;;;;;;;;;;
899;Parabrachial nucleus, medial division, external medial part;0;0;um2;0;0;0;um2;0;;;;;;;;;;;;;;
915;Parabrachial nucleus, medial division, medial medial part;0;0;um2;0;0;0;um2;0;;;;;;;;;;;;;;
923;Parabrachial nucleus, medial division, ventral medial part;0;0;um2;0;0;0;um2;0;;;;;;;;;;;;;;
398;Superior olivary complex;0;0;um2;0;0;0;um2;0;;;;;;;;;;;;;;
122;Superior olivary complex, periolivary region;0;0;um2;0;0;0;um2;0;;;;;;;;;;;;;;
105;Superior olivary complex, medial part;0;0;um2;0;0;0;um2;0;;;;;;;;;;;;;;
114;Superior olivary complex, lateral part;0;0;um2;0;0;0;um2;0;;;;;;;;;;;;;;
987;Pons, motor related;0;0;um2;0;0;0;um2;0;;;;;;;;;;;;;;
280;Barrington's nucleus;0;0;um2;0;0;0;um2;0;;;;;;;;;;;;;;
880;Dorsal tegmental nucleus;0;0;um2;0;0;0;um2;0;;;;;;;;;;;;;;
283;Lateral tegmental nucleus;0;0;um2;0;0;0;um2;0;;;;;;;;;;;;;;
599626927;Posterodorsal tegmental nucleus;0;0;um2;0;0;0;um2;0;;;;;;;;;;;;;;
898;Pontine central gray;0;0;um2;0;0;0;um2;0;;;;;;;;;;;;;;
931;Pontine gray;740907;740907.480225;um2;492;20158;20158;um2;0.027207;;;;;;;;;;;;;;
1093;Pontine reticular nucleus, caudal part;0;0;um2;0;0;0;um2;0;;;;;;;;;;;;;;
552;Pontine reticular nucleus, ventral part;0;0;um2;0;0;0;um2;0;;;;;;;;;;;;;;
318;Supragenual nucleus;0;0;um2;0;0;0;um2;0;;;;;;;;;;;;;;
462;Superior salivatory nucleus;0;0;um2;0;0;0;um2;0;;;;;;;;;;;;;;
534;Supratrigeminal nucleus;0;0;um2;0;0;0;um2;0;;;;;;;;;;;;;;
574;Tegmental reticular nucleus;0;0;um2;0;0;0;um2;0;;;;;;;;;;;;;;
621;Motor nucleus of trigeminal;0;0;um2;0;0;0;um2;0;;;;;;;;;;;;;;
549009215;Peritrigeminal zone;0;0;um2;0;0;0;um2;0;;;;;;;;;;;;;;
549009219;Accessory trigeminal nucleus;0;0;um2;0;0;0;um2;0;;;;;;;;;;;;;;
549009223;Parvicellular motor 5 nucleus;0;0;um2;0;0;0;um2;0;;;;;;;;;;;;;;
549009227;Intertrigeminal nucleus;0;0;um2;0;0;0;um2;0;;;;;;;;;;;;;;
1117;Pons, behavioral state related;0;0;um2;0;0;0;um2;0;;;;;;;;;;;;;;
679;Superior central nucleus raphe;0;0;um2;0;0;0;um2;0;;;;;;;;;;;;;;
137;Superior central nucleus raphe, lateral part;0;0;um2;0;0;0;um2;0;;;;;;;;;;;;;;
130;Superior central nucleus raphe, medial part;0;0;um2;0;0;0;um2;0;;;;;;;;;;;;;;
147;Locus ceruleus;0;0;um2;0;0;0;um2;0;;;;;;;;;;;;;;
162;Laterodorsal tegmental nucleus;0;0;um2;0;0;0;um2;0;;;;;;;;;;;;;;
604;Nucleus incertus;0;0;um2;0;0;0;um2;0;;;;;;;;;;;;;;
146;Pontine reticular nucleus;247578;247577.758301;um2;98;2874;2874;um2;0.011608;;;;;;;;;;;;;;
238;Nucleus raphe pontis;0;0;um2;0;0;0;um2;0;;;;;;;;;;;;;;
350;Subceruleus nucleus;0;0;um2;0;0;0;um2;0;;;;;;;;;;;;;;
358;Sublaterodorsal nucleus;0;0;um2;0;0;0;um2;0;;;;;;;;;;;;;;
354;Medulla;0;0;um2;0;0;0;um2;0;;;;;;;;;;;;;;
386;Medulla, sensory related;0;0;um2;0;0;0;um2;0;;;;;;;;;;;;;;
207;Area postrema;0;0;um2;0;0;0;um2;0;;;;;;;;;;;;;;
607;Cochlear nuclei;0;0;um2;0;0;0;um2;0;;;;;;;;;;;;;;
112;Granular lamina of the cochlear nuclei;0;0;um2;0;0;0;um2;0;;;;;;;;;;;;;;
560;Cochlear nucleus, subpedunclular granular region;0;0;um2;0;0;0;um2;0;;;;;;;;;;;;;;
96;Dorsal cochlear nucleus;0;0;um2;0;0;0;um2;0;;;;;;;;;;;;;;
101;Ventral cochlear nucleus;0;0;um2;0;0;0;um2;0;;;;;;;;;;;;;;
720;Dorsal column nuclei;0;0;um2;0;0;0;um2;0;;;;;;;;;;;;;;
711;Cuneate nucleus;0;0;um2;0;0;0;um2;0;;;;;;;;;;;;;;
1039;Gracile nucleus;0;0;um2;0;0;0;um2;0;;;;;;;;;;;;;;
903;External cuneate nucleus;0;0;um2;0;0;0;um2;0;;;;;;;;;;;;;;
642;Nucleus of the trapezoid body;0;0;um2;0;0;0;um2;0;;;;;;;;;;;;;;
651;Nucleus of the solitary tract;0;0;um2;0;0;0;um2;0;;;;;;;;;;;;;;
659;Nucleus of the solitary tract, central part;0;0;um2;0;0;0;um2;0;;;;;;;;;;;;;;
666;Nucleus of the solitary tract, commissural part;0;0;um2;0;0;0;um2;0;;;;;;;;;;;;;;
674;Nucleus of the solitary tract, gelatinous part;0;0;um2;0;0;0;um2;0;;;;;;;;;;;;;;
682;Nucleus of the solitary tract, lateral part;0;0;um2;0;0;0;um2;0;;;;;;;;;;;;;;
691;Nucleus of the solitary tract, medial part;0;0;um2;0;0;0;um2;0;;;;;;;;;;;;;;
429;Spinal nucleus of the trigeminal, caudal part;0;0;um2;0;0;0;um2;0;;;;;;;;;;;;;;
437;Spinal nucleus of the trigeminal, interpolar part;0;0;um2;0;0;0;um2;0;;;;;;;;;;;;;;
445;Spinal nucleus of the trigeminal, oral part;0;0;um2;0;0;0;um2;0;;;;;;;;;;;;;;
77;Spinal nucleus of the trigeminal, oral part, caudal dorsomedial part;0;0;um2;0;0;0;um2;0;;;;;;;;;;;;;;
53;Spinal nucleus of the trigeminal, oral part, middle dorsomedial part, dorsal zone;0;0;um2;0;0;0;um2;0;;;;;;;;;;;;;;
61;Spinal nucleus of the trigeminal, oral part, middle dorsomedial part, ventral zone;0;0;um2;0;0;0;um2;0;;;;;;;;;;;;;;
45;Spinal nucleus of the trigeminal, oral part, rostral dorsomedial part;0;0;um2;0;0;0;um2;0;;;;;;;;;;;;;;
69;Spinal nucleus of the trigeminal, oral part, ventrolateral part;0;0;um2;0;0;0;um2;0;;;;;;;;;;;;;;
589508451;Paratrigeminal nucleus;0;0;um2;0;0;0;um2;0;;;;;;;;;;;;;;
789;Nucleus z;0;0;um2;0;0;0;um2;0;;;;;;;;;;;;;;
370;Medulla, motor related;0;0;um2;0;0;0;um2;0;;;;;;;;;;;;;;
653;Abducens nucleus;0;0;um2;0;0;0;um2;0;;;;;;;;;;;;;;
568;Accessory abducens nucleus;0;0;um2;0;0;0;um2;0;;;;;;;;;;;;;;
661;Facial motor nucleus;0;0;um2;0;0;0;um2;0;;;;;;;;;;;;;;
576;Accessory facial motor nucleus;0;0;um2;0;0;0;um2;0;;;;;;;;;;;;;;
640;Efferent vestibular nucleus;0;0;um2;0;0;0;um2;0;;;;;;;;;;;;;;
135;Nucleus ambiguus;0;0;um2;0;0;0;um2;0;;;;;;;;;;;;;;
939;Nucleus ambiguus, dorsal division;0;0;um2;0;0;0;um2;0;;;;;;;;;;;;;;
143;Nucleus ambiguus, ventral division;0;0;um2;0;0;0;um2;0;;;;;;;;;;;;;;
839;Dorsal motor nucleus of the vagus nerve;0;0;um2;0;0;0;um2;0;;;;;;;;;;;;;;
887;Efferent cochlear group;0;0;um2;0;0;0;um2;0;;;;;;;;;;;;;;
1048;Gigantocellular reticular nucleus;0;0;um2;0;0;0;um2;0;;;;;;;;;;;;;;
372;Infracerebellar nucleus;0;0;um2;0;0;0;um2;0;;;;;;;;;;;;;;
83;Inferior olivary complex;0;0;um2;0;0;0;um2;0;;;;;;;;;;;;;;
136;Intermediate reticular nucleus;0;0;um2;0;0;0;um2;0;;;;;;;;;;;;;;
106;Inferior salivatory nucleus;0;0;um2;0;0;0;um2;0;;;;;;;;;;;;;;
203;Linear nucleus of the medulla;0;0;um2;0;0;0;um2;0;;;;;;;;;;;;;;
235;Lateral reticular nucleus;0;0;um2;0;0;0;um2;0;;;;;;;;;;;;;;
955;Lateral reticular nucleus, magnocellular part;0;0;um2;0;0;0;um2;0;;;;;;;;;;;;;;
963;Lateral reticular nucleus, parvicellular part;0;0;um2;0;0;0;um2;0;;;;;;;;;;;;;;
307;Magnocellular reticular nucleus;0;0;um2;0;0;0;um2;0;;;;;;;;;;;;;;
395;Medullary reticular nucleus;0;0;um2;0;0;0;um2;0;;;;;;;;;;;;;;
1098;Medullary reticular nucleus, dorsal part;0;0;um2;0;0;0;um2;0;;;;;;;;;;;;;;
1107;Medullary reticular nucleus, ventral part;0;0;um2;0;0;0;um2;0;;;;;;;;;;;;;;
852;Parvicellular reticular nucleus;0;0;um2;0;0;0;um2;0;;;;;;;;;;;;;;
859;Parasolitary nucleus;0;0;um2;0;0;0;um2;0;;;;;;;;;;;;;;
938;Paragigantocellular reticular nucleus;0;0;um2;0;0;0;um2;0;;;;;;;;;;;;;;
970;Paragigantocellular reticular nucleus, dorsal part;0;0;um2;0;0;0;um2;0;;;;;;;;;;;;;;
978;Paragigantocellular reticular nucleus, lateral part;0;0;um2;0;0;0;um2;0;;;;;;;;;;;;;;
154;Perihypoglossal nuclei;0;0;um2;0;0;0;um2;0;;;;;;;;;;;;;;
161;Nucleus intercalatus;0;0;um2;0;0;0;um2;0;;;;;;;;;;;;;;
177;Nucleus of Roller;0;0;um2;0;0;0;um2;0;;;;;;;;;;;;;;
169;Nucleus prepositus;0;0;um2;0;0;0;um2;0;;;;;;;;;;;;;;
995;Paramedian reticular nucleus;0;0;um2;0;0;0;um2;0;;;;;;;;;;;;;;
1069;Parapyramidal nucleus;0;0;um2;0;0;0;um2;0;;;;;;;;;;;;;;
185;Parapyramidal nucleus, deep part;0;0;um2;0;0;0;um2;0;;;;;;;;;;;;;;
193;Parapyramidal nucleus, superficial part;0;0;um2;0;0;0;um2;0;;;;;;;;;;;;;;
701;Vestibular nuclei;0;0;um2;0;0;0;um2;0;;;;;;;;;;;;;;
209;Lateral vestibular nucleus;0;0;um2;0;0;0;um2;0;;;;;;;;;;;;;;
202;Medial vestibular nucleus;0;0;um2;0;0;0;um2;0;;;;;;;;;;;;;;
225;Spinal vestibular nucleus;0;0;um2;0;0;0;um2;0;;;;;;;;;;;;;;
217;Superior vestibular nucleus;0;0;um2;0;0;0;um2;0;;;;;;;;;;;;;;
765;Nucleus x;0;0;um2;0;0;0;um2;0;;;;;;;;;;;;;;
773;Hypoglossal nucleus;0;0;um2;0;0;0;um2;0;;;;;;;;;;;;;;
781;Nucleus y;0;0;um2;0;0;0;um2;0;;;;;;;;;;;;;;
76;Interstitial nucleus of the vestibular nerve;0;0;um2;0;0;0;um2;0;;;;;;;;;;;;;;
379;Medulla, behavioral state related;0;0;um2;0;0;0;um2;0;;;;;;;;;;;;;;
206;Nucleus raphe magnus;0;0;um2;0;0;0;um2;0;;;;;;;;;;;;;;
230;Nucleus raphe pallidus;0;0;um2;0;0;0;um2;0;;;;;;;;;;;;;;
222;Nucleus raphe obscurus;0;0;um2;0;0;0;um2;0;;;;;;;;;;;;;;
512;Cerebellum;13146;13145.721680;um2;0;0;0;um2;0;;;;;;;;;;;;;;
528;Cerebellar cortex;0;0;um2;0;0;0;um2;0;;;;;;;;;;;;;;
1144;Cerebellar cortex, molecular layer;0;0;um2;0;0;0;um2;0;;;;;;;;;;;;;;
1145;Cerebellar cortex, Purkinje layer;0;0;um2;0;0;0;um2;0;;;;;;;;;;;;;;
1143;Cerebellar cortex, granular layer;0;0;um2;0;0;0;um2;0;;;;;;;;;;;;;;
645;Vermal regions;0;0;um2;0;0;0;um2;0;;;;;;;;;;;;;;
912;Lingula (I);0;0;um2;0;0;0;um2;0;;;;;;;;;;;;;;
10707;Lingula (I), molecular layer;0;0;um2;0;0;0;um2;0;;;;;;;;;;;;;;
10706;Lingula (I), Purkinje layer;0;0;um2;0;0;0;um2;0;;;;;;;;;;;;;;
10705;Lingula (I), granular layer;0;0;um2;0;0;0;um2;0;;;;;;;;;;;;;;
920;Central lobule;0;0;um2;0;0;0;um2;0;;;;;;;;;;;;;;
976;Lobule II;0;0;um2;0;0;0;um2;0;;;;;;;;;;;;;;
10710;Lobule II, molecular layer;0;0;um2;0;0;0;um2;0;;;;;;;;;;;;;;
10709;Lobule II, Purkinje layer;0;0;um2;0;0;0;um2;0;;;;;;;;;;;;;;
10708;Lobule II, granular layer;0;0;um2;0;0;0;um2;0;;;;;;;;;;;;;;
984;Lobule III;0;0;um2;0;0;0;um2;0;;;;;;;;;;;;;;
10713;Lobule III, molecular layer;0;0;um2;0;0;0;um2;0;;;;;;;;;;;;;;
10712;Lobule III, Purkinje layer;0;0;um2;0;0;0;um2;0;;;;;;;;;;;;;;
10711;Lobule III, granular layer;0;0;um2;0;0;0;um2;0;;;;;;;;;;;;;;
928;Culmen;0;0;um2;0;0;0;um2;0;;;;;;;;;;;;;;
992;Lobule IV;0;0;um2;0;0;0;um2;0;;;;;;;;;;;;;;
10716;Lobule IV, molecular layer;0;0;um2;0;0;0;um2;0;;;;;;;;;;;;;;
10715;Lobule IV, Purkinje layer;0;0;um2;0;0;0;um2;0;;;;;;;;;;;;;;
10714;Lobule IV, granular layer;0;0;um2;0;0;0;um2;0;;;;;;;;;;;;;;
1001;Lobule V;0;0;um2;0;0;0;um2;0;;;;;;;;;;;;;;
10719;Lobule V, molecular layer;0;0;um2;0;0;0;um2;0;;;;;;;;;;;;;;
10718;Lobule V, Purkinje layer;0;0;um2;0;0;0;um2;0;;;;;;;;;;;;;;
10717;Lobule V, granular layer;0;0;um2;0;0;0;um2;0;;;;;;;;;;;;;;
1091;Lobules IV-V;0;0;um2;0;0;0;um2;0;;;;;;;;;;;;;;
10722;Lobules IV-V, molecular layer;0;0;um2;0;0;0;um2;0;;;;;;;;;;;;;;
10721;Lobules IV-V, Purkinje layer;0;0;um2;0;0;0;um2;0;;;;;;;;;;;;;;
10720;Lobules IV-V, granular layer;0;0;um2;0;0;0;um2;0;;;;;;;;;;;;;;
936;Declive (VI);0;0;um2;0;0;0;um2;0;;;;;;;;;;;;;;
10725;Declive (VI), molecular layer;0;0;um2;0;0;0;um2;0;;;;;;;;;;;;;;
10724;Declive (VI), Purkinje layer;0;0;um2;0;0;0;um2;0;;;;;;;;;;;;;;
10723;Declive (VI), granular layer;0;0;um2;0;0;0;um2;0;;;;;;;;;;;;;;
944;Folium-tuber vermis (VII);0;0;um2;0;0;0;um2;0;;;;;;;;;;;;;;
10728;Folium-tuber vermis (VII), molecular layer;0;0;um2;0;0;0;um2;0;;;;;;;;;;;;;;
10727;Folium-tuber vermis (VII), Purkinje layer;0;0;um2;0;0;0;um2;0;;;;;;;;;;;;;;
10726;Folium-tuber vermis (VII), granular layer;0;0;um2;0;0;0;um2;0;;;;;;;;;;;;;;
951;Pyramus (VIII);0;0;um2;0;0;0;um2;0;;;;;;;;;;;;;;
10731;Pyramus (VIII), molecular layer;0;0;um2;0;0;0;um2;0;;;;;;;;;;;;;;
10730;Pyramus (VIII), Purkinje layer;0;0;um2;0;0;0;um2;0;;;;;;;;;;;;;;
10729;Pyramus (VIII), granular layer;0;0;um2;0;0;0;um2;0;;;;;;;;;;;;;;
957;Uvula (IX);0;0;um2;0;0;0;um2;0;;;;;;;;;;;;;;
10734;Uvula (IX), molecular layer;0;0;um2;0;0;0;um2;0;;;;;;;;;;;;;;
10733;Uvula (IX), Purkinje layer;0;0;um2;0;0;0;um2;0;;;;;;;;;;;;;;
10732;Uvula (IX), granular layer;0;0;um2;0;0;0;um2;0;;;;;;;;;;;;;;
968;Nodulus (X);0;0;um2;0;0;0;um2;0;;;;;;;;;;;;;;
10737;Nodulus (X), molecular layer;0;0;um2;0;0;0;um2;0;;;;;;;;;;;;;;
10736;Nodulus (X), Purkinje layer;0;0;um2;0;0;0;um2;0;;;;;;;;;;;;;;
10735;Nodulus (X), granular layer;0;0;um2;0;0;0;um2;0;;;;;;;;;;;;;;
1073;Hemispheric regions;0;0;um2;0;0;0;um2;0;;;;;;;;;;;;;;
1007;Simple lobule;0;0;um2;0;0;0;um2;0;;;;;;;;;;;;;;
10674;Simple lobule, molecular layer;0;0;um2;0;0;0;um2;0;;;;;;;;;;;;;;
10673;Simple lobule, Purkinje layer;0;0;um2;0;0;0;um2;0;;;;;;;;;;;;;;
10672;Simple lobule, granular layer;0;0;um2;0;0;0;um2;0;;;;;;;;;;;;;;
1017;Ansiform lobule;0;0;um2;0;0;0;um2;0;;;;;;;;;;;;;;
1056;Crus 1;0;0;um2;0;0;0;um2;0;;;;;;;;;;;;;;
10677;Crus 1, molecular layer;0;0;um2;0;0;0;um2;0;;;;;;;;;;;;;;
10676;Crus 1, Purkinje layer;0;0;um2;0;0;0;um2;0;;;;;;;;;;;;;;
10675;Crus 1, granular layer;0;0;um2;0;0;0;um2;0;;;;;;;;;;;;;;
1064;Crus 2;0;0;um2;0;0;0;um2;0;;;;;;;;;;;;;;
10680;Crus 2, molecular layer;0;0;um2;0;0;0;um2;0;;;;;;;;;;;;;;
10679;Crus 2, Purkinje layer;0;0;um2;0;0;0;um2;0;;;;;;;;;;;;;;
10678;Crus 2, granular layer;0;0;um2;0;0;0;um2;0;;;;;;;;;;;;;;
1025;Paramedian lobule;0;0;um2;0;0;0;um2;0;;;;;;;;;;;;;;
10683;Paramedian lobule, molecular layer;0;0;um2;0;0;0;um2;0;;;;;;;;;;;;;;
10682;Paramedian lobule, Purkinje layer;0;0;um2;0;0;0;um2;0;;;;;;;;;;;;;;
10681;Paramedian lobule, granular layer;0;0;um2;0;0;0;um2;0;;;;;;;;;;;;;;
1033;Copula pyramidis;0;0;um2;0;0;0;um2;0;;;;;;;;;;;;;;
10686;Copula pyramidis, molecular layer;0;0;um2;0;0;0;um2;0;;;;;;;;;;;;;;
10685;Copula pyramidis, Purkinje layer;0;0;um2;0;0;0;um2;0;;;;;;;;;;;;;;
10684;Copula pyramidis, granular layer;0;0;um2;0;0;0;um2;0;;;;;;;;;;;;;;
1041;Paraflocculus;0;0;um2;0;0;0;um2;0;;;;;;;;;;;;;;
10689;Paraflocculus, molecular layer;0;0;um2;0;0;0;um2;0;;;;;;;;;;;;;;
10688;Paraflocculus, Purkinje layer;0;0;um2;0;0;0;um2;0;;;;;;;;;;;;;;
10687;Paraflocculus, granular layer;0;0;um2;0;0;0;um2;0;;;;;;;;;;;;;;
1049;Flocculus;0;0;um2;0;0;0;um2;0;;;;;;;;;;;;;;
10692;Flocculus, molecular layer;0;0;um2;0;0;0;um2;0;;;;;;;;;;;;;;
10691;Flocculus, Purkinje layer;0;0;um2;0;0;0;um2;0;;;;;;;;;;;;;;
10690;Flocculus, granular layer;0;0;um2;0;0;0;um2;0;;;;;;;;;;;;;;
519;Cerebellar nuclei;0;0;um2;0;0;0;um2;0;;;;;;;;;;;;;;
989;Fastigial nucleus;0;0;um2;0;0;0;um2;0;;;;;;;;;;;;;;
91;Interposed nucleus;0;0;um2;0;0;0;um2;0;;;;;;;;;;;;;;
846;Dentate nucleus;0;0;um2;0;0;0;um2;0;;;;;;;;;;;;;;
589508455;Vestibulocerebellar nucleus;0;0;um2;0;0;0;um2;0;;;;;;;;;;;;;;
1009;fiber tracts;6064334;6064333.518066;um2;532;20826;20826;um2;0.003434;;;;;;;;;;;;;;
967;cranial nerves;0;0;um2;0;0;0;um2;0;;;;;;;;;;;;;;
885;terminal nerve;0;0;um2;0;0;0;um2;0;;;;;;;;;;;;;;
949;vomeronasal nerve;0;0;um2;0;0;0;um2;0;;;;;;;;;;;;;;
840;olfactory nerve;0;0;um2;0;0;0;um2;0;;;;;;;;;;;;;;
1016;olfactory nerve layer of main olfactory bulb;15974;15974.344727;um2;0;0;0;um2;0;;;;;;;;;;;;;;
21;lateral olfactory tract, general;0;0;um2;0;0;0;um2;0;;;;;;;;;;;;;;
665;lateral olfactory tract, body;5007806;5007805.659454;um2;179;6297;6297;um2;0.001257;;;;;;;;;;;;;;
538;dorsal limb;315507;315507.293457;um2;207;17840;17840;um2;0.056544;;;;;;;;;;;;;;
459;accessory olfactory tract;0;0;um2;0;0;0;um2;0;;;;;;;;;;;;;;
900;anterior commissure, olfactory limb;4851974;4851973.605225;um2;651;35316;35316;um2;0.007279;;;;;;;;;;;;;;
848;optic nerve;407029;407028.623810;um2;0;0;0;um2;0;;;;;;;;;;;;;;
876;accessory optic tract;0;0;um2;0;0;0;um2;0;;;;;;;;;;;;;;
916;brachium of the superior colliculus;471788;471788.306274;um2;17;429;429;um2;0.000909;;;;;;;;;;;;;;
336;superior colliculus commissure;0;0;um2;0;0;0;um2;0;;;;;;;;;;;;;;
117;optic chiasm;2817256;2817255.505341;um2;10;284;284;um2;0.000101;;;;;;;;;;;;;;
125;optic tract;2284468;2284467.905731;um2;59;1767;1767;um2;0.000773;;;;;;;;;;;;;;
357;tectothalamic pathway;0;0;um2;0;0;0;um2;0;;;;;;;;;;;;;;
832;oculomotor nerve;0;0;um2;0;0;0;um2;0;;;;;;;;;;;;;;
62;medial longitudinal fascicle;36293;36292.599487;um2;12;316;316;um2;0.008707;;;;;;;;;;;;;;
158;posterior commissure;140012;140012.463593;um2;38;1445;1445;um2;0.010321;;;;;;;;;;;;;;
911;trochlear nerve;0;0;um2;0;0;0;um2;0;;;;;;;;;;;;;;
384;trochlear nerve decussation;0;0;um2;0;0;0;um2;0;;;;;;;;;;;;;;
710;abducens nerve;0;0;um2;0;0;0;um2;0;;;;;;;;;;;;;;
901;trigeminal nerve;0;0;um2;0;0;0;um2;0;;;;;;;;;;;;;;
93;motor root of the trigeminal nerve;0;0;um2;0;0;0;um2;0;;;;;;;;;;;;;;
229;sensory root of the trigeminal nerve;0;0;um2;0;0;0;um2;0;;;;;;;;;;;;;;
705;midbrain tract of the trigeminal nerve;0;0;um2;0;0;0;um2;0;;;;;;;;;;;;;;
794;spinal tract of the trigeminal nerve;0;0;um2;0;0;0;um2;0;;;;;;;;;;;;;;
798;facial nerve;0;0;um2;0;0;0;um2;0;;;;;;;;;;;;;;
1131;intermediate nerve;0;0;um2;0;0;0;um2;0;;;;;;;;;;;;;;
1116;genu of the facial nerve;0;0;um2;0;0;0;um2;0;;;;;;;;;;;;;;
933;vestibulocochlear nerve;0;0;um2;0;0;0;um2;0;;;;;;;;;;;;;;
1076;efferent cochleovestibular bundle;0;0;um2;0;0;0;um2;0;;;;;;;;;;;;;;
413;vestibular nerve;0;0;um2;0;0;0;um2;0;;;;;;;;;;;;;;
948;cochlear nerve;0;0;um2;0;0;0;um2;0;;;;;;;;;;;;;;
841;trapezoid body;0;0;um2;0;0;0;um2;0;;;;;;;;;;;;;;
641;intermediate acoustic stria;0;0;um2;0;0;0;um2;0;;;;;;;;;;;;;;
506;dorsal acoustic stria;0;0;um2;0;0;0;um2;0;;;;;;;;;;;;;;
658;lateral lemniscus;0;0;um2;0;0;0;um2;0;;;;;;;;;;;;;;
633;inferior colliculus commissure;0;0;um2;0;0;0;um2;0;;;;;;;;;;;;;;
482;brachium of the inferior colliculus;154334;154334.066589;um2;15;300;300;um2;0.001944;;;;;;;;;;;;;;
808;glossopharyngeal nerve;0;0;um2;0;0;0;um2;0;;;;;;;;;;;;;;
917;vagus nerve;0;0;um2;0;0;0;um2;0;;;;;;;;;;;;;;
237;solitary tract;0;0;um2;0;0;0;um2;0;;;;;;;;;;;;;;
717;accessory spinal nerve;0;0;um2;0;0;0;um2;0;;;;;;;;;;;;;;
813;hypoglossal nerve;0;0;um2;0;0;0;um2;0;;;;;;;;;;;;;;
925;ventral roots;0;0;um2;0;0;0;um2;0;;;;;;;;;;;;;;
792;dorsal roots;0;0;um2;0;0;0;um2;0;;;;;;;;;;;;;;
932;cervicothalamic tract;0;0;um2;0;0;0;um2;0;;;;;;;;;;;;;;
570;dorsolateral fascicle;0;0;um2;0;0;0;um2;0;;;;;;;;;;;;;;
522;dorsal commissure of the spinal cord;0;0;um2;0;0;0;um2;0;;;;;;;;;;;;;;
858;ventral commissure of the spinal cord;0;0;um2;0;0;0;um2;0;;;;;;;;;;;;;;
586;fasciculus proprius;0;0;um2;0;0;0;um2;0;;;;;;;;;;;;;;
514;dorsal column;0;0;um2;0;0;0;um2;0;;;;;;;;;;;;;;
380;cuneate fascicle;0;0;um2;0;0;0;um2;0;;;;;;;;;;;;;;
388;gracile fascicle;0;0;um2;0;0;0;um2;0;;;;;;;;;;;;;;
396;internal arcuate fibers;0;0;um2;0;0;0;um2;0;;;;;;;;;;;;;;
697;medial lemniscus;924344;924343.646759;um2;100;2200;2200;um2;0.002380;;;;;;;;;;;;;;
871;spinothalamic tract;0;0;um2;0;0;0;um2;0;;;;;;;;;;;;;;
29;lateral spinothalamic tract;0;0;um2;0;0;0;um2;0;;;;;;;;;;;;;;
389;ventral spinothalamic tract;0;0;um2;0;0;0;um2;0;;;;;;;;;;;;;;
245;spinocervical tract;0;0;um2;0;0;0;um2;0;;;;;;;;;;;;;;
261;spino-olivary pathway;0;0;um2;0;0;0;um2;0;;;;;;;;;;;;;;
270;spinoreticular pathway;0;0;um2;0;0;0;um2;0;;;;;;;;;;;;;;
293;spinovestibular pathway;0;0;um2;0;0;0;um2;0;;;;;;;;;;;;;;
277;spinotectal pathway;0;0;um2;0;0;0;um2;0;;;;;;;;;;;;;;
253;spinohypothalamic pathway;0;0;um2;0;0;0;um2;0;;;;;;;;;;;;;;
285;spinotelenchephalic pathway;0;0;um2;0;0;0;um2;0;;;;;;;;;;;;;;
627;hypothalamohypophysial tract;0;0;um2;0;0;0;um2;0;;;;;;;;;;;;;;
960;cerebellum related fiber tracts;0;0;um2;0;0;0;um2;0;;;;;;;;;;;;;;
744;cerebellar commissure;0;0;um2;0;0;0;um2;0;;;;;;;;;;;;;;
752;cerebellar peduncles;0;0;um2;0;0;0;um2;0;;;;;;;;;;;;;;
326;superior cerebelar peduncles;0;0;um2;0;0;0;um2;0;;;;;;;;;;;;;;
812;superior cerebellar peduncle decussation;0;0;um2;0;0;0;um2;0;;;;;;;;;;;;;;
85;spinocerebellar tract;0;0;um2;0;0;0;um2;0;;;;;;;;;;;;;;
850;uncinate fascicle;0;0;um2;0;0;0;um2;0;;;;;;;;;;;;;;
866;ventral spinocerebellar tract;0;0;um2;0;0;0;um2;0;;;;;;;;;;;;;;
78;middle cerebellar peduncle;209601;209601.229004;um2;5;75;75;um2;0.000358;;;;;;;;;;;;;;
1123;inferior cerebellar peduncle;0;0;um2;0;0;0;um2;0;;;;;;;;;;;;;;
553;dorsal spinocerebellar tract;0;0;um2;0;0;0;um2;0;;;;;;;;;;;;;;
499;cuneocerebellar tract;0;0;um2;0;0;0;um2;0;;;;;;;;;;;;;;
650;juxtarestiform body;0;0;um2;0;0;0;um2;0;;;;;;;;;;;;;;
490;bulbocerebellar tract;0;0;um2;0;0;0;um2;0;;;;;;;;;;;;;;
404;olivocerebellar tract;0;0;um2;0;0;0;um2;0;;;;;;;;;;;;;;
410;reticulocerebellar tract;0;0;um2;0;0;0;um2;0;;;;;;;;;;;;;;
373;trigeminocerebellar tract;0;0;um2;0;0;0;um2;0;;;;;;;;;;;;;;
728;arbor vitae;0;0;um2;0;0;0;um2;0;;;;;;;;;;;;;;
484682512;supra-callosal cerebral white matter;3957677;3957677.022766;um2;357;10749;10749;um2;0.002716;;;;;;;;;;;;;;
983;lateral forebrain bundle system;0;0;um2;0;0;0;um2;0;;;;;;;;;;;;;;
776;corpus callosum;0;0;um2;0;0;0;um2;0;;;;;;;;;;;;;;
956;corpus callosum, anterior forceps;5048450;5048449.724579;um2;496;21568;21568;um2;0.004272;;;;;;;;;;;;;;
579;external capsule;2478121;2478121.102448;um2;1384;60787;60787;um2;0.024529;;;;;;;;;;;;;;
964;corpus callosum, extreme capsule;246525;246525.249603;um2;314;17492;17492;um2;0.070954;;;;;;;;;;;;;;
1108;genu of corpus callosum;3690648;3690647.638214;um2;115;4810;4810;um2;0.001303;;;;;;;;;;;;;;
971;corpus callosum, posterior forceps;2551295;2551295.432251;um2;380;13694;13694;um2;0.005367;;;;;;;;;;;;;;
979;corpus callosum, rostrum;0;0;um2;0;0;0;um2;0;;;;;;;;;;;;;;
484682516;corpus callosum, body;12480555;12480554.903107;um2;633;16601;16601;um2;0.001330;;;;;;;;;;;;;;
986;corpus callosum, splenium;1667025;1667024.914642;um2;39;869;869;um2;0.000521;;;;;;;;;;;;;;
784;corticospinal tract;0;0;um2;0;0;0;um2;0;;;;;;;;;;;;;;
6;internal capsule;6798237;6798236.856079;um2;557;18025;18025;um2;0.002651;;;;;;;;;;;;;;
924;cerebal peduncle;1836790;1836790.210419;um2;159;4214;4214;um2;0.002294;;;;;;;;;;;;;;
1036;corticotectal tract;0;0;um2;0;0;0;um2;0;;;;;;;;;;;;;;
1012;corticorubral tract;0;0;um2;0;0;0;um2;0;;;;;;;;;;;;;;
1003;corticopontine tract;0;0;um2;0;0;0;um2;0;;;;;;;;;;;;;;
994;corticobulbar tract;0;0;um2;0;0;0;um2;0;;;;;;;;;;;;;;
190;pyramid;0;0;um2;0;0;0;um2;0;;;;;;;;;;;;;;
198;pyramidal decussation;0;0;um2;0;0;0;um2;0;;;;;;;;;;;;;;
1019;corticospinal tract, crossed;0;0;um2;0;0;0;um2;0;;;;;;;;;;;;;;
1028;corticospinal tract, uncrossed;0;0;um2;0;0;0;um2;0;;;;;;;;;;;;;;
896;thalamus related;0;0;um2;0;0;0;um2;0;;;;;;;;;;;;;;
1092;external medullary lamina of the thalamus;356297;356296.957184;um2;65;1439;1439;um2;0.004039;;;;;;;;;;;;;;
14;internal medullary lamina of the thalamus;0;0;um2;0;0;0;um2;0;;;;;;;;;;;;;;
86;middle thalamic commissure;0;0;um2;0;0;0;um2;0;;;;;;;;;;;;;;
365;thalamic peduncles;0;0;um2;0;0;0;um2;0;;;;;;;;;;;;;;
484682520;optic radiation;3790477;3790476.500092;um2;426;16231;16231;um2;0.004282;;;;;;;;;;;;;;
484682524;auditory radiation;1006639;1006639.214325;um2;279;10141;10141;um2;0.010074;;;;;;;;;;;;;;
1000;extrapyramidal fiber systems;0;0;um2;0;0;0;um2;0;;;;;;;;;;;;;;
760;cerebral nuclei related;0;0;um2;0;0;0;um2;0;;;;;;;;;;;;;;
142;pallidothalamic pathway;0;0;um2;0;0;0;um2;0;;;;;;;;;;;;;;
102;nigrostriatal tract;322496;322495.527557;um2;163;6305;6305;um2;0.019551;;;;;;;;;;;;;;
109;nigrothalamic fibers;0;0;um2;0;0;0;um2;0;;;;;;;;;;;;;;
134;pallidotegmental fascicle;0;0;um2;0;0;0;um2;0;;;;;;;;;;;;;;
309;striatonigral pathway;0;0;um2;0;0;0;um2;0;;;;;;;;;;;;;;
317;subthalamic fascicle;0;0;um2;0;0;0;um2;0;;;;;;;;;;;;;;
877;tectospinal pathway;0;0;um2;0;0;0;um2;0;;;;;;;;;;;;;;
1051;direct tectospinal pathway;0;0;um2;0;0;0;um2;0;;;;;;;;;;;;;;
1060;doral tegmental decussation;26329;26329.346130;um2;13;460;460;um2;0.017471;;;;;;;;;;;;;;
1043;crossed tectospinal pathway;87273;87272.985596;um2;9;306;306;um2;0.003506;;;;;;;;;;;;;;
863;rubrospinal tract;221181;221181.196106;um2;56;1657;1657;um2;0.007492;;;;;;;;;;;;;;
397;ventral tegmental decussation;119248;119247.813049;um2;17;376;376;um2;0.003153;;;;;;;;;;;;;;
221;rubroreticular tract;0;0;um2;0;0;0;um2;0;;;;;;;;;;;;;;
736;central tegmental bundle;0;0;um2;0;0;0;um2;0;;;;;;;;;;;;;;
855;retriculospinal tract;0;0;um2;0;0;0;um2;0;;;;;;;;;;;;;;
205;retriculospinal tract, lateral part;0;0;um2;0;0;0;um2;0;;;;;;;;;;;;;;
213;retriculospinal tract, medial part;0;0;um2;0;0;0;um2;0;;;;;;;;;;;;;;
941;vestibulospinal pathway;0;0;um2;0;0;0;um2;0;;;;;;;;;;;;;;
991;medial forebrain bundle system;0;0;um2;0;0;0;um2;0;;;;;;;;;;;;;;
768;cerebrum related;0;0;um2;0;0;0;um2;0;;;;;;;;;;;;;;
884;amygdalar capsule;401740;401740.058105;um2;244;8416;8416;um2;0.020949;;;;;;;;;;;;;;
892;ansa peduncularis;0;0;um2;0;0;0;um2;0;;;;;;;;;;;;;;
908;anterior commissure, temporal limb;1199085;1199084.726990;um2;138;5265;5265;um2;0.004391;;;;;;;;;;;;;;
940;cingulum bundle;4155921;4155920.617432;um2;727;21293;21293;um2;0.005124;;;;;;;;;;;;;;
1099;fornix system;0;0;um2;0;0;0;um2;0;;;;;;;;;;;;;;
466;alveus;3203861;3203861.419312;um2;860;34564;34564;um2;0.010788;;;;;;;;;;;;;;
530;dorsal fornix;137822;137821.754761;um2;13;491;491;um2;0.003563;;;;;;;;;;;;;;
603;fimbria;4837182;4837182.006775;um2;237;10446;10446;um2;0.002160;;;;;;;;;;;;;;
745;precommissural fornix, general;0;0;um2;0;0;0;um2;0;;;;;;;;;;;;;;
420;precommissural fornix diagonal band;0;0;um2;0;0;0;um2;0;;;;;;;;;;;;;;
737;postcommissural fornix;0;0;um2;0;0;0;um2;0;;;;;;;;;;;;;;
428;medial corticohypothalamic tract;32839;32838.904663;um2;6;296;296;um2;0.009014;;;;;;;;;;;;;;
436;columns of the fornix;1253259;1253259.444763;um2;352;17222;17222;um2;0.013742;;;;;;;;;;;;;;
618;hippocampal commissures;0;0;um2;0;0;0;um2;0;;;;;;;;;;;;;;
443;dorsal hippocampal commissure;1861314;1861313.716156;um2;163;4130;4130;um2;0.002219;;;;;;;;;;;;;;
449;ventral hippocampal commissure;169854;169853.505371;um2;5;32;32;um2;0.000188;;;;;;;;;;;;;;
713;perforant path;0;0;um2;0;0;0;um2;0;;;;;;;;;;;;;;
474;angular path;0;0;um2;0;0;0;um2;0;;;;;;;;;;;;;;
37;longitudinal association bundle;0;0;um2;0;0;0;um2;0;;;;;;;;;;;;;;
301;stria terminalis;942546;942546.239136;um2;98;3093;3093;um2;0.003282;;;;;;;;;;;;;;
484682528;commissural branch of stria terminalis;125396;125395.648621;um2;92;4657;4657;um2;0.037138;;;;;;;;;;;;;;
824;hypothalamus related;0;0;um2;0;0;0;um2;0;;;;;;;;;;;;;;
54;medial forebrain bundle;75767;75767.075104;um2;54;2414;2414;um2;0.031861;;;;;;;;;;;;;;
405;ventrolateral hypothalamic tract;0;0;um2;0;0;0;um2;0;;;;;;;;;;;;;;
174;preoptic commissure;0;0;um2;0;0;0;um2;0;;;;;;;;;;;;;;
349;supraoptic commissures;81125;81124.675110;um2;3;24;24;um2;0.000296;;;;;;;;;;;;;;
817;supraoptic commissures, anterior;0;0;um2;0;0;0;um2;0;;;;;;;;;;;;;;
825;supraoptic commissures, dorsal;0;0;um2;0;0;0;um2;0;;;;;;;;;;;;;;
833;supraoptic commissures, ventral;0;0;um2;0;0;0;um2;0;;;;;;;;;;;;;;
166;premammillary commissure;0;0;um2;0;0;0;um2;0;;;;;;;;;;;;;;
341;supramammillary decussation;0;0;um2;0;0;0;um2;0;;;;;;;;;;;;;;
182;propriohypothalamic pathways;0;0;um2;0;0;0;um2;0;;;;;;;;;;;;;;
762;propriohypothalamic pathways, dorsal;0;0;um2;0;0;0;um2;0;;;;;;;;;;;;;;
770;propriohypothalamic pathways, lateral;0;0;um2;0;0;0;um2;0;;;;;;;;;;;;;;
779;propriohypothalamic pathways, medial;0;0;um2;0;0;0;um2;0;;;;;;;;;;;;;;
787;propriohypothalamic pathways, ventral;0;0;um2;0;0;0;um2;0;;;;;;;;;;;;;;
150;periventricular bundle of the hypothalamus;0;0;um2;0;0;0;um2;0;;;;;;;;;;;;;;
46;mammillary related;0;0;um2;0;0;0;um2;0;;;;;;;;;;;;;;
753;principal mammillary tract;97301;97300.543793;um2;70;3289;3289;um2;0.033802;;;;;;;;;;;;;;
690;mammillothalamic tract;353155;353155.182739;um2;184;8436;8436;um2;0.023888;;;;;;;;;;;;;;
681;mammillotegmental tract;127617;127616.563385;um2;70;5804;5804;um2;0.045480;;;;;;;;;;;;;;
673;mammillary peduncle;83964;83963.756073;um2;38;1198;1198;um2;0.014268;;;;;;;;;;;;;;
1068;dorsal thalamus related;0;0;um2;0;0;0;um2;0;;;;;;;;;;;;;;
722;periventricular bundle of the thalamus;0;0;um2;0;0;0;um2;0;;;;;;;;;;;;;;
1083;epithalamus related;0;0;um2;0;0;0;um2;0;;;;;;;;;;;;;;
802;stria medullaris;1168339;1168338.929413;um2;279;11923;11923;um2;0.010205;;;;;;;;;;;;;;
595;fasciculus retroflexus;411777;411777.440948;um2;88;3133;3133;um2;0.007608;;;;;;;;;;;;;;
611;habenular commissure;110792;110791.844788;um2;18;572;572;um2;0.005163;;;;;;;;;;;;;;
730;pineal stalk;0;0;um2;0;0;0;um2;0;;;;;;;;;;;;;;
70;midbrain related;0;0;um2;0;0;0;um2;0;;;;;;;;;;;;;;
547;dorsal longitudinal fascicle;0;0;um2;0;0;0;um2;0;;;;;;;;;;;;;;
563;dorsal tegmental tract;0;0;um2;0;0;0;um2;0;;;;;;;;;;;;;;
73;ventricular systems;0;0;um2;0;0;0;um2;0;;;;;;;;;;;;;;
81;lateral ventricle;7194433;7194432.848846;um2;1176;54906;54906;um2;0.007632;;;;;;;;;;;;;;
89;rhinocele;0;0;um2;0;0;0;um2;0;;;;;;;;;;;;;;
98;subependymal zone;635137;635137.436401;um2;211;10900;10900;um2;0.017162;;;;;;;;;;;;;;
108;choroid plexus;2514271;2514271.100922;um2;45;685;685;um2;0.000272;;;;;;;;;;;;;;
116;choroid fissure;0;0;um2;0;0;0;um2;0;;;;;;;;;;;;;;
124;interventricular foramen;0;0;um2;0;0;0;um2;0;;;;;;;;;;;;;;
129;third ventricle;3420819;3420818.833191;um2;184;6329;6329;um2;0.001850;;;;;;;;;;;;;;
140;cerebral aqueduct;21428;21427.907715;um2;0;0;0;um2;0;;;;;;;;;;;;;;
145;fourth ventricle;0;0;um2;0;0;0;um2;0;;;;;;;;;;;;;;
153;lateral recess;0;0;um2;0;0;0;um2;0;;;;;;;;;;;;;;
164;central canal, spinal cord/medulla;0;0;um2;0;0;0;um2;0;;;;;;;;;;;;;;
1024;grooves;0;0;um2;0;0;0;um2;0;;;;;;;;;;;;;;
1032;grooves of the cerebral cortex;0;0;um2;0;0;0;um2;0;;;;;;;;;;;;;;
1055;endorhinal groove;0;0;um2;0;0;0;um2;0;;;;;;;;;;;;;;
1063;hippocampal fissure;0;0;um2;0;0;0;um2;0;;;;;;;;;;;;;;
1071;rhinal fissure;0;0;um2;0;0;0;um2;0;;;;;;;;;;;;;;
1078;rhinal incisure;0;0;um2;0;0;0;um2;0;;;;;;;;;;;;;;
1040;grooves of the cerebellar cortex;0;0;um2;0;0;0;um2;0;;;;;;;;;;;;;;
1087;precentral fissure;0;0;um2;0;0;0;um2;0;;;;;;;;;;;;;;
1095;preculminate fissure;0;0;um2;0;0;0;um2;0;;;;;;;;;;;;;;
1103;primary fissure;0;0;um2;0;0;0;um2;0;;;;;;;;;;;;;;
1112;posterior superior fissure;0;0;um2;0;0;0;um2;0;;;;;;;;;;;;;;
1119;prepyramidal fissure;0;0;um2;0;0;0;um2;0;;;;;;;;;;;;;;
3;secondary fissure;0;0;um2;0;0;0;um2;0;;;;;;;;;;;;;;
11;posterolateral fissure;0;0;um2;0;0;0;um2;0;;;;;;;;;;;;;;
18;nodular fissure;0;0;um2;0;0;0;um2;0;;;;;;;;;;;;;;
25;simple fissure;0;0;um2;0;0;0;um2;0;;;;;;;;;;;;;;
34;intercrural fissure;0;0;um2;0;0;0;um2;0;;;;;;;;;;;;;;
43;ansoparamedian fissure;0;0;um2;0;0;0;um2;0;;;;;;;;;;;;;;
49;intraparafloccular fissure;0;0;um2;0;0;0;um2;0;;;;;;;;;;;;;;
57;paramedian sulcus;0;0;um2;0;0;0;um2;0;;;;;;;;;;;;;;
65;parafloccular sulcus;0;0;um2;0;0;0;um2;0;;;;;;;;;;;;;;
624;Interpeduncular fossa;0;0;um2;0;0;0;um2;0;;;;;;;;;;;;;;
304325711;retina;0;0;um2;0;0;0;um2;0;;;;;;;;;;;;;;
