Region ID;Region Name;Region pixels;Region area;Area unit;Object count;Object pixels;Object area;Area unit;Load;;;;;;;;;;;;;;
0;Clear Label;0;0;um2;70;1155;1155;um2;0;;;;;;;;;;;;;;
997;root;463768;463768.268036;um2;38;984;984;um2;0.002122;;;;;;;;;;;;;;
8;Basic cell groups and regions;0;0;um2;0;0;0;um2;0;;;;;;;;;;;;;;
567;Cerebrum;0;0;um2;0;0;0;um2;0;;;;;;;;;;;;;;
688;Cerebral cortex;0;0;um2;0;0;0;um2;0;;;;;;;;;;;;;;
695;Cortical plate;0;0;um2;0;0;0;um2;0;;;;;;;;;;;;;;
315;Isocortex;0;0;um2;0;0;0;um2;0;;;;;;;;;;;;;;
184;Frontal pole, cerebral cortex;0;0;um2;0;0;0;um2;0;;;;;;;;;;;;;;
68;Frontal pole, layer 1;0;0;um2;0;0;0;um2;0;;;;;;;;;;;;;;
667;Frontal pole, layer 2/3;0;0;um2;0;0;0;um2;0;;;;;;;;;;;;;;
526157192;Frontal pole, layer 5;0;0;um2;0;0;0;um2;0;;;;;;;;;;;;;;
526157196;Frontal pole, layer 6a;0;0;um2;0;0;0;um2;0;;;;;;;;;;;;;;
526322264;Frontal pole, layer 6b;0;0;um2;0;0;0;um2;0;;;;;;;;;;;;;;
500;Somatomotor areas;0;0;um2;0;0;0;um2;0;;;;;;;;;;;;;;
107;Somatomotor areas, Layer 1;0;0;um2;0;0;0;um2;0;;;;;;;;;;;;;;
219;Somatomotor areas, Layer 2/3;0;0;um2;0;0;0;um2;0;;;;;;;;;;;;;;
299;Somatomotor areas, Layer 5;0;0;um2;0;0;0;um2;0;;;;;;;;;;;;;;
644;Somatomotor areas, Layer 6a;0;0;um2;0;0;0;um2;0;;;;;;;;;;;;;;
947;Somatomotor areas, Layer 6b;0;0;um2;0;0;0;um2;0;;;;;;;;;;;;;;
985;Primary motor area;0;0;um2;0;0;0;um2;0;;;;;;;;;;;;;;
320;Primary motor area, Layer 1;0;0;um2;0;0;0;um2;0;;;;;;;;;;;;;;
943;Primary motor area, Layer 2/3;0;0;um2;0;0;0;um2;0;;;;;;;;;;;;;;
648;Primary motor area, Layer 5;0;0;um2;0;0;0;um2;0;;;;;;;;;;;;;;
844;Primary motor area, Layer 6a;0;0;um2;0;0;0;um2;0;;;;;;;;;;;;;;
882;Primary motor area, Layer 6b;0;0;um2;0;0;0;um2;0;;;;;;;;;;;;;;
993;Secondary motor area;0;0;um2;0;0;0;um2;0;;;;;;;;;;;;;;
656;Secondary motor area, layer 1;0;0;um2;0;0;0;um2;0;;;;;;;;;;;;;;
962;Secondary motor area, layer 2/3;0;0;um2;0;0;0;um2;0;;;;;;;;;;;;;;
767;Secondary motor area, layer 5;0;0;um2;0;0;0;um2;0;;;;;;;;;;;;;;
1021;Secondary motor area, layer 6a;0;0;um2;0;0;0;um2;0;;;;;;;;;;;;;;
1085;Secondary motor area, layer 6b;0;0;um2;0;0;0;um2;0;;;;;;;;;;;;;;
453;Somatosensory areas;0;0;um2;0;0;0;um2;0;;;;;;;;;;;;;;
12993;Somatosensory areas, layer 1;0;0;um2;0;0;0;um2;0;;;;;;;;;;;;;;
12994;Somatosensory areas, layer 2/3;0;0;um2;0;0;0;um2;0;;;;;;;;;;;;;;
12995;Somatosensory areas, layer 4;0;0;um2;0;0;0;um2;0;;;;;;;;;;;;;;
12996;Somatosensory areas, layer 5;0;0;um2;0;0;0;um2;0;;;;;;;;;;;;;;
12997;Somatosensory areas, layer 6a;0;0;um2;0;0;0;um2;0;;;;;;;;;;;;;;
12998;Somatosensory areas, layer 6b;0;0;um2;0;0;0;um2;0;;;;;;;;;;;;;;
322;Primary somatosensory area;0;0;um2;0;0;0;um2;0;;;;;;;;;;;;;;
793;Primary somatosensory area, layer 1;0;0;um2;0;0;0;um2;0;;;;;;;;;;;;;;
346;Primary somatosensory area, layer 2/3;0;0;um2;0;0;0;um2;0;;;;;;;;;;;;;;
865;Primary somatosensory area, layer 4;0;0;um2;0;0;0;um2;0;;;;;;;;;;;;;;
921;Primary somatosensory area, layer 5;0;0;um2;0;0;0;um2;0;;;;;;;;;;;;;;
686;Primary somatosensory area, layer 6a;0;0;um2;0;0;0;um2;0;;;;;;;;;;;;;;
719;Primary somatosensory area, layer 6b;0;0;um2;0;0;0;um2;0;;;;;;;;;;;;;;
353;Primary somatosensory area, nose;0;0;um2;0;0;0;um2;0;;;;;;;;;;;;;;
558;Primary somatosensory area, nose, layer 1;0;0;um2;0;0;0;um2;0;;;;;;;;;;;;;;
838;Primary somatosensory area, nose, layer 2/3;0;0;um2;0;0;0;um2;0;;;;;;;;;;;;;;
654;Primary somatosensory area, nose, layer 4;0;0;um2;0;0;0;um2;0;;;;;;;;;;;;;;
702;Primary somatosensory area, nose, layer 5;0;0;um2;0;0;0;um2;0;;;;;;;;;;;;;;
889;Primary somatosensory area, nose, layer 6a;0;0;um2;0;0;0;um2;0;;;;;;;;;;;;;;
929;Primary somatosensory area, nose, layer 6b;0;0;um2;0;0;0;um2;0;;;;;;;;;;;;;;
329;Primary somatosensory area, barrel field;0;0;um2;0;0;0;um2;0;;;;;;;;;;;;;;
981;Primary somatosensory area, barrel field, layer 1;58215;58215.224884;um2;8;390;390;um2;0.006699;;;;;;;;;;;;;;
201;Primary somatosensory area, barrel field, layer 2/3;131668;131667.991852;um2;74;2860;2860;um2;0.021721;;;;;;;;;;;;;;
1047;Primary somatosensory area, barrel field, layer 4;113305;113304.800110;um2;156;5034;5034;um2;0.044429;;;;;;;;;;;;;;
1070;Primary somatosensory area, barrel field, layer 5;150031;150031.183594;um2;82;2704;2704;um2;0.018023;;;;;;;;;;;;;;
1038;Primary somatosensory area, barrel field, layer 6a;143389;143389.178070;um2;143;4907;4907;um2;0.034222;;;;;;;;;;;;;;
1062;Primary somatosensory area, barrel field, layer 6b;28912;28912.259338;um2;27;931;931;um2;0.032201;;;;;;;;;;;;;;
480149202;Rostrolateral lateral visual area;0;0;um2;0;0;0;um2;0;;;;;;;;;;;;;;
480149206;Rostrolateral lateral visual area, layer 1;0;0;um2;0;0;0;um2;0;;;;;;;;;;;;;;
480149210;Rostrolateral lateral visual area, layer 2/3;0;0;um2;0;0;0;um2;0;;;;;;;;;;;;;;
480149214;Rostrolateral lateral visual area, layer 4;0;0;um2;0;0;0;um2;0;;;;;;;;;;;;;;
480149218;Rostrolateral lateral visual area,layer 5;0;0;um2;0;0;0;um2;0;;;;;;;;;;;;;;
480149222;Rostrolateral lateral visual area, layer 6a;0;0;um2;0;0;0;um2;0;;;;;;;;;;;;;;
480149226;Rostrolateral lateral visual area, layer 6b;0;0;um2;0;0;0;um2;0;;;;;;;;;;;;;;
337;Primary somatosensory area, lower limb;0;0;um2;0;0;0;um2;0;;;;;;;;;;;;;;
1030;Primary somatosensory area, lower limb, layer 1;0;0;um2;0;0;0;um2;0;;;;;;;;;;;;;;
113;Primary somatosensory area, lower limb, layer 2/3;0;0;um2;0;0;0;um2;0;;;;;;;;;;;;;;
1094;Primary somatosensory area, lower limb, layer 4;0;0;um2;0;0;0;um2;0;;;;;;;;;;;;;;
1128;Primary somatosensory area, lower limb, layer 5;0;0;um2;0;0;0;um2;0;;;;;;;;;;;;;;
478;Primary somatosensory area, lower limb, layer 6a;0;0;um2;0;0;0;um2;0;;;;;;;;;;;;;;
510;Primary somatosensory area, lower limb, layer 6b;0;0;um2;0;0;0;um2;0;;;;;;;;;;;;;;
345;Primary somatosensory area, mouth;0;0;um2;0;0;0;um2;0;;;;;;;;;;;;;;
878;Primary somatosensory area, mouth, layer 1;0;0;um2;0;0;0;um2;0;;;;;;;;;;;;;;
657;Primary somatosensory area, mouth, layer 2/3;0;0;um2;0;0;0;um2;0;;;;;;;;;;;;;;
950;Primary somatosensory area, mouth, layer 4;0;0;um2;0;0;0;um2;0;;;;;;;;;;;;;;
974;Primary somatosensory area, mouth, layer 5;0;0;um2;0;0;0;um2;0;;;;;;;;;;;;;;
1102;Primary somatosensory area, mouth, layer 6a;0;0;um2;0;0;0;um2;0;;;;;;;;;;;;;;
2;Primary somatosensory area, mouth, layer 6b;0;0;um2;0;0;0;um2;0;;;;;;;;;;;;;;
369;Primary somatosensory area, upper limb;0;0;um2;0;0;0;um2;0;;;;;;;;;;;;;;
450;Primary somatosensory area, upper limb, layer 1;0;0;um2;0;0;0;um2;0;;;;;;;;;;;;;;
854;Primary somatosensory area, upper limb, layer 2/3;0;0;um2;0;0;0;um2;0;;;;;;;;;;;;;;
577;Primary somatosensory area, upper limb, layer 4;0;0;um2;0;0;0;um2;0;;;;;;;;;;;;;;
625;Primary somatosensory area, upper limb, layer 5;0;0;um2;0;0;0;um2;0;;;;;;;;;;;;;;
945;Primary somatosensory area, upper limb, layer 6a;0;0;um2;0;0;0;um2;0;;;;;;;;;;;;;;
1026;Primary somatosensory area, upper limb, layer 6b;0;0;um2;0;0;0;um2;0;;;;;;;;;;;;;;
361;Primary somatosensory area, trunk;0;0;um2;0;0;0;um2;0;;;;;;;;;;;;;;
1006;Primary somatosensory area, trunk, layer 1;0;0;um2;0;0;0;um2;0;;;;;;;;;;;;;;
670;Primary somatosensory area, trunk, layer 2/3;0;0;um2;0;0;0;um2;0;;;;;;;;;;;;;;
1086;Primary somatosensory area, trunk, layer 4;0;0;um2;0;0;0;um2;0;;;;;;;;;;;;;;
1111;Primary somatosensory area, trunk, layer 5;0;0;um2;0;0;0;um2;0;;;;;;;;;;;;;;
9;Primary somatosensory area, trunk, layer 6a;0;0;um2;0;0;0;um2;0;;;;;;;;;;;;;;
461;Primary somatosensory area, trunk, layer 6b;0;0;um2;0;0;0;um2;0;;;;;;;;;;;;;;
182305689;Primary somatosensory area, unassigned;0;0;um2;0;0;0;um2;0;;;;;;;;;;;;;;
182305693;Primary somatosensory area, unassigned, layer 1;0;0;um2;0;0;0;um2;0;;;;;;;;;;;;;;
182305697;Primary somatosensory area, unassigned, layer 2/3;0;0;um2;0;0;0;um2;0;;;;;;;;;;;;;;
182305701;Primary somatosensory area, unassigned, layer 4;0;0;um2;0;0;0;um2;0;;;;;;;;;;;;;;
182305705;Primary somatosensory area, unassigned, layer 5;0;0;um2;0;0;0;um2;0;;;;;;;;;;;;;;
182305709;Primary somatosensory area, unassigned, layer 6a;0;0;um2;0;0;0;um2;0;;;;;;;;;;;;;;
182305713;Primary somatosensory area, unassigned, layer 6b;0;0;um2;0;0;0;um2;0;;;;;;;;;;;;;;
378;Supplemental somatosensory area;0;0;um2;0;0;0;um2;0;;;;;;;;;;;;;;
873;Supplemental somatosensory area, layer 1;48057;48056.863495;um2;14;586;586;um2;0.012194;;;;;;;;;;;;;;
806;Supplemental somatosensory area, layer 2/3;112523;112523.387695;um2;58;2017;2017;um2;0.017925;;;;;;;;;;;;;;
1035;Supplemental somatosensory area, layer 4;76578;76578.416626;um2;76;2337;2337;um2;0.030518;;;;;;;;;;;;;;
1090;Supplemental somatosensory area, layer 5;130105;130105.167023;um2;95;3508;3508;um2;0.026963;;;;;;;;;;;;;;
862;Supplemental somatosensory area, layer 6a;108616;108616.325623;um2;93;3291;3291;um2;0.030299;;;;;;;;;;;;;;
893;Supplemental somatosensory area, layer 6b;22661;22660.960022;um2;8;296;296;um2;0.013062;;;;;;;;;;;;;;
1057;Gustatory areas;0;0;um2;0;0;0;um2;0;;;;;;;;;;;;;;
36;Gustatory areas, layer 1;0;0;um2;0;0;0;um2;0;;;;;;;;;;;;;;
180;Gustatory areas, layer 2/3;0;0;um2;0;0;0;um2;0;;;;;;;;;;;;;;
148;Gustatory areas, layer 4;0;0;um2;0;0;0;um2;0;;;;;;;;;;;;;;
187;Gustatory areas, layer 5;0;0;um2;0;0;0;um2;0;;;;;;;;;;;;;;
638;Gustatory areas, layer 6a;0;0;um2;0;0;0;um2;0;;;;;;;;;;;;;;
662;Gustatory areas, layer 6b;0;0;um2;0;0;0;um2;0;;;;;;;;;;;;;;
677;Visceral area;0;0;um2;0;0;0;um2;0;;;;;;;;;;;;;;
897;Visceral area, layer 1;0;0;um2;0;0;0;um2;0;;;;;;;;;;;;;;
1106;Visceral area, layer 2/3;0;0;um2;0;0;0;um2;0;;;;;;;;;;;;;;
1010;Visceral area, layer 4;0;0;um2;0;0;0;um2;0;;;;;;;;;;;;;;
1058;Visceral area, layer 5;0;0;um2;0;0;0;um2;0;;;;;;;;;;;;;;
857;Visceral area, layer 6a;0;0;um2;0;0;0;um2;0;;;;;;;;;;;;;;
849;Visceral area, layer 6b;0;0;um2;0;0;0;um2;0;;;;;;;;;;;;;;
247;Auditory areas;0;0;um2;0;0;0;um2;0;;;;;;;;;;;;;;
1011;Dorsal auditory area;0;0;um2;0;0;0;um2;0;;;;;;;;;;;;;;
527;Dorsal auditory area, layer 1;116430;116430.449768;um2;32;1102;1102;um2;0.009465;;;;;;;;;;;;;;
600;Dorsal auditory area, layer 2/3;189102;189101.804321;um2;111;3669;3669;um2;0.019402;;;;;;;;;;;;;;
678;Dorsal auditory area, layer 4;85955;85955.365601;um2;53;1866;1866;um2;0.021709;;;;;;;;;;;;;;
252;Dorsal auditory area, layer 5;224656;224656.069183;um2;172;6288;6288;um2;0.027989;;;;;;;;;;;;;;
156;Dorsal auditory area, layer 6a;154329;154328.951874;um2;157;6093;6093;um2;0.039481;;;;;;;;;;;;;;
243;Dorsal auditory area, layer 6b;22270;22270.253815;um2;15;722;722;um2;0.032420;;;;;;;;;;;;;;
480149230;Laterolateral anterior visual area;0;0;um2;0;0;0;um2;0;;;;;;;;;;;;;;
480149234;Laterolateral anterior visual area, layer 1;0;0;um2;0;0;0;um2;0;;;;;;;;;;;;;;
480149238;Laterolateral anterior visual area, layer 2/3;0;0;um2;0;0;0;um2;0;;;;;;;;;;;;;;
480149242;Laterolateral anterior visual area, layer 4;0;0;um2;0;0;0;um2;0;;;;;;;;;;;;;;
480149246;Laterolateral anterior visual area,layer 5;0;0;um2;0;0;0;um2;0;;;;;;;;;;;;;;
480149250;Laterolateral anterior visual area, layer 6a;0;0;um2;0;0;0;um2;0;;;;;;;;;;;;;;
480149254;Laterolateral anterior visual area, layer 6b;0;0;um2;0;0;0;um2;0;;;;;;;;;;;;;;
1002;Primary auditory area;0;0;um2;0;0;0;um2;0;;;;;;;;;;;;;;
735;Primary auditory area, layer 1;184804;184804.036041;um2;35;1077;1077;um2;0.005828;;;;;;;;;;;;;;
251;Primary auditory area, layer 2/3;262555;262554.571289;um2;118;3682;3682;um2;0.014024;;;;;;;;;;;;;;
816;Primary auditory area, layer 4;115649;115649.037354;um2;55;1691;1691;um2;0.014622;;;;;;;;;;;;;;
847;Primary auditory area, layer 5;340305;340305.106537;um2;178;6078;6078;um2;0.017860;;;;;;;;;;;;;;
954;Primary auditory area, layer 6a;105881;105881.382172;um2;120;4257;4257;um2;0.040205;;;;;;;;;;;;;;
1005;Primary auditory area, layer 6b;10940;10939.773804;um2;11;383;383;um2;0.035010;;;;;;;;;;;;;;
1027;Posterior auditory area;0;0;um2;0;0;0;um2;0;;;;;;;;;;;;;;
696;Posterior auditory area, layer 1;0;0;um2;0;0;0;um2;0;;;;;;;;;;;;;;
643;Posterior auditory area, layer 2/3;0;0;um2;0;0;0;um2;0;;;;;;;;;;;;;;
759;Posterior auditory area, layer 4;0;0;um2;0;0;0;um2;0;;;;;;;;;;;;;;
791;Posterior auditory area, layer 5;0;0;um2;0;0;0;um2;0;;;;;;;;;;;;;;
249;Posterior auditory area, layer 6a;0;0;um2;0;0;0;um2;0;;;;;;;;;;;;;;
456;Posterior auditory area, layer 6b;0;0;um2;0;0;0;um2;0;;;;;;;;;;;;;;
1018;Ventral auditory area;0;0;um2;0;0;0;um2;0;;;;;;;;;;;;;;
959;Ventral auditory area, layer 1;78923;78922.653870;um2;22;836;836;um2;0.010593;;;;;;;;;;;;;;
755;Ventral auditory area, layer 2/3;107054;107053.500793;um2;37;1136;1136;um2;0.010612;;;;;;;;;;;;;;
990;Ventral auditory area, layer 4;73453;73452.766968;um2;31;693;693;um2;0.009435;;;;;;;;;;;;;;
1023;Ventral auditory area, layer 5;189883;189883.216736;um2;98;3194;3194;um2;0.016821;;;;;;;;;;;;;;
520;Ventral auditory area, layer 6a;137529;137528.584961;um2;149;5707;5707;um2;0.041497;;;;;;;;;;;;;;
598;Ventral auditory area, layer 6b;21098;21098.135193;um2;21;665;665;um2;0.031519;;;;;;;;;;;;;;
669;Visual areas;0;0;um2;0;0;0;um2;0;;;;;;;;;;;;;;
801;Visual areas, layer 1;0;0;um2;0;0;0;um2;0;;;;;;;;;;;;;;
561;Visual areas, layer 2/3;0;0;um2;0;0;0;um2;0;;;;;;;;;;;;;;
913;Visual areas, layer 4;0;0;um2;0;0;0;um2;0;;;;;;;;;;;;;;
937;Visual areas, layer 5;0;0;um2;0;0;0;um2;0;;;;;;;;;;;;;;
457;Visual areas, layer 6a;0;0;um2;0;0;0;um2;0;;;;;;;;;;;;;;
497;Visual areas, layer 6b;0;0;um2;0;0;0;um2;0;;;;;;;;;;;;;;
402;Anterolateral visual area;0;0;um2;0;0;0;um2;0;;;;;;;;;;;;;;
1074;Anterolateral visual area, layer 1;0;0;um2;0;0;0;um2;0;;;;;;;;;;;;;;
905;Anterolateral visual area, layer 2/3;0;0;um2;0;0;0;um2;0;;;;;;;;;;;;;;
1114;Anterolateral visual area, layer 4;0;0;um2;0;0;0;um2;0;;;;;;;;;;;;;;
233;Anterolateral visual area, layer 5;0;0;um2;0;0;0;um2;0;;;;;;;;;;;;;;
601;Anterolateral visual area, layer 6a;0;0;um2;0;0;0;um2;0;;;;;;;;;;;;;;
649;Anterolateral visual area, layer 6b;0;0;um2;0;0;0;um2;0;;;;;;;;;;;;;;
394;Anteromedial visual area;0;0;um2;0;0;0;um2;0;;;;;;;;;;;;;;
281;Anteromedial visual area, layer 1;117993;117993.274597;um2;11;338;338;um2;0.002865;;;;;;;;;;;;;;
1066;Anteromedial visual area, layer 2/3;230126;230125.956085;um2;259;10707;10707;um2;0.046527;;;;;;;;;;;;;;
401;Anteromedial visual area, layer 4;73062;73062.060760;um2;106;3269;3269;um2;0.044743;;;;;;;;;;;;;;
433;Anteromedial visual area, layer 5;264899;264898.808533;um2;315;11449;11449;um2;0.043220;;;;;;;;;;;;;;
1046;Anteromedial visual area, layer 6a;175036;175036.380859;um2;211;7914;7914;um2;0.045213;;;;;;;;;;;;;;
441;Anteromedial visual area, layer 6b;34773;34772.852448;um2;49;1592;1592;um2;0.045783;;;;;;;;;;;;;;
409;Lateral visual area;0;0;um2;0;0;0;um2;0;;;;;;;;;;;;;;
421;Lateral visual area, layer 1;0;0;um2;0;0;0;um2;0;;;;;;;;;;;;;;
973;Lateral visual area, layer 2/3;0;0;um2;0;0;0;um2;0;;;;;;;;;;;;;;
573;Lateral visual area, layer 4;0;0;um2;0;0;0;um2;0;;;;;;;;;;;;;;
613;Lateral visual area, layer 5;0;0;um2;0;0;0;um2;0;;;;;;;;;;;;;;
74;Lateral visual area, layer 6a;0;0;um2;0;0;0;um2;0;;;;;;;;;;;;;;
121;Lateral visual area, layer 6b;0;0;um2;0;0;0;um2;0;;;;;;;;;;;;;;
385;Primary visual area;0;0;um2;0;0;0;um2;0;;;;;;;;;;;;;;
593;Primary visual area, layer 1;96504;96504.433197;um2;46;1898;1898;um2;0.019667;;;;;;;;;;;;;;
821;Primary visual area, layer 2/3;135966;135965.760132;um2;182;7392;7392;um2;0.054367;;;;;;;;;;;;;;
721;Primary visual area, layer 4;64857;64857.230408;um2;95;3437;3437;um2;0.052993;;;;;;;;;;;;;;
778;Primary visual area, layer 5;71499;71499.235931;um2;46;1706;1706;um2;0.023860;;;;;;;;;;;;;;
33;Primary visual area, layer 6a;37117;37117.089691;um2;59;1920;1920;um2;0.051728;;;;;;;;;;;;;;
305;Primary visual area, layer 6b;5079;5079.180695;um2;3;135;135;um2;0.026579;;;;;;;;;;;;;;
425;Posterolateral visual area;0;0;um2;0;0;0;um2;0;;;;;;;;;;;;;;
750;Posterolateral visual area, layer 1;0;0;um2;0;0;0;um2;0;;;;;;;;;;;;;;
269;Posterolateral visual area, layer 2/3;0;0;um2;0;0;0;um2;0;;;;;;;;;;;;;;
869;Posterolateral visual area, layer 4;0;0;um2;0;0;0;um2;0;;;;;;;;;;;;;;
902;Posterolateral visual area, layer 5;0;0;um2;0;0;0;um2;0;;;;;;;;;;;;;;
377;Posterolateral visual area, layer 6a;0;0;um2;0;0;0;um2;0;;;;;;;;;;;;;;
393;Posterolateral visual area, layer 6b;0;0;um2;0;0;0;um2;0;;;;;;;;;;;;;;
533;posteromedial visual area;0;0;um2;0;0;0;um2;0;;;;;;;;;;;;;;
805;posteromedial visual area, layer 1;48838;48838.275909;um2;13;667;667;um2;0.013657;;;;;;;;;;;;;;
41;posteromedial visual area, layer 2/3;60559;60559.462128;um2;48;1876;1876;um2;0.030978;;;;;;;;;;;;;;
501;posteromedial visual area, layer 4;19145;19144.604156;um2;24;653;653;um2;0.034109;;;;;;;;;;;;;;
565;posteromedial visual area, layer 5;28522;28521.553131;um2;19;764;764;um2;0.026787;;;;;;;;;;;;;;
257;posteromedial visual area, layer 6a;7423;7423.417938;um2;5;143;143;um2;0.019263;;;;;;;;;;;;;;
469;posteromedial visual area, layer 6b;0;0;um2;0;0;0;um2;0;;;;;;;;;;;;;;
312782574;Laterointermediate area;0;0;um2;0;0;0;um2;0;;;;;;;;;;;;;;
312782578;Laterointermediate area, layer 1;0;0;um2;0;0;0;um2;0;;;;;;;;;;;;;;
312782582;Laterointermediate area, layer 2/3;0;0;um2;0;0;0;um2;0;;;;;;;;;;;;;;
312782586;Laterointermediate area, layer 4;0;0;um2;0;0;0;um2;0;;;;;;;;;;;;;;
312782590;Laterointermediate area, layer 5;0;0;um2;0;0;0;um2;0;;;;;;;;;;;;;;
312782594;Laterointermediate area, layer 6a;0;0;um2;0;0;0;um2;0;;;;;;;;;;;;;;
312782598;Laterointermediate area, layer 6b;0;0;um2;0;0;0;um2;0;;;;;;;;;;;;;;
312782628;Postrhinal area;0;0;um2;0;0;0;um2;0;;;;;;;;;;;;;;
312782632;Postrhinal area, layer 1;0;0;um2;0;0;0;um2;0;;;;;;;;;;;;;;
312782636;Postrhinal area, layer 2/3;0;0;um2;0;0;0;um2;0;;;;;;;;;;;;;;
312782640;Postrhinal area, layer 4;0;0;um2;0;0;0;um2;0;;;;;;;;;;;;;;
312782644;Postrhinal area, layer 5;0;0;um2;0;0;0;um2;0;;;;;;;;;;;;;;
312782648;Postrhinal area, layer 6a;0;0;um2;0;0;0;um2;0;;;;;;;;;;;;;;
312782652;Postrhinal area, layer 6b;0;0;um2;0;0;0;um2;0;;;;;;;;;;;;;;
31;Anterior cingulate area;0;0;um2;0;0;0;um2;0;;;;;;;;;;;;;;
572;Anterior cingulate area, layer 1;0;0;um2;0;0;0;um2;0;;;;;;;;;;;;;;
1053;Anterior cingulate area, layer 2/3;0;0;um2;0;0;0;um2;0;;;;;;;;;;;;;;
739;Anterior cingulate area, layer 5;0;0;um2;0;0;0;um2;0;;;;;;;;;;;;;;
179;Anterior cingulate area, layer 6a;0;0;um2;0;0;0;um2;0;;;;;;;;;;;;;;
227;Anterior cingulate area, layer 6b;0;0;um2;0;0;0;um2;0;;;;;;;;;;;;;;
39;Anterior cingulate area, dorsal part;0;0;um2;0;0;0;um2;0;;;;;;;;;;;;;;
935;Anterior cingulate area, dorsal part, layer 1;0;0;um2;0;0;0;um2;0;;;;;;;;;;;;;;
211;Anterior cingulate area, dorsal part, layer 2/3;0;0;um2;0;0;0;um2;0;;;;;;;;;;;;;;
1015;Anterior cingulate area, dorsal part, layer 5;0;0;um2;0;0;0;um2;0;;;;;;;;;;;;;;
919;Anterior cingulate area, dorsal part, layer 6a;0;0;um2;0;0;0;um2;0;;;;;;;;;;;;;;
927;Anterior cingulate area, dorsal part, layer 6b;0;0;um2;0;0;0;um2;0;;;;;;;;;;;;;;
48;Anterior cingulate area, ventral part;0;0;um2;0;0;0;um2;0;;;;;;;;;;;;;;
588;Anterior cingulate area, ventral part, layer 1;0;0;um2;0;0;0;um2;0;;;;;;;;;;;;;;
296;Anterior cingulate area, ventral part, layer 2/3;0;0;um2;0;0;0;um2;0;;;;;;;;;;;;;;
772;Anterior cingulate area, ventral part, layer 5;0;0;um2;0;0;0;um2;0;;;;;;;;;;;;;;
810;Anterior cingulate area, ventral part, 6a;0;0;um2;0;0;0;um2;0;;;;;;;;;;;;;;
819;Anterior cingulate area, ventral part, 6b;0;0;um2;0;0;0;um2;0;;;;;;;;;;;;;;
972;Prelimbic area;0;0;um2;0;0;0;um2;0;;;;;;;;;;;;;;
171;Prelimbic area, layer 1;0;0;um2;0;0;0;um2;0;;;;;;;;;;;;;;
195;Prelimbic area, layer 2;0;0;um2;0;0;0;um2;0;;;;;;;;;;;;;;
304;Prelimbic area, layer 2/3;0;0;um2;0;0;0;um2;0;;;;;;;;;;;;;;
363;Prelimbic area, layer 5;0;0;um2;0;0;0;um2;0;;;;;;;;;;;;;;
84;Prelimbic area, layer 6a;0;0;um2;0;0;0;um2;0;;;;;;;;;;;;;;
132;Prelimbic area, layer 6b;0;0;um2;0;0;0;um2;0;;;;;;;;;;;;;;
44;Infralimbic area;0;0;um2;0;0;0;um2;0;;;;;;;;;;;;;;
707;Infralimbic area, layer 1;0;0;um2;0;0;0;um2;0;;;;;;;;;;;;;;
747;Infralimbic area, layer 2;0;0;um2;0;0;0;um2;0;;;;;;;;;;;;;;
556;Infralimbic area, layer 2/3;0;0;um2;0;0;0;um2;0;;;;;;;;;;;;;;
827;Infralimbic area, layer 5;0;0;um2;0;0;0;um2;0;;;;;;;;;;;;;;
1054;Infralimbic area, layer 6a;0;0;um2;0;0;0;um2;0;;;;;;;;;;;;;;
1081;Infralimbic area, layer 6b;0;0;um2;0;0;0;um2;0;;;;;;;;;;;;;;
714;Orbital area;0;0;um2;0;0;0;um2;0;;;;;;;;;;;;;;
264;Orbital area, layer 1;0;0;um2;0;0;0;um2;0;;;;;;;;;;;;;;
492;Orbital area, layer 2/3;0;0;um2;0;0;0;um2;0;;;;;;;;;;;;;;
352;Orbital area, layer 5;0;0;um2;0;0;0;um2;0;;;;;;;;;;;;;;
476;Orbital area, layer 6a;0;0;um2;0;0;0;um2;0;;;;;;;;;;;;;;
516;Orbital area, layer 6b;0;0;um2;0;0;0;um2;0;;;;;;;;;;;;;;
723;Orbital area, lateral part;0;0;um2;0;0;0;um2;0;;;;;;;;;;;;;;
448;Orbital area, lateral part, layer 1;0;0;um2;0;0;0;um2;0;;;;;;;;;;;;;;
412;Orbital area, lateral part, layer 2/3;0;0;um2;0;0;0;um2;0;;;;;;;;;;;;;;
630;Orbital area, lateral part, layer 5;0;0;um2;0;0;0;um2;0;;;;;;;;;;;;;;
440;Orbital area, lateral part, layer 6a;0;0;um2;0;0;0;um2;0;;;;;;;;;;;;;;
488;Orbital area, lateral part, layer 6b;0;0;um2;0;0;0;um2;0;;;;;;;;;;;;;;
731;Orbital area, medial part;0;0;um2;0;0;0;um2;0;;;;;;;;;;;;;;
484;Orbital area, medial part, layer 1;0;0;um2;0;0;0;um2;0;;;;;;;;;;;;;;
524;Orbital area, medial part, layer 2;0;0;um2;0;0;0;um2;0;;;;;;;;;;;;;;
582;Orbital area, medial part, layer 2/3;0;0;um2;0;0;0;um2;0;;;;;;;;;;;;;;
620;Orbital area, medial part, layer 5;0;0;um2;0;0;0;um2;0;;;;;;;;;;;;;;
910;Orbital area, medial part, layer 6a;0;0;um2;0;0;0;um2;0;;;;;;;;;;;;;;
527696977;Orbital area, medial part, layer 6b;0;0;um2;0;0;0;um2;0;;;;;;;;;;;;;;
738;Orbital area, ventral part;0;0;um2;0;0;0;um2;0;;;;;;;;;;;;;;
746;Orbital area, ventrolateral part;0;0;um2;0;0;0;um2;0;;;;;;;;;;;;;;
969;Orbital area, ventrolateral part, layer 1;0;0;um2;0;0;0;um2;0;;;;;;;;;;;;;;
288;Orbital area, ventrolateral part, layer 2/3;0;0;um2;0;0;0;um2;0;;;;;;;;;;;;;;
1125;Orbital area, ventrolateral part, layer 5;0;0;um2;0;0;0;um2;0;;;;;;;;;;;;;;
608;Orbital area, ventrolateral part, layer 6a;0;0;um2;0;0;0;um2;0;;;;;;;;;;;;;;
680;Orbital area, ventrolateral part, layer 6b;0;0;um2;0;0;0;um2;0;;;;;;;;;;;;;;
95;Agranular insular area;0;0;um2;0;0;0;um2;0;;;;;;;;;;;;;;
104;Agranular insular area, dorsal part;0;0;um2;0;0;0;um2;0;;;;;;;;;;;;;;
996;Agranular insular area, dorsal part, layer 1;0;0;um2;0;0;0;um2;0;;;;;;;;;;;;;;
328;Agranular insular area, dorsal part, layer 2/3;0;0;um2;0;0;0;um2;0;;;;;;;;;;;;;;
1101;Agranular insular area, dorsal part, layer 5;0;0;um2;0;0;0;um2;0;;;;;;;;;;;;;;
783;Agranular insular area, dorsal part, layer 6a;0;0;um2;0;0;0;um2;0;;;;;;;;;;;;;;
831;Agranular insular area, dorsal part, layer 6b;0;0;um2;0;0;0;um2;0;;;;;;;;;;;;;;
111;Agranular insular area, posterior part;0;0;um2;0;0;0;um2;0;;;;;;;;;;;;;;
120;Agranular insular area, posterior part, layer 1;0;0;um2;0;0;0;um2;0;;;;;;;;;;;;;;
163;Agranular insular area, posterior part, layer 2/3;0;0;um2;0;0;0;um2;0;;;;;;;;;;;;;;
344;Agranular insular area, posterior part, layer 5;0;0;um2;0;0;0;um2;0;;;;;;;;;;;;;;
314;Agranular insular area, posterior part, layer 6a;0;0;um2;0;0;0;um2;0;;;;;;;;;;;;;;
355;Agranular insular area, posterior part, layer 6b;781;781.412415;um2;0;0;0;um2;0;;;;;;;;;;;;;;
119;Agranular insular area, ventral part;0;0;um2;0;0;0;um2;0;;;;;;;;;;;;;;
704;Agranular insular area, ventral part, layer 1;0;0;um2;0;0;0;um2;0;;;;;;;;;;;;;;
694;Agranular insular area, ventral part, layer 2/3;0;0;um2;0;0;0;um2;0;;;;;;;;;;;;;;
800;Agranular insular area, ventral part, layer 5;0;0;um2;0;0;0;um2;0;;;;;;;;;;;;;;
675;Agranular insular area, ventral part, layer 6a;0;0;um2;0;0;0;um2;0;;;;;;;;;;;;;;
699;Agranular insular area, ventral part, layer 6b;0;0;um2;0;0;0;um2;0;;;;;;;;;;;;;;
254;Retrosplenial area;0;0;um2;0;0;0;um2;0;;;;;;;;;;;;;;
894;Retrosplenial area, lateral agranular part;0;0;um2;0;0;0;um2;0;;;;;;;;;;;;;;
671;Retrosplenial area, lateral agranular part, layer 1;81267;81266.891113;um2;33;1453;1453;um2;0.017879;;;;;;;;;;;;;;
965;Retrosplenial area, lateral agranular part, layer 2/3;99630;99630.082855;um2;127;4693;4693;um2;0.047104;;;;;;;;;;;;;;
774;Retrosplenial area, lateral agranular part, layer 5;119165;119165.393219;um2;94;3350;3350;um2;0.028112;;;;;;;;;;;;;;
906;Retrosplenial area, lateral agranular part, layer 6a;67983;67982.880066;um2;78;2686;2686;um2;0.039510;;;;;;;;;;;;;;
279;Retrosplenial area, lateral agranular part, layer 6b;10940;10939.773804;um2;10;335;335;um2;0.030622;;;;;;;;;;;;;;
480149258;Mediomedial anterior visual area;0;0;um2;0;0;0;um2;0;;;;;;;;;;;;;;
480149262;Mediomedial anterior visual area, layer 1;0;0;um2;0;0;0;um2;0;;;;;;;;;;;;;;
480149266;Mediomedial anterior visual area, layer 2/3;0;0;um2;0;0;0;um2;0;;;;;;;;;;;;;;
480149270;Mediomedial anterior visual area, layer 4;0;0;um2;0;0;0;um2;0;;;;;;;;;;;;;;
480149274;Mediomedial anterior visual area,layer 5;0;0;um2;0;0;0;um2;0;;;;;;;;;;;;;;
480149278;Mediomedial anterior visual area, layer 6a;0;0;um2;0;0;0;um2;0;;;;;;;;;;;;;;
480149282;Mediomedial anterior visual area, layer 6b;0;0;um2;0;0;0;um2;0;;;;;;;;;;;;;;
480149286;Mediomedial posterior visual area;0;0;um2;0;0;0;um2;0;;;;;;;;;;;;;;
480149290;Mediomedial posterior visual area, layer 1;0;0;um2;0;0;0;um2;0;;;;;;;;;;;;;;
480149294;Mediomedial posterior visual area, layer 2/3;0;0;um2;0;0;0;um2;0;;;;;;;;;;;;;;
480149298;Mediomedial posterior visual area, layer 4;0;0;um2;0;0;0;um2;0;;;;;;;;;;;;;;
480149302;Mediomedial posterior visual area,layer 5;0;0;um2;0;0;0;um2;0;;;;;;;;;;;;;;
480149306;Mediomedial posterior visual area, layer 6a;0;0;um2;0;0;0;um2;0;;;;;;;;;;;;;;
480149310;Mediomedial posterior visual area, layer 6b;0;0;um2;0;0;0;um2;0;;;;;;;;;;;;;;
480149314;Medial visual area;0;0;um2;0;0;0;um2;0;;;;;;;;;;;;;;
480149318;Medial visual area, layer 1;0;0;um2;0;0;0;um2;0;;;;;;;;;;;;;;
480149322;Medial visual area, layer 2/3;0;0;um2;0;0;0;um2;0;;;;;;;;;;;;;;
480149326;Medial visual area, layer 4;0;0;um2;0;0;0;um2;0;;;;;;;;;;;;;;
480149330;Medial visual area,layer 5;0;0;um2;0;0;0;um2;0;;;;;;;;;;;;;;
480149334;Medial visual area, layer 6a;0;0;um2;0;0;0;um2;0;;;;;;;;;;;;;;
480149338;Medial visual area, layer 6b;0;0;um2;0;0;0;um2;0;;;;;;;;;;;;;;
879;Retrosplenial area, dorsal part;0;0;um2;0;0;0;um2;0;;;;;;;;;;;;;;
442;Retrosplenial area, dorsal part, layer 1;142608;142607.765656;um2;73;3766;3766;um2;0.026408;;;;;;;;;;;;;;
434;Retrosplenial area, dorsal part, layer 2/3;196135;196134.516052;um2;282;11509;11509;um2;0.058679;;;;;;;;;;;;;;
545;Retrosplenial area, dorsal part, layer 4;0;0;um2;0;0;0;um2;0;;;;;;;;;;;;;;
610;Retrosplenial area, dorsal part, layer 5;227782;227781.718842;um2;110;4015;4015;um2;0.017627;;;;;;;;;;;;;;
274;Retrosplenial area, dorsal part, layer 6a;153938;153938.245667;um2;147;4251;4251;um2;0.027615;;;;;;;;;;;;;;
330;Retrosplenial area, dorsal part, layer 6b;8205;8204.830353;um2;7;331;331;um2;0.040342;;;;;;;;;;;;;;
886;Retrosplenial area, ventral part;0;0;um2;0;0;0;um2;0;;;;;;;;;;;;;;
542;Retrosplenial area, ventral part, layer 1;146124;146124.121521;um2;36;883;883;um2;0.006043;;;;;;;;;;;;;;
606;Retrosplenial area, ventral part, layer 2;0;0;um2;0;0;0;um2;0;;;;;;;;;;;;;;
430;Retrosplenial area, ventral part, layer 2/3;205121;205120.758820;um2;290;8436;8436;um2;0.041127;;;;;;;;;;;;;;
687;Retrosplenial area, ventral part, layer 5;366092;366091.716217;um2;178;5214;5214;um2;0.014242;;;;;;;;;;;;;;
590;Retrosplenial area, ventral part, layer 6a;148078;148077.652557;um2;146;4224;4224;um2;0.028526;;;;;;;;;;;;;;
622;Retrosplenial area, ventral part, layer 6b;19145;19144.604156;um2;20;520;520;um2;0.027162;;;;;;;;;;;;;;
22;Posterior parietal association areas;0;0;um2;0;0;0;um2;0;;;;;;;;;;;;;;
532;Posterior parietal association areas, layer 1;0;0;um2;0;0;0;um2;0;;;;;;;;;;;;;;
241;Posterior parietal association areas, layer 2/3;0;0;um2;0;0;0;um2;0;;;;;;;;;;;;;;
635;Posterior parietal association areas, layer 4;0;0;um2;0;0;0;um2;0;;;;;;;;;;;;;;
683;Posterior parietal association areas, layer 5;0;0;um2;0;0;0;um2;0;;;;;;;;;;;;;;
308;Posterior parietal association areas, layer 6a;0;0;um2;0;0;0;um2;0;;;;;;;;;;;;;;
340;Posterior parietal association areas, layer 6b;0;0;um2;0;0;0;um2;0;;;;;;;;;;;;;;
312782546;Anterior area;0;0;um2;0;0;0;um2;0;;;;;;;;;;;;;;
312782550;Anterior area, layer 1;0;0;um2;0;0;0;um2;0;;;;;;;;;;;;;;
312782554;Anterior area, layer 2/3;2735;2734.943451;um2;5;163;163;um2;0.059599;;;;;;;;;;;;;;
312782558;Anterior area, layer 4;6642;6642.005524;um2;16;488;488;um2;0.073472;;;;;;;;;;;;;;
312782562;Anterior area, layer 5;41415;41414.857971;um2;39;1499;1499;um2;0.036195;;;;;;;;;;;;;;
312782566;Anterior area, layer 6a;45322;45321.920044;um2;73;2725;2725;um2;0.060125;;;;;;;;;;;;;;
312782570;Anterior area, layer 6b;9377;9376.948975;um2;15;435;435;um2;0.046390;;;;;;;;;;;;;;
417;Rostrolateral visual area;0;0;um2;0;0;0;um2;0;;;;;;;;;;;;;;
312782604;Rostrolateral area, layer 1;138701;138700.703583;um2;44;2142;2142;um2;0.015443;;;;;;;;;;;;;;
312782608;Rostrolateral area, layer 2/3;240675;240675.023682;um2;194;6662;6662;um2;0.027680;;;;;;;;;;;;;;
312782612;Rostrolateral area, layer 4;123072;123072.455292;um2;106;3744;3744;um2;0.030421;;;;;;;;;;;;;;
312782616;Rostrolateral area, layer 5;204730;204730.052612;um2;149;5125;5125;um2;0.025033;;;;;;;;;;;;;;
312782620;Rostrolateral area, layer 6a;123072;123072.455292;um2;150;5088;5088;um2;0.041342;;;;;;;;;;;;;;
312782624;Rostrolateral area, layer 6b;22661;22660.960022;um2;23;632;632;um2;0.027889;;;;;;;;;;;;;;
541;Temporal association areas;0;0;um2;0;0;0;um2;0;;;;;;;;;;;;;;
97;Temporal association areas, layer 1;99239;99239.376648;um2;16;386;386;um2;0.003890;;;;;;;;;;;;;;
1127;Temporal association areas, layer 2/3;145733;145733.415314;um2;64;2158;2158;um2;0.014808;;;;;;;;;;;;;;
234;Temporal association areas, layer 4;57825;57824.518677;um2;9;272;272;um2;0.004704;;;;;;;;;;;;;;
289;Temporal association areas, layer 5;246145;246144.910583;um2;106;3200;3200;um2;0.013000;;;;;;;;;;;;;;
729;Temporal association areas, layer 6a;174255;174254.968445;um2;128;4716;4716;um2;0.027064;;;;;;;;;;;;;;
786;Temporal association areas, layer 6b;19145;19144.604156;um2;11;402;402;um2;0.020998;;;;;;;;;;;;;;
922;Perirhinal area;0;0;um2;0;0;0;um2;0;;;;;;;;;;;;;;
540;Perirhinal area, layer 1;57825;57824.518677;um2;2;15;15;um2;0.000259;;;;;;;;;;;;;;
888;Perirhinal area, layer 2/3;93769;93769.489746;um2;21;674;674;um2;0.007188;;;;;;;;;;;;;;
692;Perirhinal area, layer 5;55480;55480.281433;um2;42;1437;1437;um2;0.025901;;;;;;;;;;;;;;
335;Perirhinal area, layer 6a;6642;6642.005524;um2;1;41;41;um2;0.006173;;;;;;;;;;;;;;
368;Perirhinal area, layer 6b;0;0;um2;0;0;0;um2;0;;;;;;;;;;;;;;
895;Ectorhinal area;0;0;um2;0;0;0;um2;0;;;;;;;;;;;;;;
836;Ectorhinal area/Layer 1;68764;68764.292480;um2;6;156;156;um2;0.002269;;;;;;;;;;;;;;
427;Ectorhinal area/Layer 2/3;127761;127760.929779;um2;34;1290;1290;um2;0.010097;;;;;;;;;;;;;;
988;Ectorhinal area/Layer 5;206684;206683.583649;um2;111;3307;3307;um2;0.016000;;;;;;;;;;;;;;
977;Ectorhinal area/Layer 6a;152375;152375.420837;um2;96;3495;3495;um2;0.022937;;;;;;;;;;;;;;
1045;Ectorhinal area/Layer 6b;16410;16409.660706;um2;14;519;519;um2;0.031628;;;;;;;;;;;;;;
698;Olfactory areas;27349;27349.434509;um2;4;86;86;um2;0.003144;;;;;;;;;;;;;;
507;Main olfactory bulb;0;0;um2;0;0;0;um2;0;;;;;;;;;;;;;;
212;Main olfactory bulb, glomerular layer;0;0;um2;0;0;0;um2;0;;;;;;;;;;;;;;
220;Main olfactory bulb, granule layer;0;0;um2;0;0;0;um2;0;;;;;;;;;;;;;;
228;Main olfactory bulb, inner plexiform layer;0;0;um2;0;0;0;um2;0;;;;;;;;;;;;;;
236;Main olfactory bulb, mitral layer;0;0;um2;0;0;0;um2;0;;;;;;;;;;;;;;
244;Main olfactory bulb, outer plexiform layer;0;0;um2;0;0;0;um2;0;;;;;;;;;;;;;;
151;Accessory olfactory bulb;0;0;um2;0;0;0;um2;0;;;;;;;;;;;;;;
188;Accessory olfactory bulb, glomerular layer;0;0;um2;0;0;0;um2;0;;;;;;;;;;;;;;
196;Accessory olfactory bulb, granular layer;0;0;um2;0;0;0;um2;0;;;;;;;;;;;;;;
204;Accessory olfactory bulb, mitral layer;0;0;um2;0;0;0;um2;0;;;;;;;;;;;;;;
159;Anterior olfactory nucleus;0;0;um2;0;0;0;um2;0;;;;;;;;;;;;;;
167;Anterior olfactory nucleus, dorsal part;0;0;um2;0;0;0;um2;0;;;;;;;;;;;;;;
175;Anterior olfactory nucleus, external part;0;0;um2;0;0;0;um2;0;;;;;;;;;;;;;;
183;Anterior olfactory nucleus, lateral part;0;0;um2;0;0;0;um2;0;;;;;;;;;;;;;;
191;Anterior olfactory nucleus, medial part;0;0;um2;0;0;0;um2;0;;;;;;;;;;;;;;
199;Anterior olfactory nucleus, posteroventral part;0;0;um2;0;0;0;um2;0;;;;;;;;;;;;;;
160;Anterior olfactory nucleus, layer 1;0;0;um2;0;0;0;um2;0;;;;;;;;;;;;;;
168;Anterior olfactory nucleus, layer 2;0;0;um2;0;0;0;um2;0;;;;;;;;;;;;;;
589;Taenia tecta;0;0;um2;0;0;0;um2;0;;;;;;;;;;;;;;
597;Taenia tecta, dorsal part;0;0;um2;0;0;0;um2;0;;;;;;;;;;;;;;
297;Taenia tecta, dorsal part, layers 1-4;0;0;um2;0;0;0;um2;0;;;;;;;;;;;;;;
1034;Taenia tecta, dorsal part, layer 1;0;0;um2;0;0;0;um2;0;;;;;;;;;;;;;;
1042;Taenia tecta, dorsal part, layer 2;0;0;um2;0;0;0;um2;0;;;;;;;;;;;;;;
1050;Taenia tecta, dorsal part, layer 3;0;0;um2;0;0;0;um2;0;;;;;;;;;;;;;;
1059;Taenia tecta, dorsal part, layer 4;0;0;um2;0;0;0;um2;0;;;;;;;;;;;;;;
605;Taenia tecta, ventral part;0;0;um2;0;0;0;um2;0;;;;;;;;;;;;;;
306;Taenia tecta, ventral part, layers 1-3;0;0;um2;0;0;0;um2;0;;;;;;;;;;;;;;
1067;Taenia tecta, ventral part, layer 1;0;0;um2;0;0;0;um2;0;;;;;;;;;;;;;;
1075;Taenia tecta, ventral part, layer 2;0;0;um2;0;0;0;um2;0;;;;;;;;;;;;;;
1082;Taenia tecta, ventral part, layer 3;0;0;um2;0;0;0;um2;0;;;;;;;;;;;;;;
814;Dorsal peduncular area;0;0;um2;0;0;0;um2;0;;;;;;;;;;;;;;
496;Dorsal peduncular area, layer 1;0;0;um2;0;0;0;um2;0;;;;;;;;;;;;;;
535;Dorsal peduncular area, layer 2;0;0;um2;0;0;0;um2;0;;;;;;;;;;;;;;
360;Dorsal peduncular area, layer 2/3;0;0;um2;0;0;0;um2;0;;;;;;;;;;;;;;
646;Dorsal peduncular area, layer 5;0;0;um2;0;0;0;um2;0;;;;;;;;;;;;;;
267;Dorsal peduncular area, layer 6a;0;0;um2;0;0;0;um2;0;;;;;;;;;;;;;;
961;Piriform area;1442878;1442878.023468;um2;558;19723;19723;um2;0.013669;;;;;;;;;;;;;;
152;Piriform area, layers 1-3;0;0;um2;0;0;0;um2;0;;;;;;;;;;;;;;
276;Piriform area, molecular layer;0;0;um2;0;0;0;um2;0;;;;;;;;;;;;;;
284;Piriform area, pyramidal layer;0;0;um2;0;0;0;um2;0;;;;;;;;;;;;;;
291;Piriform area, polymorph layer;0;0;um2;0;0;0;um2;0;;;;;;;;;;;;;;
619;Nucleus of the lateral olfactory tract;0;0;um2;0;0;0;um2;0;;;;;;;;;;;;;;
392;Nucleus of the lateral olfactory tract, layers 1-3;0;0;um2;0;0;0;um2;0;;;;;;;;;;;;;;
260;Nucleus of the lateral olfactory tract, molecular layer;0;0;um2;0;0;0;um2;0;;;;;;;;;;;;;;
268;Nucleus of the lateral olfactory tract, pyramidal layer;0;0;um2;0;0;0;um2;0;;;;;;;;;;;;;;
1139;Nucleus of the lateral olfactory tract, layer 3;0;0;um2;0;0;0;um2;0;;;;;;;;;;;;;;
631;Cortical amygdalar area;0;0;um2;0;0;0;um2;0;;;;;;;;;;;;;;
639;Cortical amygdalar area, anterior part;94551;94550.902161;um2;19;337;337;um2;0.003564;;;;;;;;;;;;;;
192;Cortical amygdalar area, anterior part, layer 1;0;0;um2;0;0;0;um2;0;;;;;;;;;;;;;;
200;Cortical amygdalar area, anterior part, layer 2;0;0;um2;0;0;0;um2;0;;;;;;;;;;;;;;
208;Cortical amygdalar area, anterior part, layer 3;0;0;um2;0;0;0;um2;0;;;;;;;;;;;;;;
647;Cortical amygdalar area, posterior part;0;0;um2;0;0;0;um2;0;;;;;;;;;;;;;;
655;Cortical amygdalar area, posterior part, lateral zone;395395;395394.681763;um2;127;4039;4039;um2;0.010215;;;;;;;;;;;;;;
584;Cortical amygdalar area, posterior part, lateral zone, layers 1-2;0;0;um2;0;0;0;um2;0;;;;;;;;;;;;;;
376;Cortical amygdalar area, posterior part, lateral zone, layers 1-3;0;0;um2;0;0;0;um2;0;;;;;;;;;;;;;;
216;Cortical amygdalar area, posterior part, lateral zone, layer 1;0;0;um2;0;0;0;um2;0;;;;;;;;;;;;;;
224;Cortical amygdalar area, posterior part, lateral zone, layer 2;0;0;um2;0;0;0;um2;0;;;;;;;;;;;;;;
232;Cortical amygdalar area, posterior part, lateral zone, layer 3;0;0;um2;0;0;0;um2;0;;;;;;;;;;;;;;
663;Cortical amygdalar area, posterior part, medial zone;126589;126588.811157;um2;68;2518;2518;um2;0.019891;;;;;;;;;;;;;;
592;Cortical amygdalar area, posterior part, medial zone, layers 1-2;0;0;um2;0;0;0;um2;0;;;;;;;;;;;;;;
383;Cortical amygdalar area, posterior part, medial zone, layers 1-3;0;0;um2;0;0;0;um2;0;;;;;;;;;;;;;;
240;Cortical amygdalar area, posterior part, medial zone, layer 1;0;0;um2;0;0;0;um2;0;;;;;;;;;;;;;;
248;Cortical amygdalar area, posterior part, medial zone, layer 2;0;0;um2;0;0;0;um2;0;;;;;;;;;;;;;;
256;Cortical amygdalar area, posterior part, medial zone, layer 3;0;0;um2;0;0;0;um2;0;;;;;;;;;;;;;;
788;Piriform-amygdalar area;333663;333663.101013;um2;46;1212;1212;um2;0.003632;;;;;;;;;;;;;;
400;Piriform-amygdalar area, layers 1-3;0;0;um2;0;0;0;um2;0;;;;;;;;;;;;;;
408;Piriform-amygdalar area, molecular layer;0;0;um2;0;0;0;um2;0;;;;;;;;;;;;;;
416;Piriform-amygdalar area, pyramidal layer;0;0;um2;0;0;0;um2;0;;;;;;;;;;;;;;
424;Piriform-amygdalar area, polymorph layer;0;0;um2;0;0;0;um2;0;;;;;;;;;;;;;;
566;Postpiriform transition area;0;0;um2;0;0;0;um2;0;;;;;;;;;;;;;;
517;Postpiriform transition area, layers 1-3;0;0;um2;0;0;0;um2;0;;;;;;;;;;;;;;
1140;Postpiriform transition area, layers 1;0;0;um2;0;0;0;um2;0;;;;;;;;;;;;;;
1141;Postpiriform transition area, layers 2;0;0;um2;0;0;0;um2;0;;;;;;;;;;;;;;
1142;Postpiriform transition area, layers 3;0;0;um2;0;0;0;um2;0;;;;;;;;;;;;;;
1089;Hippocampal formation;12112;12111.892426;um2;0;0;0;um2;0;;;;;;;;;;;;;;
1080;Hippocampal region;0;0;um2;0;0;0;um2;0;;;;;;;;;;;;;;
375;Ammon's horn;0;0;um2;0;0;0;um2;0;;;;;;;;;;;;;;
382;Field CA1;2035579;2035579.339905;um2;686;20662;20662;um2;0.010150;;;;;;;;;;;;;;
391;Field CA1, stratum lacunosum-moleculare;0;0;um2;0;0;0;um2;0;;;;;;;;;;;;;;
399;Field CA1, stratum oriens;0;0;um2;0;0;0;um2;0;;;;;;;;;;;;;;
407;Field CA1, pyramidal layer;0;0;um2;0;0;0;um2;0;;;;;;;;;;;;;;
415;Field CA1, stratum radiatum;0;0;um2;0;0;0;um2;0;;;;;;;;;;;;;;
423;Field CA2;84783;84783.246979;um2;15;684;684;um2;0.008068;;;;;;;;;;;;;;
431;Field CA2, stratum lacunosum-moleculare;0;0;um2;0;0;0;um2;0;;;;;;;;;;;;;;
438;Field CA2, stratum oriens;0;0;um2;0;0;0;um2;0;;;;;;;;;;;;;;
446;Field CA2, pyramidal layer;0;0;um2;0;0;0;um2;0;;;;;;;;;;;;;;
454;Field CA2, stratum radiatum;0;0;um2;0;0;0;um2;0;;;;;;;;;;;;;;
463;Field CA3;1029120;1029120.149963;um2;296;12075;12075;um2;0.011733;;;;;;;;;;;;;;
471;Field CA3, stratum lacunosum-moleculare;0;0;um2;0;0;0;um2;0;;;;;;;;;;;;;;
479;Field CA3, stratum lucidum;0;0;um2;0;0;0;um2;0;;;;;;;;;;;;;;
486;Field CA3, stratum oriens;0;0;um2;0;0;0;um2;0;;;;;;;;;;;;;;
495;Field CA3, pyramidal layer;0;0;um2;0;0;0;um2;0;;;;;;;;;;;;;;
504;Field CA3, stratum radiatum;0;0;um2;0;0;0;um2;0;;;;;;;;;;;;;;
726;Dentate gyrus;0;0;um2;0;0;0;um2;0;;;;;;;;;;;;;;
10703;Dentate gyrus, molecular layer;681782;681782.331696;um2;46;1661;1661;um2;0.002436;;;;;;;;;;;;;;
10704;Dentate gyrus, polymorph layer;97286;97285.845612;um2;27;1071;1071;um2;0.011009;;;;;;;;;;;;;;
632;Dentate gyrus, granule cell layer;258257;258256.803009;um2;60;2267;2267;um2;0.008778;;;;;;;;;;;;;;
10702;Dentate gyrus, subgranular zone;0;0;um2;0;0;0;um2;0;;;;;;;;;;;;;;
734;Dentate gyrus crest;0;0;um2;0;0;0;um2;0;;;;;;;;;;;;;;
742;Dentate gyrus crest, molecular layer;0;0;um2;0;0;0;um2;0;;;;;;;;;;;;;;
751;Dentate gyrus crest, polymorph layer;0;0;um2;0;0;0;um2;0;;;;;;;;;;;;;;
758;Dentate gyrus crest, granule cell layer;0;0;um2;0;0;0;um2;0;;;;;;;;;;;;;;
766;Dentate gyrus lateral blade;0;0;um2;0;0;0;um2;0;;;;;;;;;;;;;;
775;Dentate gyrus lateral blade, molecular layer;0;0;um2;0;0;0;um2;0;;;;;;;;;;;;;;
782;Dentate gyrus lateral blade, polymorph layer;0;0;um2;0;0;0;um2;0;;;;;;;;;;;;;;
790;Dentate gyrus lateral blade, granule cell layer;0;0;um2;0;0;0;um2;0;;;;;;;;;;;;;;
799;Dentate gyrus medial blade;0;0;um2;0;0;0;um2;0;;;;;;;;;;;;;;
807;Dentate gyrus medial blade, molecular layer;0;0;um2;0;0;0;um2;0;;;;;;;;;;;;;;
815;Dentate gyrus medial blade, polymorph layer;0;0;um2;0;0;0;um2;0;;;;;;;;;;;;;;
823;Dentate gyrus medial blade, granule cell layer;0;0;um2;0;0;0;um2;0;;;;;;;;;;;;;;
982;Fasciola cinerea;17972;17972.485535;um2;2;8;8;um2;0.000445;;;;;;;;;;;;;;
19;Induseum griseum;0;0;um2;0;0;0;um2;0;;;;;;;;;;;;;;
822;Retrohippocampal region;0;0;um2;0;0;0;um2;0;;;;;;;;;;;;;;
909;Entorhinal area;0;0;um2;0;0;0;um2;0;;;;;;;;;;;;;;
918;Entorhinal area, lateral part;0;0;um2;0;0;0;um2;0;;;;;;;;;;;;;;
1121;Entorhinal area, lateral part, layer 1;47666;47666.157288;um2;1;39;39;um2;0.000818;;;;;;;;;;;;;;
20;Entorhinal area, lateral part, layer 2;54308;54308.162811;um2;28;765;765;um2;0.014086;;;;;;;;;;;;;;
999;Entorhinal area, lateral part, layer 2/3;0;0;um2;0;0;0;um2;0;;;;;;;;;;;;;;
715;Entorhinal area, lateral part, layer 2a;0;0;um2;0;0;0;um2;0;;;;;;;;;;;;;;
764;Entorhinal area, lateral part, layer 2b;0;0;um2;0;0;0;um2;0;;;;;;;;;;;;;;
52;Entorhinal area, lateral part, layer 3;78923;78922.653870;um2;33;848;848;um2;0.010745;;;;;;;;;;;;;;
92;Entorhinal area, lateral part, layer 4;0;0;um2;0;0;0;um2;0;;;;;;;;;;;;;;
312;Entorhinal area, lateral part, layer 4/5;0;0;um2;0;0;0;um2;0;;;;;;;;;;;;;;
139;Entorhinal area, lateral part, layer 5;87127;87127.484222;um2;49;1732;1732;um2;0.019879;;;;;;;;;;;;;;
387;Entorhinal area, lateral part, layer 5/6;0;0;um2;0;0;0;um2;0;;;;;;;;;;;;;;
28;Entorhinal area, lateral part, layer 6a;14456;14456.129669;um2;10;417;417;um2;0.028846;;;;;;;;;;;;;;
60;Entorhinal area, lateral part, layer 6b;0;0;um2;0;0;0;um2;0;;;;;;;;;;;;;;
926;Entorhinal area, medial part, dorsal zone;0;0;um2;0;0;0;um2;0;;;;;;;;;;;;;;
526;Entorhinal area, medial part, dorsal zone, layer 1;0;0;um2;0;0;0;um2;0;;;;;;;;;;;;;;
543;Entorhinal area, medial part, dorsal zone, layer 2;0;0;um2;0;0;0;um2;0;;;;;;;;;;;;;;
468;Entorhinal area, medial part, dorsal zone, layer 2a;0;0;um2;0;0;0;um2;0;;;;;;;;;;;;;;
508;Entorhinal area, medial part, dorsal zone, layer 2b;0;0;um2;0;0;0;um2;0;;;;;;;;;;;;;;
664;Entorhinal area, medial part, dorsal zone, layer 3;0;0;um2;0;0;0;um2;0;;;;;;;;;;;;;;
712;Entorhinal area, medial part, dorsal zone, layer 4;0;0;um2;0;0;0;um2;0;;;;;;;;;;;;;;
727;Entorhinal area, medial part, dorsal zone, layer 5;0;0;um2;0;0;0;um2;0;;;;;;;;;;;;;;
550;Entorhinal area, medial part, dorsal zone, layer 5/6;0;0;um2;0;0;0;um2;0;;;;;;;;;;;;;;
743;Entorhinal area, medial part, dorsal zone, layer 6;0;0;um2;0;0;0;um2;0;;;;;;;;;;;;;;
934;Entorhinal area, medial part, ventral zone;0;0;um2;0;0;0;um2;0;;;;;;;;;;;;;;
259;Entorhinal area, medial part, ventral zone, layer 1;0;0;um2;0;0;0;um2;0;;;;;;;;;;;;;;
324;Entorhinal area, medial part, ventral zone, layer 2;0;0;um2;0;0;0;um2;0;;;;;;;;;;;;;;
371;Entorhinal area, medial part, ventral zone, layer 3;0;0;um2;0;0;0;um2;0;;;;;;;;;;;;;;
419;Entorhinal area, medial part, ventral zone, layer 4;0;0;um2;0;0;0;um2;0;;;;;;;;;;;;;;
1133;Entorhinal area, medial part, ventral zone, layer 5/6;0;0;um2;0;0;0;um2;0;;;;;;;;;;;;;;
843;Parasubiculum;0;0;um2;0;0;0;um2;0;;;;;;;;;;;;;;
10693;Parasubiculum, layer 1;0;0;um2;0;0;0;um2;0;;;;;;;;;;;;;;
10694;Parasubiculum, layer 2;0;0;um2;0;0;0;um2;0;;;;;;;;;;;;;;
10695;Parasubiculum, layer 3;0;0;um2;0;0;0;um2;0;;;;;;;;;;;;;;
1037;Postsubiculum;0;0;um2;0;0;0;um2;0;;;;;;;;;;;;;;
10696;Postsubiculum, layer 1;0;0;um2;0;0;0;um2;0;;;;;;;;;;;;;;
10697;Postsubiculum, layer 2;0;0;um2;0;0;0;um2;0;;;;;;;;;;;;;;
10698;Postsubiculum, layer 3;0;0;um2;0;0;0;um2;0;;;;;;;;;;;;;;
1084;Presubiculum;0;0;um2;0;0;0;um2;0;;;;;;;;;;;;;;
10699;Presubiculum, layer 1;0;0;um2;0;0;0;um2;0;;;;;;;;;;;;;;
10700;Presubiculum, layer 2;0;0;um2;0;0;0;um2;0;;;;;;;;;;;;;;
10701;Presubiculum, layer 3;0;0;um2;0;0;0;um2;0;;;;;;;;;;;;;;
502;Subiculum;70327;70327.117310;um2;19;714;714;um2;0.010153;;;;;;;;;;;;;;
509;Subiculum, dorsal part;0;0;um2;0;0;0;um2;0;;;;;;;;;;;;;;
829;Subiculum, dorsal part, molecular layer;0;0;um2;0;0;0;um2;0;;;;;;;;;;;;;;
845;Subiculum, dorsal part, pyramidal layer;0;0;um2;0;0;0;um2;0;;;;;;;;;;;;;;
837;Subiculum, dorsal part, stratum radiatum;0;0;um2;0;0;0;um2;0;;;;;;;;;;;;;;
518;Subiculum, ventral part;0;0;um2;0;0;0;um2;0;;;;;;;;;;;;;;
853;Subiculum, ventral part, molecular layer;0;0;um2;0;0;0;um2;0;;;;;;;;;;;;;;
870;Subiculum, ventral part, pyramidal layer;0;0;um2;0;0;0;um2;0;;;;;;;;;;;;;;
861;Subiculum, ventral part, stratum radiatum;0;0;um2;0;0;0;um2;0;;;;;;;;;;;;;;
484682470;Prosubiculum;4688;4688.474487;um2;1;11;11;um2;0.002346;;;;;;;;;;;;;;
484682475;Prosubiculum, dorsal part;0;0;um2;0;0;0;um2;0;;;;;;;;;;;;;;
484682479;Prosubiculum, dorsal part, molecular layer;0;0;um2;0;0;0;um2;0;;;;;;;;;;;;;;
484682483;Prosubiculum, dorsal part, pyramidal layer;0;0;um2;0;0;0;um2;0;;;;;;;;;;;;;;
484682487;Prosubiculum, dorsal part, stratum radiatum;0;0;um2;0;0;0;um2;0;;;;;;;;;;;;;;
484682492;Prosubiculum, ventral part;0;0;um2;0;0;0;um2;0;;;;;;;;;;;;;;
484682496;Prosubiculum, ventral part, molecular layer;0;0;um2;0;0;0;um2;0;;;;;;;;;;;;;;
484682500;Prosubiculum, ventral part, pyramidal layer;0;0;um2;0;0;0;um2;0;;;;;;;;;;;;;;
484682504;Prosubiculum, ventral part, stratum radiatum;0;0;um2;0;0;0;um2;0;;;;;;;;;;;;;;
589508447;Hippocampo-amygdalar transition area;0;0;um2;0;0;0;um2;0;;;;;;;;;;;;;;
484682508;Area prostriata;0;0;um2;0;0;0;um2;0;;;;;;;;;;;;;;
703;Cortical subplate;66420;66420.055237;um2;37;1396;1396;um2;0.021018;;;;;;;;;;;;;;
16;Layer 6b, isocortex;0;0;um2;0;0;0;um2;0;;;;;;;;;;;;;;
583;Claustrum;0;0;um2;0;0;0;um2;0;;;;;;;;;;;;;;
942;Endopiriform nucleus;0;0;um2;0;0;0;um2;0;;;;;;;;;;;;;;
952;Endopiriform nucleus, dorsal part;234424;234423.724365;um2;96;4292;4292;um2;0.018309;;;;;;;;;;;;;;
966;Endopiriform nucleus, ventral part;145733;145733.415314;um2;46;1767;1767;um2;0.012125;;;;;;;;;;;;;;
131;Lateral amygdalar nucleus;604423;604422.502655;um2;155;5974;5974;um2;0.009884;;;;;;;;;;;;;;
295;Basolateral amygdalar nucleus;0;0;um2;0;0;0;um2;0;;;;;;;;;;;;;;
303;Basolateral amygdalar nucleus, anterior part;261382;261382.452667;um2;157;7338;7338;um2;0.028074;;;;;;;;;;;;;;
311;Basolateral amygdalar nucleus, posterior part;311002;311002.140991;um2;99;4012;4012;um2;0.012900;;;;;;;;;;;;;;
451;Basolateral amygdalar nucleus, ventral part;409460;409460.105225;um2;145;5656;5656;um2;0.013813;;;;;;;;;;;;;;
319;Basomedial amygdalar nucleus;0;0;um2;0;0;0;um2;0;;;;;;;;;;;;;;
327;Basomedial amygdalar nucleus, anterior part;141436;141435.647034;um2;36;1126;1126;um2;0.007961;;;;;;;;;;;;;;
334;Basomedial amygdalar nucleus, posterior part;393441;393441.150726;um2;234;9997;9997;um2;0.025409;;;;;;;;;;;;;;
780;Posterior amygdalar nucleus;23052;23051.666229;um2;4;77;77;um2;0.003340;;;;;;;;;;;;;;
623;Cerebral nuclei;0;0;um2;0;0;0;um2;0;;;;;;;;;;;;;;
477;Striatum;242629;242628.554718;um2;92;3524;3524;um2;0.014524;;;;;;;;;;;;;;
485;Striatum dorsal region;0;0;um2;0;0;0;um2;0;;;;;;;;;;;;;;
672;Caudoputamen;758361;758360.748322;um2;274;8846;8846;um2;0.011665;;;;;;;;;;;;;;
493;Striatum ventral region;0;0;um2;0;0;0;um2;0;;;;;;;;;;;;;;
56;Nucleus accumbens;0;0;um2;0;0;0;um2;0;;;;;;;;;;;;;;
998;Fundus of striatum;0;0;um2;0;0;0;um2;0;;;;;;;;;;;;;;
754;Olfactory tubercle;0;0;um2;0;0;0;um2;0;;;;;;;;;;;;;;
481;Islands of Calleja;0;0;um2;0;0;0;um2;0;;;;;;;;;;;;;;
489;Major island of Calleja;0;0;um2;0;0;0;um2;0;;;;;;;;;;;;;;
144;Olfactory tubercle, layers 1-3;0;0;um2;0;0;0;um2;0;;;;;;;;;;;;;;
458;Olfactory tubercle, molecular layer;0;0;um2;0;0;0;um2;0;;;;;;;;;;;;;;
465;Olfactory tubercle, pyramidal layer;0;0;um2;0;0;0;um2;0;;;;;;;;;;;;;;
473;Olfactory tubercle, polymorph layer;0;0;um2;0;0;0;um2;0;;;;;;;;;;;;;;
549009199;Lateral strip of striatum;0;0;um2;0;0;0;um2;0;;;;;;;;;;;;;;
275;Lateral septal complex;0;0;um2;0;0;0;um2;0;;;;;;;;;;;;;;
242;Lateral septal nucleus;0;0;um2;0;0;0;um2;0;;;;;;;;;;;;;;
250;Lateral septal nucleus, caudal (caudodorsal) part;0;0;um2;0;0;0;um2;0;;;;;;;;;;;;;;
258;Lateral septal nucleus, rostral (rostroventral) part;0;0;um2;0;0;0;um2;0;;;;;;;;;;;;;;
266;Lateral septal nucleus, ventral part;0;0;um2;0;0;0;um2;0;;;;;;;;;;;;;;
310;Septofimbrial nucleus;0;0;um2;0;0;0;um2;0;;;;;;;;;;;;;;
333;Septohippocampal nucleus;0;0;um2;0;0;0;um2;0;;;;;;;;;;;;;;
278;Striatum-like amygdalar nuclei;0;0;um2;0;0;0;um2;0;;;;;;;;;;;;;;
23;Anterior amygdalar area;0;0;um2;0;0;0;um2;0;;;;;;;;;;;;;;
292;Bed nucleus of the accessory olfactory tract;0;0;um2;0;0;0;um2;0;;;;;;;;;;;;;;
536;Central amygdalar nucleus;0;0;um2;0;0;0;um2;0;;;;;;;;;;;;;;
544;Central amygdalar nucleus, capsular part;62904;62903.699371;um2;24;862;862;um2;0.013703;;;;;;;;;;;;;;
551;Central amygdalar nucleus, lateral part;72281;72280.648346;um2;32;1309;1309;um2;0.018110;;;;;;;;;;;;;;
559;Central amygdalar nucleus, medial part;126589;126588.811157;um2;36;1453;1453;um2;0.011478;;;;;;;;;;;;;;
1105;Intercalated amygdalar nucleus;68764;68764.292480;um2;46;1947;1947;um2;0.028314;;;;;;;;;;;;;;
403;Medial amygdalar nucleus;1213924;1213924.186005;um2;262;9350;9350;um2;0.007702;;;;;;;;;;;;;;
411;Medial amygdalar nucleus, anterodorsal part;0;0;um2;0;0;0;um2;0;;;;;;;;;;;;;;
418;Medial amygdalar nucleus, anteroventral part;0;0;um2;0;0;0;um2;0;;;;;;;;;;;;;;
426;Medial amygdalar nucleus, posterodorsal part;0;0;um2;0;0;0;um2;0;;;;;;;;;;;;;;
472;Medial amygdalar nucleus, posterodorsal part, sublayer a;0;0;um2;0;0;0;um2;0;;;;;;;;;;;;;;
480;Medial amygdalar nucleus, posterodorsal part, sublayer b;0;0;um2;0;0;0;um2;0;;;;;;;;;;;;;;
487;Medial amygdalar nucleus, posterodorsal part, sublayer c;0;0;um2;0;0;0;um2;0;;;;;;;;;;;;;;
435;Medial amygdalar nucleus, posteroventral part;0;0;um2;0;0;0;um2;0;;;;;;;;;;;;;;
803;Pallidum;0;0;um2;0;0;0;um2;0;;;;;;;;;;;;;;
818;Pallidum, dorsal region;0;0;um2;0;0;0;um2;0;;;;;;;;;;;;;;
1022;Globus pallidus, external segment;0;0;um2;0;0;0;um2;0;;;;;;;;;;;;;;
1031;Globus pallidus, internal segment;0;0;um2;0;0;0;um2;0;;;;;;;;;;;;;;
835;Pallidum, ventral region;0;0;um2;0;0;0;um2;0;;;;;;;;;;;;;;
342;Substantia innominata;0;0;um2;0;0;0;um2;0;;;;;;;;;;;;;;
298;Magnocellular nucleus;0;0;um2;0;0;0;um2;0;;;;;;;;;;;;;;
826;Pallidum, medial region;0;0;um2;0;0;0;um2;0;;;;;;;;;;;;;;
904;Medial septal complex;0;0;um2;0;0;0;um2;0;;;;;;;;;;;;;;
564;Medial septal nucleus;0;0;um2;0;0;0;um2;0;;;;;;;;;;;;;;
596;Diagonal band nucleus;0;0;um2;0;0;0;um2;0;;;;;;;;;;;;;;
581;Triangular nucleus of septum;0;0;um2;0;0;0;um2;0;;;;;;;;;;;;;;
809;Pallidum, caudal region;0;0;um2;0;0;0;um2;0;;;;;;;;;;;;;;
351;Bed nuclei of the stria terminalis;0;0;um2;0;0;0;um2;0;;;;;;;;;;;;;;
359;Bed nuclei of the stria terminalis, anterior division;0;0;um2;0;0;0;um2;0;;;;;;;;;;;;;;
537;Bed nuclei of the stria terminalis, anterior division, anterolateral area;0;0;um2;0;0;0;um2;0;;;;;;;;;;;;;;
498;Bed nuclei of the stria terminalis, anterior division, anteromedial area;0;0;um2;0;0;0;um2;0;;;;;;;;;;;;;;
505;Bed nuclei of the stria terminalis, anterior division, dorsomedial nucleus;0;0;um2;0;0;0;um2;0;;;;;;;;;;;;;;
513;Bed nuclei of the stria terminalis, anterior division, fusiform nucleus;0;0;um2;0;0;0;um2;0;;;;;;;;;;;;;;
546;Bed nuclei of the stria terminalis, anterior division, juxtacapsular nucleus;0;0;um2;0;0;0;um2;0;;;;;;;;;;;;;;
521;Bed nuclei of the stria terminalis, anterior division, magnocellular nucleus;0;0;um2;0;0;0;um2;0;;;;;;;;;;;;;;
554;Bed nuclei of the stria terminalis, anterior division, oval nucleus;0;0;um2;0;0;0;um2;0;;;;;;;;;;;;;;
562;Bed nuclei of the stria terminalis, anterior division, rhomboid nucleus;0;0;um2;0;0;0;um2;0;;;;;;;;;;;;;;
529;Bed nuclei of the stria terminalis, anterior division, ventral nucleus;0;0;um2;0;0;0;um2;0;;;;;;;;;;;;;;
367;Bed nuclei of the stria terminalis, posterior division;0;0;um2;0;0;0;um2;0;;;;;;;;;;;;;;
569;Bed nuclei of the stria terminalis, posterior division, dorsal nucleus;0;0;um2;0;0;0;um2;0;;;;;;;;;;;;;;
578;Bed nuclei of the stria terminalis, posterior division, principal nucleus;0;0;um2;0;0;0;um2;0;;;;;;;;;;;;;;
585;Bed nuclei of the stria terminalis, posterior division, interfascicular nucleus;0;0;um2;0;0;0;um2;0;;;;;;;;;;;;;;
594;Bed nuclei of the stria terminalis, posterior division, transverse nucleus;0;0;um2;0;0;0;um2;0;;;;;;;;;;;;;;
602;Bed nuclei of the stria terminalis, posterior division, strial extension;0;0;um2;0;0;0;um2;0;;;;;;;;;;;;;;
287;Bed nucleus of the anterior commissure;0;0;um2;0;0;0;um2;0;;;;;;;;;;;;;;
343;Brain stem;0;0;um2;0;0;0;um2;0;;;;;;;;;;;;;;
1129;Interbrain;0;0;um2;0;0;0;um2;0;;;;;;;;;;;;;;
549;Thalamus;446186;446186.488708;um2;142;5924;5924;um2;0.013277;;;;;;;;;;;;;;
864;Thalamus, sensory-motor cortex related;0;0;um2;0;0;0;um2;0;;;;;;;;;;;;;;
637;Ventral group of the dorsal thalamus;0;0;um2;0;0;0;um2;0;;;;;;;;;;;;;;
629;Ventral anterior-lateral complex of the thalamus;0;0;um2;0;0;0;um2;0;;;;;;;;;;;;;;
685;Ventral medial nucleus of the thalamus;401646;401645.981079;um2;130;5848;5848;um2;0.014560;;;;;;;;;;;;;;
709;Ventral posterior complex of the thalamus;0;0;um2;0;0;0;um2;0;;;;;;;;;;;;;;
718;Ventral posterolateral nucleus of the thalamus;310611;310611.434784;um2;46;1404;1404;um2;0.004520;;;;;;;;;;;;;;
725;Ventral posterolateral nucleus of the thalamus, parvicellular part;133622;133621.522888;um2;4;68;68;um2;0.000509;;;;;;;;;;;;;;
733;Ventral posteromedial nucleus of the thalamus;764221;764221.341431;um2;38;597;597;um2;0.000781;;;;;;;;;;;;;;
741;Ventral posteromedial nucleus of the thalamus, parvicellular part;390316;390315.501068;um2;19;387;387;um2;0.000992;;;;;;;;;;;;;;
563807435;Posterior triangular thalamic nucleus;0;0;um2;0;0;0;um2;0;;;;;;;;;;;;;;
406;Subparafascicular nucleus;0;0;um2;0;0;0;um2;0;;;;;;;;;;;;;;
414;Subparafascicular nucleus, magnocellular part;49229;49228.982117;um2;17;726;726;um2;0.014747;;;;;;;;;;;;;;
422;Subparafascicular nucleus, parvicellular part;0;0;um2;0;0;0;um2;0;;;;;;;;;;;;;;
609;Subparafascicular area;50792;50791.806946;um2;57;2212;2212;um2;0.043550;;;;;;;;;;;;;;
1044;Peripeduncular nucleus;0;0;um2;0;0;0;um2;0;;;;;;;;;;;;;;
1008;Geniculate group, dorsal thalamus;0;0;um2;0;0;0;um2;0;;;;;;;;;;;;;;
475;Medial geniculate complex;0;0;um2;0;0;0;um2;0;;;;;;;;;;;;;;
1072;Medial geniculate complex, dorsal part;0;0;um2;0;0;0;um2;0;;;;;;;;;;;;;;
1079;Medial geniculate complex, ventral part;0;0;um2;0;0;0;um2;0;;;;;;;;;;;;;;
1088;Medial geniculate complex, medial part;0;0;um2;0;0;0;um2;0;;;;;;;;;;;;;;
170;Dorsal part of the lateral geniculate complex;0;0;um2;0;0;0;um2;0;;;;;;;;;;;;;;
496345664;Dorsal part of the lateral geniculate complex, shell;116430;116430.449768;um2;9;314;314;um2;0.002697;;;;;;;;;;;;;;
496345668;Dorsal part of the lateral geniculate complex, core;292248;292248.243042;um2;103;4412;4412;um2;0.015097;;;;;;;;;;;;;;
496345672;Dorsal part of the lateral geniculate complex, ipsilateral zone;74234;74234.179382;um2;10;386;386;um2;0.005200;;;;;;;;;;;;;;
856;Thalamus, polymodal association cortex related;0;0;um2;0;0;0;um2;0;;;;;;;;;;;;;;
138;Lateral group of the dorsal thalamus;0;0;um2;0;0;0;um2;0;;;;;;;;;;;;;;
218;Lateral posterior nucleus of the thalamus;489946;489945.583923;um2;96;3015;3015;um2;0.006154;;;;;;;;;;;;;;
1020;Posterior complex of the thalamus;686471;686470.806183;um2;16;259;259;um2;0.000377;;;;;;;;;;;;;;
1029;Posterior limiting nucleus of the thalamus;25787;25786.609680;um2;7;239;239;um2;0.009268;;;;;;;;;;;;;;
325;Suprageniculate nucleus;0;0;um2;0;0;0;um2;0;;;;;;;;;;;;;;
560581551;Ethmoid nucleus of the thalamus;159408;159408.132568;um2;17;403;403;um2;0.002528;;;;;;;;;;;;;;
560581555;Retroethmoid nucleus;0;0;um2;0;0;0;um2;0;;;;;;;;;;;;;;
239;Anterior group of the dorsal thalamus;0;0;um2;0;0;0;um2;0;;;;;;;;;;;;;;
255;Anteroventral nucleus of thalamus;0;0;um2;0;0;0;um2;0;;;;;;;;;;;;;;
127;Anteromedial nucleus;0;0;um2;0;0;0;um2;0;;;;;;;;;;;;;;
1096;Anteromedial nucleus, dorsal part;0;0;um2;0;0;0;um2;0;;;;;;;;;;;;;;
1104;Anteromedial nucleus, ventral part;0;0;um2;0;0;0;um2;0;;;;;;;;;;;;;;
64;Anterodorsal nucleus;0;0;um2;0;0;0;um2;0;;;;;;;;;;;;;;
1120;Interanteromedial nucleus of the thalamus;0;0;um2;0;0;0;um2;0;;;;;;;;;;;;;;
1113;Interanterodorsal nucleus of the thalamus;0;0;um2;0;0;0;um2;0;;;;;;;;;;;;;;
155;Lateral dorsal nucleus of thalamus;0;0;um2;0;0;0;um2;0;;;;;;;;;;;;;;
444;Medial group of the dorsal thalamus;0;0;um2;0;0;0;um2;0;;;;;;;;;;;;;;
59;Intermediodorsal nucleus of the thalamus;127370;127370.223572;um2;82;3268;3268;um2;0.025657;;;;;;;;;;;;;;
362;Mediodorsal nucleus of thalamus;3126;3125.649658;um2;0;0;0;um2;0;;;;;;;;;;;;;;
617;Mediodorsal nucleus of the thalamus, central part;0;0;um2;0;0;0;um2;0;;;;;;;;;;;;;;
626;Mediodorsal nucleus of the thalamus, lateral part;0;0;um2;0;0;0;um2;0;;;;;;;;;;;;;;
636;Mediodorsal nucleus of the thalamus, medial part;0;0;um2;0;0;0;um2;0;;;;;;;;;;;;;;
366;Submedial nucleus of the thalamus;0;0;um2;0;0;0;um2;0;;;;;;;;;;;;;;
1077;Perireunensis nucleus;0;0;um2;0;0;0;um2;0;;;;;;;;;;;;;;
571;Midline group of the dorsal thalamus;0;0;um2;0;0;0;um2;0;;;;;;;;;;;;;;
149;Paraventricular nucleus of the thalamus;65248;65247.936615;um2;73;2745;2745;um2;0.042070;;;;;;;;;;;;;;
15;Parataenial nucleus;0;0;um2;0;0;0;um2;0;;;;;;;;;;;;;;
181;Nucleus of reuniens;0;0;um2;0;0;0;um2;0;;;;;;;;;;;;;;
560581559;Xiphoid thalamic nucleus;0;0;um2;0;0;0;um2;0;;;;;;;;;;;;;;
51;Intralaminar nuclei of the dorsal thalamus;0;0;um2;0;0;0;um2;0;;;;;;;;;;;;;;
189;Rhomboid nucleus;0;0;um2;0;0;0;um2;0;;;;;;;;;;;;;;
599;Central medial nucleus of the thalamus;10158;10158.361389;um2;3;165;165;um2;0.016243;;;;;;;;;;;;;;
907;Paracentral nucleus;0;0;um2;0;0;0;um2;0;;;;;;;;;;;;;;
575;Central lateral nucleus of the thalamus;0;0;um2;0;0;0;um2;0;;;;;;;;;;;;;;
930;Parafascicular nucleus;981454;981453.992676;um2;319;12990;12990;um2;0.013235;;;;;;;;;;;;;;
560581563;Posterior intralaminar thalamic nucleus;0;0;um2;0;0;0;um2;0;;;;;;;;;;;;;;
262;Reticular nucleus of the thalamus;91425;91425.252502;um2;15;483;483;um2;0.005283;;;;;;;;;;;;;;
1014;Geniculate group, ventral thalamus;0;0;um2;0;0;0;um2;0;;;;;;;;;;;;;;
27;Intergeniculate leaflet of the lateral geniculate complex;45713;45712.626251;um2;37;1900;1900;um2;0.041564;;;;;;;;;;;;;;
563807439;Intermediate geniculate nucleus;0;0;um2;0;0;0;um2;0;;;;;;;;;;;;;;
178;Ventral part of the lateral geniculate complex;237940;237940.080231;um2;229;12848;12848;um2;0.053997;;;;;;;;;;;;;;
300;Ventral part of the lateral geniculate complex, lateral zone;0;0;um2;0;0;0;um2;0;;;;;;;;;;;;;;
316;Ventral part of the lateral geniculate complex, medial zone;0;0;um2;0;0;0;um2;0;;;;;;;;;;;;;;
321;Subgeniculate nucleus;781;781.412415;um2;0;0;0;um2;0;;;;;;;;;;;;;;
958;Epithalamus;0;0;um2;0;0;0;um2;0;;;;;;;;;;;;;;
483;Medial habenula;26568;26568.022095;um2;5;96;96;um2;0.003613;;;;;;;;;;;;;;
186;Lateral habenula;0;0;um2;0;0;0;um2;0;;;;;;;;;;;;;;
953;Pineal body;0;0;um2;0;0;0;um2;0;;;;;;;;;;;;;;
1097;Hypothalamus;528625;528625.498444;um2;303;12675;12675;um2;0.023977;;;;;;;;;;;;;;
157;Periventricular zone;0;0;um2;0;0;0;um2;0;;;;;;;;;;;;;;
390;Supraoptic nucleus;0;0;um2;0;0;0;um2;0;;;;;;;;;;;;;;
332;Accessory supraoptic group;0;0;um2;0;0;0;um2;0;;;;;;;;;;;;;;
432;Nucleus circularis;0;0;um2;0;0;0;um2;0;;;;;;;;;;;;;;
38;Paraventricular hypothalamic nucleus;0;0;um2;0;0;0;um2;0;;;;;;;;;;;;;;
71;Paraventricular hypothalamic nucleus, magnocellular division;0;0;um2;0;0;0;um2;0;;;;;;;;;;;;;;
47;Paraventricular hypothalamic nucleus, magnocellular division, anterior magnocellular part;0;0;um2;0;0;0;um2;0;;;;;;;;;;;;;;
79;Paraventricular hypothalamic nucleus, magnocellular division, medial magnocellular part;0;0;um2;0;0;0;um2;0;;;;;;;;;;;;;;
103;Paraventricular hypothalamic nucleus, magnocellular division, posterior magnocellular part;0;0;um2;0;0;0;um2;0;;;;;;;;;;;;;;
652;Paraventricular hypothalamic nucleus, magnocellular division, posterior magnocellular part, lateral zone;0;0;um2;0;0;0;um2;0;;;;;;;;;;;;;;
660;Paraventricular hypothalamic nucleus, magnocellular division, posterior magnocellular part, medial zone;0;0;um2;0;0;0;um2;0;;;;;;;;;;;;;;
94;Paraventricular hypothalamic nucleus, parvicellular division;0;0;um2;0;0;0;um2;0;;;;;;;;;;;;;;
55;Paraventricular hypothalamic nucleus, parvicellular division, anterior parvicellular part;0;0;um2;0;0;0;um2;0;;;;;;;;;;;;;;
87;Paraventricular hypothalamic nucleus, parvicellular division, medial parvicellular part, dorsal zone;0;0;um2;0;0;0;um2;0;;;;;;;;;;;;;;
110;Paraventricular hypothalamic nucleus, parvicellular division, periventricular part;0;0;um2;0;0;0;um2;0;;;;;;;;;;;;;;
30;Periventricular hypothalamic nucleus, anterior part;0;0;um2;0;0;0;um2;0;;;;;;;;;;;;;;
118;Periventricular hypothalamic nucleus, intermediate part;104319;104318.557343;um2;30;880;880;um2;0.008436;;;;;;;;;;;;;;
223;Arcuate hypothalamic nucleus;246536;246535.616791;um2;103;3417;3417;um2;0.013860;;;;;;;;;;;;;;
141;Periventricular region;0;0;um2;0;0;0;um2;0;;;;;;;;;;;;;;
72;Anterodorsal preoptic nucleus;0;0;um2;0;0;0;um2;0;;;;;;;;;;;;;;
80;Anterior hypothalamic area;0;0;um2;0;0;0;um2;0;;;;;;;;;;;;;;
263;Anteroventral preoptic nucleus;0;0;um2;0;0;0;um2;0;;;;;;;;;;;;;;
272;Anteroventral periventricular nucleus;0;0;um2;0;0;0;um2;0;;;;;;;;;;;;;;
830;Dorsomedial nucleus of the hypothalamus;295765;295764.598907;um2;180;6873;6873;um2;0.023238;;;;;;;;;;;;;;
668;Dorsomedial nucleus of the hypothalamus, anterior part;0;0;um2;0;0;0;um2;0;;;;;;;;;;;;;;
676;Dorsomedial nucleus of the hypothalamus, posterior part;0;0;um2;0;0;0;um2;0;;;;;;;;;;;;;;
684;Dorsomedial nucleus of the hypothalamus, ventral part;0;0;um2;0;0;0;um2;0;;;;;;;;;;;;;;
452;Median preoptic nucleus;0;0;um2;0;0;0;um2;0;;;;;;;;;;;;;;
523;Medial preoptic area;0;0;um2;0;0;0;um2;0;;;;;;;;;;;;;;
763;Vascular organ of the lamina terminalis;0;0;um2;0;0;0;um2;0;;;;;;;;;;;;;;
914;Posterodorsal preoptic nucleus;0;0;um2;0;0;0;um2;0;;;;;;;;;;;;;;
1109;Parastrial nucleus;0;0;um2;0;0;0;um2;0;;;;;;;;;;;;;;
1124;Suprachiasmatic preoptic nucleus;0;0;um2;0;0;0;um2;0;;;;;;;;;;;;;;
126;Periventricular hypothalamic nucleus, posterior part;0;0;um2;0;0;0;um2;0;;;;;;;;;;;;;;
133;Periventricular hypothalamic nucleus, preoptic part;0;0;um2;0;0;0;um2;0;;;;;;;;;;;;;;
347;Subparaventricular zone;0;0;um2;0;0;0;um2;0;;;;;;;;;;;;;;
286;Suprachiasmatic nucleus;0;0;um2;0;0;0;um2;0;;;;;;;;;;;;;;
338;Subfornical organ;0;0;um2;0;0;0;um2;0;;;;;;;;;;;;;;
576073699;Ventromedial preoptic nucleus;0;0;um2;0;0;0;um2;0;;;;;;;;;;;;;;
689;Ventrolateral preoptic nucleus;0;0;um2;0;0;0;um2;0;;;;;;;;;;;;;;
467;Hypothalamic medial zone;0;0;um2;0;0;0;um2;0;;;;;;;;;;;;;;
88;Anterior hypothalamic nucleus;0;0;um2;0;0;0;um2;0;;;;;;;;;;;;;;
700;Anterior hypothalamic nucleus, anterior part;0;0;um2;0;0;0;um2;0;;;;;;;;;;;;;;
708;Anterior hypothalamic nucleus, central part;0;0;um2;0;0;0;um2;0;;;;;;;;;;;;;;
716;Anterior hypothalamic nucleus, dorsal part;0;0;um2;0;0;0;um2;0;;;;;;;;;;;;;;
724;Anterior hypothalamic nucleus, posterior part;0;0;um2;0;0;0;um2;0;;;;;;;;;;;;;;
331;Mammillary body;0;0;um2;0;0;0;um2;0;;;;;;;;;;;;;;
210;Lateral mammillary nucleus;0;0;um2;0;0;0;um2;0;;;;;;;;;;;;;;
491;Medial mammillary nucleus;0;0;um2;0;0;0;um2;0;;;;;;;;;;;;;;
732;Medial mammillary nucleus, median part;0;0;um2;0;0;0;um2;0;;;;;;;;;;;;;;
606826647;Medial mammillary nucleus, lateral part;0;0;um2;0;0;0;um2;0;;;;;;;;;;;;;;
606826651;Medial mammillary nucleus, medial part;0;0;um2;0;0;0;um2;0;;;;;;;;;;;;;;
606826655;Medial mammillary nucleus, posterior part;0;0;um2;0;0;0;um2;0;;;;;;;;;;;;;;
606826659;Medial mammillary nucleus, dorsal part;0;0;um2;0;0;0;um2;0;;;;;;;;;;;;;;
525;Supramammillary nucleus;0;0;um2;0;0;0;um2;0;;;;;;;;;;;;;;
1110;Supramammillary nucleus, lateral part;0;0;um2;0;0;0;um2;0;;;;;;;;;;;;;;
1118;Supramammillary nucleus, medial part;0;0;um2;0;0;0;um2;0;;;;;;;;;;;;;;
557;Tuberomammillary nucleus;0;0;um2;0;0;0;um2;0;;;;;;;;;;;;;;
1126;Tuberomammillary nucleus, dorsal part;0;0;um2;0;0;0;um2;0;;;;;;;;;;;;;;
1;Tuberomammillary nucleus, ventral part;0;0;um2;0;0;0;um2;0;;;;;;;;;;;;;;
515;Medial preoptic nucleus;0;0;um2;0;0;0;um2;0;;;;;;;;;;;;;;
740;Medial preoptic nucleus, central part;0;0;um2;0;0;0;um2;0;;;;;;;;;;;;;;
748;Medial preoptic nucleus, lateral part;0;0;um2;0;0;0;um2;0;;;;;;;;;;;;;;
756;Medial preoptic nucleus, medial part;0;0;um2;0;0;0;um2;0;;;;;;;;;;;;;;
980;Dorsal premammillary nucleus;0;0;um2;0;0;0;um2;0;;;;;;;;;;;;;;
1004;Ventral premammillary nucleus;0;0;um2;0;0;0;um2;0;;;;;;;;;;;;;;
63;Paraventricular hypothalamic nucleus, descending division;0;0;um2;0;0;0;um2;0;;;;;;;;;;;;;;
439;Paraventricular hypothalamic nucleus, descending division, dorsal parvicellular part;0;0;um2;0;0;0;um2;0;;;;;;;;;;;;;;
447;Paraventricular hypothalamic nucleus, descending division, forniceal part;0;0;um2;0;0;0;um2;0;;;;;;;;;;;;;;
455;Paraventricular hypothalamic nucleus, descending division, lateral parvicellular part;0;0;um2;0;0;0;um2;0;;;;;;;;;;;;;;
464;Paraventricular hypothalamic nucleus, descending division, medial parvicellular part, ventral zone;0;0;um2;0;0;0;um2;0;;;;;;;;;;;;;;
693;Ventromedial hypothalamic nucleus;384846;384845.614166;um2;219;7914;7914;um2;0.020564;;;;;;;;;;;;;;
761;Ventromedial hypothalamic nucleus, anterior part;0;0;um2;0;0;0;um2;0;;;;;;;;;;;;;;
769;Ventromedial hypothalamic nucleus, central part;0;0;um2;0;0;0;um2;0;;;;;;;;;;;;;;
777;Ventromedial hypothalamic nucleus, dorsomedial part;0;0;um2;0;0;0;um2;0;;;;;;;;;;;;;;
785;Ventromedial hypothalamic nucleus, ventrolateral part;0;0;um2;0;0;0;um2;0;;;;;;;;;;;;;;
946;Posterior hypothalamic nucleus;500885;500885.357727;um2;539;25964;25964;um2;0.051836;;;;;;;;;;;;;;
290;Hypothalamic lateral zone;0;0;um2;0;0;0;um2;0;;;;;;;;;;;;;;
194;Lateral hypothalamic area;585278;585277.898499;um2;252;11279;11279;um2;0.019271;;;;;;;;;;;;;;
226;Lateral preoptic area;0;0;um2;0;0;0;um2;0;;;;;;;;;;;;;;
356;Preparasubthalamic nucleus;0;0;um2;0;0;0;um2;0;;;;;;;;;;;;;;
364;Parasubthalamic nucleus;107835;107834.913208;um2;55;2024;2024;um2;0.018769;;;;;;;;;;;;;;
576073704;Perifornical nucleus;0;0;um2;0;0;0;um2;0;;;;;;;;;;;;;;
173;Retrochiasmatic area;0;0;um2;0;0;0;um2;0;;;;;;;;;;;;;;
470;Subthalamic nucleus;187930;187929.685699;um2;40;836;836;um2;0.004448;;;;;;;;;;;;;;
614;Tuberal nucleus;479787;479787.222534;um2;104;2438;2438;um2;0.005081;;;;;;;;;;;;;;
797;Zona incerta;663419;663419.139954;um2;216;9158;9158;um2;0.013804;;;;;;;;;;;;;;
796;Dopaminergic A13 group;0;0;um2;0;0;0;um2;0;;;;;;;;;;;;;;
804;Fields of Forel;0;0;um2;0;0;0;um2;0;;;;;;;;;;;;;;
10671;Median eminence;64857;64857.230408;um2;0;0;0;um2;0;;;;;;;;;;;;;;
313;Midbrain;342649;342649.343781;um2;215;9734;9734;um2;0.028408;;;;;;;;;;;;;;
339;Midbrain, sensory related;0;0;um2;0;0;0;um2;0;;;;;;;;;;;;;;
302;Superior colliculus, sensory related;0;0;um2;0;0;0;um2;0;;;;;;;;;;;;;;
851;Superior colliculus, optic layer;0;0;um2;0;0;0;um2;0;;;;;;;;;;;;;;
842;Superior colliculus, superficial gray layer;0;0;um2;0;0;0;um2;0;;;;;;;;;;;;;;
834;Superior colliculus, zonal layer;0;0;um2;0;0;0;um2;0;;;;;;;;;;;;;;
4;Inferior colliculus;0;0;um2;0;0;0;um2;0;;;;;;;;;;;;;;
811;Inferior colliculus, central nucleus;0;0;um2;0;0;0;um2;0;;;;;;;;;;;;;;
820;Inferior colliculus, dorsal nucleus;0;0;um2;0;0;0;um2;0;;;;;;;;;;;;;;
828;Inferior colliculus, external nucleus;0;0;um2;0;0;0;um2;0;;;;;;;;;;;;;;
580;Nucleus of the brachium of the inferior colliculus;0;0;um2;0;0;0;um2;0;;;;;;;;;;;;;;
271;Nucleus sagulum;0;0;um2;0;0;0;um2;0;;;;;;;;;;;;;;
874;Parabigeminal nucleus;0;0;um2;0;0;0;um2;0;;;;;;;;;;;;;;
460;Midbrain trigeminal nucleus;0;0;um2;0;0;0;um2;0;;;;;;;;;;;;;;
599626923;Subcommissural organ;13675;13674.717255;um2;0;0;0;um2;0;;;;;;;;;;;;;;
323;Midbrain, motor related;0;0;um2;0;0;0;um2;0;;;;;;;;;;;;;;
381;Substantia nigra, reticular part;0;0;um2;0;0;0;um2;0;;;;;;;;;;;;;;
749;Ventral tegmental area;0;0;um2;0;0;0;um2;0;;;;;;;;;;;;;;
607344830;Paranigral nucleus;0;0;um2;0;0;0;um2;0;;;;;;;;;;;;;;
246;Midbrain reticular nucleus, retrorubral area;0;0;um2;0;0;0;um2;0;;;;;;;;;;;;;;
128;Midbrain reticular nucleus;0;0;um2;0;0;0;um2;0;;;;;;;;;;;;;;
539;Midbrain reticular nucleus, magnocellular part;0;0;um2;0;0;0;um2;0;;;;;;;;;;;;;;
548;Midbrain reticular nucleus, magnocellular part, general;0;0;um2;0;0;0;um2;0;;;;;;;;;;;;;;
555;Midbrain reticular nucleus, parvicellular part;0;0;um2;0;0;0;um2;0;;;;;;;;;;;;;;
294;Superior colliculus, motor related;0;0;um2;0;0;0;um2;0;;;;;;;;;;;;;;
26;Superior colliculus, motor related, deep gray layer;0;0;um2;0;0;0;um2;0;;;;;;;;;;;;;;
42;Superior colliculus, motor related, deep white layer;0;0;um2;0;0;0;um2;0;;;;;;;;;;;;;;
17;Superior colliculus, motor related, intermediate white layer;0;0;um2;0;0;0;um2;0;;;;;;;;;;;;;;
10;Superior colliculus, motor related, intermediate gray layer;0;0;um2;0;0;0;um2;0;;;;;;;;;;;;;;
494;Superior colliculus, motor related, intermediate gray layer, sublayer a;0;0;um2;0;0;0;um2;0;;;;;;;;;;;;;;
503;Superior colliculus, motor related, intermediate gray layer, sublayer b;0;0;um2;0;0;0;um2;0;;;;;;;;;;;;;;
511;Superior colliculus, motor related, intermediate gray layer, sublayer c;0;0;um2;0;0;0;um2;0;;;;;;;;;;;;;;
795;Periaqueductal gray;0;0;um2;0;0;0;um2;0;;;;;;;;;;;;;;
50;Precommissural nucleus;236377;236377.255402;um2;143;6576;6576;um2;0.027820;;;;;;;;;;;;;;
67;Interstitial nucleus of Cajal;0;0;um2;0;0;0;um2;0;;;;;;;;;;;;;;
587;Nucleus of Darkschewitsch;0;0;um2;0;0;0;um2;0;;;;;;;;;;;;;;
614454277;Supraoculomotor periaqueductal gray;0;0;um2;0;0;0;um2;0;;;;;;;;;;;;;;
1100;Pretectal region;0;0;um2;0;0;0;um2;0;;;;;;;;;;;;;;
215;Anterior pretectal nucleus;166050;166050.138092;um2;35;1209;1209;um2;0.007281;;;;;;;;;;;;;;
531;Medial pretectal area;0;0;um2;0;0;0;um2;0;;;;;;;;;;;;;;
628;Nucleus of the optic tract;0;0;um2;0;0;0;um2;0;;;;;;;;;;;;;;
634;Nucleus of the posterior commissure;0;0;um2;0;0;0;um2;0;;;;;;;;;;;;;;
706;Olivary pretectal nucleus;0;0;um2;0;0;0;um2;0;;;;;;;;;;;;;;
1061;Posterior pretectal nucleus;0;0;um2;0;0;0;um2;0;;;;;;;;;;;;;;
549009203;Retroparafascicular nucleus;0;0;um2;0;0;0;um2;0;;;;;;;;;;;;;;
549009207;Intercollicular nucleus;0;0;um2;0;0;0;um2;0;;;;;;;;;;;;;;
616;Cuneiform nucleus;0;0;um2;0;0;0;um2;0;;;;;;;;;;;;;;
214;Red nucleus;0;0;um2;0;0;0;um2;0;;;;;;;;;;;;;;
35;Oculomotor nucleus;0;0;um2;0;0;0;um2;0;;;;;;;;;;;;;;
549009211;Medial accesory oculomotor nucleus;0;0;um2;0;0;0;um2;0;;;;;;;;;;;;;;
975;Edinger-Westphal nucleus;0;0;um2;0;0;0;um2;0;;;;;;;;;;;;;;
115;Trochlear nucleus;0;0;um2;0;0;0;um2;0;;;;;;;;;;;;;;
606826663;Paratrochlear nucleus;0;0;um2;0;0;0;um2;0;;;;;;;;;;;;;;
757;Ventral tegmental nucleus;0;0;um2;0;0;0;um2;0;;;;;;;;;;;;;;
231;Anterior tegmental nucleus;0;0;um2;0;0;0;um2;0;;;;;;;;;;;;;;
66;Lateral terminal nucleus of the accessory optic tract;0;0;um2;0;0;0;um2;0;;;;;;;;;;;;;;
75;Dorsal terminal nucleus of the accessory optic tract;0;0;um2;0;0;0;um2;0;;;;;;;;;;;;;;
58;Medial terminal nucleus of the accessory optic tract;0;0;um2;0;0;0;um2;0;;;;;;;;;;;;;;
615;Substantia nigra, lateral part;0;0;um2;0;0;0;um2;0;;;;;;;;;;;;;;
348;Midbrain, behavioral state related;0;0;um2;0;0;0;um2;0;;;;;;;;;;;;;;
374;Substantia nigra, compact part;0;0;um2;0;0;0;um2;0;;;;;;;;;;;;;;
1052;Pedunculopontine nucleus;0;0;um2;0;0;0;um2;0;;;;;;;;;;;;;;
165;Midbrain raphe nuclei;0;0;um2;0;0;0;um2;0;;;;;;;;;;;;;;
12;Interfascicular nucleus raphe;0;0;um2;0;0;0;um2;0;;;;;;;;;;;;;;
100;Interpeduncular nucleus;0;0;um2;0;0;0;um2;0;;;;;;;;;;;;;;
607344834;Interpeduncular nucleus, rostral;0;0;um2;0;0;0;um2;0;;;;;;;;;;;;;;
607344838;Interpeduncular nucleus, caudal;0;0;um2;0;0;0;um2;0;;;;;;;;;;;;;;
607344842;Interpeduncular nucleus, apical;0;0;um2;0;0;0;um2;0;;;;;;;;;;;;;;
607344846;Interpeduncular nucleus, lateral;0;0;um2;0;0;0;um2;0;;;;;;;;;;;;;;
607344850;Interpeduncular nucleus, intermediate;0;0;um2;0;0;0;um2;0;;;;;;;;;;;;;;
607344854;Interpeduncular nucleus, dorsomedial;0;0;um2;0;0;0;um2;0;;;;;;;;;;;;;;
607344858;Interpeduncular nucleus, dorsolateral;0;0;um2;0;0;0;um2;0;;;;;;;;;;;;;;
607344862;Interpeduncular nucleus, rostrolateral;0;0;um2;0;0;0;um2;0;;;;;;;;;;;;;;
197;Rostral linear nucleus raphe;0;0;um2;0;0;0;um2;0;;;;;;;;;;;;;;
591;Central linear nucleus raphe;0;0;um2;0;0;0;um2;0;;;;;;;;;;;;;;
872;Dorsal nucleus raphe;0;0;um2;0;0;0;um2;0;;;;;;;;;;;;;;
1065;Hindbrain;0;0;um2;0;0;0;um2;0;;;;;;;;;;;;;;
771;Pons;0;0;um2;0;0;0;um2;0;;;;;;;;;;;;;;
1132;Pons, sensory related;0;0;um2;0;0;0;um2;0;;;;;;;;;;;;;;
612;Nucleus of the lateral lemniscus;0;0;um2;0;0;0;um2;0;;;;;;;;;;;;;;
82;Nucleus of the lateral lemniscus, dorsal part;0;0;um2;0;0;0;um2;0;;;;;;;;;;;;;;
90;Nucleus of the lateral lemniscus, horizontal part;0;0;um2;0;0;0;um2;0;;;;;;;;;;;;;;
99;Nucleus of the lateral lemniscus, ventral part;0;0;um2;0;0;0;um2;0;;;;;;;;;;;;;;
7;Principal sensory nucleus of the trigeminal;0;0;um2;0;0;0;um2;0;;;;;;;;;;;;;;
867;Parabrachial nucleus;0;0;um2;0;0;0;um2;0;;;;;;;;;;;;;;
123;Koelliker-Fuse subnucleus;0;0;um2;0;0;0;um2;0;;;;;;;;;;;;;;
881;Parabrachial nucleus, lateral division;0;0;um2;0;0;0;um2;0;;;;;;;;;;;;;;
860;Parabrachial nucleus, lateral division, central lateral part;0;0;um2;0;0;0;um2;0;;;;;;;;;;;;;;
868;Parabrachial nucleus, lateral division, dorsal lateral part;0;0;um2;0;0;0;um2;0;;;;;;;;;;;;;;
875;Parabrachial nucleus, lateral division, external lateral part;0;0;um2;0;0;0;um2;0;;;;;;;;;;;;;;
883;Parabrachial nucleus, lateral division, superior lateral part;0;0;um2;0;0;0;um2;0;;;;;;;;;;;;;;
891;Parabrachial nucleus, lateral division, ventral lateral part;0;0;um2;0;0;0;um2;0;;;;;;;;;;;;;;
890;Parabrachial nucleus, medial division;0;0;um2;0;0;0;um2;0;;;;;;;;;;;;;;
899;Parabrachial nucleus, medial division, external medial part;0;0;um2;0;0;0;um2;0;;;;;;;;;;;;;;
915;Parabrachial nucleus, medial division, medial medial part;0;0;um2;0;0;0;um2;0;;;;;;;;;;;;;;
923;Parabrachial nucleus, medial division, ventral medial part;0;0;um2;0;0;0;um2;0;;;;;;;;;;;;;;
398;Superior olivary complex;0;0;um2;0;0;0;um2;0;;;;;;;;;;;;;;
122;Superior olivary complex, periolivary region;0;0;um2;0;0;0;um2;0;;;;;;;;;;;;;;
105;Superior olivary complex, medial part;0;0;um2;0;0;0;um2;0;;;;;;;;;;;;;;
114;Superior olivary complex, lateral part;0;0;um2;0;0;0;um2;0;;;;;;;;;;;;;;
987;Pons, motor related;0;0;um2;0;0;0;um2;0;;;;;;;;;;;;;;
280;Barrington's nucleus;0;0;um2;0;0;0;um2;0;;;;;;;;;;;;;;
880;Dorsal tegmental nucleus;0;0;um2;0;0;0;um2;0;;;;;;;;;;;;;;
283;Lateral tegmental nucleus;0;0;um2;0;0;0;um2;0;;;;;;;;;;;;;;
599626927;Posterodorsal tegmental nucleus;0;0;um2;0;0;0;um2;0;;;;;;;;;;;;;;
898;Pontine central gray;0;0;um2;0;0;0;um2;0;;;;;;;;;;;;;;
931;Pontine gray;0;0;um2;0;0;0;um2;0;;;;;;;;;;;;;;
1093;Pontine reticular nucleus, caudal part;0;0;um2;0;0;0;um2;0;;;;;;;;;;;;;;
552;Pontine reticular nucleus, ventral part;0;0;um2;0;0;0;um2;0;;;;;;;;;;;;;;
318;Supragenual nucleus;0;0;um2;0;0;0;um2;0;;;;;;;;;;;;;;
462;Superior salivatory nucleus;0;0;um2;0;0;0;um2;0;;;;;;;;;;;;;;
534;Supratrigeminal nucleus;0;0;um2;0;0;0;um2;0;;;;;;;;;;;;;;
574;Tegmental reticular nucleus;0;0;um2;0;0;0;um2;0;;;;;;;;;;;;;;
621;Motor nucleus of trigeminal;0;0;um2;0;0;0;um2;0;;;;;;;;;;;;;;
549009215;Peritrigeminal zone;0;0;um2;0;0;0;um2;0;;;;;;;;;;;;;;
549009219;Accessory trigeminal nucleus;0;0;um2;0;0;0;um2;0;;;;;;;;;;;;;;
549009223;Parvicellular motor 5 nucleus;0;0;um2;0;0;0;um2;0;;;;;;;;;;;;;;
549009227;Intertrigeminal nucleus;0;0;um2;0;0;0;um2;0;;;;;;;;;;;;;;
1117;Pons, behavioral state related;0;0;um2;0;0;0;um2;0;;;;;;;;;;;;;;
679;Superior central nucleus raphe;0;0;um2;0;0;0;um2;0;;;;;;;;;;;;;;
137;Superior central nucleus raphe, lateral part;0;0;um2;0;0;0;um2;0;;;;;;;;;;;;;;
130;Superior central nucleus raphe, medial part;0;0;um2;0;0;0;um2;0;;;;;;;;;;;;;;
147;Locus ceruleus;0;0;um2;0;0;0;um2;0;;;;;;;;;;;;;;
162;Laterodorsal tegmental nucleus;0;0;um2;0;0;0;um2;0;;;;;;;;;;;;;;
604;Nucleus incertus;0;0;um2;0;0;0;um2;0;;;;;;;;;;;;;;
146;Pontine reticular nucleus;0;0;um2;0;0;0;um2;0;;;;;;;;;;;;;;
238;Nucleus raphe pontis;0;0;um2;0;0;0;um2;0;;;;;;;;;;;;;;
350;Subceruleus nucleus;0;0;um2;0;0;0;um2;0;;;;;;;;;;;;;;
358;Sublaterodorsal nucleus;0;0;um2;0;0;0;um2;0;;;;;;;;;;;;;;
354;Medulla;0;0;um2;0;0;0;um2;0;;;;;;;;;;;;;;
386;Medulla, sensory related;0;0;um2;0;0;0;um2;0;;;;;;;;;;;;;;
207;Area postrema;0;0;um2;0;0;0;um2;0;;;;;;;;;;;;;;
607;Cochlear nuclei;0;0;um2;0;0;0;um2;0;;;;;;;;;;;;;;
112;Granular lamina of the cochlear nuclei;0;0;um2;0;0;0;um2;0;;;;;;;;;;;;;;
560;Cochlear nucleus, subpedunclular granular region;0;0;um2;0;0;0;um2;0;;;;;;;;;;;;;;
96;Dorsal cochlear nucleus;0;0;um2;0;0;0;um2;0;;;;;;;;;;;;;;
101;Ventral cochlear nucleus;0;0;um2;0;0;0;um2;0;;;;;;;;;;;;;;
720;Dorsal column nuclei;0;0;um2;0;0;0;um2;0;;;;;;;;;;;;;;
711;Cuneate nucleus;0;0;um2;0;0;0;um2;0;;;;;;;;;;;;;;
1039;Gracile nucleus;0;0;um2;0;0;0;um2;0;;;;;;;;;;;;;;
903;External cuneate nucleus;0;0;um2;0;0;0;um2;0;;;;;;;;;;;;;;
642;Nucleus of the trapezoid body;0;0;um2;0;0;0;um2;0;;;;;;;;;;;;;;
651;Nucleus of the solitary tract;0;0;um2;0;0;0;um2;0;;;;;;;;;;;;;;
659;Nucleus of the solitary tract, central part;0;0;um2;0;0;0;um2;0;;;;;;;;;;;;;;
666;Nucleus of the solitary tract, commissural part;0;0;um2;0;0;0;um2;0;;;;;;;;;;;;;;
674;Nucleus of the solitary tract, gelatinous part;0;0;um2;0;0;0;um2;0;;;;;;;;;;;;;;
682;Nucleus of the solitary tract, lateral part;0;0;um2;0;0;0;um2;0;;;;;;;;;;;;;;
691;Nucleus of the solitary tract, medial part;0;0;um2;0;0;0;um2;0;;;;;;;;;;;;;;
429;Spinal nucleus of the trigeminal, caudal part;0;0;um2;0;0;0;um2;0;;;;;;;;;;;;;;
437;Spinal nucleus of the trigeminal, interpolar part;0;0;um2;0;0;0;um2;0;;;;;;;;;;;;;;
445;Spinal nucleus of the trigeminal, oral part;0;0;um2;0;0;0;um2;0;;;;;;;;;;;;;;
77;Spinal nucleus of the trigeminal, oral part, caudal dorsomedial part;0;0;um2;0;0;0;um2;0;;;;;;;;;;;;;;
53;Spinal nucleus of the trigeminal, oral part, middle dorsomedial part, dorsal zone;0;0;um2;0;0;0;um2;0;;;;;;;;;;;;;;
61;Spinal nucleus of the trigeminal, oral part, middle dorsomedial part, ventral zone;0;0;um2;0;0;0;um2;0;;;;;;;;;;;;;;
45;Spinal nucleus of the trigeminal, oral part, rostral dorsomedial part;0;0;um2;0;0;0;um2;0;;;;;;;;;;;;;;
69;Spinal nucleus of the trigeminal, oral part, ventrolateral part;0;0;um2;0;0;0;um2;0;;;;;;;;;;;;;;
589508451;Paratrigeminal nucleus;0;0;um2;0;0;0;um2;0;;;;;;;;;;;;;;
789;Nucleus z;0;0;um2;0;0;0;um2;0;;;;;;;;;;;;;;
370;Medulla, motor related;0;0;um2;0;0;0;um2;0;;;;;;;;;;;;;;
653;Abducens nucleus;0;0;um2;0;0;0;um2;0;;;;;;;;;;;;;;
568;Accessory abducens nucleus;0;0;um2;0;0;0;um2;0;;;;;;;;;;;;;;
661;Facial motor nucleus;0;0;um2;0;0;0;um2;0;;;;;;;;;;;;;;
576;Accessory facial motor nucleus;0;0;um2;0;0;0;um2;0;;;;;;;;;;;;;;
640;Efferent vestibular nucleus;0;0;um2;0;0;0;um2;0;;;;;;;;;;;;;;
135;Nucleus ambiguus;0;0;um2;0;0;0;um2;0;;;;;;;;;;;;;;
939;Nucleus ambiguus, dorsal division;0;0;um2;0;0;0;um2;0;;;;;;;;;;;;;;
143;Nucleus ambiguus, ventral division;0;0;um2;0;0;0;um2;0;;;;;;;;;;;;;;
839;Dorsal motor nucleus of the vagus nerve;0;0;um2;0;0;0;um2;0;;;;;;;;;;;;;;
887;Efferent cochlear group;0;0;um2;0;0;0;um2;0;;;;;;;;;;;;;;
1048;Gigantocellular reticular nucleus;0;0;um2;0;0;0;um2;0;;;;;;;;;;;;;;
372;Infracerebellar nucleus;0;0;um2;0;0;0;um2;0;;;;;;;;;;;;;;
83;Inferior olivary complex;0;0;um2;0;0;0;um2;0;;;;;;;;;;;;;;
136;Intermediate reticular nucleus;0;0;um2;0;0;0;um2;0;;;;;;;;;;;;;;
106;Inferior salivatory nucleus;0;0;um2;0;0;0;um2;0;;;;;;;;;;;;;;
203;Linear nucleus of the medulla;0;0;um2;0;0;0;um2;0;;;;;;;;;;;;;;
235;Lateral reticular nucleus;0;0;um2;0;0;0;um2;0;;;;;;;;;;;;;;
955;Lateral reticular nucleus, magnocellular part;0;0;um2;0;0;0;um2;0;;;;;;;;;;;;;;
963;Lateral reticular nucleus, parvicellular part;0;0;um2;0;0;0;um2;0;;;;;;;;;;;;;;
307;Magnocellular reticular nucleus;0;0;um2;0;0;0;um2;0;;;;;;;;;;;;;;
395;Medullary reticular nucleus;0;0;um2;0;0;0;um2;0;;;;;;;;;;;;;;
1098;Medullary reticular nucleus, dorsal part;0;0;um2;0;0;0;um2;0;;;;;;;;;;;;;;
1107;Medullary reticular nucleus, ventral part;0;0;um2;0;0;0;um2;0;;;;;;;;;;;;;;
852;Parvicellular reticular nucleus;0;0;um2;0;0;0;um2;0;;;;;;;;;;;;;;
859;Parasolitary nucleus;0;0;um2;0;0;0;um2;0;;;;;;;;;;;;;;
938;Paragigantocellular reticular nucleus;0;0;um2;0;0;0;um2;0;;;;;;;;;;;;;;
970;Paragigantocellular reticular nucleus, dorsal part;0;0;um2;0;0;0;um2;0;;;;;;;;;;;;;;
978;Paragigantocellular reticular nucleus, lateral part;0;0;um2;0;0;0;um2;0;;;;;;;;;;;;;;
154;Perihypoglossal nuclei;0;0;um2;0;0;0;um2;0;;;;;;;;;;;;;;
161;Nucleus intercalatus;0;0;um2;0;0;0;um2;0;;;;;;;;;;;;;;
177;Nucleus of Roller;0;0;um2;0;0;0;um2;0;;;;;;;;;;;;;;
169;Nucleus prepositus;0;0;um2;0;0;0;um2;0;;;;;;;;;;;;;;
995;Paramedian reticular nucleus;0;0;um2;0;0;0;um2;0;;;;;;;;;;;;;;
1069;Parapyramidal nucleus;0;0;um2;0;0;0;um2;0;;;;;;;;;;;;;;
185;Parapyramidal nucleus, deep part;0;0;um2;0;0;0;um2;0;;;;;;;;;;;;;;
193;Parapyramidal nucleus, superficial part;0;0;um2;0;0;0;um2;0;;;;;;;;;;;;;;
701;Vestibular nuclei;0;0;um2;0;0;0;um2;0;;;;;;;;;;;;;;
209;Lateral vestibular nucleus;0;0;um2;0;0;0;um2;0;;;;;;;;;;;;;;
202;Medial vestibular nucleus;0;0;um2;0;0;0;um2;0;;;;;;;;;;;;;;
225;Spinal vestibular nucleus;0;0;um2;0;0;0;um2;0;;;;;;;;;;;;;;
217;Superior vestibular nucleus;0;0;um2;0;0;0;um2;0;;;;;;;;;;;;;;
765;Nucleus x;0;0;um2;0;0;0;um2;0;;;;;;;;;;;;;;
773;Hypoglossal nucleus;0;0;um2;0;0;0;um2;0;;;;;;;;;;;;;;
781;Nucleus y;0;0;um2;0;0;0;um2;0;;;;;;;;;;;;;;
76;Interstitial nucleus of the vestibular nerve;0;0;um2;0;0;0;um2;0;;;;;;;;;;;;;;
379;Medulla, behavioral state related;0;0;um2;0;0;0;um2;0;;;;;;;;;;;;;;
206;Nucleus raphe magnus;0;0;um2;0;0;0;um2;0;;;;;;;;;;;;;;
230;Nucleus raphe pallidus;0;0;um2;0;0;0;um2;0;;;;;;;;;;;;;;
222;Nucleus raphe obscurus;0;0;um2;0;0;0;um2;0;;;;;;;;;;;;;;
512;Cerebellum;0;0;um2;0;0;0;um2;0;;;;;;;;;;;;;;
528;Cerebellar cortex;0;0;um2;0;0;0;um2;0;;;;;;;;;;;;;;
1144;Cerebellar cortex, molecular layer;0;0;um2;0;0;0;um2;0;;;;;;;;;;;;;;
1145;Cerebellar cortex, Purkinje layer;0;0;um2;0;0;0;um2;0;;;;;;;;;;;;;;
1143;Cerebellar cortex, granular layer;0;0;um2;0;0;0;um2;0;;;;;;;;;;;;;;
645;Vermal regions;0;0;um2;0;0;0;um2;0;;;;;;;;;;;;;;
912;Lingula (I);0;0;um2;0;0;0;um2;0;;;;;;;;;;;;;;
10707;Lingula (I), molecular layer;0;0;um2;0;0;0;um2;0;;;;;;;;;;;;;;
10706;Lingula (I), Purkinje layer;0;0;um2;0;0;0;um2;0;;;;;;;;;;;;;;
10705;Lingula (I), granular layer;0;0;um2;0;0;0;um2;0;;;;;;;;;;;;;;
920;Central lobule;0;0;um2;0;0;0;um2;0;;;;;;;;;;;;;;
976;Lobule II;0;0;um2;0;0;0;um2;0;;;;;;;;;;;;;;
10710;Lobule II, molecular layer;0;0;um2;0;0;0;um2;0;;;;;;;;;;;;;;
10709;Lobule II, Purkinje layer;0;0;um2;0;0;0;um2;0;;;;;;;;;;;;;;
10708;Lobule II, granular layer;0;0;um2;0;0;0;um2;0;;;;;;;;;;;;;;
984;Lobule III;0;0;um2;0;0;0;um2;0;;;;;;;;;;;;;;
10713;Lobule III, molecular layer;0;0;um2;0;0;0;um2;0;;;;;;;;;;;;;;
10712;Lobule III, Purkinje layer;0;0;um2;0;0;0;um2;0;;;;;;;;;;;;;;
10711;Lobule III, granular layer;0;0;um2;0;0;0;um2;0;;;;;;;;;;;;;;
928;Culmen;0;0;um2;0;0;0;um2;0;;;;;;;;;;;;;;
992;Lobule IV;0;0;um2;0;0;0;um2;0;;;;;;;;;;;;;;
10716;Lobule IV, molecular layer;0;0;um2;0;0;0;um2;0;;;;;;;;;;;;;;
10715;Lobule IV, Purkinje layer;0;0;um2;0;0;0;um2;0;;;;;;;;;;;;;;
10714;Lobule IV, granular layer;0;0;um2;0;0;0;um2;0;;;;;;;;;;;;;;
1001;Lobule V;0;0;um2;0;0;0;um2;0;;;;;;;;;;;;;;
10719;Lobule V, molecular layer;0;0;um2;0;0;0;um2;0;;;;;;;;;;;;;;
10718;Lobule V, Purkinje layer;0;0;um2;0;0;0;um2;0;;;;;;;;;;;;;;
10717;Lobule V, granular layer;0;0;um2;0;0;0;um2;0;;;;;;;;;;;;;;
1091;Lobules IV-V;0;0;um2;0;0;0;um2;0;;;;;;;;;;;;;;
10722;Lobules IV-V, molecular layer;0;0;um2;0;0;0;um2;0;;;;;;;;;;;;;;
10721;Lobules IV-V, Purkinje layer;0;0;um2;0;0;0;um2;0;;;;;;;;;;;;;;
10720;Lobules IV-V, granular layer;0;0;um2;0;0;0;um2;0;;;;;;;;;;;;;;
936;Declive (VI);0;0;um2;0;0;0;um2;0;;;;;;;;;;;;;;
10725;Declive (VI), molecular layer;0;0;um2;0;0;0;um2;0;;;;;;;;;;;;;;
10724;Declive (VI), Purkinje layer;0;0;um2;0;0;0;um2;0;;;;;;;;;;;;;;
10723;Declive (VI), granular layer;0;0;um2;0;0;0;um2;0;;;;;;;;;;;;;;
944;Folium-tuber vermis (VII);0;0;um2;0;0;0;um2;0;;;;;;;;;;;;;;
10728;Folium-tuber vermis (VII), molecular layer;0;0;um2;0;0;0;um2;0;;;;;;;;;;;;;;
10727;Folium-tuber vermis (VII), Purkinje layer;0;0;um2;0;0;0;um2;0;;;;;;;;;;;;;;
10726;Folium-tuber vermis (VII), granular layer;0;0;um2;0;0;0;um2;0;;;;;;;;;;;;;;
951;Pyramus (VIII);0;0;um2;0;0;0;um2;0;;;;;;;;;;;;;;
10731;Pyramus (VIII), molecular layer;0;0;um2;0;0;0;um2;0;;;;;;;;;;;;;;
10730;Pyramus (VIII), Purkinje layer;0;0;um2;0;0;0;um2;0;;;;;;;;;;;;;;
10729;Pyramus (VIII), granular layer;0;0;um2;0;0;0;um2;0;;;;;;;;;;;;;;
957;Uvula (IX);0;0;um2;0;0;0;um2;0;;;;;;;;;;;;;;
10734;Uvula (IX), molecular layer;0;0;um2;0;0;0;um2;0;;;;;;;;;;;;;;
10733;Uvula (IX), Purkinje layer;0;0;um2;0;0;0;um2;0;;;;;;;;;;;;;;
10732;Uvula (IX), granular layer;0;0;um2;0;0;0;um2;0;;;;;;;;;;;;;;
968;Nodulus (X);0;0;um2;0;0;0;um2;0;;;;;;;;;;;;;;
10737;Nodulus (X), molecular layer;0;0;um2;0;0;0;um2;0;;;;;;;;;;;;;;
10736;Nodulus (X), Purkinje layer;0;0;um2;0;0;0;um2;0;;;;;;;;;;;;;;
10735;Nodulus (X), granular layer;0;0;um2;0;0;0;um2;0;;;;;;;;;;;;;;
1073;Hemispheric regions;0;0;um2;0;0;0;um2;0;;;;;;;;;;;;;;
1007;Simple lobule;0;0;um2;0;0;0;um2;0;;;;;;;;;;;;;;
10674;Simple lobule, molecular layer;0;0;um2;0;0;0;um2;0;;;;;;;;;;;;;;
10673;Simple lobule, Purkinje layer;0;0;um2;0;0;0;um2;0;;;;;;;;;;;;;;
10672;Simple lobule, granular layer;0;0;um2;0;0;0;um2;0;;;;;;;;;;;;;;
1017;Ansiform lobule;0;0;um2;0;0;0;um2;0;;;;;;;;;;;;;;
1056;Crus 1;0;0;um2;0;0;0;um2;0;;;;;;;;;;;;;;
10677;Crus 1, molecular layer;0;0;um2;0;0;0;um2;0;;;;;;;;;;;;;;
10676;Crus 1, Purkinje layer;0;0;um2;0;0;0;um2;0;;;;;;;;;;;;;;
10675;Crus 1, granular layer;0;0;um2;0;0;0;um2;0;;;;;;;;;;;;;;
1064;Crus 2;0;0;um2;0;0;0;um2;0;;;;;;;;;;;;;;
10680;Crus 2, molecular layer;0;0;um2;0;0;0;um2;0;;;;;;;;;;;;;;
10679;Crus 2, Purkinje layer;0;0;um2;0;0;0;um2;0;;;;;;;;;;;;;;
10678;Crus 2, granular layer;0;0;um2;0;0;0;um2;0;;;;;;;;;;;;;;
1025;Paramedian lobule;0;0;um2;0;0;0;um2;0;;;;;;;;;;;;;;
10683;Paramedian lobule, molecular layer;0;0;um2;0;0;0;um2;0;;;;;;;;;;;;;;
10682;Paramedian lobule, Purkinje layer;0;0;um2;0;0;0;um2;0;;;;;;;;;;;;;;
10681;Paramedian lobule, granular layer;0;0;um2;0;0;0;um2;0;;;;;;;;;;;;;;
1033;Copula pyramidis;0;0;um2;0;0;0;um2;0;;;;;;;;;;;;;;
10686;Copula pyramidis, molecular layer;0;0;um2;0;0;0;um2;0;;;;;;;;;;;;;;
10685;Copula pyramidis, Purkinje layer;0;0;um2;0;0;0;um2;0;;;;;;;;;;;;;;
10684;Copula pyramidis, granular layer;0;0;um2;0;0;0;um2;0;;;;;;;;;;;;;;
1041;Paraflocculus;0;0;um2;0;0;0;um2;0;;;;;;;;;;;;;;
10689;Paraflocculus, molecular layer;0;0;um2;0;0;0;um2;0;;;;;;;;;;;;;;
10688;Paraflocculus, Purkinje layer;0;0;um2;0;0;0;um2;0;;;;;;;;;;;;;;
10687;Paraflocculus, granular layer;0;0;um2;0;0;0;um2;0;;;;;;;;;;;;;;
1049;Flocculus;0;0;um2;0;0;0;um2;0;;;;;;;;;;;;;;
10692;Flocculus, molecular layer;0;0;um2;0;0;0;um2;0;;;;;;;;;;;;;;
10691;Flocculus, Purkinje layer;0;0;um2;0;0;0;um2;0;;;;;;;;;;;;;;
10690;Flocculus, granular layer;0;0;um2;0;0;0;um2;0;;;;;;;;;;;;;;
519;Cerebellar nuclei;0;0;um2;0;0;0;um2;0;;;;;;;;;;;;;;
989;Fastigial nucleus;0;0;um2;0;0;0;um2;0;;;;;;;;;;;;;;
91;Interposed nucleus;0;0;um2;0;0;0;um2;0;;;;;;;;;;;;;;
846;Dentate nucleus;0;0;um2;0;0;0;um2;0;;;;;;;;;;;;;;
589508455;Vestibulocerebellar nucleus;0;0;um2;0;0;0;um2;0;;;;;;;;;;;;;;
1009;fiber tracts;775161;775161.115234;um2;167;3625;3625;um2;0.004676;;;;;;;;;;;;;;
967;cranial nerves;0;0;um2;0;0;0;um2;0;;;;;;;;;;;;;;
885;terminal nerve;0;0;um2;0;0;0;um2;0;;;;;;;;;;;;;;
949;vomeronasal nerve;0;0;um2;0;0;0;um2;0;;;;;;;;;;;;;;
840;olfactory nerve;0;0;um2;0;0;0;um2;0;;;;;;;;;;;;;;
1016;olfactory nerve layer of main olfactory bulb;0;0;um2;0;0;0;um2;0;;;;;;;;;;;;;;
21;lateral olfactory tract, general;0;0;um2;0;0;0;um2;0;;;;;;;;;;;;;;
665;lateral olfactory tract, body;0;0;um2;0;0;0;um2;0;;;;;;;;;;;;;;
538;dorsal limb;0;0;um2;0;0;0;um2;0;;;;;;;;;;;;;;
459;accessory olfactory tract;0;0;um2;0;0;0;um2;0;;;;;;;;;;;;;;
900;anterior commissure, olfactory limb;0;0;um2;0;0;0;um2;0;;;;;;;;;;;;;;
848;optic nerve;0;0;um2;0;0;0;um2;0;;;;;;;;;;;;;;
876;accessory optic tract;0;0;um2;0;0;0;um2;0;;;;;;;;;;;;;;
916;brachium of the superior colliculus;29694;29693.671753;um2;1;27;27;um2;0.000909;;;;;;;;;;;;;;
336;superior colliculus commissure;0;0;um2;0;0;0;um2;0;;;;;;;;;;;;;;
117;optic chiasm;0;0;um2;0;0;0;um2;0;;;;;;;;;;;;;;
125;optic tract;339133;339132.987915;um2;27;436;436;um2;0.001286;;;;;;;;;;;;;;
357;tectothalamic pathway;0;0;um2;0;0;0;um2;0;;;;;;;;;;;;;;
832;oculomotor nerve;0;0;um2;0;0;0;um2;0;;;;;;;;;;;;;;
62;medial longitudinal fascicle;0;0;um2;0;0;0;um2;0;;;;;;;;;;;;;;
158;posterior commissure;0;0;um2;0;0;0;um2;0;;;;;;;;;;;;;;
911;trochlear nerve;0;0;um2;0;0;0;um2;0;;;;;;;;;;;;;;
384;trochlear nerve decussation;0;0;um2;0;0;0;um2;0;;;;;;;;;;;;;;
710;abducens nerve;0;0;um2;0;0;0;um2;0;;;;;;;;;;;;;;
901;trigeminal nerve;0;0;um2;0;0;0;um2;0;;;;;;;;;;;;;;
93;motor root of the trigeminal nerve;0;0;um2;0;0;0;um2;0;;;;;;;;;;;;;;
229;sensory root of the trigeminal nerve;0;0;um2;0;0;0;um2;0;;;;;;;;;;;;;;
705;midbrain tract of the trigeminal nerve;0;0;um2;0;0;0;um2;0;;;;;;;;;;;;;;
794;spinal tract of the trigeminal nerve;0;0;um2;0;0;0;um2;0;;;;;;;;;;;;;;
798;facial nerve;0;0;um2;0;0;0;um2;0;;;;;;;;;;;;;;
1131;intermediate nerve;0;0;um2;0;0;0;um2;0;;;;;;;;;;;;;;
1116;genu of the facial nerve;0;0;um2;0;0;0;um2;0;;;;;;;;;;;;;;
933;vestibulocochlear nerve;0;0;um2;0;0;0;um2;0;;;;;;;;;;;;;;
1076;efferent cochleovestibular bundle;0;0;um2;0;0;0;um2;0;;;;;;;;;;;;;;
413;vestibular nerve;0;0;um2;0;0;0;um2;0;;;;;;;;;;;;;;
948;cochlear nerve;0;0;um2;0;0;0;um2;0;;;;;;;;;;;;;;
841;trapezoid body;0;0;um2;0;0;0;um2;0;;;;;;;;;;;;;;
641;intermediate acoustic stria;0;0;um2;0;0;0;um2;0;;;;;;;;;;;;;;
506;dorsal acoustic stria;0;0;um2;0;0;0;um2;0;;;;;;;;;;;;;;
658;lateral lemniscus;0;0;um2;0;0;0;um2;0;;;;;;;;;;;;;;
633;inferior colliculus commissure;0;0;um2;0;0;0;um2;0;;;;;;;;;;;;;;
482;brachium of the inferior colliculus;0;0;um2;0;0;0;um2;0;;;;;;;;;;;;;;
808;glossopharyngeal nerve;0;0;um2;0;0;0;um2;0;;;;;;;;;;;;;;
917;vagus nerve;0;0;um2;0;0;0;um2;0;;;;;;;;;;;;;;
237;solitary tract;0;0;um2;0;0;0;um2;0;;;;;;;;;;;;;;
717;accessory spinal nerve;0;0;um2;0;0;0;um2;0;;;;;;;;;;;;;;
813;hypoglossal nerve;0;0;um2;0;0;0;um2;0;;;;;;;;;;;;;;
925;ventral roots;0;0;um2;0;0;0;um2;0;;;;;;;;;;;;;;
792;dorsal roots;0;0;um2;0;0;0;um2;0;;;;;;;;;;;;;;
932;cervicothalamic tract;0;0;um2;0;0;0;um2;0;;;;;;;;;;;;;;
570;dorsolateral fascicle;0;0;um2;0;0;0;um2;0;;;;;;;;;;;;;;
522;dorsal commissure of the spinal cord;0;0;um2;0;0;0;um2;0;;;;;;;;;;;;;;
858;ventral commissure of the spinal cord;0;0;um2;0;0;0;um2;0;;;;;;;;;;;;;;
586;fasciculus proprius;0;0;um2;0;0;0;um2;0;;;;;;;;;;;;;;
514;dorsal column;0;0;um2;0;0;0;um2;0;;;;;;;;;;;;;;
380;cuneate fascicle;0;0;um2;0;0;0;um2;0;;;;;;;;;;;;;;
388;gracile fascicle;0;0;um2;0;0;0;um2;0;;;;;;;;;;;;;;
396;internal arcuate fibers;0;0;um2;0;0;0;um2;0;;;;;;;;;;;;;;
697;medial lemniscus;3126;3125.649658;um2;0;0;0;um2;0;;;;;;;;;;;;;;
871;spinothalamic tract;0;0;um2;0;0;0;um2;0;;;;;;;;;;;;;;
29;lateral spinothalamic tract;0;0;um2;0;0;0;um2;0;;;;;;;;;;;;;;
389;ventral spinothalamic tract;0;0;um2;0;0;0;um2;0;;;;;;;;;;;;;;
245;spinocervical tract;0;0;um2;0;0;0;um2;0;;;;;;;;;;;;;;
261;spino-olivary pathway;0;0;um2;0;0;0;um2;0;;;;;;;;;;;;;;
270;spinoreticular pathway;0;0;um2;0;0;0;um2;0;;;;;;;;;;;;;;
293;spinovestibular pathway;0;0;um2;0;0;0;um2;0;;;;;;;;;;;;;;
277;spinotectal pathway;0;0;um2;0;0;0;um2;0;;;;;;;;;;;;;;
253;spinohypothalamic pathway;0;0;um2;0;0;0;um2;0;;;;;;;;;;;;;;
285;spinotelenchephalic pathway;0;0;um2;0;0;0;um2;0;;;;;;;;;;;;;;
627;hypothalamohypophysial tract;0;0;um2;0;0;0;um2;0;;;;;;;;;;;;;;
960;cerebellum related fiber tracts;0;0;um2;0;0;0;um2;0;;;;;;;;;;;;;;
744;cerebellar commissure;0;0;um2;0;0;0;um2;0;;;;;;;;;;;;;;
752;cerebellar peduncles;0;0;um2;0;0;0;um2;0;;;;;;;;;;;;;;
326;superior cerebelar peduncles;0;0;um2;0;0;0;um2;0;;;;;;;;;;;;;;
812;superior cerebellar peduncle decussation;0;0;um2;0;0;0;um2;0;;;;;;;;;;;;;;
85;spinocerebellar tract;0;0;um2;0;0;0;um2;0;;;;;;;;;;;;;;
850;uncinate fascicle;0;0;um2;0;0;0;um2;0;;;;;;;;;;;;;;
866;ventral spinocerebellar tract;0;0;um2;0;0;0;um2;0;;;;;;;;;;;;;;
78;middle cerebellar peduncle;0;0;um2;0;0;0;um2;0;;;;;;;;;;;;;;
1123;inferior cerebellar peduncle;0;0;um2;0;0;0;um2;0;;;;;;;;;;;;;;
553;dorsal spinocerebellar tract;0;0;um2;0;0;0;um2;0;;;;;;;;;;;;;;
499;cuneocerebellar tract;0;0;um2;0;0;0;um2;0;;;;;;;;;;;;;;
650;juxtarestiform body;0;0;um2;0;0;0;um2;0;;;;;;;;;;;;;;
490;bulbocerebellar tract;0;0;um2;0;0;0;um2;0;;;;;;;;;;;;;;
404;olivocerebellar tract;0;0;um2;0;0;0;um2;0;;;;;;;;;;;;;;
410;reticulocerebellar tract;0;0;um2;0;0;0;um2;0;;;;;;;;;;;;;;
373;trigeminocerebellar tract;0;0;um2;0;0;0;um2;0;;;;;;;;;;;;;;
728;arbor vitae;0;0;um2;0;0;0;um2;0;;;;;;;;;;;;;;
484682512;supra-callosal cerebral white matter;10940;10939.773804;um2;2;100;100;um2;0.009141;;;;;;;;;;;;;;
983;lateral forebrain bundle system;0;0;um2;0;0;0;um2;0;;;;;;;;;;;;;;
776;corpus callosum;0;0;um2;0;0;0;um2;0;;;;;;;;;;;;;;
956;corpus callosum, anterior forceps;0;0;um2;0;0;0;um2;0;;;;;;;;;;;;;;
579;external capsule;33601;33600.733826;um2;16;542;542;um2;0.016131;;;;;;;;;;;;;;
964;corpus callosum, extreme capsule;44541;44540.507629;um2;11;450;450;um2;0.010103;;;;;;;;;;;;;;
1108;genu of corpus callosum;0;0;um2;0;0;0;um2;0;;;;;;;;;;;;;;
971;corpus callosum, posterior forceps;636070;636069.705444;um2;85;1777;1777;um2;0.002794;;;;;;;;;;;;;;
979;corpus callosum, rostrum;0;0;um2;0;0;0;um2;0;;;;;;;;;;;;;;
484682516;corpus callosum, body;0;0;um2;0;0;0;um2;0;;;;;;;;;;;;;;
986;corpus callosum, splenium;201995;201995.109161;um2;41;827;827;um2;0.004094;;;;;;;;;;;;;;
784;corticospinal tract;0;0;um2;0;0;0;um2;0;;;;;;;;;;;;;;
6;internal capsule;514169;514169.368774;um2;45;762;762;um2;0.001482;;;;;;;;;;;;;;
924;cerebal peduncle;0;0;um2;0;0;0;um2;0;;;;;;;;;;;;;;
1036;corticotectal tract;0;0;um2;0;0;0;um2;0;;;;;;;;;;;;;;
1012;corticorubral tract;0;0;um2;0;0;0;um2;0;;;;;;;;;;;;;;
1003;corticopontine tract;0;0;um2;0;0;0;um2;0;;;;;;;;;;;;;;
994;corticobulbar tract;0;0;um2;0;0;0;um2;0;;;;;;;;;;;;;;
190;pyramid;0;0;um2;0;0;0;um2;0;;;;;;;;;;;;;;
198;pyramidal decussation;0;0;um2;0;0;0;um2;0;;;;;;;;;;;;;;
1019;corticospinal tract, crossed;0;0;um2;0;0;0;um2;0;;;;;;;;;;;;;;
1028;corticospinal tract, uncrossed;0;0;um2;0;0;0;um2;0;;;;;;;;;;;;;;
896;thalamus related;0;0;um2;0;0;0;um2;0;;;;;;;;;;;;;;
1092;external medullary lamina of the thalamus;2344;2344.237244;um2;1;8;8;um2;0.003413;;;;;;;;;;;;;;
14;internal medullary lamina of the thalamus;0;0;um2;0;0;0;um2;0;;;;;;;;;;;;;;
86;middle thalamic commissure;0;0;um2;0;0;0;um2;0;;;;;;;;;;;;;;
365;thalamic peduncles;0;0;um2;0;0;0;um2;0;;;;;;;;;;;;;;
484682520;optic radiation;539175;539174.566040;um2;250;6546;6546;um2;0.012141;;;;;;;;;;;;;;
484682524;auditory radiation;175818;175817.793274;um2;75;2738;2738;um2;0.015573;;;;;;;;;;;;;;
1000;extrapyramidal fiber systems;0;0;um2;0;0;0;um2;0;;;;;;;;;;;;;;
760;cerebral nuclei related;0;0;um2;0;0;0;um2;0;;;;;;;;;;;;;;
142;pallidothalamic pathway;0;0;um2;0;0;0;um2;0;;;;;;;;;;;;;;
102;nigrostriatal tract;55090;55089.575226;um2;14;325;325;um2;0.005899;;;;;;;;;;;;;;
109;nigrothalamic fibers;0;0;um2;0;0;0;um2;0;;;;;;;;;;;;;;
134;pallidotegmental fascicle;0;0;um2;0;0;0;um2;0;;;;;;;;;;;;;;
309;striatonigral pathway;0;0;um2;0;0;0;um2;0;;;;;;;;;;;;;;
317;subthalamic fascicle;0;0;um2;0;0;0;um2;0;;;;;;;;;;;;;;
877;tectospinal pathway;0;0;um2;0;0;0;um2;0;;;;;;;;;;;;;;
1051;direct tectospinal pathway;0;0;um2;0;0;0;um2;0;;;;;;;;;;;;;;
1060;doral tegmental decussation;0;0;um2;0;0;0;um2;0;;;;;;;;;;;;;;
1043;crossed tectospinal pathway;0;0;um2;0;0;0;um2;0;;;;;;;;;;;;;;
863;rubrospinal tract;0;0;um2;0;0;0;um2;0;;;;;;;;;;;;;;
397;ventral tegmental decussation;0;0;um2;0;0;0;um2;0;;;;;;;;;;;;;;
221;rubroreticular tract;0;0;um2;0;0;0;um2;0;;;;;;;;;;;;;;
736;central tegmental bundle;0;0;um2;0;0;0;um2;0;;;;;;;;;;;;;;
855;retriculospinal tract;0;0;um2;0;0;0;um2;0;;;;;;;;;;;;;;
205;retriculospinal tract, lateral part;0;0;um2;0;0;0;um2;0;;;;;;;;;;;;;;
213;retriculospinal tract, medial part;0;0;um2;0;0;0;um2;0;;;;;;;;;;;;;;
941;vestibulospinal pathway;0;0;um2;0;0;0;um2;0;;;;;;;;;;;;;;
991;medial forebrain bundle system;0;0;um2;0;0;0;um2;0;;;;;;;;;;;;;;
768;cerebrum related;0;0;um2;0;0;0;um2;0;;;;;;;;;;;;;;
884;amygdalar capsule;74234;74234.179382;um2;39;1529;1529;um2;0.020597;;;;;;;;;;;;;;
892;ansa peduncularis;0;0;um2;0;0;0;um2;0;;;;;;;;;;;;;;
908;anterior commissure, temporal limb;0;0;um2;0;0;0;um2;0;;;;;;;;;;;;;;
940;cingulum bundle;200042;200041.578125;um2;119;3735;3735;um2;0.018671;;;;;;;;;;;;;;
1099;fornix system;0;0;um2;0;0;0;um2;0;;;;;;;;;;;;;;
466;alveus;302016;302015.898224;um2;37;1484;1484;um2;0.004914;;;;;;;;;;;;;;
530;dorsal fornix;0;0;um2;0;0;0;um2;0;;;;;;;;;;;;;;
603;fimbria;277011;277010.700958;um2;35;643;643;um2;0.002321;;;;;;;;;;;;;;
745;precommissural fornix, general;0;0;um2;0;0;0;um2;0;;;;;;;;;;;;;;
420;precommissural fornix diagonal band;0;0;um2;0;0;0;um2;0;;;;;;;;;;;;;;
737;postcommissural fornix;0;0;um2;0;0;0;um2;0;;;;;;;;;;;;;;
428;medial corticohypothalamic tract;0;0;um2;0;0;0;um2;0;;;;;;;;;;;;;;
436;columns of the fornix;32819;32819.321411;um2;11;328;328;um2;0.009994;;;;;;;;;;;;;;
618;hippocampal commissures;0;0;um2;0;0;0;um2;0;;;;;;;;;;;;;;
443;dorsal hippocampal commissure;242238;242237.848511;um2;14;177;177;um2;0.000731;;;;;;;;;;;;;;
449;ventral hippocampal commissure;0;0;um2;0;0;0;um2;0;;;;;;;;;;;;;;
713;perforant path;0;0;um2;0;0;0;um2;0;;;;;;;;;;;;;;
474;angular path;0;0;um2;0;0;0;um2;0;;;;;;;;;;;;;;
37;longitudinal association bundle;0;0;um2;0;0;0;um2;0;;;;;;;;;;;;;;
301;stria terminalis;135966;135965.760132;um2;62;1104;1104;um2;0.008120;;;;;;;;;;;;;;
484682528;commissural branch of stria terminalis;0;0;um2;0;0;0;um2;0;;;;;;;;;;;;;;
824;hypothalamus related;0;0;um2;0;0;0;um2;0;;;;;;;;;;;;;;
54;medial forebrain bundle;391;390.706207;um2;0;0;0;um2;0;;;;;;;;;;;;;;
405;ventrolateral hypothalamic tract;0;0;um2;0;0;0;um2;0;;;;;;;;;;;;;;
174;preoptic commissure;0;0;um2;0;0;0;um2;0;;;;;;;;;;;;;;
349;supraoptic commissures;0;0;um2;0;0;0;um2;0;;;;;;;;;;;;;;
817;supraoptic commissures, anterior;0;0;um2;0;0;0;um2;0;;;;;;;;;;;;;;
825;supraoptic commissures, dorsal;0;0;um2;0;0;0;um2;0;;;;;;;;;;;;;;
833;supraoptic commissures, ventral;0;0;um2;0;0;0;um2;0;;;;;;;;;;;;;;
166;premammillary commissure;0;0;um2;0;0;0;um2;0;;;;;;;;;;;;;;
341;supramammillary decussation;0;0;um2;0;0;0;um2;0;;;;;;;;;;;;;;
182;propriohypothalamic pathways;0;0;um2;0;0;0;um2;0;;;;;;;;;;;;;;
762;propriohypothalamic pathways, dorsal;0;0;um2;0;0;0;um2;0;;;;;;;;;;;;;;
770;propriohypothalamic pathways, lateral;0;0;um2;0;0;0;um2;0;;;;;;;;;;;;;;
779;propriohypothalamic pathways, medial;0;0;um2;0;0;0;um2;0;;;;;;;;;;;;;;
787;propriohypothalamic pathways, ventral;0;0;um2;0;0;0;um2;0;;;;;;;;;;;;;;
150;periventricular bundle of the hypothalamus;0;0;um2;0;0;0;um2;0;;;;;;;;;;;;;;
46;mammillary related;0;0;um2;0;0;0;um2;0;;;;;;;;;;;;;;
753;principal mammillary tract;0;0;um2;0;0;0;um2;0;;;;;;;;;;;;;;
690;mammillothalamic tract;53917;53917.456604;um2;33;1597;1597;um2;0.029619;;;;;;;;;;;;;;
681;mammillotegmental tract;0;0;um2;0;0;0;um2;0;;;;;;;;;;;;;;
673;mammillary peduncle;0;0;um2;0;0;0;um2;0;;;;;;;;;;;;;;
1068;dorsal thalamus related;0;0;um2;0;0;0;um2;0;;;;;;;;;;;;;;
722;periventricular bundle of the thalamus;0;0;um2;0;0;0;um2;0;;;;;;;;;;;;;;
1083;epithalamus related;0;0;um2;0;0;0;um2;0;;;;;;;;;;;;;;
802;stria medullaris;0;0;um2;0;0;0;um2;0;;;;;;;;;;;;;;
595;fasciculus retroflexus;83220;83220.422150;um2;26;1153;1153;um2;0.013855;;;;;;;;;;;;;;
611;habenular commissure;81658;81657.597321;um2;8;85;85;um2;0.001041;;;;;;;;;;;;;;
730;pineal stalk;0;0;um2;0;0;0;um2;0;;;;;;;;;;;;;;
70;midbrain related;0;0;um2;0;0;0;um2;0;;;;;;;;;;;;;;
547;dorsal longitudinal fascicle;0;0;um2;0;0;0;um2;0;;;;;;;;;;;;;;
563;dorsal tegmental tract;0;0;um2;0;0;0;um2;0;;;;;;;;;;;;;;
73;ventricular systems;0;0;um2;0;0;0;um2;0;;;;;;;;;;;;;;
81;lateral ventricle;255913;255912.565765;um2;142;4629;4629;um2;0.018088;;;;;;;;;;;;;;
89;rhinocele;0;0;um2;0;0;0;um2;0;;;;;;;;;;;;;;
98;subependymal zone;0;0;um2;0;0;0;um2;0;;;;;;;;;;;;;;
108;choroid plexus;106272;106272.088379;um2;48;1464;1464;um2;0.013776;;;;;;;;;;;;;;
116;choroid fissure;0;0;um2;0;0;0;um2;0;;;;;;;;;;;;;;
124;interventricular foramen;0;0;um2;0;0;0;um2;0;;;;;;;;;;;;;;
129;third ventricle;203949;203948.640198;um2;15;250;250;um2;0.001226;;;;;;;;;;;;;;
140;cerebral aqueduct;0;0;um2;0;0;0;um2;0;;;;;;;;;;;;;;
145;fourth ventricle;0;0;um2;0;0;0;um2;0;;;;;;;;;;;;;;
153;lateral recess;0;0;um2;0;0;0;um2;0;;;;;;;;;;;;;;
164;central canal, spinal cord/medulla;0;0;um2;0;0;0;um2;0;;;;;;;;;;;;;;
1024;grooves;0;0;um2;0;0;0;um2;0;;;;;;;;;;;;;;
1032;grooves of the cerebral cortex;0;0;um2;0;0;0;um2;0;;;;;;;;;;;;;;
1055;endorhinal groove;0;0;um2;0;0;0;um2;0;;;;;;;;;;;;;;
1063;hippocampal fissure;0;0;um2;0;0;0;um2;0;;;;;;;;;;;;;;
1071;rhinal fissure;0;0;um2;0;0;0;um2;0;;;;;;;;;;;;;;
1078;rhinal incisure;0;0;um2;0;0;0;um2;0;;;;;;;;;;;;;;
1040;grooves of the cerebellar cortex;0;0;um2;0;0;0;um2;0;;;;;;;;;;;;;;
1087;precentral fissure;0;0;um2;0;0;0;um2;0;;;;;;;;;;;;;;
1095;preculminate fissure;0;0;um2;0;0;0;um2;0;;;;;;;;;;;;;;
1103;primary fissure;0;0;um2;0;0;0;um2;0;;;;;;;;;;;;;;
1112;posterior superior fissure;0;0;um2;0;0;0;um2;0;;;;;;;;;;;;;;
1119;prepyramidal fissure;0;0;um2;0;0;0;um2;0;;;;;;;;;;;;;;
3;secondary fissure;0;0;um2;0;0;0;um2;0;;;;;;;;;;;;;;
11;posterolateral fissure;0;0;um2;0;0;0;um2;0;;;;;;;;;;;;;;
18;nodular fissure;0;0;um2;0;0;0;um2;0;;;;;;;;;;;;;;
25;simple fissure;0;0;um2;0;0;0;um2;0;;;;;;;;;;;;;;
34;intercrural fissure;0;0;um2;0;0;0;um2;0;;;;;;;;;;;;;;
43;ansoparamedian fissure;0;0;um2;0;0;0;um2;0;;;;;;;;;;;;;;
49;intraparafloccular fissure;0;0;um2;0;0;0;um2;0;;;;;;;;;;;;;;
57;paramedian sulcus;0;0;um2;0;0;0;um2;0;;;;;;;;;;;;;;
65;parafloccular sulcus;0;0;um2;0;0;0;um2;0;;;;;;;;;;;;;;
624;Interpeduncular fossa;0;0;um2;0;0;0;um2;0;;;;;;;;;;;;;;
304325711;retina;0;0;um2;0;0;0;um2;0;;;;;;;;;;;;;;
