Region ID;Region Name;Region pixels;Region area;Area unit;Object count;Object pixels;Object area;Area unit;Load;;;;;;;;;;;;;;
0;Clear Label;0;0;um2;2754;21343;21343;um2;0;;;;;;;;;;;;;;
997;root;5189993;5189992.783066;um2;1390;13082;13082;um2;0.002521;;;;;;;;;;;;;;
8;Basic cell groups and regions;0;0;um2;0;0;0;um2;0;;;;;;;;;;;;;;
567;Cerebrum;0;0;um2;0;0;0;um2;0;;;;;;;;;;;;;;
688;Cerebral cortex;0;0;um2;0;0;0;um2;0;;;;;;;;;;;;;;
695;Cortical plate;0;0;um2;0;0;0;um2;0;;;;;;;;;;;;;;
315;Isocortex;0;0;um2;0;0;0;um2;0;;;;;;;;;;;;;;
184;Frontal pole, cerebral cortex;0;0;um2;0;0;0;um2;0;;;;;;;;;;;;;;
68;Frontal pole, layer 1;0;0;um2;0;0;0;um2;0;;;;;;;;;;;;;;
667;Frontal pole, layer 2/3;0;0;um2;0;0;0;um2;0;;;;;;;;;;;;;;
526157192;Frontal pole, layer 5;7810;7809.801392;um2;5;76;76;um2;0.009731;;;;;;;;;;;;;;
526157196;Frontal pole, layer 6a;285003;285003.455597;um2;506;8214;8214;um2;0.028821;;;;;;;;;;;;;;
526322264;Frontal pole, layer 6b;2745;2745.230286;um2;5;70;70;um2;0.025499;;;;;;;;;;;;;;
500;Somatomotor areas;0;0;um2;0;0;0;um2;0;;;;;;;;;;;;;;
107;Somatomotor areas, Layer 1;0;0;um2;0;0;0;um2;0;;;;;;;;;;;;;;
219;Somatomotor areas, Layer 2/3;0;0;um2;0;0;0;um2;0;;;;;;;;;;;;;;
299;Somatomotor areas, Layer 5;0;0;um2;0;0;0;um2;0;;;;;;;;;;;;;;
644;Somatomotor areas, Layer 6a;0;0;um2;0;0;0;um2;0;;;;;;;;;;;;;;
947;Somatomotor areas, Layer 6b;0;0;um2;0;0;0;um2;0;;;;;;;;;;;;;;
985;Primary motor area;0;0;um2;0;0;0;um2;0;;;;;;;;;;;;;;
320;Primary motor area, Layer 1;3848890;3848890.298981;um2;2308;32039;32039;um2;0.008324;;;;;;;;;;;;;;
943;Primary motor area, Layer 2/3;11858060;11858059.913193;um2;30897;528839;528839;um2;0.044597;;;;;;;;;;;;;;
648;Primary motor area, Layer 5;10560395;10560394.750626;um2;27737;502833;502833;um2;0.047615;;;;;;;;;;;;;;
844;Primary motor area, Layer 6a;8824292;8824292.479904;um2;23352;403342;403342;um2;0.045708;;;;;;;;;;;;;;
882;Primary motor area, Layer 6b;500482;500482.045761;um2;447;5658;5658;um2;0.011305;;;;;;;;;;;;;;
993;Secondary motor area;0;0;um2;0;0;0;um2;0;;;;;;;;;;;;;;
656;Secondary motor area, layer 1;5388261;5388261.167999;um2;2496;38924;38924;um2;0.007224;;;;;;;;;;;;;;
962;Secondary motor area, layer 2/3;9652014;9652014.138260;um2;20140;371063;371063;um2;0.038444;;;;;;;;;;;;;;
767;Secondary motor area, layer 5;13330703;13330703.174210;um2;30810;582723;582723;um2;0.043713;;;;;;;;;;;;;;
1021;Secondary motor area, layer 6a;8114509;8114508.726471;um2;18555;325211;325211;um2;0.040078;;;;;;;;;;;;;;
1085;Secondary motor area, layer 6b;208070;208070.398636;um2;307;4372;4372;um2;0.021012;;;;;;;;;;;;;;
453;Somatosensory areas;0;0;um2;0;0;0;um2;0;;;;;;;;;;;;;;
12993;Somatosensory areas, layer 1;0;0;um2;0;0;0;um2;0;;;;;;;;;;;;;;
12994;Somatosensory areas, layer 2/3;0;0;um2;0;0;0;um2;0;;;;;;;;;;;;;;
12995;Somatosensory areas, layer 4;0;0;um2;0;0;0;um2;0;;;;;;;;;;;;;;
12996;Somatosensory areas, layer 5;0;0;um2;0;0;0;um2;0;;;;;;;;;;;;;;
12997;Somatosensory areas, layer 6a;0;0;um2;0;0;0;um2;0;;;;;;;;;;;;;;
12998;Somatosensory areas, layer 6b;0;0;um2;0;0;0;um2;0;;;;;;;;;;;;;;
322;Primary somatosensory area;0;0;um2;0;0;0;um2;0;;;;;;;;;;;;;;
793;Primary somatosensory area, layer 1;0;0;um2;0;0;0;um2;0;;;;;;;;;;;;;;
346;Primary somatosensory area, layer 2/3;0;0;um2;0;0;0;um2;0;;;;;;;;;;;;;;
865;Primary somatosensory area, layer 4;0;0;um2;0;0;0;um2;0;;;;;;;;;;;;;;
921;Primary somatosensory area, layer 5;0;0;um2;0;0;0;um2;0;;;;;;;;;;;;;;
686;Primary somatosensory area, layer 6a;0;0;um2;0;0;0;um2;0;;;;;;;;;;;;;;
719;Primary somatosensory area, layer 6b;0;0;um2;0;0;0;um2;0;;;;;;;;;;;;;;
353;Primary somatosensory area, nose;0;0;um2;0;0;0;um2;0;;;;;;;;;;;;;;
558;Primary somatosensory area, nose, layer 1;1193723;1193722.799210;um2;1886;33113;33113;um2;0.027739;;;;;;;;;;;;;;
838;Primary somatosensory area, nose, layer 2/3;1829106;1829106.207581;um2;8356;138697;138697;um2;0.075828;;;;;;;;;;;;;;
654;Primary somatosensory area, nose, layer 4;1558532;1558531.604172;um2;12749;192759;192759;um2;0.123680;;;;;;;;;;;;;;
702;Primary somatosensory area, nose, layer 5;1584560;1584560.431091;um2;5172;83003;83003;um2;0.052382;;;;;;;;;;;;;;
889;Primary somatosensory area, nose, layer 6a;2262016;2262015.968826;um2;9878;159214;159214;um2;0.070386;;;;;;;;;;;;;;
929;Primary somatosensory area, nose, layer 6b;150212;150212.074142;um2;213;3076;3076;um2;0.020478;;;;;;;;;;;;;;
329;Primary somatosensory area, barrel field;0;0;um2;0;0;0;um2;0;;;;;;;;;;;;;;
981;Primary somatosensory area, barrel field, layer 1;2201834;2201834.190521;um2;3675;62573;62573;um2;0.028419;;;;;;;;;;;;;;
201;Primary somatosensory area, barrel field, layer 2/3;4084969;4084969.072540;um2;18155;302781;302781;um2;0.074121;;;;;;;;;;;;;;
1047;Primary somatosensory area, barrel field, layer 4;3483412;3483411.510834;um2;26984;405348;405348;um2;0.116365;;;;;;;;;;;;;;
1070;Primary somatosensory area, barrel field, layer 5;3236949;3236949.440506;um2;11747;185816;185816;um2;0.057405;;;;;;;;;;;;;;
1038;Primary somatosensory area, barrel field, layer 6a;3475189;3475189.245377;um2;15571;240225;240225;um2;0.069126;;;;;;;;;;;;;;
1062;Primary somatosensory area, barrel field, layer 6b;390642;390642.317398;um2;767;11597;11597;um2;0.029687;;;;;;;;;;;;;;
480149202;Rostrolateral lateral visual area;0;0;um2;0;0;0;um2;0;;;;;;;;;;;;;;
480149206;Rostrolateral lateral visual area, layer 1;0;0;um2;0;0;0;um2;0;;;;;;;;;;;;;;
480149210;Rostrolateral lateral visual area, layer 2/3;0;0;um2;0;0;0;um2;0;;;;;;;;;;;;;;
480149214;Rostrolateral lateral visual area, layer 4;0;0;um2;0;0;0;um2;0;;;;;;;;;;;;;;
480149218;Rostrolateral lateral visual area,layer 5;0;0;um2;0;0;0;um2;0;;;;;;;;;;;;;;
480149222;Rostrolateral lateral visual area, layer 6a;0;0;um2;0;0;0;um2;0;;;;;;;;;;;;;;
480149226;Rostrolateral lateral visual area, layer 6b;0;0;um2;0;0;0;um2;0;;;;;;;;;;;;;;
337;Primary somatosensory area, lower limb;0;0;um2;0;0;0;um2;0;;;;;;;;;;;;;;
1030;Primary somatosensory area, lower limb, layer 1;798216;798216.249405;um2;328;4014;4014;um2;0.005029;;;;;;;;;;;;;;
113;Primary somatosensory area, lower limb, layer 2/3;1980405;1980404.957153;um2;4386;62672;62672;um2;0.031646;;;;;;;;;;;;;;
1094;Primary somatosensory area, lower limb, layer 4;813320;813320.007141;um2;4075;51417;51417;um2;0.063219;;;;;;;;;;;;;;
1128;Primary somatosensory area, lower limb, layer 5;1543531;1543531.311676;um2;4416;62533;62533;um2;0.040513;;;;;;;;;;;;;;
478;Primary somatosensory area, lower limb, layer 6a;1393189;1393188.614258;um2;3528;48424;48424;um2;0.034758;;;;;;;;;;;;;;
510;Primary somatosensory area, lower limb, layer 6b;128554;128554.387466;um2;179;2518;2518;um2;0.019587;;;;;;;;;;;;;;
345;Primary somatosensory area, mouth;0;0;um2;0;0;0;um2;0;;;;;;;;;;;;;;
878;Primary somatosensory area, mouth, layer 1;2282265;2282264.742401;um2;2277;35324;35324;um2;0.015478;;;;;;;;;;;;;;
657;Primary somatosensory area, mouth, layer 2/3;4312693;4312693.007538;um2;14592;230457;230457;um2;0.053437;;;;;;;;;;;;;;
950;Primary somatosensory area, mouth, layer 4;2715029;2715028.932495;um2;15831;217297;217297;um2;0.080035;;;;;;;;;;;;;;
974;Primary somatosensory area, mouth, layer 5;3485343;3485343.155106;um2;9986;154910;154910;um2;0.044446;;;;;;;;;;;;;;
1102;Primary somatosensory area, mouth, layer 6a;4961497;4961497.234070;um2;19259;315544;315544;um2;0.063599;;;;;;;;;;;;;;
2;Primary somatosensory area, mouth, layer 6b;355400;355400.036377;um2;367;5183;5183;um2;0.014584;;;;;;;;;;;;;;
369;Primary somatosensory area, upper limb;0;0;um2;0;0;0;um2;0;;;;;;;;;;;;;;
450;Primary somatosensory area, upper limb, layer 1;1363503;1363502.680389;um2;1547;25101;25101;um2;0.018409;;;;;;;;;;;;;;
854;Primary somatosensory area, upper limb, layer 2/3;2975236;2975235.836639;um2;10755;182251;182251;um2;0.061256;;;;;;;;;;;;;;
577;Primary somatosensory area, upper limb, layer 4;1603168;1603167.634720;um2;11039;175392;175392;um2;0.109403;;;;;;;;;;;;;;
625;Primary somatosensory area, upper limb, layer 5;2410997;2410997.458954;um2;8232;139877;139877;um2;0.058016;;;;;;;;;;;;;;
945;Primary somatosensory area, upper limb, layer 6a;2809635;2809634.750275;um2;10137;164417;164417;um2;0.058519;;;;;;;;;;;;;;
1026;Primary somatosensory area, upper limb, layer 6b;216330;216329.819260;um2;237;3328;3328;um2;0.015384;;;;;;;;;;;;;;
361;Primary somatosensory area, trunk;0;0;um2;0;0;0;um2;0;;;;;;;;;;;;;;
1006;Primary somatosensory area, trunk, layer 1;540205;540205.148590;um2;572;8905;8905;um2;0.016484;;;;;;;;;;;;;;
670;Primary somatosensory area, trunk, layer 2/3;1393081;1393080.939407;um2;4138;66540;66540;um2;0.047765;;;;;;;;;;;;;;
1086;Primary somatosensory area, trunk, layer 4;536809;536809.323822;um2;2814;43430;43430;um2;0.080904;;;;;;;;;;;;;;
1111;Primary somatosensory area, trunk, layer 5;1223713;1223712.863617;um2;4513;71134;71134;um2;0.058130;;;;;;;;;;;;;;
9;Primary somatosensory area, trunk, layer 6a;851195;851195.398560;um2;2770;40973;40973;um2;0.048136;;;;;;;;;;;;;;
461;Primary somatosensory area, trunk, layer 6b;129047;129046.760498;um2;309;4445;4445;um2;0.034445;;;;;;;;;;;;;;
182305689;Primary somatosensory area, unassigned;0;0;um2;0;0;0;um2;0;;;;;;;;;;;;;;
182305693;Primary somatosensory area, unassigned, layer 1;491440;491440.241577;um2;723;12044;12044;um2;0.024508;;;;;;;;;;;;;;
182305697;Primary somatosensory area, unassigned, layer 2/3;984412;984412.316025;um2;3801;64218;64218;um2;0.065235;;;;;;;;;;;;;;
182305701;Primary somatosensory area, unassigned, layer 4;557830;557830.056671;um2;4026;63682;63682;um2;0.114160;;;;;;;;;;;;;;
182305705;Primary somatosensory area, unassigned, layer 5;744819;744819.100906;um2;2587;43585;43585;um2;0.058518;;;;;;;;;;;;;;
182305709;Primary somatosensory area, unassigned, layer 6a;874895;874894.810181;um2;3593;57832;57832;um2;0.066102;;;;;;;;;;;;;;
182305713;Primary somatosensory area, unassigned, layer 6b;72440;72439.676559;um2;118;1823;1823;um2;0.025166;;;;;;;;;;;;;;
378;Supplemental somatosensory area;0;0;um2;0;0;0;um2;0;;;;;;;;;;;;;;
873;Supplemental somatosensory area, layer 1;3401215;3401214.938477;um2;3819;62408;62408;um2;0.018349;;;;;;;;;;;;;;
806;Supplemental somatosensory area, layer 2/3;5901267;5901267.105682;um2;18099;308135;308135;um2;0.052215;;;;;;;;;;;;;;
1035;Supplemental somatosensory area, layer 4;3229627;3229626.667480;um2;18695;292595;292595;um2;0.090597;;;;;;;;;;;;;;
1090;Supplemental somatosensory area, layer 5;6101686;6101685.686447;um2;20164;336214;336214;um2;0.055102;;;;;;;;;;;;;;
862;Supplemental somatosensory area, layer 6a;5730743;5730742.522842;um2;20406;340943;340943;um2;0.059494;;;;;;;;;;;;;;
893;Supplemental somatosensory area, layer 6b;557916;557915.906723;um2;961;14889;14889;um2;0.026687;;;;;;;;;;;;;;
1057;Gustatory areas;0;0;um2;0;0;0;um2;0;;;;;;;;;;;;;;
36;Gustatory areas, layer 1;641259;641258.519211;um2;144;1519;1519;um2;0.002369;;;;;;;;;;;;;;
180;Gustatory areas, layer 2/3;1275000;1275000.218170;um2;1452;17768;17768;um2;0.013936;;;;;;;;;;;;;;
148;Gustatory areas, layer 4;447299;447299.429993;um2;1277;16384;16384;um2;0.036629;;;;;;;;;;;;;;
187;Gustatory areas, layer 5;1580780;1580779.755432;um2;3023;41970;41970;um2;0.026550;;;;;;;;;;;;;;
638;Gustatory areas, layer 6a;1338633;1338632.500183;um2;2964;47497;47497;um2;0.035482;;;;;;;;;;;;;;
662;Gustatory areas, layer 6b;122689;122689.474930;um2;122;1735;1735;um2;0.014141;;;;;;;;;;;;;;
677;Visceral area;0;0;um2;0;0;0;um2;0;;;;;;;;;;;;;;
897;Visceral area, layer 1;975286;975285.617401;um2;236;2763;2763;um2;0.002833;;;;;;;;;;;;;;
1106;Visceral area, layer 2/3;1604141;1604140.926147;um2;1870;27906;27906;um2;0.017396;;;;;;;;;;;;;;
1010;Visceral area, layer 4;526384;526383.647293;um2;1432;21085;21085;um2;0.040056;;;;;;;;;;;;;;
1058;Visceral area, layer 5;2082413;2082413.485321;um2;4102;63665;63665;um2;0.030573;;;;;;;;;;;;;;
857;Visceral area, layer 6a;1574173;1574173.207108;um2;3210;52792;52792;um2;0.033536;;;;;;;;;;;;;;
849;Visceral area, layer 6b;145703;145702.835403;um2;191;2866;2866;um2;0.019670;;;;;;;;;;;;;;
247;Auditory areas;0;0;um2;0;0;0;um2;0;;;;;;;;;;;;;;
1011;Dorsal auditory area;0;0;um2;0;0;0;um2;0;;;;;;;;;;;;;;
527;Dorsal auditory area, layer 1;358411;358411.334412;um2;401;5936;5936;um2;0.016562;;;;;;;;;;;;;;
600;Dorsal auditory area, layer 2/3;607430;607430.154465;um2;1546;26386;26386;um2;0.043439;;;;;;;;;;;;;;
678;Dorsal auditory area, layer 4;245361;245361.407761;um2;1261;19194;19194;um2;0.078227;;;;;;;;;;;;;;
252;Dorsal auditory area, layer 5;671581;671580.850357;um2;2073;34609;34609;um2;0.051534;;;;;;;;;;;;;;
156;Dorsal auditory area, layer 6a;377818;377817.874695;um2;1256;19362;19362;um2;0.051247;;;;;;;;;;;;;;
243;Dorsal auditory area, layer 6b;56469;56469.172363;um2;114;1884;1884;um2;0.033363;;;;;;;;;;;;;;
480149230;Laterolateral anterior visual area;0;0;um2;0;0;0;um2;0;;;;;;;;;;;;;;
480149234;Laterolateral anterior visual area, layer 1;0;0;um2;0;0;0;um2;0;;;;;;;;;;;;;;
480149238;Laterolateral anterior visual area, layer 2/3;0;0;um2;0;0;0;um2;0;;;;;;;;;;;;;;
480149242;Laterolateral anterior visual area, layer 4;0;0;um2;0;0;0;um2;0;;;;;;;;;;;;;;
480149246;Laterolateral anterior visual area,layer 5;0;0;um2;0;0;0;um2;0;;;;;;;;;;;;;;
480149250;Laterolateral anterior visual area, layer 6a;0;0;um2;0;0;0;um2;0;;;;;;;;;;;;;;
480149254;Laterolateral anterior visual area, layer 6b;0;0;um2;0;0;0;um2;0;;;;;;;;;;;;;;
1002;Primary auditory area;0;0;um2;0;0;0;um2;0;;;;;;;;;;;;;;
735;Primary auditory area, layer 1;541133;541132.984497;um2;237;2630;2630;um2;0.004860;;;;;;;;;;;;;;
251;Primary auditory area, layer 2/3;729870;729869.949600;um2;787;9265;9265;um2;0.012694;;;;;;;;;;;;;;
816;Primary auditory area, layer 4;358032;358031.869400;um2;636;7046;7046;um2;0.019680;;;;;;;;;;;;;;
847;Primary auditory area, layer 5;1068241;1068240.606812;um2;1709;23311;23311;um2;0.021822;;;;;;;;;;;;;;
954;Primary auditory area, layer 6a;453221;453220.525711;um2;1260;17960;17960;um2;0.039628;;;;;;;;;;;;;;
1005;Primary auditory area, layer 6b;78085;78084.505127;um2;158;2171;2171;um2;0.027803;;;;;;;;;;;;;;
1027;Posterior auditory area;0;0;um2;0;0;0;um2;0;;;;;;;;;;;;;;
696;Posterior auditory area, layer 1;59281;59281.029953;um2;104;1392;1392;um2;0.023481;;;;;;;;;;;;;;
643;Posterior auditory area, layer 2/3;94235;94235.281067;um2;310;4641;4641;um2;0.049249;;;;;;;;;;;;;;
759;Posterior auditory area, layer 4;41157;41156.776733;um2;251;3426;3426;um2;0.083243;;;;;;;;;;;;;;
791;Posterior auditory area, layer 5;133734;133734.356552;um2;443;7135;7135;um2;0.053352;;;;;;;;;;;;;;
249;Posterior auditory area, layer 6a;63437;63437.009308;um2;238;3300;3300;um2;0.052020;;;;;;;;;;;;;;
456;Posterior auditory area, layer 6b;11830;11829.917297;um2;42;643;643;um2;0.054354;;;;;;;;;;;;;;
1018;Ventral auditory area;0;0;um2;0;0;0;um2;0;;;;;;;;;;;;;;
959;Ventral auditory area, layer 1;373661;373661.159790;um2;186;2640;2640;um2;0.007065;;;;;;;;;;;;;;
755;Ventral auditory area, layer 2/3;612851;612851.421066;um2;609;8131;8131;um2;0.013267;;;;;;;;;;;;;;
990;Ventral auditory area, layer 4;366312;366312.118774;um2;618;7967;7967;um2;0.021749;;;;;;;;;;;;;;
1023;Ventral auditory area, layer 5;1037522;1037521.878357;um2;1637;22998;22998;um2;0.022166;;;;;;;;;;;;;;
520;Ventral auditory area, layer 6a;532935;532935.216721;um2;1031;14804;14804;um2;0.027778;;;;;;;;;;;;;;
598;Ventral auditory area, layer 6b;75463;75462.727707;um2;121;1848;1848;um2;0.024489;;;;;;;;;;;;;;
669;Visual areas;0;0;um2;0;0;0;um2;0;;;;;;;;;;;;;;
801;Visual areas, layer 1;0;0;um2;0;0;0;um2;0;;;;;;;;;;;;;;
561;Visual areas, layer 2/3;0;0;um2;0;0;0;um2;0;;;;;;;;;;;;;;
913;Visual areas, layer 4;0;0;um2;0;0;0;um2;0;;;;;;;;;;;;;;
937;Visual areas, layer 5;0;0;um2;0;0;0;um2;0;;;;;;;;;;;;;;
457;Visual areas, layer 6a;0;0;um2;0;0;0;um2;0;;;;;;;;;;;;;;
497;Visual areas, layer 6b;0;0;um2;0;0;0;um2;0;;;;;;;;;;;;;;
402;Anterolateral visual area;0;0;um2;0;0;0;um2;0;;;;;;;;;;;;;;
1074;Anterolateral visual area, layer 1;67516;67515.867767;um2;76;1212;1212;um2;0.017951;;;;;;;;;;;;;;
905;Anterolateral visual area, layer 2/3;143512;143512.084351;um2;523;8397;8397;um2;0.058511;;;;;;;;;;;;;;
1114;Anterolateral visual area, layer 4;75859;75858.836945;um2;429;6518;6518;um2;0.085923;;;;;;;;;;;;;;
233;Anterolateral visual area, layer 5;162425;162425.300415;um2;701;11023;11023;um2;0.067865;;;;;;;;;;;;;;
601;Anterolateral visual area, layer 6a;94717;94717.279648;um2;388;6030;6030;um2;0.063663;;;;;;;;;;;;;;
649;Anterolateral visual area, layer 6b;19218;19217.967346;um2;69;960;960;um2;0.049953;;;;;;;;;;;;;;
394;Anteromedial visual area;0;0;um2;0;0;0;um2;0;;;;;;;;;;;;;;
281;Anteromedial visual area, layer 1;200350;200350.477783;um2;39;415;415;um2;0.002071;;;;;;;;;;;;;;
1066;Anteromedial visual area, layer 2/3;410488;410487.574600;um2;670;9361;9361;um2;0.022805;;;;;;;;;;;;;;
401;Anteromedial visual area, layer 4;122276;122276.166229;um2;259;3492;3492;um2;0.028558;;;;;;;;;;;;;;
433;Anteromedial visual area, layer 5;469945;469944.523529;um2;1365;19971;19971;um2;0.042497;;;;;;;;;;;;;;
1046;Anteromedial visual area, layer 6a;273171;273170.622543;um2;744;10247;10247;um2;0.037511;;;;;;;;;;;;;;
441;Anteromedial visual area, layer 6b;43235;43235.423080;um2;88;1350;1350;um2;0.031224;;;;;;;;;;;;;;
409;Lateral visual area;0;0;um2;0;0;0;um2;0;;;;;;;;;;;;;;
421;Lateral visual area, layer 1;0;0;um2;0;0;0;um2;0;;;;;;;;;;;;;;
973;Lateral visual area, layer 2/3;0;0;um2;0;0;0;um2;0;;;;;;;;;;;;;;
573;Lateral visual area, layer 4;0;0;um2;0;0;0;um2;0;;;;;;;;;;;;;;
613;Lateral visual area, layer 5;0;0;um2;0;0;0;um2;0;;;;;;;;;;;;;;
74;Lateral visual area, layer 6a;0;0;um2;0;0;0;um2;0;;;;;;;;;;;;;;
121;Lateral visual area, layer 6b;0;0;um2;0;0;0;um2;0;;;;;;;;;;;;;;
385;Primary visual area;0;0;um2;0;0;0;um2;0;;;;;;;;;;;;;;
593;Primary visual area, layer 1;122860;122859.976120;um2;129;1743;1743;um2;0.014187;;;;;;;;;;;;;;
821;Primary visual area, layer 2/3;223726;223725.643250;um2;593;7328;7328;um2;0.032754;;;;;;;;;;;;;;
721;Primary visual area, layer 4;117076;117075.651581;um2;350;3892;3892;um2;0.033243;;;;;;;;;;;;;;
778;Primary visual area, layer 5;185095;185095.049637;um2;449;5960;5960;um2;0.032200;;;;;;;;;;;;;;
33;Primary visual area, layer 6a;127179;127179.369431;um2;427;6405;6405;um2;0.050362;;;;;;;;;;;;;;
305;Primary visual area, layer 6b;25634;25633.506042;um2;39;392;392;um2;0.015292;;;;;;;;;;;;;;
425;Posterolateral visual area;0;0;um2;0;0;0;um2;0;;;;;;;;;;;;;;
750;Posterolateral visual area, layer 1;0;0;um2;0;0;0;um2;0;;;;;;;;;;;;;;
269;Posterolateral visual area, layer 2/3;0;0;um2;0;0;0;um2;0;;;;;;;;;;;;;;
869;Posterolateral visual area, layer 4;0;0;um2;0;0;0;um2;0;;;;;;;;;;;;;;
902;Posterolateral visual area, layer 5;0;0;um2;0;0;0;um2;0;;;;;;;;;;;;;;
377;Posterolateral visual area, layer 6a;0;0;um2;0;0;0;um2;0;;;;;;;;;;;;;;
393;Posterolateral visual area, layer 6b;0;0;um2;0;0;0;um2;0;;;;;;;;;;;;;;
533;posteromedial visual area;0;0;um2;0;0;0;um2;0;;;;;;;;;;;;;;
805;posteromedial visual area, layer 1;33977;33977.291046;um2;10;104;104;um2;0.003061;;;;;;;;;;;;;;
41;posteromedial visual area, layer 2/3;76738;76737.883591;um2;116;1528;1528;um2;0.019912;;;;;;;;;;;;;;
501;posteromedial visual area, layer 4;28205;28204.568665;um2;74;823;823;um2;0.029180;;;;;;;;;;;;;;
565;posteromedial visual area, layer 5;77082;77081.812698;um2;165;1787;1787;um2;0.023183;;;;;;;;;;;;;;
257;posteromedial visual area, layer 6a;52492;52492.313873;um2;100;1330;1330;um2;0.025337;;;;;;;;;;;;;;
469;posteromedial visual area, layer 6b;10489;10489.348907;um2;18;196;196;um2;0.018686;;;;;;;;;;;;;;
312782574;Laterointermediate area;0;0;um2;0;0;0;um2;0;;;;;;;;;;;;;;
312782578;Laterointermediate area, layer 1;0;0;um2;0;0;0;um2;0;;;;;;;;;;;;;;
312782582;Laterointermediate area, layer 2/3;0;0;um2;0;0;0;um2;0;;;;;;;;;;;;;;
312782586;Laterointermediate area, layer 4;0;0;um2;0;0;0;um2;0;;;;;;;;;;;;;;
312782590;Laterointermediate area, layer 5;0;0;um2;0;0;0;um2;0;;;;;;;;;;;;;;
312782594;Laterointermediate area, layer 6a;0;0;um2;0;0;0;um2;0;;;;;;;;;;;;;;
312782598;Laterointermediate area, layer 6b;0;0;um2;0;0;0;um2;0;;;;;;;;;;;;;;
312782628;Postrhinal area;0;0;um2;0;0;0;um2;0;;;;;;;;;;;;;;
312782632;Postrhinal area, layer 1;0;0;um2;0;0;0;um2;0;;;;;;;;;;;;;;
312782636;Postrhinal area, layer 2/3;0;0;um2;0;0;0;um2;0;;;;;;;;;;;;;;
312782640;Postrhinal area, layer 4;0;0;um2;0;0;0;um2;0;;;;;;;;;;;;;;
312782644;Postrhinal area, layer 5;0;0;um2;0;0;0;um2;0;;;;;;;;;;;;;;
312782648;Postrhinal area, layer 6a;0;0;um2;0;0;0;um2;0;;;;;;;;;;;;;;
312782652;Postrhinal area, layer 6b;0;0;um2;0;0;0;um2;0;;;;;;;;;;;;;;
31;Anterior cingulate area;0;0;um2;0;0;0;um2;0;;;;;;;;;;;;;;
572;Anterior cingulate area, layer 1;0;0;um2;0;0;0;um2;0;;;;;;;;;;;;;;
1053;Anterior cingulate area, layer 2/3;0;0;um2;0;0;0;um2;0;;;;;;;;;;;;;;
739;Anterior cingulate area, layer 5;0;0;um2;0;0;0;um2;0;;;;;;;;;;;;;;
179;Anterior cingulate area, layer 6a;0;0;um2;0;0;0;um2;0;;;;;;;;;;;;;;
227;Anterior cingulate area, layer 6b;0;0;um2;0;0;0;um2;0;;;;;;;;;;;;;;
39;Anterior cingulate area, dorsal part;0;0;um2;0;0;0;um2;0;;;;;;;;;;;;;;
935;Anterior cingulate area, dorsal part, layer 1;2149349;2149348.564301;um2;724;8242;8242;um2;0.003835;;;;;;;;;;;;;;
211;Anterior cingulate area, dorsal part, layer 2/3;2210929;2210929.400101;um2;3291;50217;50217;um2;0.022713;;;;;;;;;;;;;;
1015;Anterior cingulate area, dorsal part, layer 5;4468889;4468888.524948;um2;8642;144864;144864;um2;0.032416;;;;;;;;;;;;;;
919;Anterior cingulate area, dorsal part, layer 6a;2508006;2508005.925934;um2;5575;88873;88873;um2;0.035436;;;;;;;;;;;;;;
927;Anterior cingulate area, dorsal part, layer 6b;78099;78099.142395;um2;109;1620;1620;um2;0.020743;;;;;;;;;;;;;;
48;Anterior cingulate area, ventral part;0;0;um2;0;0;0;um2;0;;;;;;;;;;;;;;
588;Anterior cingulate area, ventral part, layer 1;1652280;1652279.627762;um2;1290;14426;14426;um2;0.008731;;;;;;;;;;;;;;
296;Anterior cingulate area, ventral part, layer 2/3;1792281;1792281.253815;um2;3222;45451;45451;um2;0.025359;;;;;;;;;;;;;;
772;Anterior cingulate area, ventral part, layer 5;3343358;3343358.061768;um2;6882;102810;102810;um2;0.030751;;;;;;;;;;;;;;
810;Anterior cingulate area, ventral part, 6a;1207735;1207734.667328;um2;2318;33228;33228;um2;0.027513;;;;;;;;;;;;;;
819;Anterior cingulate area, ventral part, 6b;191802;191802.137299;um2;159;2122;2122;um2;0.011063;;;;;;;;;;;;;;
972;Prelimbic area;0;0;um2;0;0;0;um2;0;;;;;;;;;;;;;;
171;Prelimbic area, layer 1;965295;965294.746948;um2;408;4594;4594;um2;0.004759;;;;;;;;;;;;;;
195;Prelimbic area, layer 2;0;0;um2;0;0;0;um2;0;;;;;;;;;;;;;;
304;Prelimbic area, layer 2/3;881476;881476.031036;um2;903;13307;13307;um2;0.015096;;;;;;;;;;;;;;
363;Prelimbic area, layer 5;2619386;2619386.268829;um2;3594;59385;59385;um2;0.022671;;;;;;;;;;;;;;
84;Prelimbic area, layer 6a;1694541;1694541.159058;um2;3079;52418;52418;um2;0.030933;;;;;;;;;;;;;;
132;Prelimbic area, layer 6b;59790;59789.879425;um2;71;961;961;um2;0.016073;;;;;;;;;;;;;;
44;Infralimbic area;0;0;um2;0;0;0;um2;0;;;;;;;;;;;;;;
707;Infralimbic area, layer 1;598933;598932.840942;um2;278;2806;2806;um2;0.004685;;;;;;;;;;;;;;
747;Infralimbic area, layer 2;0;0;um2;0;0;0;um2;0;;;;;;;;;;;;;;
556;Infralimbic area, layer 2/3;554310;554309.607819;um2;428;6140;6140;um2;0.011077;;;;;;;;;;;;;;
827;Infralimbic area, layer 5;1420473;1420472.881195;um2;1439;23101;23101;um2;0.016263;;;;;;;;;;;;;;
1054;Infralimbic area, layer 6a;771026;771025.584259;um2;1382;23210;23210;um2;0.030103;;;;;;;;;;;;;;
1081;Infralimbic area, layer 6b;24366;24366.285706;um2;48;846;846;um2;0.034720;;;;;;;;;;;;;;
714;Orbital area;0;0;um2;0;0;0;um2;0;;;;;;;;;;;;;;
264;Orbital area, layer 1;0;0;um2;0;0;0;um2;0;;;;;;;;;;;;;;
492;Orbital area, layer 2/3;0;0;um2;0;0;0;um2;0;;;;;;;;;;;;;;
352;Orbital area, layer 5;0;0;um2;0;0;0;um2;0;;;;;;;;;;;;;;
476;Orbital area, layer 6a;0;0;um2;0;0;0;um2;0;;;;;;;;;;;;;;
516;Orbital area, layer 6b;0;0;um2;0;0;0;um2;0;;;;;;;;;;;;;;
723;Orbital area, lateral part;0;0;um2;0;0;0;um2;0;;;;;;;;;;;;;;
448;Orbital area, lateral part, layer 1;94540;94540.499115;um2;31;212;212;um2;0.002242;;;;;;;;;;;;;;
412;Orbital area, lateral part, layer 2/3;832986;832986.239746;um2;906;14331;14331;um2;0.017204;;;;;;;;;;;;;;
630;Orbital area, lateral part, layer 5;2866044;2866043.828583;um2;6697;107061;107061;um2;0.037355;;;;;;;;;;;;;;
440;Orbital area, lateral part, layer 6a;1591909;1591909.251740;um2;4010;67369;67369;um2;0.042320;;;;;;;;;;;;;;
488;Orbital area, lateral part, layer 6b;110540;110540.076660;um2;198;3019;3019;um2;0.027311;;;;;;;;;;;;;;
731;Orbital area, medial part;0;0;um2;0;0;0;um2;0;;;;;;;;;;;;;;
484;Orbital area, medial part, layer 1;154233;154232.558167;um2;61;519;519;um2;0.003365;;;;;;;;;;;;;;
524;Orbital area, medial part, layer 2;0;0;um2;0;0;0;um2;0;;;;;;;;;;;;;;
582;Orbital area, medial part, layer 2/3;215613;215613.258148;um2;257;3832;3832;um2;0.017773;;;;;;;;;;;;;;
620;Orbital area, medial part, layer 5;619546;619546.260254;um2;827;12505;12505;um2;0.020184;;;;;;;;;;;;;;
910;Orbital area, medial part, layer 6a;812545;812544.981964;um2;1512;26143;26143;um2;0.032174;;;;;;;;;;;;;;
527696977;Orbital area, medial part, layer 6b;9653;9653.100464;um2;22;483;483;um2;0.050036;;;;;;;;;;;;;;
738;Orbital area, ventral part;0;0;um2;0;0;0;um2;0;;;;;;;;;;;;;;
746;Orbital area, ventrolateral part;0;0;um2;0;0;0;um2;0;;;;;;;;;;;;;;
969;Orbital area, ventrolateral part, layer 1;6694;6694.115479;um2;1;2;2;um2;0.000299;;;;;;;;;;;;;;
288;Orbital area, ventrolateral part, layer 2/3;269854;269854.493805;um2;250;4146;4146;um2;0.015364;;;;;;;;;;;;;;
1125;Orbital area, ventrolateral part, layer 5;821774;821773.889984;um2;1547;24638;24638;um2;0.029981;;;;;;;;;;;;;;
608;Orbital area, ventrolateral part, layer 6a;892551;892551.474030;um2;1944;32275;32275;um2;0.036160;;;;;;;;;;;;;;
680;Orbital area, ventrolateral part, layer 6b;42997;42996.936188;um2;98;1687;1687;um2;0.039235;;;;;;;;;;;;;;
95;Agranular insular area;0;0;um2;0;0;0;um2;0;;;;;;;;;;;;;;
104;Agranular insular area, dorsal part;0;0;um2;0;0;0;um2;0;;;;;;;;;;;;;;
996;Agranular insular area, dorsal part, layer 1;727174;727174.062622;um2;176;2048;2048;um2;0.002816;;;;;;;;;;;;;;
328;Agranular insular area, dorsal part, layer 2/3;1839593;1839593.361862;um2;1961;28995;28995;um2;0.015762;;;;;;;;;;;;;;
1101;Agranular insular area, dorsal part, layer 5;4062664;4062664.134598;um2;5792;96451;96451;um2;0.023741;;;;;;;;;;;;;;
783;Agranular insular area, dorsal part, layer 6a;2515047;2515046.650681;um2;4786;81702;81702;um2;0.032485;;;;;;;;;;;;;;
831;Agranular insular area, dorsal part, layer 6b;150452;150451.801468;um2;192;2518;2518;um2;0.016736;;;;;;;;;;;;;;
111;Agranular insular area, posterior part;0;0;um2;0;0;0;um2;0;;;;;;;;;;;;;;
120;Agranular insular area, posterior part, layer 1;1329055;1329055.144043;um2;259;2320;2320;um2;0.001746;;;;;;;;;;;;;;
163;Agranular insular area, posterior part, layer 2/3;2521933;2521933.097031;um2;2358;36220;36220;um2;0.014362;;;;;;;;;;;;;;
344;Agranular insular area, posterior part, layer 5;2298956;2298956.273651;um2;2539;39997;39997;um2;0.017398;;;;;;;;;;;;;;
314;Agranular insular area, posterior part, layer 6a;1296651;1296650.730103;um2;1475;24937;24937;um2;0.019232;;;;;;;;;;;;;;
355;Agranular insular area, posterior part, layer 6b;63008;63008.499512;um2;73;991;991;um2;0.015728;;;;;;;;;;;;;;
119;Agranular insular area, ventral part;0;0;um2;0;0;0;um2;0;;;;;;;;;;;;;;
704;Agranular insular area, ventral part, layer 1;596569;596569.431061;um2;186;1629;1629;um2;0.002731;;;;;;;;;;;;;;
694;Agranular insular area, ventral part, layer 2/3;1761946;1761946.487488;um2;1994;33132;33132;um2;0.018804;;;;;;;;;;;;;;
800;Agranular insular area, ventral part, layer 5;2447173;2447172.962067;um2;4273;70672;70672;um2;0.028879;;;;;;;;;;;;;;
675;Agranular insular area, ventral part, layer 6a;575718;575717.837906;um2;1069;18266;18266;um2;0.031727;;;;;;;;;;;;;;
699;Agranular insular area, ventral part, layer 6b;10502;10502.493744;um2;18;180;180;um2;0.017139;;;;;;;;;;;;;;
254;Retrosplenial area;0;0;um2;0;0;0;um2;0;;;;;;;;;;;;;;
894;Retrosplenial area, lateral agranular part;0;0;um2;0;0;0;um2;0;;;;;;;;;;;;;;
671;Retrosplenial area, lateral agranular part, layer 1;445490;445489.765366;um2;70;705;705;um2;0.001583;;;;;;;;;;;;;;
965;Retrosplenial area, lateral agranular part, layer 2/3;791748;791748.266785;um2;1199;15030;15030;um2;0.018983;;;;;;;;;;;;;;
774;Retrosplenial area, lateral agranular part, layer 5;1062517;1062517.247437;um2;2475;34539;34539;um2;0.032507;;;;;;;;;;;;;;
906;Retrosplenial area, lateral agranular part, layer 6a;664002;664002.326569;um2;1504;21116;21116;um2;0.031801;;;;;;;;;;;;;;
279;Retrosplenial area, lateral agranular part, layer 6b;75125;75124.765442;um2;140;1827;1827;um2;0.024320;;;;;;;;;;;;;;
480149258;Mediomedial anterior visual area;0;0;um2;0;0;0;um2;0;;;;;;;;;;;;;;
480149262;Mediomedial anterior visual area, layer 1;0;0;um2;0;0;0;um2;0;;;;;;;;;;;;;;
480149266;Mediomedial anterior visual area, layer 2/3;0;0;um2;0;0;0;um2;0;;;;;;;;;;;;;;
480149270;Mediomedial anterior visual area, layer 4;0;0;um2;0;0;0;um2;0;;;;;;;;;;;;;;
480149274;Mediomedial anterior visual area,layer 5;0;0;um2;0;0;0;um2;0;;;;;;;;;;;;;;
480149278;Mediomedial anterior visual area, layer 6a;0;0;um2;0;0;0;um2;0;;;;;;;;;;;;;;
480149282;Mediomedial anterior visual area, layer 6b;0;0;um2;0;0;0;um2;0;;;;;;;;;;;;;;
480149286;Mediomedial posterior visual area;0;0;um2;0;0;0;um2;0;;;;;;;;;;;;;;
480149290;Mediomedial posterior visual area, layer 1;0;0;um2;0;0;0;um2;0;;;;;;;;;;;;;;
480149294;Mediomedial posterior visual area, layer 2/3;0;0;um2;0;0;0;um2;0;;;;;;;;;;;;;;
480149298;Mediomedial posterior visual area, layer 4;0;0;um2;0;0;0;um2;0;;;;;;;;;;;;;;
480149302;Mediomedial posterior visual area,layer 5;0;0;um2;0;0;0;um2;0;;;;;;;;;;;;;;
480149306;Mediomedial posterior visual area, layer 6a;0;0;um2;0;0;0;um2;0;;;;;;;;;;;;;;
480149310;Mediomedial posterior visual area, layer 6b;0;0;um2;0;0;0;um2;0;;;;;;;;;;;;;;
480149314;Medial visual area;0;0;um2;0;0;0;um2;0;;;;;;;;;;;;;;
480149318;Medial visual area, layer 1;0;0;um2;0;0;0;um2;0;;;;;;;;;;;;;;
480149322;Medial visual area, layer 2/3;0;0;um2;0;0;0;um2;0;;;;;;;;;;;;;;
480149326;Medial visual area, layer 4;0;0;um2;0;0;0;um2;0;;;;;;;;;;;;;;
480149330;Medial visual area,layer 5;0;0;um2;0;0;0;um2;0;;;;;;;;;;;;;;
480149334;Medial visual area, layer 6a;0;0;um2;0;0;0;um2;0;;;;;;;;;;;;;;
480149338;Medial visual area, layer 6b;0;0;um2;0;0;0;um2;0;;;;;;;;;;;;;;
879;Retrosplenial area, dorsal part;0;0;um2;0;0;0;um2;0;;;;;;;;;;;;;;
442;Retrosplenial area, dorsal part, layer 1;943482;943482.440536;um2;225;2245;2245;um2;0.002379;;;;;;;;;;;;;;
434;Retrosplenial area, dorsal part, layer 2/3;1476761;1476761.055344;um2;3538;42520;42520;um2;0.028793;;;;;;;;;;;;;;
545;Retrosplenial area, dorsal part, layer 4;0;0;um2;0;0;0;um2;0;;;;;;;;;;;;;;
610;Retrosplenial area, dorsal part, layer 5;1729403;1729403.030899;um2;3475;44699;44699;um2;0.025846;;;;;;;;;;;;;;
274;Retrosplenial area, dorsal part, layer 6a;1128061;1128061.045029;um2;2315;30322;30322;um2;0.026880;;;;;;;;;;;;;;
330;Retrosplenial area, dorsal part, layer 6b;60709;60708.532242;um2;91;1168;1168;um2;0.019239;;;;;;;;;;;;;;
886;Retrosplenial area, ventral part;0;0;um2;0;0;0;um2;0;;;;;;;;;;;;;;
542;Retrosplenial area, ventral part, layer 1;1477108;1477108.468719;um2;1555;16031;16031;um2;0.010853;;;;;;;;;;;;;;
606;Retrosplenial area, ventral part, layer 2;0;0;um2;0;0;0;um2;0;;;;;;;;;;;;;;
430;Retrosplenial area, ventral part, layer 2/3;1735722;1735721.915939;um2;4835;56607;56607;um2;0.032613;;;;;;;;;;;;;;
687;Retrosplenial area, ventral part, layer 5;2471296;2471296.016937;um2;4294;51806;51806;um2;0.020963;;;;;;;;;;;;;;
590;Retrosplenial area, ventral part, layer 6a;830709;830709.350906;um2;1785;21124;21124;um2;0.025429;;;;;;;;;;;;;;
622;Retrosplenial area, ventral part, layer 6b;106478;106478.125549;um2;113;1524;1524;um2;0.014313;;;;;;;;;;;;;;
22;Posterior parietal association areas;0;0;um2;0;0;0;um2;0;;;;;;;;;;;;;;
532;Posterior parietal association areas, layer 1;0;0;um2;0;0;0;um2;0;;;;;;;;;;;;;;
241;Posterior parietal association areas, layer 2/3;0;0;um2;0;0;0;um2;0;;;;;;;;;;;;;;
635;Posterior parietal association areas, layer 4;0;0;um2;0;0;0;um2;0;;;;;;;;;;;;;;
683;Posterior parietal association areas, layer 5;0;0;um2;0;0;0;um2;0;;;;;;;;;;;;;;
308;Posterior parietal association areas, layer 6a;0;0;um2;0;0;0;um2;0;;;;;;;;;;;;;;
340;Posterior parietal association areas, layer 6b;0;0;um2;0;0;0;um2;0;;;;;;;;;;;;;;
312782546;Anterior area;0;0;um2;0;0;0;um2;0;;;;;;;;;;;;;;
312782550;Anterior area, layer 1;543547;543547.037323;um2;265;3722;3722;um2;0.006848;;;;;;;;;;;;;;
312782554;Anterior area, layer 2/3;1156472;1156472.097672;um2;2460;38515;38515;um2;0.033304;;;;;;;;;;;;;;
312782558;Anterior area, layer 4;410703;410703.438446;um2;1499;22317;22317;um2;0.054338;;;;;;;;;;;;;;
312782562;Anterior area, layer 5;919098;919098.054398;um2;2899;45399;45399;um2;0.049395;;;;;;;;;;;;;;
312782566;Anterior area, layer 6a;537714;537714.455704;um2;1394;19473;19473;um2;0.036214;;;;;;;;;;;;;;
312782570;Anterior area, layer 6b;91458;91457.669006;um2;176;2303;2303;um2;0.025181;;;;;;;;;;;;;;
417;Rostrolateral visual area;0;0;um2;0;0;0;um2;0;;;;;;;;;;;;;;
312782604;Rostrolateral area, layer 1;230078;230078.201172;um2;230;3574;3574;um2;0.015534;;;;;;;;;;;;;;
312782608;Rostrolateral area, layer 2/3;386744;386744.022949;um2;1334;21695;21695;um2;0.056097;;;;;;;;;;;;;;
312782612;Rostrolateral area, layer 4;207988;207987.828079;um2;1208;18821;18821;um2;0.090491;;;;;;;;;;;;;;
312782616;Rostrolateral area, layer 5;328039;328038.601654;um2;1095;16612;16612;um2;0.050640;;;;;;;;;;;;;;
312782620;Rostrolateral area, layer 6a;212855;212855.369965;um2;828;11778;11778;um2;0.055333;;;;;;;;;;;;;;
312782624;Rostrolateral area, layer 6b;40446;40446.344833;um2;83;1087;1087;um2;0.026875;;;;;;;;;;;;;;
541;Temporal association areas;0;0;um2;0;0;0;um2;0;;;;;;;;;;;;;;
97;Temporal association areas, layer 1;483682;483681.556030;um2;101;1013;1013;um2;0.002094;;;;;;;;;;;;;;
1127;Temporal association areas, layer 2/3;708089;708088.755692;um2;511;6308;6308;um2;0.008908;;;;;;;;;;;;;;
234;Temporal association areas, layer 4;273987;273987.466812;um2;281;3474;3474;um2;0.012679;;;;;;;;;;;;;;
289;Temporal association areas, layer 5;1030396;1030395.986206;um2;1289;17701;17701;um2;0.017179;;;;;;;;;;;;;;
729;Temporal association areas, layer 6a;696724;696723.942810;um2;1218;18870;18870;um2;0.027084;;;;;;;;;;;;;;
786;Temporal association areas, layer 6b;86791;86790.896286;um2;107;1785;1785;um2;0.020567;;;;;;;;;;;;;;
922;Perirhinal area;0;0;um2;0;0;0;um2;0;;;;;;;;;;;;;;
540;Perirhinal area, layer 1;341841;341841.486191;um2;24;275;275;um2;0.000804;;;;;;;;;;;;;;
888;Perirhinal area, layer 2/3;481589;481588.851852;um2;532;7382;7382;um2;0.015328;;;;;;;;;;;;;;
692;Perirhinal area, layer 5;190699;190698.748795;um2;279;4275;4275;um2;0.022418;;;;;;;;;;;;;;
335;Perirhinal area, layer 6a;28583;28583.239120;um2;53;783;783;um2;0.027394;;;;;;;;;;;;;;
368;Perirhinal area, layer 6b;6661;6661.428467;um2;5;40;40;um2;0.006005;;;;;;;;;;;;;;
895;Ectorhinal area;0;0;um2;0;0;0;um2;0;;;;;;;;;;;;;;
836;Ectorhinal area/Layer 1;367434;367433.609833;um2;67;639;639;um2;0.001739;;;;;;;;;;;;;;
427;Ectorhinal area/Layer 2/3;714898;714897.894287;um2;898;14341;14341;um2;0.020060;;;;;;;;;;;;;;
988;Ectorhinal area/Layer 5;908489;908489.089111;um2;1403;21051;21051;um2;0.023171;;;;;;;;;;;;;;
977;Ectorhinal area/Layer 6a;702403;702402.835800;um2;1164;19157;19157;um2;0.027274;;;;;;;;;;;;;;
1045;Ectorhinal area/Layer 6b;82154;82153.972244;um2;93;1513;1513;um2;0.018417;;;;;;;;;;;;;;
698;Olfactory areas;6336808;6336807.910324;um2;8204;138210;138210;um2;0.021811;;;;;;;;;;;;;;
507;Main olfactory bulb;0;0;um2;0;0;0;um2;0;;;;;;;;;;;;;;
212;Main olfactory bulb, glomerular layer;0;0;um2;0;0;0;um2;0;;;;;;;;;;;;;;
220;Main olfactory bulb, granule layer;0;0;um2;0;0;0;um2;0;;;;;;;;;;;;;;
228;Main olfactory bulb, inner plexiform layer;0;0;um2;0;0;0;um2;0;;;;;;;;;;;;;;
236;Main olfactory bulb, mitral layer;0;0;um2;0;0;0;um2;0;;;;;;;;;;;;;;
244;Main olfactory bulb, outer plexiform layer;0;0;um2;0;0;0;um2;0;;;;;;;;;;;;;;
151;Accessory olfactory bulb;0;0;um2;0;0;0;um2;0;;;;;;;;;;;;;;
188;Accessory olfactory bulb, glomerular layer;0;0;um2;0;0;0;um2;0;;;;;;;;;;;;;;
196;Accessory olfactory bulb, granular layer;0;0;um2;0;0;0;um2;0;;;;;;;;;;;;;;
204;Accessory olfactory bulb, mitral layer;0;0;um2;0;0;0;um2;0;;;;;;;;;;;;;;
159;Anterior olfactory nucleus;3723559;3723558.731689;um2;5949;103315;103315;um2;0.027746;;;;;;;;;;;;;;
167;Anterior olfactory nucleus, dorsal part;0;0;um2;0;0;0;um2;0;;;;;;;;;;;;;;
175;Anterior olfactory nucleus, external part;0;0;um2;0;0;0;um2;0;;;;;;;;;;;;;;
183;Anterior olfactory nucleus, lateral part;0;0;um2;0;0;0;um2;0;;;;;;;;;;;;;;
191;Anterior olfactory nucleus, medial part;0;0;um2;0;0;0;um2;0;;;;;;;;;;;;;;
199;Anterior olfactory nucleus, posteroventral part;0;0;um2;0;0;0;um2;0;;;;;;;;;;;;;;
160;Anterior olfactory nucleus, layer 1;0;0;um2;0;0;0;um2;0;;;;;;;;;;;;;;
168;Anterior olfactory nucleus, layer 2;0;0;um2;0;0;0;um2;0;;;;;;;;;;;;;;
589;Taenia tecta;0;0;um2;0;0;0;um2;0;;;;;;;;;;;;;;
597;Taenia tecta, dorsal part;2256288;2256288.441986;um2;3043;59038;59038;um2;0.026166;;;;;;;;;;;;;;
297;Taenia tecta, dorsal part, layers 1-4;0;0;um2;0;0;0;um2;0;;;;;;;;;;;;;;
1034;Taenia tecta, dorsal part, layer 1;0;0;um2;0;0;0;um2;0;;;;;;;;;;;;;;
1042;Taenia tecta, dorsal part, layer 2;0;0;um2;0;0;0;um2;0;;;;;;;;;;;;;;
1050;Taenia tecta, dorsal part, layer 3;0;0;um2;0;0;0;um2;0;;;;;;;;;;;;;;
1059;Taenia tecta, dorsal part, layer 4;0;0;um2;0;0;0;um2;0;;;;;;;;;;;;;;
605;Taenia tecta, ventral part;481024;481023.948303;um2;363;5375;5375;um2;0.011174;;;;;;;;;;;;;;
306;Taenia tecta, ventral part, layers 1-3;0;0;um2;0;0;0;um2;0;;;;;;;;;;;;;;
1067;Taenia tecta, ventral part, layer 1;0;0;um2;0;0;0;um2;0;;;;;;;;;;;;;;
1075;Taenia tecta, ventral part, layer 2;0;0;um2;0;0;0;um2;0;;;;;;;;;;;;;;
1082;Taenia tecta, ventral part, layer 3;0;0;um2;0;0;0;um2;0;;;;;;;;;;;;;;
814;Dorsal peduncular area;1855059;1855059.087158;um2;2423;41946;41946;um2;0.022612;;;;;;;;;;;;;;
496;Dorsal peduncular area, layer 1;0;0;um2;0;0;0;um2;0;;;;;;;;;;;;;;
535;Dorsal peduncular area, layer 2;0;0;um2;0;0;0;um2;0;;;;;;;;;;;;;;
360;Dorsal peduncular area, layer 2/3;0;0;um2;0;0;0;um2;0;;;;;;;;;;;;;;
646;Dorsal peduncular area, layer 5;0;0;um2;0;0;0;um2;0;;;;;;;;;;;;;;
267;Dorsal peduncular area, layer 6a;0;0;um2;0;0;0;um2;0;;;;;;;;;;;;;;
961;Piriform area;35816594;35816593.824326;um2;37091;580319;580319;um2;0.016203;;;;;;;;;;;;;;
152;Piriform area, layers 1-3;0;0;um2;0;0;0;um2;0;;;;;;;;;;;;;;
276;Piriform area, molecular layer;0;0;um2;0;0;0;um2;0;;;;;;;;;;;;;;
284;Piriform area, pyramidal layer;0;0;um2;0;0;0;um2;0;;;;;;;;;;;;;;
291;Piriform area, polymorph layer;0;0;um2;0;0;0;um2;0;;;;;;;;;;;;;;
619;Nucleus of the lateral olfactory tract;0;0;um2;0;0;0;um2;0;;;;;;;;;;;;;;
392;Nucleus of the lateral olfactory tract, layers 1-3;0;0;um2;0;0;0;um2;0;;;;;;;;;;;;;;
260;Nucleus of the lateral olfactory tract, molecular layer;476115;476115.230347;um2;329;4650;4650;um2;0.009767;;;;;;;;;;;;;;
268;Nucleus of the lateral olfactory tract, pyramidal layer;552483;552483.434998;um2;694;11115;11115;um2;0.020118;;;;;;;;;;;;;;
1139;Nucleus of the lateral olfactory tract, layer 3;205196;205196.331589;um2;284;4337;4337;um2;0.021136;;;;;;;;;;;;;;
631;Cortical amygdalar area;0;0;um2;0;0;0;um2;0;;;;;;;;;;;;;;
639;Cortical amygdalar area, anterior part;2587396;2587395.821793;um2;2844;46651;46651;um2;0.018030;;;;;;;;;;;;;;
192;Cortical amygdalar area, anterior part, layer 1;0;0;um2;0;0;0;um2;0;;;;;;;;;;;;;;
200;Cortical amygdalar area, anterior part, layer 2;0;0;um2;0;0;0;um2;0;;;;;;;;;;;;;;
208;Cortical amygdalar area, anterior part, layer 3;0;0;um2;0;0;0;um2;0;;;;;;;;;;;;;;
647;Cortical amygdalar area, posterior part;0;0;um2;0;0;0;um2;0;;;;;;;;;;;;;;
655;Cortical amygdalar area, posterior part, lateral zone;3473780;3473779.815445;um2;1900;23838;23838;um2;0.006862;;;;;;;;;;;;;;
584;Cortical amygdalar area, posterior part, lateral zone, layers 1-2;0;0;um2;0;0;0;um2;0;;;;;;;;;;;;;;
376;Cortical amygdalar area, posterior part, lateral zone, layers 1-3;0;0;um2;0;0;0;um2;0;;;;;;;;;;;;;;
216;Cortical amygdalar area, posterior part, lateral zone, layer 1;0;0;um2;0;0;0;um2;0;;;;;;;;;;;;;;
224;Cortical amygdalar area, posterior part, lateral zone, layer 2;0;0;um2;0;0;0;um2;0;;;;;;;;;;;;;;
232;Cortical amygdalar area, posterior part, lateral zone, layer 3;0;0;um2;0;0;0;um2;0;;;;;;;;;;;;;;
663;Cortical amygdalar area, posterior part, medial zone;3439857;3439857.207855;um2;2491;31380;31380;um2;0.009122;;;;;;;;;;;;;;
592;Cortical amygdalar area, posterior part, medial zone, layers 1-2;0;0;um2;0;0;0;um2;0;;;;;;;;;;;;;;
383;Cortical amygdalar area, posterior part, medial zone, layers 1-3;0;0;um2;0;0;0;um2;0;;;;;;;;;;;;;;
240;Cortical amygdalar area, posterior part, medial zone, layer 1;0;0;um2;0;0;0;um2;0;;;;;;;;;;;;;;
248;Cortical amygdalar area, posterior part, medial zone, layer 2;0;0;um2;0;0;0;um2;0;;;;;;;;;;;;;;
256;Cortical amygdalar area, posterior part, medial zone, layer 3;0;0;um2;0;0;0;um2;0;;;;;;;;;;;;;;
788;Piriform-amygdalar area;3866984;3866984.248535;um2;2230;30803;30803;um2;0.007966;;;;;;;;;;;;;;
400;Piriform-amygdalar area, layers 1-3;0;0;um2;0;0;0;um2;0;;;;;;;;;;;;;;
408;Piriform-amygdalar area, molecular layer;0;0;um2;0;0;0;um2;0;;;;;;;;;;;;;;
416;Piriform-amygdalar area, pyramidal layer;0;0;um2;0;0;0;um2;0;;;;;;;;;;;;;;
424;Piriform-amygdalar area, polymorph layer;0;0;um2;0;0;0;um2;0;;;;;;;;;;;;;;
566;Postpiriform transition area;1938410;1938409.712296;um2;1870;28450;28450;um2;0.014677;;;;;;;;;;;;;;
517;Postpiriform transition area, layers 1-3;0;0;um2;0;0;0;um2;0;;;;;;;;;;;;;;
1140;Postpiriform transition area, layers 1;0;0;um2;0;0;0;um2;0;;;;;;;;;;;;;;
1141;Postpiriform transition area, layers 2;0;0;um2;0;0;0;um2;0;;;;;;;;;;;;;;
1142;Postpiriform transition area, layers 3;0;0;um2;0;0;0;um2;0;;;;;;;;;;;;;;
1089;Hippocampal formation;351433;351433.071304;um2;223;2443;2443;um2;0.006952;;;;;;;;;;;;;;
1080;Hippocampal region;0;0;um2;0;0;0;um2;0;;;;;;;;;;;;;;
375;Ammon's horn;0;0;um2;0;0;0;um2;0;;;;;;;;;;;;;;
382;Field CA1;13743905;13743904.815063;um2;14962;186600;186600;um2;0.013577;;;;;;;;;;;;;;
391;Field CA1, stratum lacunosum-moleculare;0;0;um2;0;0;0;um2;0;;;;;;;;;;;;;;
399;Field CA1, stratum oriens;0;0;um2;0;0;0;um2;0;;;;;;;;;;;;;;
407;Field CA1, pyramidal layer;0;0;um2;0;0;0;um2;0;;;;;;;;;;;;;;
415;Field CA1, stratum radiatum;0;0;um2;0;0;0;um2;0;;;;;;;;;;;;;;
423;Field CA2;958498;958497.564133;um2;763;9089;9089;um2;0.009483;;;;;;;;;;;;;;
431;Field CA2, stratum lacunosum-moleculare;0;0;um2;0;0;0;um2;0;;;;;;;;;;;;;;
438;Field CA2, stratum oriens;0;0;um2;0;0;0;um2;0;;;;;;;;;;;;;;
446;Field CA2, pyramidal layer;0;0;um2;0;0;0;um2;0;;;;;;;;;;;;;;
454;Field CA2, stratum radiatum;0;0;um2;0;0;0;um2;0;;;;;;;;;;;;;;
463;Field CA3;12685768;12685768.376480;um2;12441;151882;151882;um2;0.011973;;;;;;;;;;;;;;
471;Field CA3, stratum lacunosum-moleculare;0;0;um2;0;0;0;um2;0;;;;;;;;;;;;;;
479;Field CA3, stratum lucidum;0;0;um2;0;0;0;um2;0;;;;;;;;;;;;;;
486;Field CA3, stratum oriens;0;0;um2;0;0;0;um2;0;;;;;;;;;;;;;;
495;Field CA3, pyramidal layer;0;0;um2;0;0;0;um2;0;;;;;;;;;;;;;;
504;Field CA3, stratum radiatum;0;0;um2;0;0;0;um2;0;;;;;;;;;;;;;;
726;Dentate gyrus;0;0;um2;0;0;0;um2;0;;;;;;;;;;;;;;
10703;Dentate gyrus, molecular layer;5264007;5264007.241058;um2;2129;22223;22223;um2;0.004222;;;;;;;;;;;;;;
10704;Dentate gyrus, polymorph layer;664433;664433.179688;um2;712;9389;9389;um2;0.014131;;;;;;;;;;;;;;
632;Dentate gyrus, granule cell layer;2033751;2033750.537735;um2;1543;20008;20008;um2;0.009838;;;;;;;;;;;;;;
10702;Dentate gyrus, subgranular zone;0;0;um2;0;0;0;um2;0;;;;;;;;;;;;;;
734;Dentate gyrus crest;0;0;um2;0;0;0;um2;0;;;;;;;;;;;;;;
742;Dentate gyrus crest, molecular layer;0;0;um2;0;0;0;um2;0;;;;;;;;;;;;;;
751;Dentate gyrus crest, polymorph layer;0;0;um2;0;0;0;um2;0;;;;;;;;;;;;;;
758;Dentate gyrus crest, granule cell layer;0;0;um2;0;0;0;um2;0;;;;;;;;;;;;;;
766;Dentate gyrus lateral blade;0;0;um2;0;0;0;um2;0;;;;;;;;;;;;;;
775;Dentate gyrus lateral blade, molecular layer;0;0;um2;0;0;0;um2;0;;;;;;;;;;;;;;
782;Dentate gyrus lateral blade, polymorph layer;0;0;um2;0;0;0;um2;0;;;;;;;;;;;;;;
790;Dentate gyrus lateral blade, granule cell layer;0;0;um2;0;0;0;um2;0;;;;;;;;;;;;;;
799;Dentate gyrus medial blade;0;0;um2;0;0;0;um2;0;;;;;;;;;;;;;;
807;Dentate gyrus medial blade, molecular layer;0;0;um2;0;0;0;um2;0;;;;;;;;;;;;;;
815;Dentate gyrus medial blade, polymorph layer;0;0;um2;0;0;0;um2;0;;;;;;;;;;;;;;
823;Dentate gyrus medial blade, granule cell layer;0;0;um2;0;0;0;um2;0;;;;;;;;;;;;;;
982;Fasciola cinerea;208363;208362.654724;um2;153;1753;1753;um2;0.008413;;;;;;;;;;;;;;
19;Induseum griseum;404436;404435.956604;um2;191;1770;1770;um2;0.004376;;;;;;;;;;;;;;
822;Retrohippocampal region;0;0;um2;0;0;0;um2;0;;;;;;;;;;;;;;
909;Entorhinal area;0;0;um2;0;0;0;um2;0;;;;;;;;;;;;;;
918;Entorhinal area, lateral part;0;0;um2;0;0;0;um2;0;;;;;;;;;;;;;;
1121;Entorhinal area, lateral part, layer 1;586870;586870.122955;um2;66;383;383;um2;0.000653;;;;;;;;;;;;;;
20;Entorhinal area, lateral part, layer 2;901294;901294.007202;um2;779;8953;8953;um2;0.009933;;;;;;;;;;;;;;
999;Entorhinal area, lateral part, layer 2/3;0;0;um2;0;0;0;um2;0;;;;;;;;;;;;;;
715;Entorhinal area, lateral part, layer 2a;0;0;um2;0;0;0;um2;0;;;;;;;;;;;;;;
764;Entorhinal area, lateral part, layer 2b;0;0;um2;0;0;0;um2;0;;;;;;;;;;;;;;
52;Entorhinal area, lateral part, layer 3;916110;916110.376968;um2;976;12900;12900;um2;0.014081;;;;;;;;;;;;;;
92;Entorhinal area, lateral part, layer 4;0;0;um2;0;0;0;um2;0;;;;;;;;;;;;;;
312;Entorhinal area, lateral part, layer 4/5;0;0;um2;0;0;0;um2;0;;;;;;;;;;;;;;
139;Entorhinal area, lateral part, layer 5;1023190;1023189.793533;um2;970;13758;13758;um2;0.013446;;;;;;;;;;;;;;
387;Entorhinal area, lateral part, layer 5/6;0;0;um2;0;0;0;um2;0;;;;;;;;;;;;;;
28;Entorhinal area, lateral part, layer 6a;381773;381772.914200;um2;422;5878;5878;um2;0.015397;;;;;;;;;;;;;;
60;Entorhinal area, lateral part, layer 6b;0;0;um2;0;0;0;um2;0;;;;;;;;;;;;;;
926;Entorhinal area, medial part, dorsal zone;0;0;um2;0;0;0;um2;0;;;;;;;;;;;;;;
526;Entorhinal area, medial part, dorsal zone, layer 1;0;0;um2;0;0;0;um2;0;;;;;;;;;;;;;;
543;Entorhinal area, medial part, dorsal zone, layer 2;0;0;um2;0;0;0;um2;0;;;;;;;;;;;;;;
468;Entorhinal area, medial part, dorsal zone, layer 2a;0;0;um2;0;0;0;um2;0;;;;;;;;;;;;;;
508;Entorhinal area, medial part, dorsal zone, layer 2b;0;0;um2;0;0;0;um2;0;;;;;;;;;;;;;;
664;Entorhinal area, medial part, dorsal zone, layer 3;0;0;um2;0;0;0;um2;0;;;;;;;;;;;;;;
712;Entorhinal area, medial part, dorsal zone, layer 4;0;0;um2;0;0;0;um2;0;;;;;;;;;;;;;;
727;Entorhinal area, medial part, dorsal zone, layer 5;0;0;um2;0;0;0;um2;0;;;;;;;;;;;;;;
550;Entorhinal area, medial part, dorsal zone, layer 5/6;0;0;um2;0;0;0;um2;0;;;;;;;;;;;;;;
743;Entorhinal area, medial part, dorsal zone, layer 6;0;0;um2;0;0;0;um2;0;;;;;;;;;;;;;;
934;Entorhinal area, medial part, ventral zone;0;0;um2;0;0;0;um2;0;;;;;;;;;;;;;;
259;Entorhinal area, medial part, ventral zone, layer 1;0;0;um2;0;0;0;um2;0;;;;;;;;;;;;;;
324;Entorhinal area, medial part, ventral zone, layer 2;0;0;um2;0;0;0;um2;0;;;;;;;;;;;;;;
371;Entorhinal area, medial part, ventral zone, layer 3;0;0;um2;0;0;0;um2;0;;;;;;;;;;;;;;
419;Entorhinal area, medial part, ventral zone, layer 4;0;0;um2;0;0;0;um2;0;;;;;;;;;;;;;;
1133;Entorhinal area, medial part, ventral zone, layer 5/6;0;0;um2;0;0;0;um2;0;;;;;;;;;;;;;;
843;Parasubiculum;0;0;um2;0;0;0;um2;0;;;;;;;;;;;;;;
10693;Parasubiculum, layer 1;0;0;um2;0;0;0;um2;0;;;;;;;;;;;;;;
10694;Parasubiculum, layer 2;0;0;um2;0;0;0;um2;0;;;;;;;;;;;;;;
10695;Parasubiculum, layer 3;0;0;um2;0;0;0;um2;0;;;;;;;;;;;;;;
1037;Postsubiculum;0;0;um2;0;0;0;um2;0;;;;;;;;;;;;;;
10696;Postsubiculum, layer 1;0;0;um2;0;0;0;um2;0;;;;;;;;;;;;;;
10697;Postsubiculum, layer 2;0;0;um2;0;0;0;um2;0;;;;;;;;;;;;;;
10698;Postsubiculum, layer 3;0;0;um2;0;0;0;um2;0;;;;;;;;;;;;;;
1084;Presubiculum;0;0;um2;0;0;0;um2;0;;;;;;;;;;;;;;
10699;Presubiculum, layer 1;0;0;um2;0;0;0;um2;0;;;;;;;;;;;;;;
10700;Presubiculum, layer 2;0;0;um2;0;0;0;um2;0;;;;;;;;;;;;;;
10701;Presubiculum, layer 3;0;0;um2;0;0;0;um2;0;;;;;;;;;;;;;;
502;Subiculum;500262;500262.131104;um2;338;3433;3433;um2;0.006862;;;;;;;;;;;;;;
509;Subiculum, dorsal part;0;0;um2;0;0;0;um2;0;;;;;;;;;;;;;;
829;Subiculum, dorsal part, molecular layer;0;0;um2;0;0;0;um2;0;;;;;;;;;;;;;;
845;Subiculum, dorsal part, pyramidal layer;0;0;um2;0;0;0;um2;0;;;;;;;;;;;;;;
837;Subiculum, dorsal part, stratum radiatum;0;0;um2;0;0;0;um2;0;;;;;;;;;;;;;;
518;Subiculum, ventral part;0;0;um2;0;0;0;um2;0;;;;;;;;;;;;;;
853;Subiculum, ventral part, molecular layer;0;0;um2;0;0;0;um2;0;;;;;;;;;;;;;;
870;Subiculum, ventral part, pyramidal layer;0;0;um2;0;0;0;um2;0;;;;;;;;;;;;;;
861;Subiculum, ventral part, stratum radiatum;0;0;um2;0;0;0;um2;0;;;;;;;;;;;;;;
484682470;Prosubiculum;131596;131595.711594;um2;131;1486;1486;um2;0.011292;;;;;;;;;;;;;;
484682475;Prosubiculum, dorsal part;0;0;um2;0;0;0;um2;0;;;;;;;;;;;;;;
484682479;Prosubiculum, dorsal part, molecular layer;0;0;um2;0;0;0;um2;0;;;;;;;;;;;;;;
484682483;Prosubiculum, dorsal part, pyramidal layer;0;0;um2;0;0;0;um2;0;;;;;;;;;;;;;;
484682487;Prosubiculum, dorsal part, stratum radiatum;0;0;um2;0;0;0;um2;0;;;;;;;;;;;;;;
484682492;Prosubiculum, ventral part;0;0;um2;0;0;0;um2;0;;;;;;;;;;;;;;
484682496;Prosubiculum, ventral part, molecular layer;0;0;um2;0;0;0;um2;0;;;;;;;;;;;;;;
484682500;Prosubiculum, ventral part, pyramidal layer;0;0;um2;0;0;0;um2;0;;;;;;;;;;;;;;
484682504;Prosubiculum, ventral part, stratum radiatum;0;0;um2;0;0;0;um2;0;;;;;;;;;;;;;;
589508447;Hippocampo-amygdalar transition area;269208;269208.112244;um2;237;3002;3002;um2;0.011151;;;;;;;;;;;;;;
484682508;Area prostriata;0;0;um2;0;0;0;um2;0;;;;;;;;;;;;;;
703;Cortical subplate;1082394;1082393.902176;um2;1189;17860;17860;um2;0.016500;;;;;;;;;;;;;;
16;Layer 6b, isocortex;0;0;um2;0;0;0;um2;0;;;;;;;;;;;;;;
583;Claustrum;1731821;1731821.199860;um2;3049;52970;52970;um2;0.030586;;;;;;;;;;;;;;
942;Endopiriform nucleus;0;0;um2;0;0;0;um2;0;;;;;;;;;;;;;;
952;Endopiriform nucleus, dorsal part;5804092;5804092.088715;um2;7121;118052;118052;um2;0.020339;;;;;;;;;;;;;;
966;Endopiriform nucleus, ventral part;2736226;2736226.163452;um2;2419;36794;36794;um2;0.013447;;;;;;;;;;;;;;
131;Lateral amygdalar nucleus;2490712;2490711.824997;um2;1743;22908;22908;um2;0.009197;;;;;;;;;;;;;;
295;Basolateral amygdalar nucleus;0;0;um2;0;0;0;um2;0;;;;;;;;;;;;;;
303;Basolateral amygdalar nucleus, anterior part;2192152;2192152.492538;um2;2762;49825;49825;um2;0.022729;;;;;;;;;;;;;;
311;Basolateral amygdalar nucleus, posterior part;2011451;2011451.308594;um2;2250;33788;33788;um2;0.016798;;;;;;;;;;;;;;
451;Basolateral amygdalar nucleus, ventral part;1279385;1279385.045944;um2;1135;18219;18219;um2;0.014240;;;;;;;;;;;;;;
319;Basomedial amygdalar nucleus;0;0;um2;0;0;0;um2;0;;;;;;;;;;;;;;
327;Basomedial amygdalar nucleus, anterior part;2384407;2384407.212585;um2;2787;44412;44412;um2;0.018626;;;;;;;;;;;;;;
334;Basomedial amygdalar nucleus, posterior part;2323815;2323814.990631;um2;2155;31147;31147;um2;0.013403;;;;;;;;;;;;;;
780;Posterior amygdalar nucleus;2659937;2659937.022644;um2;2219;28269;28269;um2;0.010628;;;;;;;;;;;;;;
623;Cerebral nuclei;0;0;um2;0;0;0;um2;0;;;;;;;;;;;;;;
477;Striatum;7680807;7680807.080841;um2;8061;112314;112314;um2;0.014623;;;;;;;;;;;;;;
485;Striatum dorsal region;0;0;um2;0;0;0;um2;0;;;;;;;;;;;;;;
672;Caudoputamen;59831050;59831049.949722;um2;60124;659597;659597;um2;0.011024;;;;;;;;;;;;;;
493;Striatum ventral region;0;0;um2;0;0;0;um2;0;;;;;;;;;;;;;;
56;Nucleus accumbens;8874471;8874471.494934;um2;10431;129803;129803;um2;0.014627;;;;;;;;;;;;;;
998;Fundus of striatum;1223062;1223062.337891;um2;1169;14748;14748;um2;0.012058;;;;;;;;;;;;;;
754;Olfactory tubercle;13321344;13321344.035477;um2;8684;109845;109845;um2;0.008246;;;;;;;;;;;;;;
481;Islands of Calleja;0;0;um2;0;0;0;um2;0;;;;;;;;;;;;;;
489;Major island of Calleja;0;0;um2;0;0;0;um2;0;;;;;;;;;;;;;;
144;Olfactory tubercle, layers 1-3;0;0;um2;0;0;0;um2;0;;;;;;;;;;;;;;
458;Olfactory tubercle, molecular layer;0;0;um2;0;0;0;um2;0;;;;;;;;;;;;;;
465;Olfactory tubercle, pyramidal layer;0;0;um2;0;0;0;um2;0;;;;;;;;;;;;;;
473;Olfactory tubercle, polymorph layer;0;0;um2;0;0;0;um2;0;;;;;;;;;;;;;;
549009199;Lateral strip of striatum;0;0;um2;0;0;0;um2;0;;;;;;;;;;;;;;
275;Lateral septal complex;0;0;um2;0;0;0;um2;0;;;;;;;;;;;;;;
242;Lateral septal nucleus;0;0;um2;0;0;0;um2;0;;;;;;;;;;;;;;
250;Lateral septal nucleus, caudal (caudodorsal) part;1162488;1162488.300781;um2;942;12651;12651;um2;0.010883;;;;;;;;;;;;;;
258;Lateral septal nucleus, rostral (rostroventral) part;4642606;4642606.168274;um2;6869;105001;105001;um2;0.022617;;;;;;;;;;;;;;
266;Lateral septal nucleus, ventral part;1132904;1132904.421280;um2;1793;27819;27819;um2;0.024555;;;;;;;;;;;;;;
310;Septofimbrial nucleus;951705;951705.212296;um2;609;6246;6246;um2;0.006563;;;;;;;;;;;;;;
333;Septohippocampal nucleus;79276;79276.071625;um2;114;1641;1641;um2;0.020700;;;;;;;;;;;;;;
278;Striatum-like amygdalar nuclei;0;0;um2;0;0;0;um2;0;;;;;;;;;;;;;;
23;Anterior amygdalar area;1401553;1401553.393478;um2;1379;17608;17608;um2;0.012563;;;;;;;;;;;;;;
292;Bed nucleus of the accessory olfactory tract;90419;90418.714661;um2;6;96;96;um2;0.001062;;;;;;;;;;;;;;
536;Central amygdalar nucleus;0;0;um2;0;0;0;um2;0;;;;;;;;;;;;;;
544;Central amygdalar nucleus, capsular part;947075;947074.894226;um2;1097;18301;18301;um2;0.019324;;;;;;;;;;;;;;
551;Central amygdalar nucleus, lateral part;768615;768614.636642;um2;1067;17089;17089;um2;0.022234;;;;;;;;;;;;;;
559;Central amygdalar nucleus, medial part;2323315;2323315.347717;um2;2853;45348;45348;um2;0.019519;;;;;;;;;;;;;;
1105;Intercalated amygdalar nucleus;577211;577210.604553;um2;749;11815;11815;um2;0.020469;;;;;;;;;;;;;;
403;Medial amygdalar nucleus;6177428;6177428.469864;um2;4172;55866;55866;um2;0.009044;;;;;;;;;;;;;;
411;Medial amygdalar nucleus, anterodorsal part;0;0;um2;0;0;0;um2;0;;;;;;;;;;;;;;
418;Medial amygdalar nucleus, anteroventral part;0;0;um2;0;0;0;um2;0;;;;;;;;;;;;;;
426;Medial amygdalar nucleus, posterodorsal part;0;0;um2;0;0;0;um2;0;;;;;;;;;;;;;;
472;Medial amygdalar nucleus, posterodorsal part, sublayer a;0;0;um2;0;0;0;um2;0;;;;;;;;;;;;;;
480;Medial amygdalar nucleus, posterodorsal part, sublayer b;0;0;um2;0;0;0;um2;0;;;;;;;;;;;;;;
487;Medial amygdalar nucleus, posterodorsal part, sublayer c;0;0;um2;0;0;0;um2;0;;;;;;;;;;;;;;
435;Medial amygdalar nucleus, posteroventral part;0;0;um2;0;0;0;um2;0;;;;;;;;;;;;;;
803;Pallidum;2150363;2150362.842194;um2;1668;20189;20189;um2;0.009389;;;;;;;;;;;;;;
818;Pallidum, dorsal region;0;0;um2;0;0;0;um2;0;;;;;;;;;;;;;;
1022;Globus pallidus, external segment;4778105;4778105.242310;um2;4011;41568;41568;um2;0.008700;;;;;;;;;;;;;;
1031;Globus pallidus, internal segment;803025;803025.245560;um2;778;9214;9214;um2;0.011474;;;;;;;;;;;;;;
835;Pallidum, ventral region;0;0;um2;0;0;0;um2;0;;;;;;;;;;;;;;
342;Substantia innominata;9375475;9375475.122040;um2;7555;86302;86302;um2;0.009205;;;;;;;;;;;;;;
298;Magnocellular nucleus;1254677;1254676.761993;um2;793;7994;7994;um2;0.006371;;;;;;;;;;;;;;
826;Pallidum, medial region;0;0;um2;0;0;0;um2;0;;;;;;;;;;;;;;
904;Medial septal complex;0;0;um2;0;0;0;um2;0;;;;;;;;;;;;;;
564;Medial septal nucleus;1295281;1295281.127182;um2;1033;11603;11603;um2;0.008958;;;;;;;;;;;;;;
596;Diagonal band nucleus;2332210;2332210.305710;um2;1269;13958;13958;um2;0.005985;;;;;;;;;;;;;;
581;Triangular nucleus of septum;726934;726934.029831;um2;391;4216;4216;um2;0.005800;;;;;;;;;;;;;;
809;Pallidum, caudal region;0;0;um2;0;0;0;um2;0;;;;;;;;;;;;;;
351;Bed nuclei of the stria terminalis;1313325;1313325.122772;um2;1700;25260;25260;um2;0.019234;;;;;;;;;;;;;;
359;Bed nuclei of the stria terminalis, anterior division;0;0;um2;0;0;0;um2;0;;;;;;;;;;;;;;
537;Bed nuclei of the stria terminalis, anterior division, anterolateral area;0;0;um2;0;0;0;um2;0;;;;;;;;;;;;;;
498;Bed nuclei of the stria terminalis, anterior division, anteromedial area;0;0;um2;0;0;0;um2;0;;;;;;;;;;;;;;
505;Bed nuclei of the stria terminalis, anterior division, dorsomedial nucleus;0;0;um2;0;0;0;um2;0;;;;;;;;;;;;;;
513;Bed nuclei of the stria terminalis, anterior division, fusiform nucleus;0;0;um2;0;0;0;um2;0;;;;;;;;;;;;;;
546;Bed nuclei of the stria terminalis, anterior division, juxtacapsular nucleus;0;0;um2;0;0;0;um2;0;;;;;;;;;;;;;;
521;Bed nuclei of the stria terminalis, anterior division, magnocellular nucleus;0;0;um2;0;0;0;um2;0;;;;;;;;;;;;;;
554;Bed nuclei of the stria terminalis, anterior division, oval nucleus;0;0;um2;0;0;0;um2;0;;;;;;;;;;;;;;
562;Bed nuclei of the stria terminalis, anterior division, rhomboid nucleus;0;0;um2;0;0;0;um2;0;;;;;;;;;;;;;;
529;Bed nuclei of the stria terminalis, anterior division, ventral nucleus;0;0;um2;0;0;0;um2;0;;;;;;;;;;;;;;
367;Bed nuclei of the stria terminalis, posterior division;0;0;um2;0;0;0;um2;0;;;;;;;;;;;;;;
569;Bed nuclei of the stria terminalis, posterior division, dorsal nucleus;0;0;um2;0;0;0;um2;0;;;;;;;;;;;;;;
578;Bed nuclei of the stria terminalis, posterior division, principal nucleus;0;0;um2;0;0;0;um2;0;;;;;;;;;;;;;;
585;Bed nuclei of the stria terminalis, posterior division, interfascicular nucleus;0;0;um2;0;0;0;um2;0;;;;;;;;;;;;;;
594;Bed nuclei of the stria terminalis, posterior division, transverse nucleus;0;0;um2;0;0;0;um2;0;;;;;;;;;;;;;;
602;Bed nuclei of the stria terminalis, posterior division, strial extension;0;0;um2;0;0;0;um2;0;;;;;;;;;;;;;;
287;Bed nucleus of the anterior commissure;3088;3088.452759;um2;2;52;52;um2;0.016837;;;;;;;;;;;;;;
343;Brain stem;0;0;um2;0;0;0;um2;0;;;;;;;;;;;;;;
1129;Interbrain;0;0;um2;0;0;0;um2;0;;;;;;;;;;;;;;
549;Thalamus;1819759;1819758.512146;um2;2373;31402;31402;um2;0.017256;;;;;;;;;;;;;;
864;Thalamus, sensory-motor cortex related;0;0;um2;0;0;0;um2;0;;;;;;;;;;;;;;
637;Ventral group of the dorsal thalamus;0;0;um2;0;0;0;um2;0;;;;;;;;;;;;;;
629;Ventral anterior-lateral complex of the thalamus;1145795;1145794.541946;um2;1752;19719;19719;um2;0.017210;;;;;;;;;;;;;;
685;Ventral medial nucleus of the thalamus;2100596;2100595.647415;um2;2858;36922;36922;um2;0.017577;;;;;;;;;;;;;;
709;Ventral posterior complex of the thalamus;0;0;um2;0;0;0;um2;0;;;;;;;;;;;;;;
718;Ventral posterolateral nucleus of the thalamus;1700432;1700432.215820;um2;2112;21850;21850;um2;0.012850;;;;;;;;;;;;;;
725;Ventral posterolateral nucleus of the thalamus, parvicellular part;248777;248777.424530;um2;193;1530;1530;um2;0.006150;;;;;;;;;;;;;;
733;Ventral posteromedial nucleus of the thalamus;4083225;4083224.892303;um2;7499;78952;78952;um2;0.019336;;;;;;;;;;;;;;
741;Ventral posteromedial nucleus of the thalamus, parvicellular part;658667;658667.418213;um2;710;7990;7990;um2;0.012131;;;;;;;;;;;;;;
563807435;Posterior triangular thalamic nucleus;440118;440118.242966;um2;802;10711;10711;um2;0.024337;;;;;;;;;;;;;;
406;Subparafascicular nucleus;0;0;um2;0;0;0;um2;0;;;;;;;;;;;;;;
414;Subparafascicular nucleus, magnocellular part;211922;211922.158188;um2;476;7469;7469;um2;0.035244;;;;;;;;;;;;;;
422;Subparafascicular nucleus, parvicellular part;206999;206998.526581;um2;359;5397;5397;um2;0.026073;;;;;;;;;;;;;;
609;Subparafascicular area;360602;360601.518738;um2;907;13724;13724;um2;0.038059;;;;;;;;;;;;;;
1044;Peripeduncular nucleus;41651;41651.445282;um2;46;395;395;um2;0.009483;;;;;;;;;;;;;;
1008;Geniculate group, dorsal thalamus;0;0;um2;0;0;0;um2;0;;;;;;;;;;;;;;
475;Medial geniculate complex;0;0;um2;0;0;0;um2;0;;;;;;;;;;;;;;
1072;Medial geniculate complex, dorsal part;86789;86789.334000;um2;79;920;920;um2;0.010600;;;;;;;;;;;;;;
1079;Medial geniculate complex, ventral part;240135;240134.735336;um2;246;2631;2631;um2;0.010956;;;;;;;;;;;;;;
1088;Medial geniculate complex, medial part;294183;294182.842117;um2;417;5029;5029;um2;0.017095;;;;;;;;;;;;;;
170;Dorsal part of the lateral geniculate complex;0;0;um2;0;0;0;um2;0;;;;;;;;;;;;;;
496345664;Dorsal part of the lateral geniculate complex, shell;351643;351643.265701;um2;145;1267;1267;um2;0.003603;;;;;;;;;;;;;;
496345668;Dorsal part of the lateral geniculate complex, core;1040303;1040303.375809;um2;778;8093;8093;um2;0.007779;;;;;;;;;;;;;;
496345672;Dorsal part of the lateral geniculate complex, ipsilateral zone;233907;233907.264847;um2;128;1118;1118;um2;0.004780;;;;;;;;;;;;;;
856;Thalamus, polymodal association cortex related;0;0;um2;0;0;0;um2;0;;;;;;;;;;;;;;
138;Lateral group of the dorsal thalamus;0;0;um2;0;0;0;um2;0;;;;;;;;;;;;;;
218;Lateral posterior nucleus of the thalamus;2877207;2877207.326996;um2;2029;18611;18611;um2;0.006468;;;;;;;;;;;;;;
1020;Posterior complex of the thalamus;3145650;3145650.144867;um2;3432;33171;33171;um2;0.010545;;;;;;;;;;;;;;
1029;Posterior limiting nucleus of the thalamus;188557;188557.436661;um2;361;4975;4975;um2;0.026385;;;;;;;;;;;;;;
325;Suprageniculate nucleus;108936;108935.891922;um2;149;1406;1406;um2;0.012907;;;;;;;;;;;;;;
560581551;Ethmoid nucleus of the thalamus;470405;470404.805496;um2;719;7797;7797;um2;0.016575;;;;;;;;;;;;;;
560581555;Retroethmoid nucleus;0;0;um2;0;0;0;um2;0;;;;;;;;;;;;;;
239;Anterior group of the dorsal thalamus;0;0;um2;0;0;0;um2;0;;;;;;;;;;;;;;
255;Anteroventral nucleus of thalamus;411997;411996.502167;um2;606;7402;7402;um2;0.017966;;;;;;;;;;;;;;
127;Anteromedial nucleus;0;0;um2;0;0;0;um2;0;;;;;;;;;;;;;;
1096;Anteromedial nucleus, dorsal part;663221;663221.459579;um2;1031;13618;13618;um2;0.020533;;;;;;;;;;;;;;
1104;Anteromedial nucleus, ventral part;370309;370309.197632;um2;821;11957;11957;um2;0.032289;;;;;;;;;;;;;;
64;Anterodorsal nucleus;351396;351396.333725;um2;280;2832;2832;um2;0.008059;;;;;;;;;;;;;;
1120;Interanteromedial nucleus of the thalamus;84683;84682.909973;um2;235;4000;4000;um2;0.047235;;;;;;;;;;;;;;
1113;Interanterodorsal nucleus of the thalamus;295798;295798.392197;um2;674;9863;9863;um2;0.033344;;;;;;;;;;;;;;
155;Lateral dorsal nucleus of thalamus;1967515;1967514.704330;um2;1474;14034;14034;um2;0.007133;;;;;;;;;;;;;;
444;Medial group of the dorsal thalamus;0;0;um2;0;0;0;um2;0;;;;;;;;;;;;;;
59;Intermediodorsal nucleus of the thalamus;413908;413908.406509;um2;970;13122;13122;um2;0.031703;;;;;;;;;;;;;;
362;Mediodorsal nucleus of thalamus;3118444;3118444.436539;um2;4485;51382;51382;um2;0.016477;;;;;;;;;;;;;;
617;Mediodorsal nucleus of the thalamus, central part;0;0;um2;0;0;0;um2;0;;;;;;;;;;;;;;
626;Mediodorsal nucleus of the thalamus, lateral part;0;0;um2;0;0;0;um2;0;;;;;;;;;;;;;;
636;Mediodorsal nucleus of the thalamus, medial part;0;0;um2;0;0;0;um2;0;;;;;;;;;;;;;;
366;Submedial nucleus of the thalamus;502495;502495.177933;um2;693;9031;9031;um2;0.017972;;;;;;;;;;;;;;
1077;Perireunensis nucleus;327948;327947.583206;um2;490;6790;6790;um2;0.020705;;;;;;;;;;;;;;
571;Midline group of the dorsal thalamus;0;0;um2;0;0;0;um2;0;;;;;;;;;;;;;;
149;Paraventricular nucleus of the thalamus;1182635;1182634.660889;um2;2322;33100;33100;um2;0.027988;;;;;;;;;;;;;;
15;Parataenial nucleus;768678;768677.979019;um2;1180;18004;18004;um2;0.023422;;;;;;;;;;;;;;
181;Nucleus of reuniens;1077918;1077918.004196;um2;1263;17334;17334;um2;0.016081;;;;;;;;;;;;;;
560581559;Xiphoid thalamic nucleus;197683;197683.453674;um2;339;5018;5018;um2;0.025384;;;;;;;;;;;;;;
51;Intralaminar nuclei of the dorsal thalamus;0;0;um2;0;0;0;um2;0;;;;;;;;;;;;;;
189;Rhomboid nucleus;160178;160178.390793;um2;368;5255;5255;um2;0.032807;;;;;;;;;;;;;;
599;Central medial nucleus of the thalamus;495227;495227.464981;um2;1289;18965;18965;um2;0.038296;;;;;;;;;;;;;;
907;Paracentral nucleus;471949;471948.557861;um2;761;8879;8879;um2;0.018813;;;;;;;;;;;;;;
575;Central lateral nucleus of the thalamus;835255;835255.004562;um2;1232;13820;13820;um2;0.016546;;;;;;;;;;;;;;
930;Parafascicular nucleus;1075509;1075509.123535;um2;1922;24330;24330;um2;0.022622;;;;;;;;;;;;;;
560581563;Posterior intralaminar thalamic nucleus;95130;95129.779053;um2;157;2125;2125;um2;0.022338;;;;;;;;;;;;;;
262;Reticular nucleus of the thalamus;1975074;1975074.129501;um2;1824;19266;19266;um2;0.009755;;;;;;;;;;;;;;
1014;Geniculate group, ventral thalamus;0;0;um2;0;0;0;um2;0;;;;;;;;;;;;;;
27;Intergeniculate leaflet of the lateral geniculate complex;133433;133433.360382;um2;271;3730;3730;um2;0.027954;;;;;;;;;;;;;;
563807439;Intermediate geniculate nucleus;35104;35104.436325;um2;61;734;734;um2;0.020909;;;;;;;;;;;;;;
178;Ventral part of the lateral geniculate complex;904710;904710.248306;um2;1524;21311;21311;um2;0.023556;;;;;;;;;;;;;;
300;Ventral part of the lateral geniculate complex, lateral zone;0;0;um2;0;0;0;um2;0;;;;;;;;;;;;;;
316;Ventral part of the lateral geniculate complex, medial zone;0;0;um2;0;0;0;um2;0;;;;;;;;;;;;;;
321;Subgeniculate nucleus;65373;65373.252258;um2;43;443;443;um2;0.006776;;;;;;;;;;;;;;
958;Epithalamus;0;0;um2;0;0;0;um2;0;;;;;;;;;;;;;;
483;Medial habenula;678213;678213.091919;um2;715;7374;7374;um2;0.010873;;;;;;;;;;;;;;
186;Lateral habenula;867466;867465.956329;um2;1195;13652;13652;um2;0.015738;;;;;;;;;;;;;;
953;Pineal body;0;0;um2;0;0;0;um2;0;;;;;;;;;;;;;;
1097;Hypothalamus;8103333;8103332.804306;um2;10718;163725;163725;um2;0.020205;;;;;;;;;;;;;;
157;Periventricular zone;0;0;um2;0;0;0;um2;0;;;;;;;;;;;;;;
390;Supraoptic nucleus;153253;153253.076416;um2;97;1150;1150;um2;0.007504;;;;;;;;;;;;;;
332;Accessory supraoptic group;18431;18430.948303;um2;30;486;486;um2;0.026369;;;;;;;;;;;;;;
432;Nucleus circularis;0;0;um2;0;0;0;um2;0;;;;;;;;;;;;;;
38;Paraventricular hypothalamic nucleus;594355;594355.376434;um2;429;5679;5679;um2;0.009555;;;;;;;;;;;;;;
71;Paraventricular hypothalamic nucleus, magnocellular division;0;0;um2;0;0;0;um2;0;;;;;;;;;;;;;;
47;Paraventricular hypothalamic nucleus, magnocellular division, anterior magnocellular part;0;0;um2;0;0;0;um2;0;;;;;;;;;;;;;;
79;Paraventricular hypothalamic nucleus, magnocellular division, medial magnocellular part;0;0;um2;0;0;0;um2;0;;;;;;;;;;;;;;
103;Paraventricular hypothalamic nucleus, magnocellular division, posterior magnocellular part;0;0;um2;0;0;0;um2;0;;;;;;;;;;;;;;
652;Paraventricular hypothalamic nucleus, magnocellular division, posterior magnocellular part, lateral zone;0;0;um2;0;0;0;um2;0;;;;;;;;;;;;;;
660;Paraventricular hypothalamic nucleus, magnocellular division, posterior magnocellular part, medial zone;0;0;um2;0;0;0;um2;0;;;;;;;;;;;;;;
94;Paraventricular hypothalamic nucleus, parvicellular division;0;0;um2;0;0;0;um2;0;;;;;;;;;;;;;;
55;Paraventricular hypothalamic nucleus, parvicellular division, anterior parvicellular part;0;0;um2;0;0;0;um2;0;;;;;;;;;;;;;;
87;Paraventricular hypothalamic nucleus, parvicellular division, medial parvicellular part, dorsal zone;0;0;um2;0;0;0;um2;0;;;;;;;;;;;;;;
110;Paraventricular hypothalamic nucleus, parvicellular division, periventricular part;0;0;um2;0;0;0;um2;0;;;;;;;;;;;;;;
30;Periventricular hypothalamic nucleus, anterior part;159546;159545.954926;um2;133;1612;1612;um2;0.010104;;;;;;;;;;;;;;
118;Periventricular hypothalamic nucleus, intermediate part;581836;581836.360992;um2;634;8374;8374;um2;0.014392;;;;;;;;;;;;;;
223;Arcuate hypothalamic nucleus;832909;832908.823837;um2;978;14712;14712;um2;0.017663;;;;;;;;;;;;;;
141;Periventricular region;0;0;um2;0;0;0;um2;0;;;;;;;;;;;;;;
72;Anterodorsal preoptic nucleus;593514;593513.824051;um2;1027;16338;16338;um2;0.027528;;;;;;;;;;;;;;
80;Anterior hypothalamic area;0;0;um2;0;0;0;um2;0;;;;;;;;;;;;;;
263;Anteroventral preoptic nucleus;406137;406137.491196;um2;379;4038;4038;um2;0.009942;;;;;;;;;;;;;;
272;Anteroventral periventricular nucleus;647874;647873.596375;um2;307;2479;2479;um2;0.003826;;;;;;;;;;;;;;
830;Dorsomedial nucleus of the hypothalamus;824064;824063.894974;um2;1092;15506;15506;um2;0.018817;;;;;;;;;;;;;;
668;Dorsomedial nucleus of the hypothalamus, anterior part;0;0;um2;0;0;0;um2;0;;;;;;;;;;;;;;
676;Dorsomedial nucleus of the hypothalamus, posterior part;0;0;um2;0;0;0;um2;0;;;;;;;;;;;;;;
684;Dorsomedial nucleus of the hypothalamus, ventral part;0;0;um2;0;0;0;um2;0;;;;;;;;;;;;;;
452;Median preoptic nucleus;172285;172285.448746;um2;211;2490;2490;um2;0.014453;;;;;;;;;;;;;;
523;Medial preoptic area;2108245;2108244.784653;um2;2437;34087;34087;um2;0.016168;;;;;;;;;;;;;;
763;Vascular organ of the lamina terminalis;30222;30222.340332;um2;20;168;168;um2;0.005559;;;;;;;;;;;;;;
914;Posterodorsal preoptic nucleus;28345;28345.331787;um2;22;260;260;um2;0.009173;;;;;;;;;;;;;;
1109;Parastrial nucleus;477430;477429.566574;um2;525;6485;6485;um2;0.013583;;;;;;;;;;;;;;
1124;Suprachiasmatic preoptic nucleus;0;0;um2;0;0;0;um2;0;;;;;;;;;;;;;;
126;Periventricular hypothalamic nucleus, posterior part;509880;509880.200470;um2;391;4416;4416;um2;0.008661;;;;;;;;;;;;;;
133;Periventricular hypothalamic nucleus, preoptic part;444564;444564.214600;um2;233;2195;2195;um2;0.004937;;;;;;;;;;;;;;
347;Subparaventricular zone;313935;313935.452332;um2;431;6508;6508;um2;0.020730;;;;;;;;;;;;;;
286;Suprachiasmatic nucleus;230703;230703.219513;um2;879;11739;11739;um2;0.050884;;;;;;;;;;;;;;
338;Subfornical organ;51514;51514.054535;um2;3;10;10;um2;0.000194;;;;;;;;;;;;;;
576073699;Ventromedial preoptic nucleus;219071;219071.385254;um2;105;1333;1333;um2;0.006085;;;;;;;;;;;;;;
689;Ventrolateral preoptic nucleus;300677;300677.274567;um2;74;472;472;um2;0.001570;;;;;;;;;;;;;;
467;Hypothalamic medial zone;0;0;um2;0;0;0;um2;0;;;;;;;;;;;;;;
88;Anterior hypothalamic nucleus;2309003;2309003.103714;um2;3449;60372;60372;um2;0.026146;;;;;;;;;;;;;;
700;Anterior hypothalamic nucleus, anterior part;0;0;um2;0;0;0;um2;0;;;;;;;;;;;;;;
708;Anterior hypothalamic nucleus, central part;0;0;um2;0;0;0;um2;0;;;;;;;;;;;;;;
716;Anterior hypothalamic nucleus, dorsal part;0;0;um2;0;0;0;um2;0;;;;;;;;;;;;;;
724;Anterior hypothalamic nucleus, posterior part;0;0;um2;0;0;0;um2;0;;;;;;;;;;;;;;
331;Mammillary body;0;0;um2;0;0;0;um2;0;;;;;;;;;;;;;;
210;Lateral mammillary nucleus;176640;176640.282715;um2;153;2140;2140;um2;0.012115;;;;;;;;;;;;;;
491;Medial mammillary nucleus;0;0;um2;0;0;0;um2;0;;;;;;;;;;;;;;
732;Medial mammillary nucleus, median part;144084;144084.375092;um2;231;3679;3679;um2;0.025534;;;;;;;;;;;;;;
606826647;Medial mammillary nucleus, lateral part;557947;557946.987274;um2;520;5771;5771;um2;0.010343;;;;;;;;;;;;;;
606826651;Medial mammillary nucleus, medial part;284213;284212.626633;um2;363;4641;4641;um2;0.016329;;;;;;;;;;;;;;
606826655;Medial mammillary nucleus, posterior part;141355;141354.792297;um2;61;421;421;um2;0.002978;;;;;;;;;;;;;;
606826659;Medial mammillary nucleus, dorsal part;231475;231474.850311;um2;138;971;971;um2;0.004195;;;;;;;;;;;;;;
525;Supramammillary nucleus;618953;618953.307938;um2;813;12329;12329;um2;0.019919;;;;;;;;;;;;;;
1110;Supramammillary nucleus, lateral part;0;0;um2;0;0;0;um2;0;;;;;;;;;;;;;;
1118;Supramammillary nucleus, medial part;0;0;um2;0;0;0;um2;0;;;;;;;;;;;;;;
557;Tuberomammillary nucleus;0;0;um2;0;0;0;um2;0;;;;;;;;;;;;;;
1126;Tuberomammillary nucleus, dorsal part;153332;153332.142044;um2;286;4507;4507;um2;0.029394;;;;;;;;;;;;;;
1;Tuberomammillary nucleus, ventral part;513781;513780.916748;um2;255;3250;3250;um2;0.006326;;;;;;;;;;;;;;
515;Medial preoptic nucleus;1287375;1287374.931473;um2;1124;15738;15738;um2;0.012225;;;;;;;;;;;;;;
740;Medial preoptic nucleus, central part;0;0;um2;0;0;0;um2;0;;;;;;;;;;;;;;
748;Medial preoptic nucleus, lateral part;0;0;um2;0;0;0;um2;0;;;;;;;;;;;;;;
756;Medial preoptic nucleus, medial part;0;0;um2;0;0;0;um2;0;;;;;;;;;;;;;;
980;Dorsal premammillary nucleus;606763;606763.412964;um2;908;14339;14339;um2;0.023632;;;;;;;;;;;;;;
1004;Ventral premammillary nucleus;865961;865961.446945;um2;837;11533;11533;um2;0.013318;;;;;;;;;;;;;;
63;Paraventricular hypothalamic nucleus, descending division;251672;251671.614670;um2;538;9838;9838;um2;0.039091;;;;;;;;;;;;;;
439;Paraventricular hypothalamic nucleus, descending division, dorsal parvicellular part;0;0;um2;0;0;0;um2;0;;;;;;;;;;;;;;
447;Paraventricular hypothalamic nucleus, descending division, forniceal part;0;0;um2;0;0;0;um2;0;;;;;;;;;;;;;;
455;Paraventricular hypothalamic nucleus, descending division, lateral parvicellular part;0;0;um2;0;0;0;um2;0;;;;;;;;;;;;;;
464;Paraventricular hypothalamic nucleus, descending division, medial parvicellular part, ventral zone;0;0;um2;0;0;0;um2;0;;;;;;;;;;;;;;
693;Ventromedial hypothalamic nucleus;1379600;1379599.744934;um2;1531;21284;21284;um2;0.015428;;;;;;;;;;;;;;
761;Ventromedial hypothalamic nucleus, anterior part;0;0;um2;0;0;0;um2;0;;;;;;;;;;;;;;
769;Ventromedial hypothalamic nucleus, central part;0;0;um2;0;0;0;um2;0;;;;;;;;;;;;;;
777;Ventromedial hypothalamic nucleus, dorsomedial part;0;0;um2;0;0;0;um2;0;;;;;;;;;;;;;;
785;Ventromedial hypothalamic nucleus, ventrolateral part;0;0;um2;0;0;0;um2;0;;;;;;;;;;;;;;
946;Posterior hypothalamic nucleus;2654011;2654011.034637;um2;5207;85183;85183;um2;0.032096;;;;;;;;;;;;;;
290;Hypothalamic lateral zone;0;0;um2;0;0;0;um2;0;;;;;;;;;;;;;;
194;Lateral hypothalamic area;6709978;6709978.021469;um2;9044;145348;145348;um2;0.021661;;;;;;;;;;;;;;
226;Lateral preoptic area;1613781;1613780.973526;um2;1756;23184;23184;um2;0.014366;;;;;;;;;;;;;;
356;Preparasubthalamic nucleus;38087;38087.060303;um2;55;910;910;um2;0.023893;;;;;;;;;;;;;;
364;Parasubthalamic nucleus;571296;571295.898117;um2;832;12875;12875;um2;0.022536;;;;;;;;;;;;;;
576073704;Perifornical nucleus;673336;673336.318176;um2;1116;19270;19270;um2;0.028619;;;;;;;;;;;;;;
173;Retrochiasmatic area;668752;668751.653015;um2;502;6601;6601;um2;0.009871;;;;;;;;;;;;;;
470;Subthalamic nucleus;623710;623710.198502;um2;823;9811;9811;um2;0.015730;;;;;;;;;;;;;;
614;Tuberal nucleus;1516640;1516639.877274;um2;1120;14523;14523;um2;0.009576;;;;;;;;;;;;;;
797;Zona incerta;3715164;3715164.110519;um2;5891;86180;86180;um2;0.023197;;;;;;;;;;;;;;
796;Dopaminergic A13 group;0;0;um2;0;0;0;um2;0;;;;;;;;;;;;;;
804;Fields of Forel;413005;413004.532822;um2;606;8689;8689;um2;0.021039;;;;;;;;;;;;;;
10671;Median eminence;264394;264393.659866;um2;138;1391;1391;um2;0.005261;;;;;;;;;;;;;;
313;Midbrain;4845938;4845937.935852;um2;8581;135252;135252;um2;0.027910;;;;;;;;;;;;;;
339;Midbrain, sensory related;0;0;um2;0;0;0;um2;0;;;;;;;;;;;;;;
302;Superior colliculus, sensory related;0;0;um2;0;0;0;um2;0;;;;;;;;;;;;;;
851;Superior colliculus, optic layer;0;0;um2;0;0;0;um2;0;;;;;;;;;;;;;;
842;Superior colliculus, superficial gray layer;0;0;um2;0;0;0;um2;0;;;;;;;;;;;;;;
834;Superior colliculus, zonal layer;0;0;um2;0;0;0;um2;0;;;;;;;;;;;;;;
4;Inferior colliculus;0;0;um2;0;0;0;um2;0;;;;;;;;;;;;;;
811;Inferior colliculus, central nucleus;0;0;um2;0;0;0;um2;0;;;;;;;;;;;;;;
820;Inferior colliculus, dorsal nucleus;0;0;um2;0;0;0;um2;0;;;;;;;;;;;;;;
828;Inferior colliculus, external nucleus;0;0;um2;0;0;0;um2;0;;;;;;;;;;;;;;
580;Nucleus of the brachium of the inferior colliculus;0;0;um2;0;0;0;um2;0;;;;;;;;;;;;;;
271;Nucleus sagulum;0;0;um2;0;0;0;um2;0;;;;;;;;;;;;;;
874;Parabigeminal nucleus;0;0;um2;0;0;0;um2;0;;;;;;;;;;;;;;
460;Midbrain trigeminal nucleus;0;0;um2;0;0;0;um2;0;;;;;;;;;;;;;;
599626923;Subcommissural organ;12777;12776.975662;um2;6;58;58;um2;0.004539;;;;;;;;;;;;;;
323;Midbrain, motor related;0;0;um2;0;0;0;um2;0;;;;;;;;;;;;;;
381;Substantia nigra, reticular part;1462393;1462392.500870;um2;1433;13956;13956;um2;0.009543;;;;;;;;;;;;;;
749;Ventral tegmental area;785917;785917.259476;um2;1393;19844;19844;um2;0.025249;;;;;;;;;;;;;;
607344830;Paranigral nucleus;0;0;um2;0;0;0;um2;0;;;;;;;;;;;;;;
246;Midbrain reticular nucleus, retrorubral area;0;0;um2;0;0;0;um2;0;;;;;;;;;;;;;;
128;Midbrain reticular nucleus;1650255;1650255.471222;um2;3329;46440;46440;um2;0.028141;;;;;;;;;;;;;;
539;Midbrain reticular nucleus, magnocellular part;0;0;um2;0;0;0;um2;0;;;;;;;;;;;;;;
548;Midbrain reticular nucleus, magnocellular part, general;0;0;um2;0;0;0;um2;0;;;;;;;;;;;;;;
555;Midbrain reticular nucleus, parvicellular part;0;0;um2;0;0;0;um2;0;;;;;;;;;;;;;;
294;Superior colliculus, motor related;0;0;um2;0;0;0;um2;0;;;;;;;;;;;;;;
26;Superior colliculus, motor related, deep gray layer;0;0;um2;0;0;0;um2;0;;;;;;;;;;;;;;
42;Superior colliculus, motor related, deep white layer;0;0;um2;0;0;0;um2;0;;;;;;;;;;;;;;
17;Superior colliculus, motor related, intermediate white layer;0;0;um2;0;0;0;um2;0;;;;;;;;;;;;;;
10;Superior colliculus, motor related, intermediate gray layer;0;0;um2;0;0;0;um2;0;;;;;;;;;;;;;;
494;Superior colliculus, motor related, intermediate gray layer, sublayer a;0;0;um2;0;0;0;um2;0;;;;;;;;;;;;;;
503;Superior colliculus, motor related, intermediate gray layer, sublayer b;0;0;um2;0;0;0;um2;0;;;;;;;;;;;;;;
511;Superior colliculus, motor related, intermediate gray layer, sublayer c;0;0;um2;0;0;0;um2;0;;;;;;;;;;;;;;
795;Periaqueductal gray;719883;719882.996063;um2;1564;25208;25208;um2;0.035017;;;;;;;;;;;;;;
50;Precommissural nucleus;193861;193860.667175;um2;312;4959;4959;um2;0.025580;;;;;;;;;;;;;;
67;Interstitial nucleus of Cajal;30610;30610.238129;um2;95;1202;1202;um2;0.039268;;;;;;;;;;;;;;
587;Nucleus of Darkschewitsch;34160;34159.676178;um2;52;470;470;um2;0.013759;;;;;;;;;;;;;;
614454277;Supraoculomotor periaqueductal gray;0;0;um2;0;0;0;um2;0;;;;;;;;;;;;;;
1100;Pretectal region;0;0;um2;0;0;0;um2;0;;;;;;;;;;;;;;
215;Anterior pretectal nucleus;1628338;1628338.263596;um2;2940;35990;35990;um2;0.022102;;;;;;;;;;;;;;
531;Medial pretectal area;56413;56412.566864;um2;127;1635;1635;um2;0.028983;;;;;;;;;;;;;;
628;Nucleus of the optic tract;162324;162324.136627;um2;224;2453;2453;um2;0.015112;;;;;;;;;;;;;;
634;Nucleus of the posterior commissure;628242;628241.946503;um2;1381;20421;20421;um2;0.032505;;;;;;;;;;;;;;
706;Olivary pretectal nucleus;146107;146107.365204;um2;210;2395;2395;um2;0.016392;;;;;;;;;;;;;;
1061;Posterior pretectal nucleus;90906;90905.625580;um2;192;2852;2852;um2;0.031373;;;;;;;;;;;;;;
549009203;Retroparafascicular nucleus;155107;155106.948349;um2;440;6475;6475;um2;0.041745;;;;;;;;;;;;;;
549009207;Intercollicular nucleus;0;0;um2;0;0;0;um2;0;;;;;;;;;;;;;;
616;Cuneiform nucleus;0;0;um2;0;0;0;um2;0;;;;;;;;;;;;;;
214;Red nucleus;62898;62898.438049;um2;123;1666;1666;um2;0.026487;;;;;;;;;;;;;;
35;Oculomotor nucleus;0;0;um2;0;0;0;um2;0;;;;;;;;;;;;;;
549009211;Medial accesory oculomotor nucleus;11960;11959.562164;um2;18;198;198;um2;0.016556;;;;;;;;;;;;;;
975;Edinger-Westphal nucleus;4208;4207.994095;um2;11;66;66;um2;0.015684;;;;;;;;;;;;;;
115;Trochlear nucleus;0;0;um2;0;0;0;um2;0;;;;;;;;;;;;;;
606826663;Paratrochlear nucleus;0;0;um2;0;0;0;um2;0;;;;;;;;;;;;;;
757;Ventral tegmental nucleus;0;0;um2;0;0;0;um2;0;;;;;;;;;;;;;;
231;Anterior tegmental nucleus;0;0;um2;0;0;0;um2;0;;;;;;;;;;;;;;
66;Lateral terminal nucleus of the accessory optic tract;40097;40096.868103;um2;30;301;301;um2;0.007507;;;;;;;;;;;;;;
75;Dorsal terminal nucleus of the accessory optic tract;0;0;um2;0;0;0;um2;0;;;;;;;;;;;;;;
58;Medial terminal nucleus of the accessory optic tract;75064;75064.316620;um2;81;914;914;um2;0.012176;;;;;;;;;;;;;;
615;Substantia nigra, lateral part;0;0;um2;0;0;0;um2;0;;;;;;;;;;;;;;
348;Midbrain, behavioral state related;0;0;um2;0;0;0;um2;0;;;;;;;;;;;;;;
374;Substantia nigra, compact part;218628;218628.447189;um2;271;3719;3719;um2;0.017011;;;;;;;;;;;;;;
1052;Pedunculopontine nucleus;0;0;um2;0;0;0;um2;0;;;;;;;;;;;;;;
165;Midbrain raphe nuclei;0;0;um2;0;0;0;um2;0;;;;;;;;;;;;;;
12;Interfascicular nucleus raphe;122444;122444.078323;um2;314;5343;5343;um2;0.043636;;;;;;;;;;;;;;
100;Interpeduncular nucleus;0;0;um2;0;0;0;um2;0;;;;;;;;;;;;;;
607344834;Interpeduncular nucleus, rostral;58690;58690.443954;um2;34;418;418;um2;0.007122;;;;;;;;;;;;;;
607344838;Interpeduncular nucleus, caudal;0;0;um2;0;0;0;um2;0;;;;;;;;;;;;;;
607344842;Interpeduncular nucleus, apical;0;0;um2;0;0;0;um2;0;;;;;;;;;;;;;;
607344846;Interpeduncular nucleus, lateral;664;664.420120;um2;2;24;24;um2;0.036122;;;;;;;;;;;;;;
607344850;Interpeduncular nucleus, intermediate;221;221.473373;um2;0;0;0;um2;0;;;;;;;;;;;;;;
607344854;Interpeduncular nucleus, dorsomedial;0;0;um2;0;0;0;um2;0;;;;;;;;;;;;;;
607344858;Interpeduncular nucleus, dorsolateral;2879;2879.153854;um2;3;18;18;um2;0.006252;;;;;;;;;;;;;;
607344862;Interpeduncular nucleus, rostrolateral;36765;36764.579987;um2;45;554;554;um2;0.015069;;;;;;;;;;;;;;
197;Rostral linear nucleus raphe;19047;19046.710114;um2;55;660;660;um2;0.034652;;;;;;;;;;;;;;
591;Central linear nucleus raphe;0;0;um2;0;0;0;um2;0;;;;;;;;;;;;;;
872;Dorsal nucleus raphe;0;0;um2;0;0;0;um2;0;;;;;;;;;;;;;;
1065;Hindbrain;0;0;um2;0;0;0;um2;0;;;;;;;;;;;;;;
771;Pons;0;0;um2;0;0;0;um2;0;;;;;;;;;;;;;;
1132;Pons, sensory related;0;0;um2;0;0;0;um2;0;;;;;;;;;;;;;;
612;Nucleus of the lateral lemniscus;0;0;um2;0;0;0;um2;0;;;;;;;;;;;;;;
82;Nucleus of the lateral lemniscus, dorsal part;0;0;um2;0;0;0;um2;0;;;;;;;;;;;;;;
90;Nucleus of the lateral lemniscus, horizontal part;0;0;um2;0;0;0;um2;0;;;;;;;;;;;;;;
99;Nucleus of the lateral lemniscus, ventral part;0;0;um2;0;0;0;um2;0;;;;;;;;;;;;;;
7;Principal sensory nucleus of the trigeminal;0;0;um2;0;0;0;um2;0;;;;;;;;;;;;;;
867;Parabrachial nucleus;0;0;um2;0;0;0;um2;0;;;;;;;;;;;;;;
123;Koelliker-Fuse subnucleus;0;0;um2;0;0;0;um2;0;;;;;;;;;;;;;;
881;Parabrachial nucleus, lateral division;0;0;um2;0;0;0;um2;0;;;;;;;;;;;;;;
860;Parabrachial nucleus, lateral division, central lateral part;0;0;um2;0;0;0;um2;0;;;;;;;;;;;;;;
868;Parabrachial nucleus, lateral division, dorsal lateral part;0;0;um2;0;0;0;um2;0;;;;;;;;;;;;;;
875;Parabrachial nucleus, lateral division, external lateral part;0;0;um2;0;0;0;um2;0;;;;;;;;;;;;;;
883;Parabrachial nucleus, lateral division, superior lateral part;0;0;um2;0;0;0;um2;0;;;;;;;;;;;;;;
891;Parabrachial nucleus, lateral division, ventral lateral part;0;0;um2;0;0;0;um2;0;;;;;;;;;;;;;;
890;Parabrachial nucleus, medial division;0;0;um2;0;0;0;um2;0;;;;;;;;;;;;;;
899;Parabrachial nucleus, medial division, external medial part;0;0;um2;0;0;0;um2;0;;;;;;;;;;;;;;
915;Parabrachial nucleus, medial division, medial medial part;0;0;um2;0;0;0;um2;0;;;;;;;;;;;;;;
923;Parabrachial nucleus, medial division, ventral medial part;0;0;um2;0;0;0;um2;0;;;;;;;;;;;;;;
398;Superior olivary complex;0;0;um2;0;0;0;um2;0;;;;;;;;;;;;;;
122;Superior olivary complex, periolivary region;0;0;um2;0;0;0;um2;0;;;;;;;;;;;;;;
105;Superior olivary complex, medial part;0;0;um2;0;0;0;um2;0;;;;;;;;;;;;;;
114;Superior olivary complex, lateral part;0;0;um2;0;0;0;um2;0;;;;;;;;;;;;;;
987;Pons, motor related;0;0;um2;0;0;0;um2;0;;;;;;;;;;;;;;
280;Barrington's nucleus;0;0;um2;0;0;0;um2;0;;;;;;;;;;;;;;
880;Dorsal tegmental nucleus;0;0;um2;0;0;0;um2;0;;;;;;;;;;;;;;
283;Lateral tegmental nucleus;0;0;um2;0;0;0;um2;0;;;;;;;;;;;;;;
599626927;Posterodorsal tegmental nucleus;0;0;um2;0;0;0;um2;0;;;;;;;;;;;;;;
898;Pontine central gray;0;0;um2;0;0;0;um2;0;;;;;;;;;;;;;;
931;Pontine gray;0;0;um2;0;0;0;um2;0;;;;;;;;;;;;;;
1093;Pontine reticular nucleus, caudal part;0;0;um2;0;0;0;um2;0;;;;;;;;;;;;;;
552;Pontine reticular nucleus, ventral part;0;0;um2;0;0;0;um2;0;;;;;;;;;;;;;;
318;Supragenual nucleus;0;0;um2;0;0;0;um2;0;;;;;;;;;;;;;;
462;Superior salivatory nucleus;0;0;um2;0;0;0;um2;0;;;;;;;;;;;;;;
534;Supratrigeminal nucleus;0;0;um2;0;0;0;um2;0;;;;;;;;;;;;;;
574;Tegmental reticular nucleus;0;0;um2;0;0;0;um2;0;;;;;;;;;;;;;;
621;Motor nucleus of trigeminal;0;0;um2;0;0;0;um2;0;;;;;;;;;;;;;;
549009215;Peritrigeminal zone;0;0;um2;0;0;0;um2;0;;;;;;;;;;;;;;
549009219;Accessory trigeminal nucleus;0;0;um2;0;0;0;um2;0;;;;;;;;;;;;;;
549009223;Parvicellular motor 5 nucleus;0;0;um2;0;0;0;um2;0;;;;;;;;;;;;;;
549009227;Intertrigeminal nucleus;0;0;um2;0;0;0;um2;0;;;;;;;;;;;;;;
1117;Pons, behavioral state related;0;0;um2;0;0;0;um2;0;;;;;;;;;;;;;;
679;Superior central nucleus raphe;0;0;um2;0;0;0;um2;0;;;;;;;;;;;;;;
137;Superior central nucleus raphe, lateral part;0;0;um2;0;0;0;um2;0;;;;;;;;;;;;;;
130;Superior central nucleus raphe, medial part;0;0;um2;0;0;0;um2;0;;;;;;;;;;;;;;
147;Locus ceruleus;0;0;um2;0;0;0;um2;0;;;;;;;;;;;;;;
162;Laterodorsal tegmental nucleus;0;0;um2;0;0;0;um2;0;;;;;;;;;;;;;;
604;Nucleus incertus;0;0;um2;0;0;0;um2;0;;;;;;;;;;;;;;
146;Pontine reticular nucleus;0;0;um2;0;0;0;um2;0;;;;;;;;;;;;;;
238;Nucleus raphe pontis;0;0;um2;0;0;0;um2;0;;;;;;;;;;;;;;
350;Subceruleus nucleus;0;0;um2;0;0;0;um2;0;;;;;;;;;;;;;;
358;Sublaterodorsal nucleus;0;0;um2;0;0;0;um2;0;;;;;;;;;;;;;;
354;Medulla;0;0;um2;0;0;0;um2;0;;;;;;;;;;;;;;
386;Medulla, sensory related;0;0;um2;0;0;0;um2;0;;;;;;;;;;;;;;
207;Area postrema;0;0;um2;0;0;0;um2;0;;;;;;;;;;;;;;
607;Cochlear nuclei;0;0;um2;0;0;0;um2;0;;;;;;;;;;;;;;
112;Granular lamina of the cochlear nuclei;0;0;um2;0;0;0;um2;0;;;;;;;;;;;;;;
560;Cochlear nucleus, subpedunclular granular region;0;0;um2;0;0;0;um2;0;;;;;;;;;;;;;;
96;Dorsal cochlear nucleus;0;0;um2;0;0;0;um2;0;;;;;;;;;;;;;;
101;Ventral cochlear nucleus;0;0;um2;0;0;0;um2;0;;;;;;;;;;;;;;
720;Dorsal column nuclei;0;0;um2;0;0;0;um2;0;;;;;;;;;;;;;;
711;Cuneate nucleus;0;0;um2;0;0;0;um2;0;;;;;;;;;;;;;;
1039;Gracile nucleus;0;0;um2;0;0;0;um2;0;;;;;;;;;;;;;;
903;External cuneate nucleus;0;0;um2;0;0;0;um2;0;;;;;;;;;;;;;;
642;Nucleus of the trapezoid body;0;0;um2;0;0;0;um2;0;;;;;;;;;;;;;;
651;Nucleus of the solitary tract;0;0;um2;0;0;0;um2;0;;;;;;;;;;;;;;
659;Nucleus of the solitary tract, central part;0;0;um2;0;0;0;um2;0;;;;;;;;;;;;;;
666;Nucleus of the solitary tract, commissural part;0;0;um2;0;0;0;um2;0;;;;;;;;;;;;;;
674;Nucleus of the solitary tract, gelatinous part;0;0;um2;0;0;0;um2;0;;;;;;;;;;;;;;
682;Nucleus of the solitary tract, lateral part;0;0;um2;0;0;0;um2;0;;;;;;;;;;;;;;
691;Nucleus of the solitary tract, medial part;0;0;um2;0;0;0;um2;0;;;;;;;;;;;;;;
429;Spinal nucleus of the trigeminal, caudal part;0;0;um2;0;0;0;um2;0;;;;;;;;;;;;;;
437;Spinal nucleus of the trigeminal, interpolar part;0;0;um2;0;0;0;um2;0;;;;;;;;;;;;;;
445;Spinal nucleus of the trigeminal, oral part;0;0;um2;0;0;0;um2;0;;;;;;;;;;;;;;
77;Spinal nucleus of the trigeminal, oral part, caudal dorsomedial part;0;0;um2;0;0;0;um2;0;;;;;;;;;;;;;;
53;Spinal nucleus of the trigeminal, oral part, middle dorsomedial part, dorsal zone;0;0;um2;0;0;0;um2;0;;;;;;;;;;;;;;
61;Spinal nucleus of the trigeminal, oral part, middle dorsomedial part, ventral zone;0;0;um2;0;0;0;um2;0;;;;;;;;;;;;;;
45;Spinal nucleus of the trigeminal, oral part, rostral dorsomedial part;0;0;um2;0;0;0;um2;0;;;;;;;;;;;;;;
69;Spinal nucleus of the trigeminal, oral part, ventrolateral part;0;0;um2;0;0;0;um2;0;;;;;;;;;;;;;;
589508451;Paratrigeminal nucleus;0;0;um2;0;0;0;um2;0;;;;;;;;;;;;;;
789;Nucleus z;0;0;um2;0;0;0;um2;0;;;;;;;;;;;;;;
370;Medulla, motor related;0;0;um2;0;0;0;um2;0;;;;;;;;;;;;;;
653;Abducens nucleus;0;0;um2;0;0;0;um2;0;;;;;;;;;;;;;;
568;Accessory abducens nucleus;0;0;um2;0;0;0;um2;0;;;;;;;;;;;;;;
661;Facial motor nucleus;0;0;um2;0;0;0;um2;0;;;;;;;;;;;;;;
576;Accessory facial motor nucleus;0;0;um2;0;0;0;um2;0;;;;;;;;;;;;;;
640;Efferent vestibular nucleus;0;0;um2;0;0;0;um2;0;;;;;;;;;;;;;;
135;Nucleus ambiguus;0;0;um2;0;0;0;um2;0;;;;;;;;;;;;;;
939;Nucleus ambiguus, dorsal division;0;0;um2;0;0;0;um2;0;;;;;;;;;;;;;;
143;Nucleus ambiguus, ventral division;0;0;um2;0;0;0;um2;0;;;;;;;;;;;;;;
839;Dorsal motor nucleus of the vagus nerve;0;0;um2;0;0;0;um2;0;;;;;;;;;;;;;;
887;Efferent cochlear group;0;0;um2;0;0;0;um2;0;;;;;;;;;;;;;;
1048;Gigantocellular reticular nucleus;0;0;um2;0;0;0;um2;0;;;;;;;;;;;;;;
372;Infracerebellar nucleus;0;0;um2;0;0;0;um2;0;;;;;;;;;;;;;;
83;Inferior olivary complex;0;0;um2;0;0;0;um2;0;;;;;;;;;;;;;;
136;Intermediate reticular nucleus;0;0;um2;0;0;0;um2;0;;;;;;;;;;;;;;
106;Inferior salivatory nucleus;0;0;um2;0;0;0;um2;0;;;;;;;;;;;;;;
203;Linear nucleus of the medulla;0;0;um2;0;0;0;um2;0;;;;;;;;;;;;;;
235;Lateral reticular nucleus;0;0;um2;0;0;0;um2;0;;;;;;;;;;;;;;
955;Lateral reticular nucleus, magnocellular part;0;0;um2;0;0;0;um2;0;;;;;;;;;;;;;;
963;Lateral reticular nucleus, parvicellular part;0;0;um2;0;0;0;um2;0;;;;;;;;;;;;;;
307;Magnocellular reticular nucleus;0;0;um2;0;0;0;um2;0;;;;;;;;;;;;;;
395;Medullary reticular nucleus;0;0;um2;0;0;0;um2;0;;;;;;;;;;;;;;
1098;Medullary reticular nucleus, dorsal part;0;0;um2;0;0;0;um2;0;;;;;;;;;;;;;;
1107;Medullary reticular nucleus, ventral part;0;0;um2;0;0;0;um2;0;;;;;;;;;;;;;;
852;Parvicellular reticular nucleus;0;0;um2;0;0;0;um2;0;;;;;;;;;;;;;;
859;Parasolitary nucleus;0;0;um2;0;0;0;um2;0;;;;;;;;;;;;;;
938;Paragigantocellular reticular nucleus;0;0;um2;0;0;0;um2;0;;;;;;;;;;;;;;
970;Paragigantocellular reticular nucleus, dorsal part;0;0;um2;0;0;0;um2;0;;;;;;;;;;;;;;
978;Paragigantocellular reticular nucleus, lateral part;0;0;um2;0;0;0;um2;0;;;;;;;;;;;;;;
154;Perihypoglossal nuclei;0;0;um2;0;0;0;um2;0;;;;;;;;;;;;;;
161;Nucleus intercalatus;0;0;um2;0;0;0;um2;0;;;;;;;;;;;;;;
177;Nucleus of Roller;0;0;um2;0;0;0;um2;0;;;;;;;;;;;;;;
169;Nucleus prepositus;0;0;um2;0;0;0;um2;0;;;;;;;;;;;;;;
995;Paramedian reticular nucleus;0;0;um2;0;0;0;um2;0;;;;;;;;;;;;;;
1069;Parapyramidal nucleus;0;0;um2;0;0;0;um2;0;;;;;;;;;;;;;;
185;Parapyramidal nucleus, deep part;0;0;um2;0;0;0;um2;0;;;;;;;;;;;;;;
193;Parapyramidal nucleus, superficial part;0;0;um2;0;0;0;um2;0;;;;;;;;;;;;;;
701;Vestibular nuclei;0;0;um2;0;0;0;um2;0;;;;;;;;;;;;;;
209;Lateral vestibular nucleus;0;0;um2;0;0;0;um2;0;;;;;;;;;;;;;;
202;Medial vestibular nucleus;0;0;um2;0;0;0;um2;0;;;;;;;;;;;;;;
225;Spinal vestibular nucleus;0;0;um2;0;0;0;um2;0;;;;;;;;;;;;;;
217;Superior vestibular nucleus;0;0;um2;0;0;0;um2;0;;;;;;;;;;;;;;
765;Nucleus x;0;0;um2;0;0;0;um2;0;;;;;;;;;;;;;;
773;Hypoglossal nucleus;0;0;um2;0;0;0;um2;0;;;;;;;;;;;;;;
781;Nucleus y;0;0;um2;0;0;0;um2;0;;;;;;;;;;;;;;
76;Interstitial nucleus of the vestibular nerve;0;0;um2;0;0;0;um2;0;;;;;;;;;;;;;;
379;Medulla, behavioral state related;0;0;um2;0;0;0;um2;0;;;;;;;;;;;;;;
206;Nucleus raphe magnus;0;0;um2;0;0;0;um2;0;;;;;;;;;;;;;;
230;Nucleus raphe pallidus;0;0;um2;0;0;0;um2;0;;;;;;;;;;;;;;
222;Nucleus raphe obscurus;0;0;um2;0;0;0;um2;0;;;;;;;;;;;;;;
512;Cerebellum;0;0;um2;0;0;0;um2;0;;;;;;;;;;;;;;
528;Cerebellar cortex;0;0;um2;0;0;0;um2;0;;;;;;;;;;;;;;
1144;Cerebellar cortex, molecular layer;0;0;um2;0;0;0;um2;0;;;;;;;;;;;;;;
1145;Cerebellar cortex, Purkinje layer;0;0;um2;0;0;0;um2;0;;;;;;;;;;;;;;
1143;Cerebellar cortex, granular layer;0;0;um2;0;0;0;um2;0;;;;;;;;;;;;;;
645;Vermal regions;0;0;um2;0;0;0;um2;0;;;;;;;;;;;;;;
912;Lingula (I);0;0;um2;0;0;0;um2;0;;;;;;;;;;;;;;
10707;Lingula (I), molecular layer;0;0;um2;0;0;0;um2;0;;;;;;;;;;;;;;
10706;Lingula (I), Purkinje layer;0;0;um2;0;0;0;um2;0;;;;;;;;;;;;;;
10705;Lingula (I), granular layer;0;0;um2;0;0;0;um2;0;;;;;;;;;;;;;;
920;Central lobule;0;0;um2;0;0;0;um2;0;;;;;;;;;;;;;;
976;Lobule II;0;0;um2;0;0;0;um2;0;;;;;;;;;;;;;;
10710;Lobule II, molecular layer;0;0;um2;0;0;0;um2;0;;;;;;;;;;;;;;
10709;Lobule II, Purkinje layer;0;0;um2;0;0;0;um2;0;;;;;;;;;;;;;;
10708;Lobule II, granular layer;0;0;um2;0;0;0;um2;0;;;;;;;;;;;;;;
984;Lobule III;0;0;um2;0;0;0;um2;0;;;;;;;;;;;;;;
10713;Lobule III, molecular layer;0;0;um2;0;0;0;um2;0;;;;;;;;;;;;;;
10712;Lobule III, Purkinje layer;0;0;um2;0;0;0;um2;0;;;;;;;;;;;;;;
10711;Lobule III, granular layer;0;0;um2;0;0;0;um2;0;;;;;;;;;;;;;;
928;Culmen;0;0;um2;0;0;0;um2;0;;;;;;;;;;;;;;
992;Lobule IV;0;0;um2;0;0;0;um2;0;;;;;;;;;;;;;;
10716;Lobule IV, molecular layer;0;0;um2;0;0;0;um2;0;;;;;;;;;;;;;;
10715;Lobule IV, Purkinje layer;0;0;um2;0;0;0;um2;0;;;;;;;;;;;;;;
10714;Lobule IV, granular layer;0;0;um2;0;0;0;um2;0;;;;;;;;;;;;;;
1001;Lobule V;0;0;um2;0;0;0;um2;0;;;;;;;;;;;;;;
10719;Lobule V, molecular layer;0;0;um2;0;0;0;um2;0;;;;;;;;;;;;;;
10718;Lobule V, Purkinje layer;0;0;um2;0;0;0;um2;0;;;;;;;;;;;;;;
10717;Lobule V, granular layer;0;0;um2;0;0;0;um2;0;;;;;;;;;;;;;;
1091;Lobules IV-V;0;0;um2;0;0;0;um2;0;;;;;;;;;;;;;;
10722;Lobules IV-V, molecular layer;0;0;um2;0;0;0;um2;0;;;;;;;;;;;;;;
10721;Lobules IV-V, Purkinje layer;0;0;um2;0;0;0;um2;0;;;;;;;;;;;;;;
10720;Lobules IV-V, granular layer;0;0;um2;0;0;0;um2;0;;;;;;;;;;;;;;
936;Declive (VI);0;0;um2;0;0;0;um2;0;;;;;;;;;;;;;;
10725;Declive (VI), molecular layer;0;0;um2;0;0;0;um2;0;;;;;;;;;;;;;;
10724;Declive (VI), Purkinje layer;0;0;um2;0;0;0;um2;0;;;;;;;;;;;;;;
10723;Declive (VI), granular layer;0;0;um2;0;0;0;um2;0;;;;;;;;;;;;;;
944;Folium-tuber vermis (VII);0;0;um2;0;0;0;um2;0;;;;;;;;;;;;;;
10728;Folium-tuber vermis (VII), molecular layer;0;0;um2;0;0;0;um2;0;;;;;;;;;;;;;;
10727;Folium-tuber vermis (VII), Purkinje layer;0;0;um2;0;0;0;um2;0;;;;;;;;;;;;;;
10726;Folium-tuber vermis (VII), granular layer;0;0;um2;0;0;0;um2;0;;;;;;;;;;;;;;
951;Pyramus (VIII);0;0;um2;0;0;0;um2;0;;;;;;;;;;;;;;
10731;Pyramus (VIII), molecular layer;0;0;um2;0;0;0;um2;0;;;;;;;;;;;;;;
10730;Pyramus (VIII), Purkinje layer;0;0;um2;0;0;0;um2;0;;;;;;;;;;;;;;
10729;Pyramus (VIII), granular layer;0;0;um2;0;0;0;um2;0;;;;;;;;;;;;;;
957;Uvula (IX);0;0;um2;0;0;0;um2;0;;;;;;;;;;;;;;
10734;Uvula (IX), molecular layer;0;0;um2;0;0;0;um2;0;;;;;;;;;;;;;;
10733;Uvula (IX), Purkinje layer;0;0;um2;0;0;0;um2;0;;;;;;;;;;;;;;
10732;Uvula (IX), granular layer;0;0;um2;0;0;0;um2;0;;;;;;;;;;;;;;
968;Nodulus (X);0;0;um2;0;0;0;um2;0;;;;;;;;;;;;;;
10737;Nodulus (X), molecular layer;0;0;um2;0;0;0;um2;0;;;;;;;;;;;;;;
10736;Nodulus (X), Purkinje layer;0;0;um2;0;0;0;um2;0;;;;;;;;;;;;;;
10735;Nodulus (X), granular layer;0;0;um2;0;0;0;um2;0;;;;;;;;;;;;;;
1073;Hemispheric regions;0;0;um2;0;0;0;um2;0;;;;;;;;;;;;;;
1007;Simple lobule;0;0;um2;0;0;0;um2;0;;;;;;;;;;;;;;
10674;Simple lobule, molecular layer;0;0;um2;0;0;0;um2;0;;;;;;;;;;;;;;
10673;Simple lobule, Purkinje layer;0;0;um2;0;0;0;um2;0;;;;;;;;;;;;;;
10672;Simple lobule, granular layer;0;0;um2;0;0;0;um2;0;;;;;;;;;;;;;;
1017;Ansiform lobule;0;0;um2;0;0;0;um2;0;;;;;;;;;;;;;;
1056;Crus 1;0;0;um2;0;0;0;um2;0;;;;;;;;;;;;;;
10677;Crus 1, molecular layer;0;0;um2;0;0;0;um2;0;;;;;;;;;;;;;;
10676;Crus 1, Purkinje layer;0;0;um2;0;0;0;um2;0;;;;;;;;;;;;;;
10675;Crus 1, granular layer;0;0;um2;0;0;0;um2;0;;;;;;;;;;;;;;
1064;Crus 2;0;0;um2;0;0;0;um2;0;;;;;;;;;;;;;;
10680;Crus 2, molecular layer;0;0;um2;0;0;0;um2;0;;;;;;;;;;;;;;
10679;Crus 2, Purkinje layer;0;0;um2;0;0;0;um2;0;;;;;;;;;;;;;;
10678;Crus 2, granular layer;0;0;um2;0;0;0;um2;0;;;;;;;;;;;;;;
1025;Paramedian lobule;0;0;um2;0;0;0;um2;0;;;;;;;;;;;;;;
10683;Paramedian lobule, molecular layer;0;0;um2;0;0;0;um2;0;;;;;;;;;;;;;;
10682;Paramedian lobule, Purkinje layer;0;0;um2;0;0;0;um2;0;;;;;;;;;;;;;;
10681;Paramedian lobule, granular layer;0;0;um2;0;0;0;um2;0;;;;;;;;;;;;;;
1033;Copula pyramidis;0;0;um2;0;0;0;um2;0;;;;;;;;;;;;;;
10686;Copula pyramidis, molecular layer;0;0;um2;0;0;0;um2;0;;;;;;;;;;;;;;
10685;Copula pyramidis, Purkinje layer;0;0;um2;0;0;0;um2;0;;;;;;;;;;;;;;
10684;Copula pyramidis, granular layer;0;0;um2;0;0;0;um2;0;;;;;;;;;;;;;;
1041;Paraflocculus;0;0;um2;0;0;0;um2;0;;;;;;;;;;;;;;
10689;Paraflocculus, molecular layer;0;0;um2;0;0;0;um2;0;;;;;;;;;;;;;;
10688;Paraflocculus, Purkinje layer;0;0;um2;0;0;0;um2;0;;;;;;;;;;;;;;
10687;Paraflocculus, granular layer;0;0;um2;0;0;0;um2;0;;;;;;;;;;;;;;
1049;Flocculus;0;0;um2;0;0;0;um2;0;;;;;;;;;;;;;;
10692;Flocculus, molecular layer;0;0;um2;0;0;0;um2;0;;;;;;;;;;;;;;
10691;Flocculus, Purkinje layer;0;0;um2;0;0;0;um2;0;;;;;;;;;;;;;;
10690;Flocculus, granular layer;0;0;um2;0;0;0;um2;0;;;;;;;;;;;;;;
519;Cerebellar nuclei;0;0;um2;0;0;0;um2;0;;;;;;;;;;;;;;
989;Fastigial nucleus;0;0;um2;0;0;0;um2;0;;;;;;;;;;;;;;
91;Interposed nucleus;0;0;um2;0;0;0;um2;0;;;;;;;;;;;;;;
846;Dentate nucleus;0;0;um2;0;0;0;um2;0;;;;;;;;;;;;;;
589508455;Vestibulocerebellar nucleus;0;0;um2;0;0;0;um2;0;;;;;;;;;;;;;;
1009;fiber tracts;4575440;4575440.065582;um2;1649;18928;18928;um2;0.004137;;;;;;;;;;;;;;
967;cranial nerves;0;0;um2;0;0;0;um2;0;;;;;;;;;;;;;;
885;terminal nerve;0;0;um2;0;0;0;um2;0;;;;;;;;;;;;;;
949;vomeronasal nerve;0;0;um2;0;0;0;um2;0;;;;;;;;;;;;;;
840;olfactory nerve;0;0;um2;0;0;0;um2;0;;;;;;;;;;;;;;
1016;olfactory nerve layer of main olfactory bulb;0;0;um2;0;0;0;um2;0;;;;;;;;;;;;;;
21;lateral olfactory tract, general;0;0;um2;0;0;0;um2;0;;;;;;;;;;;;;;
665;lateral olfactory tract, body;1658729;1658729.009232;um2;424;3198;3198;um2;0.001928;;;;;;;;;;;;;;
538;dorsal limb;0;0;um2;0;0;0;um2;0;;;;;;;;;;;;;;
459;accessory olfactory tract;0;0;um2;0;0;0;um2;0;;;;;;;;;;;;;;
900;anterior commissure, olfactory limb;499381;499381.185699;um2;116;1581;1581;um2;0.003166;;;;;;;;;;;;;;
848;optic nerve;262784;262784.465530;um2;2;4;4;um2;0.000015;;;;;;;;;;;;;;
876;accessory optic tract;0;0;um2;0;0;0;um2;0;;;;;;;;;;;;;;
916;brachium of the superior colliculus;216604;216604.463608;um2;55;515;515;um2;0.002378;;;;;;;;;;;;;;
336;superior colliculus commissure;0;0;um2;0;0;0;um2;0;;;;;;;;;;;;;;
117;optic chiasm;1496774;1496773.564407;um2;103;700;700;um2;0.000468;;;;;;;;;;;;;;
125;optic tract;2149113;2149112.781235;um2;272;2078;2078;um2;0.000967;;;;;;;;;;;;;;
357;tectothalamic pathway;0;0;um2;0;0;0;um2;0;;;;;;;;;;;;;;
832;oculomotor nerve;0;0;um2;0;0;0;um2;0;;;;;;;;;;;;;;
62;medial longitudinal fascicle;0;0;um2;0;0;0;um2;0;;;;;;;;;;;;;;
158;posterior commissure;105871;105871.264969;um2;159;1980;1980;um2;0.018702;;;;;;;;;;;;;;
911;trochlear nerve;0;0;um2;0;0;0;um2;0;;;;;;;;;;;;;;
384;trochlear nerve decussation;0;0;um2;0;0;0;um2;0;;;;;;;;;;;;;;
710;abducens nerve;0;0;um2;0;0;0;um2;0;;;;;;;;;;;;;;
901;trigeminal nerve;0;0;um2;0;0;0;um2;0;;;;;;;;;;;;;;
93;motor root of the trigeminal nerve;0;0;um2;0;0;0;um2;0;;;;;;;;;;;;;;
229;sensory root of the trigeminal nerve;0;0;um2;0;0;0;um2;0;;;;;;;;;;;;;;
705;midbrain tract of the trigeminal nerve;0;0;um2;0;0;0;um2;0;;;;;;;;;;;;;;
794;spinal tract of the trigeminal nerve;0;0;um2;0;0;0;um2;0;;;;;;;;;;;;;;
798;facial nerve;0;0;um2;0;0;0;um2;0;;;;;;;;;;;;;;
1131;intermediate nerve;0;0;um2;0;0;0;um2;0;;;;;;;;;;;;;;
1116;genu of the facial nerve;0;0;um2;0;0;0;um2;0;;;;;;;;;;;;;;
933;vestibulocochlear nerve;0;0;um2;0;0;0;um2;0;;;;;;;;;;;;;;
1076;efferent cochleovestibular bundle;0;0;um2;0;0;0;um2;0;;;;;;;;;;;;;;
413;vestibular nerve;0;0;um2;0;0;0;um2;0;;;;;;;;;;;;;;
948;cochlear nerve;0;0;um2;0;0;0;um2;0;;;;;;;;;;;;;;
841;trapezoid body;0;0;um2;0;0;0;um2;0;;;;;;;;;;;;;;
641;intermediate acoustic stria;0;0;um2;0;0;0;um2;0;;;;;;;;;;;;;;
506;dorsal acoustic stria;0;0;um2;0;0;0;um2;0;;;;;;;;;;;;;;
658;lateral lemniscus;0;0;um2;0;0;0;um2;0;;;;;;;;;;;;;;
633;inferior colliculus commissure;0;0;um2;0;0;0;um2;0;;;;;;;;;;;;;;
482;brachium of the inferior colliculus;0;0;um2;0;0;0;um2;0;;;;;;;;;;;;;;
808;glossopharyngeal nerve;0;0;um2;0;0;0;um2;0;;;;;;;;;;;;;;
917;vagus nerve;0;0;um2;0;0;0;um2;0;;;;;;;;;;;;;;
237;solitary tract;0;0;um2;0;0;0;um2;0;;;;;;;;;;;;;;
717;accessory spinal nerve;0;0;um2;0;0;0;um2;0;;;;;;;;;;;;;;
813;hypoglossal nerve;0;0;um2;0;0;0;um2;0;;;;;;;;;;;;;;
925;ventral roots;0;0;um2;0;0;0;um2;0;;;;;;;;;;;;;;
792;dorsal roots;0;0;um2;0;0;0;um2;0;;;;;;;;;;;;;;
932;cervicothalamic tract;0;0;um2;0;0;0;um2;0;;;;;;;;;;;;;;
570;dorsolateral fascicle;0;0;um2;0;0;0;um2;0;;;;;;;;;;;;;;
522;dorsal commissure of the spinal cord;0;0;um2;0;0;0;um2;0;;;;;;;;;;;;;;
858;ventral commissure of the spinal cord;0;0;um2;0;0;0;um2;0;;;;;;;;;;;;;;
586;fasciculus proprius;0;0;um2;0;0;0;um2;0;;;;;;;;;;;;;;
514;dorsal column;0;0;um2;0;0;0;um2;0;;;;;;;;;;;;;;
380;cuneate fascicle;0;0;um2;0;0;0;um2;0;;;;;;;;;;;;;;
388;gracile fascicle;0;0;um2;0;0;0;um2;0;;;;;;;;;;;;;;
396;internal arcuate fibers;0;0;um2;0;0;0;um2;0;;;;;;;;;;;;;;
697;medial lemniscus;396405;396404.676468;um2;383;5351;5351;um2;0.013499;;;;;;;;;;;;;;
871;spinothalamic tract;0;0;um2;0;0;0;um2;0;;;;;;;;;;;;;;
29;lateral spinothalamic tract;0;0;um2;0;0;0;um2;0;;;;;;;;;;;;;;
389;ventral spinothalamic tract;0;0;um2;0;0;0;um2;0;;;;;;;;;;;;;;
245;spinocervical tract;0;0;um2;0;0;0;um2;0;;;;;;;;;;;;;;
261;spino-olivary pathway;0;0;um2;0;0;0;um2;0;;;;;;;;;;;;;;
270;spinoreticular pathway;0;0;um2;0;0;0;um2;0;;;;;;;;;;;;;;
293;spinovestibular pathway;0;0;um2;0;0;0;um2;0;;;;;;;;;;;;;;
277;spinotectal pathway;0;0;um2;0;0;0;um2;0;;;;;;;;;;;;;;
253;spinohypothalamic pathway;0;0;um2;0;0;0;um2;0;;;;;;;;;;;;;;
285;spinotelenchephalic pathway;0;0;um2;0;0;0;um2;0;;;;;;;;;;;;;;
627;hypothalamohypophysial tract;0;0;um2;0;0;0;um2;0;;;;;;;;;;;;;;
960;cerebellum related fiber tracts;0;0;um2;0;0;0;um2;0;;;;;;;;;;;;;;
744;cerebellar commissure;0;0;um2;0;0;0;um2;0;;;;;;;;;;;;;;
752;cerebellar peduncles;0;0;um2;0;0;0;um2;0;;;;;;;;;;;;;;
326;superior cerebelar peduncles;0;0;um2;0;0;0;um2;0;;;;;;;;;;;;;;
812;superior cerebellar peduncle decussation;0;0;um2;0;0;0;um2;0;;;;;;;;;;;;;;
85;spinocerebellar tract;0;0;um2;0;0;0;um2;0;;;;;;;;;;;;;;
850;uncinate fascicle;0;0;um2;0;0;0;um2;0;;;;;;;;;;;;;;
866;ventral spinocerebellar tract;0;0;um2;0;0;0;um2;0;;;;;;;;;;;;;;
78;middle cerebellar peduncle;0;0;um2;0;0;0;um2;0;;;;;;;;;;;;;;
1123;inferior cerebellar peduncle;0;0;um2;0;0;0;um2;0;;;;;;;;;;;;;;
553;dorsal spinocerebellar tract;0;0;um2;0;0;0;um2;0;;;;;;;;;;;;;;
499;cuneocerebellar tract;0;0;um2;0;0;0;um2;0;;;;;;;;;;;;;;
650;juxtarestiform body;0;0;um2;0;0;0;um2;0;;;;;;;;;;;;;;
490;bulbocerebellar tract;0;0;um2;0;0;0;um2;0;;;;;;;;;;;;;;
404;olivocerebellar tract;0;0;um2;0;0;0;um2;0;;;;;;;;;;;;;;
410;reticulocerebellar tract;0;0;um2;0;0;0;um2;0;;;;;;;;;;;;;;
373;trigeminocerebellar tract;0;0;um2;0;0;0;um2;0;;;;;;;;;;;;;;
728;arbor vitae;0;0;um2;0;0;0;um2;0;;;;;;;;;;;;;;
484682512;supra-callosal cerebral white matter;2674607;2674606.820282;um2;1583;21940;21940;um2;0.008203;;;;;;;;;;;;;;
983;lateral forebrain bundle system;0;0;um2;0;0;0;um2;0;;;;;;;;;;;;;;
776;corpus callosum;0;0;um2;0;0;0;um2;0;;;;;;;;;;;;;;
956;corpus callosum, anterior forceps;1035200;1035200.286041;um2;752;9776;9776;um2;0.009444;;;;;;;;;;;;;;
579;external capsule;1581319;1581319.281052;um2;1590;21440;21440;um2;0.013558;;;;;;;;;;;;;;
964;corpus callosum, extreme capsule;272680;272680.310684;um2;238;3919;3919;um2;0.014372;;;;;;;;;;;;;;
1108;genu of corpus callosum;1400543;1400542.532166;um2;501;5192;5192;um2;0.003707;;;;;;;;;;;;;;
971;corpus callosum, posterior forceps;1015428;1015427.900162;um2;476;4910;4910;um2;0.004835;;;;;;;;;;;;;;
979;corpus callosum, rostrum;0;0;um2;0;0;0;um2;0;;;;;;;;;;;;;;
484682516;corpus callosum, body;7439816;7439816.056473;um2;2486;25756;25756;um2;0.003462;;;;;;;;;;;;;;
986;corpus callosum, splenium;1751720;1751719.814011;um2;631;6895;6895;um2;0.003936;;;;;;;;;;;;;;
784;corticospinal tract;0;0;um2;0;0;0;um2;0;;;;;;;;;;;;;;
6;internal capsule;4916509;4916509.112366;um2;1612;17794;17794;um2;0.003619;;;;;;;;;;;;;;
924;cerebal peduncle;1275118;1275118.431747;um2;330;2342;2342;um2;0.001837;;;;;;;;;;;;;;
1036;corticotectal tract;0;0;um2;0;0;0;um2;0;;;;;;;;;;;;;;
1012;corticorubral tract;0;0;um2;0;0;0;um2;0;;;;;;;;;;;;;;
1003;corticopontine tract;0;0;um2;0;0;0;um2;0;;;;;;;;;;;;;;
994;corticobulbar tract;0;0;um2;0;0;0;um2;0;;;;;;;;;;;;;;
190;pyramid;0;0;um2;0;0;0;um2;0;;;;;;;;;;;;;;
198;pyramidal decussation;0;0;um2;0;0;0;um2;0;;;;;;;;;;;;;;
1019;corticospinal tract, crossed;0;0;um2;0;0;0;um2;0;;;;;;;;;;;;;;
1028;corticospinal tract, uncrossed;0;0;um2;0;0;0;um2;0;;;;;;;;;;;;;;
896;thalamus related;0;0;um2;0;0;0;um2;0;;;;;;;;;;;;;;
1092;external medullary lamina of the thalamus;169205;169205.310638;um2;190;2044;2044;um2;0.012080;;;;;;;;;;;;;;
14;internal medullary lamina of the thalamus;0;0;um2;0;0;0;um2;0;;;;;;;;;;;;;;
86;middle thalamic commissure;0;0;um2;0;0;0;um2;0;;;;;;;;;;;;;;
365;thalamic peduncles;0;0;um2;0;0;0;um2;0;;;;;;;;;;;;;;
484682520;optic radiation;3556930;3556929.712677;um2;1986;22970;22970;um2;0.006458;;;;;;;;;;;;;;
484682524;auditory radiation;949415;949415.372711;um2;600;7292;7292;um2;0.007681;;;;;;;;;;;;;;
1000;extrapyramidal fiber systems;0;0;um2;0;0;0;um2;0;;;;;;;;;;;;;;
760;cerebral nuclei related;0;0;um2;0;0;0;um2;0;;;;;;;;;;;;;;
142;pallidothalamic pathway;0;0;um2;0;0;0;um2;0;;;;;;;;;;;;;;
102;nigrostriatal tract;266960;266960.015137;um2;421;6159;6159;um2;0.023071;;;;;;;;;;;;;;
109;nigrothalamic fibers;0;0;um2;0;0;0;um2;0;;;;;;;;;;;;;;
134;pallidotegmental fascicle;0;0;um2;0;0;0;um2;0;;;;;;;;;;;;;;
309;striatonigral pathway;0;0;um2;0;0;0;um2;0;;;;;;;;;;;;;;
317;subthalamic fascicle;0;0;um2;0;0;0;um2;0;;;;;;;;;;;;;;
877;tectospinal pathway;0;0;um2;0;0;0;um2;0;;;;;;;;;;;;;;
1051;direct tectospinal pathway;0;0;um2;0;0;0;um2;0;;;;;;;;;;;;;;
1060;doral tegmental decussation;0;0;um2;0;0;0;um2;0;;;;;;;;;;;;;;
1043;crossed tectospinal pathway;0;0;um2;0;0;0;um2;0;;;;;;;;;;;;;;
863;rubrospinal tract;0;0;um2;0;0;0;um2;0;;;;;;;;;;;;;;
397;ventral tegmental decussation;0;0;um2;0;0;0;um2;0;;;;;;;;;;;;;;
221;rubroreticular tract;0;0;um2;0;0;0;um2;0;;;;;;;;;;;;;;
736;central tegmental bundle;0;0;um2;0;0;0;um2;0;;;;;;;;;;;;;;
855;retriculospinal tract;0;0;um2;0;0;0;um2;0;;;;;;;;;;;;;;
205;retriculospinal tract, lateral part;0;0;um2;0;0;0;um2;0;;;;;;;;;;;;;;
213;retriculospinal tract, medial part;0;0;um2;0;0;0;um2;0;;;;;;;;;;;;;;
941;vestibulospinal pathway;0;0;um2;0;0;0;um2;0;;;;;;;;;;;;;;
991;medial forebrain bundle system;0;0;um2;0;0;0;um2;0;;;;;;;;;;;;;;
768;cerebrum related;0;0;um2;0;0;0;um2;0;;;;;;;;;;;;;;
884;amygdalar capsule;468665;468665.475128;um2;357;5224;5224;um2;0.011147;;;;;;;;;;;;;;
892;ansa peduncularis;0;0;um2;0;0;0;um2;0;;;;;;;;;;;;;;
908;anterior commissure, temporal limb;354651;354650.718140;um2;183;2096;2096;um2;0.005910;;;;;;;;;;;;;;
940;cingulum bundle;2851514;2851514.146957;um2;1948;23996;23996;um2;0.008415;;;;;;;;;;;;;;
1099;fornix system;0;0;um2;0;0;0;um2;0;;;;;;;;;;;;;;
466;alveus;2612693;2612693.367264;um2;1356;15294;15294;um2;0.005854;;;;;;;;;;;;;;
530;dorsal fornix;127888;127887.561081;um2;21;202;202;um2;0.001580;;;;;;;;;;;;;;
603;fimbria;2678412;2678412.324600;um2;664;6785;6785;um2;0.002533;;;;;;;;;;;;;;
745;precommissural fornix, general;0;0;um2;0;0;0;um2;0;;;;;;;;;;;;;;
420;precommissural fornix diagonal band;0;0;um2;0;0;0;um2;0;;;;;;;;;;;;;;
737;postcommissural fornix;0;0;um2;0;0;0;um2;0;;;;;;;;;;;;;;
428;medial corticohypothalamic tract;12388;12387.672729;um2;6;40;40;um2;0.003229;;;;;;;;;;;;;;
436;columns of the fornix;651176;651175.569153;um2;449;5550;5550;um2;0.008523;;;;;;;;;;;;;;
618;hippocampal commissures;0;0;um2;0;0;0;um2;0;;;;;;;;;;;;;;
443;dorsal hippocampal commissure;774341;774341.332214;um2;241;2461;2461;um2;0.003178;;;;;;;;;;;;;;
449;ventral hippocampal commissure;220184;220183.952560;um2;91;933;933;um2;0.004237;;;;;;;;;;;;;;
713;perforant path;0;0;um2;0;0;0;um2;0;;;;;;;;;;;;;;
474;angular path;0;0;um2;0;0;0;um2;0;;;;;;;;;;;;;;
37;longitudinal association bundle;0;0;um2;0;0;0;um2;0;;;;;;;;;;;;;;
301;stria terminalis;636924;636923.862946;um2;228;2360;2360;um2;0.003705;;;;;;;;;;;;;;
484682528;commissural branch of stria terminalis;110147;110146.664734;um2;155;2099;2099;um2;0.019056;;;;;;;;;;;;;;
824;hypothalamus related;0;0;um2;0;0;0;um2;0;;;;;;;;;;;;;;
54;medial forebrain bundle;54100;54100.015259;um2;83;1251;1251;um2;0.023124;;;;;;;;;;;;;;
405;ventrolateral hypothalamic tract;0;0;um2;0;0;0;um2;0;;;;;;;;;;;;;;
174;preoptic commissure;0;0;um2;0;0;0;um2;0;;;;;;;;;;;;;;
349;supraoptic commissures;90593;90593.460678;um2;30;243;243;um2;0.002682;;;;;;;;;;;;;;
817;supraoptic commissures, anterior;0;0;um2;0;0;0;um2;0;;;;;;;;;;;;;;
825;supraoptic commissures, dorsal;0;0;um2;0;0;0;um2;0;;;;;;;;;;;;;;
833;supraoptic commissures, ventral;0;0;um2;0;0;0;um2;0;;;;;;;;;;;;;;
166;premammillary commissure;0;0;um2;0;0;0;um2;0;;;;;;;;;;;;;;
341;supramammillary decussation;0;0;um2;0;0;0;um2;0;;;;;;;;;;;;;;
182;propriohypothalamic pathways;0;0;um2;0;0;0;um2;0;;;;;;;;;;;;;;
762;propriohypothalamic pathways, dorsal;0;0;um2;0;0;0;um2;0;;;;;;;;;;;;;;
770;propriohypothalamic pathways, lateral;0;0;um2;0;0;0;um2;0;;;;;;;;;;;;;;
779;propriohypothalamic pathways, medial;0;0;um2;0;0;0;um2;0;;;;;;;;;;;;;;
787;propriohypothalamic pathways, ventral;0;0;um2;0;0;0;um2;0;;;;;;;;;;;;;;
150;periventricular bundle of the hypothalamus;0;0;um2;0;0;0;um2;0;;;;;;;;;;;;;;
46;mammillary related;0;0;um2;0;0;0;um2;0;;;;;;;;;;;;;;
753;principal mammillary tract;88420;88419.515091;um2;105;1745;1745;um2;0.019735;;;;;;;;;;;;;;
690;mammillothalamic tract;319849;319848.702881;um2;271;3664;3664;um2;0.011455;;;;;;;;;;;;;;
681;mammillotegmental tract;45108;45108.444656;um2;81;1198;1198;um2;0.026558;;;;;;;;;;;;;;
673;mammillary peduncle;64400;64400.316635;um2;93;1101;1101;um2;0.017096;;;;;;;;;;;;;;
1068;dorsal thalamus related;0;0;um2;0;0;0;um2;0;;;;;;;;;;;;;;
722;periventricular bundle of the thalamus;0;0;um2;0;0;0;um2;0;;;;;;;;;;;;;;
1083;epithalamus related;0;0;um2;0;0;0;um2;0;;;;;;;;;;;;;;
802;stria medullaris;666228;666227.585266;um2;541;7023;7023;um2;0.010541;;;;;;;;;;;;;;
595;fasciculus retroflexus;413293;413292.771744;um2;358;4437;4437;um2;0.010736;;;;;;;;;;;;;;
611;habenular commissure;63447;63446.876572;um2;57;737;737;um2;0.011616;;;;;;;;;;;;;;
730;pineal stalk;0;0;um2;0;0;0;um2;0;;;;;;;;;;;;;;
70;midbrain related;0;0;um2;0;0;0;um2;0;;;;;;;;;;;;;;
547;dorsal longitudinal fascicle;0;0;um2;0;0;0;um2;0;;;;;;;;;;;;;;
563;dorsal tegmental tract;0;0;um2;0;0;0;um2;0;;;;;;;;;;;;;;
73;ventricular systems;0;0;um2;0;0;0;um2;0;;;;;;;;;;;;;;
81;lateral ventricle;2083878;2083878.199387;um2;724;6254;6254;um2;0.003001;;;;;;;;;;;;;;
89;rhinocele;0;0;um2;0;0;0;um2;0;;;;;;;;;;;;;;
98;subependymal zone;38646;38646.371262;um2;25;258;258;um2;0.006676;;;;;;;;;;;;;;
108;choroid plexus;1079261;1079261.078796;um2;214;1622;1622;um2;0.001503;;;;;;;;;;;;;;
116;choroid fissure;0;0;um2;0;0;0;um2;0;;;;;;;;;;;;;;
124;interventricular foramen;0;0;um2;0;0;0;um2;0;;;;;;;;;;;;;;
129;third ventricle;2313621;2313620.541153;um2;779;7843;7843;um2;0.003390;;;;;;;;;;;;;;
140;cerebral aqueduct;6376;6375.833435;um2;1;7;7;um2;0.001098;;;;;;;;;;;;;;
145;fourth ventricle;0;0;um2;0;0;0;um2;0;;;;;;;;;;;;;;
153;lateral recess;0;0;um2;0;0;0;um2;0;;;;;;;;;;;;;;
164;central canal, spinal cord/medulla;0;0;um2;0;0;0;um2;0;;;;;;;;;;;;;;
1024;grooves;0;0;um2;0;0;0;um2;0;;;;;;;;;;;;;;
1032;grooves of the cerebral cortex;0;0;um2;0;0;0;um2;0;;;;;;;;;;;;;;
1055;endorhinal groove;0;0;um2;0;0;0;um2;0;;;;;;;;;;;;;;
1063;hippocampal fissure;0;0;um2;0;0;0;um2;0;;;;;;;;;;;;;;
1071;rhinal fissure;0;0;um2;0;0;0;um2;0;;;;;;;;;;;;;;
1078;rhinal incisure;0;0;um2;0;0;0;um2;0;;;;;;;;;;;;;;
1040;grooves of the cerebellar cortex;0;0;um2;0;0;0;um2;0;;;;;;;;;;;;;;
1087;precentral fissure;0;0;um2;0;0;0;um2;0;;;;;;;;;;;;;;
1095;preculminate fissure;0;0;um2;0;0;0;um2;0;;;;;;;;;;;;;;
1103;primary fissure;0;0;um2;0;0;0;um2;0;;;;;;;;;;;;;;
1112;posterior superior fissure;0;0;um2;0;0;0;um2;0;;;;;;;;;;;;;;
1119;prepyramidal fissure;0;0;um2;0;0;0;um2;0;;;;;;;;;;;;;;
3;secondary fissure;0;0;um2;0;0;0;um2;0;;;;;;;;;;;;;;
11;posterolateral fissure;0;0;um2;0;0;0;um2;0;;;;;;;;;;;;;;
18;nodular fissure;0;0;um2;0;0;0;um2;0;;;;;;;;;;;;;;
25;simple fissure;0;0;um2;0;0;0;um2;0;;;;;;;;;;;;;;
34;intercrural fissure;0;0;um2;0;0;0;um2;0;;;;;;;;;;;;;;
43;ansoparamedian fissure;0;0;um2;0;0;0;um2;0;;;;;;;;;;;;;;
49;intraparafloccular fissure;0;0;um2;0;0;0;um2;0;;;;;;;;;;;;;;
57;paramedian sulcus;0;0;um2;0;0;0;um2;0;;;;;;;;;;;;;;
65;parafloccular sulcus;0;0;um2;0;0;0;um2;0;;;;;;;;;;;;;;
624;Interpeduncular fossa;0;0;um2;0;0;0;um2;0;;;;;;;;;;;;;;
304325711;retina;0;0;um2;0;0;0;um2;0;;;;;;;;;;;;;;
