Region ID;Region Name;Region pixels;Region area;Area unit;Object count;Object pixels;Object area;Area unit;Load;;;;;;;;;;;;;;
0;Clear Label;0;0;um2;561;4829;4829;um2;0;;;;;;;;;;;;;;
997;root;1658188;1658188.401741;um2;913;6013;6013;um2;0.003626;;;;;;;;;;;;;;
8;Basic cell groups and regions;0;0;um2;0;0;0;um2;0;;;;;;;;;;;;;;
567;Cerebrum;0;0;um2;0;0;0;um2;0;;;;;;;;;;;;;;
688;Cerebral cortex;0;0;um2;0;0;0;um2;0;;;;;;;;;;;;;;
695;Cortical plate;0;0;um2;0;0;0;um2;0;;;;;;;;;;;;;;
315;Isocortex;0;0;um2;0;0;0;um2;0;;;;;;;;;;;;;;
184;Frontal pole, cerebral cortex;0;0;um2;0;0;0;um2;0;;;;;;;;;;;;;;
68;Frontal pole, layer 1;0;0;um2;0;0;0;um2;0;;;;;;;;;;;;;;
667;Frontal pole, layer 2/3;0;0;um2;0;0;0;um2;0;;;;;;;;;;;;;;
526157192;Frontal pole, layer 5;0;0;um2;0;0;0;um2;0;;;;;;;;;;;;;;
526157196;Frontal pole, layer 6a;110697;110696.681656;um2;368;5254;5254;um2;0.047463;;;;;;;;;;;;;;
526322264;Frontal pole, layer 6b;900;899.601257;um2;4;52;52;um2;0.057803;;;;;;;;;;;;;;
500;Somatomotor areas;0;0;um2;0;0;0;um2;0;;;;;;;;;;;;;;
107;Somatomotor areas, Layer 1;0;0;um2;0;0;0;um2;0;;;;;;;;;;;;;;
219;Somatomotor areas, Layer 2/3;0;0;um2;0;0;0;um2;0;;;;;;;;;;;;;;
299;Somatomotor areas, Layer 5;0;0;um2;0;0;0;um2;0;;;;;;;;;;;;;;
644;Somatomotor areas, Layer 6a;0;0;um2;0;0;0;um2;0;;;;;;;;;;;;;;
947;Somatomotor areas, Layer 6b;0;0;um2;0;0;0;um2;0;;;;;;;;;;;;;;
985;Primary motor area;0;0;um2;0;0;0;um2;0;;;;;;;;;;;;;;
320;Primary motor area, Layer 1;2178193;2178192.959427;um2;825;8002;8002;um2;0.003674;;;;;;;;;;;;;;
943;Primary motor area, Layer 2/3;6179232;6179231.988548;um2;15702;138779;138779;um2;0.022459;;;;;;;;;;;;;;
648;Primary motor area, Layer 5;5529087;5529086.516518;um2;15565;150932;150932;um2;0.027298;;;;;;;;;;;;;;
844;Primary motor area, Layer 6a;4324201;4324201.389732;um2;17843;190289;190289;um2;0.044006;;;;;;;;;;;;;;
882;Primary motor area, Layer 6b;255392;255392.386551;um2;501;4171;4171;um2;0.016332;;;;;;;;;;;;;;
993;Secondary motor area;0;0;um2;0;0;0;um2;0;;;;;;;;;;;;;;
656;Secondary motor area, layer 1;2143972;2143972.061104;um2;520;5657;5657;um2;0.002639;;;;;;;;;;;;;;
962;Secondary motor area, layer 2/3;4115654;4115653.624916;um2;9791;97509;97509;um2;0.023692;;;;;;;;;;;;;;
767;Secondary motor area, layer 5;6132100;6132100.380180;um2;17704;188359;188359;um2;0.030717;;;;;;;;;;;;;;
1021;Secondary motor area, layer 6a;4357096;4357096.158241;um2;16733;204333;204333;um2;0.046897;;;;;;;;;;;;;;
1085;Secondary motor area, layer 6b;142136;142135.796257;um2;478;4653;4653;um2;0.032736;;;;;;;;;;;;;;
453;Somatosensory areas;0;0;um2;0;0;0;um2;0;;;;;;;;;;;;;;
12993;Somatosensory areas, layer 1;0;0;um2;0;0;0;um2;0;;;;;;;;;;;;;;
12994;Somatosensory areas, layer 2/3;0;0;um2;0;0;0;um2;0;;;;;;;;;;;;;;
12995;Somatosensory areas, layer 4;0;0;um2;0;0;0;um2;0;;;;;;;;;;;;;;
12996;Somatosensory areas, layer 5;0;0;um2;0;0;0;um2;0;;;;;;;;;;;;;;
12997;Somatosensory areas, layer 6a;0;0;um2;0;0;0;um2;0;;;;;;;;;;;;;;
12998;Somatosensory areas, layer 6b;0;0;um2;0;0;0;um2;0;;;;;;;;;;;;;;
322;Primary somatosensory area;0;0;um2;0;0;0;um2;0;;;;;;;;;;;;;;
793;Primary somatosensory area, layer 1;0;0;um2;0;0;0;um2;0;;;;;;;;;;;;;;
346;Primary somatosensory area, layer 2/3;0;0;um2;0;0;0;um2;0;;;;;;;;;;;;;;
865;Primary somatosensory area, layer 4;0;0;um2;0;0;0;um2;0;;;;;;;;;;;;;;
921;Primary somatosensory area, layer 5;0;0;um2;0;0;0;um2;0;;;;;;;;;;;;;;
686;Primary somatosensory area, layer 6a;0;0;um2;0;0;0;um2;0;;;;;;;;;;;;;;
719;Primary somatosensory area, layer 6b;0;0;um2;0;0;0;um2;0;;;;;;;;;;;;;;
353;Primary somatosensory area, nose;0;0;um2;0;0;0;um2;0;;;;;;;;;;;;;;
558;Primary somatosensory area, nose, layer 1;485145;485145.332016;um2;733;6331;6331;um2;0.013050;;;;;;;;;;;;;;
838;Primary somatosensory area, nose, layer 2/3;750455;750454.988441;um2;2749;20092;20092;um2;0.026773;;;;;;;;;;;;;;
654;Primary somatosensory area, nose, layer 4;664219;664218.554474;um2;4243;32689;32689;um2;0.049214;;;;;;;;;;;;;;
702;Primary somatosensory area, nose, layer 5;681865;681865.339310;um2;3303;25604;25604;um2;0.037550;;;;;;;;;;;;;;
889;Primary somatosensory area, nose, layer 6a;928747;928747.126030;um2;6273;57479;57479;um2;0.061889;;;;;;;;;;;;;;
929;Primary somatosensory area, nose, layer 6b;56399;56398.754700;um2;232;1700;1700;um2;0.030143;;;;;;;;;;;;;;
329;Primary somatosensory area, barrel field;0;0;um2;0;0;0;um2;0;;;;;;;;;;;;;;
981;Primary somatosensory area, barrel field, layer 1;696483;696483.152786;um2;885;6851;6851;um2;0.009837;;;;;;;;;;;;;;
201;Primary somatosensory area, barrel field, layer 2/3;1207973;1207972.694298;um2;4786;35551;35551;um2;0.029430;;;;;;;;;;;;;;
1047;Primary somatosensory area, barrel field, layer 4;1003613;1003613.114235;um2;5639;40757;40757;um2;0.040610;;;;;;;;;;;;;;
1070;Primary somatosensory area, barrel field, layer 5;932039;932038.956665;um2;3767;29142;29142;um2;0.031267;;;;;;;;;;;;;;
1038;Primary somatosensory area, barrel field, layer 6a;1008877;1008876.952888;um2;5013;41277;41277;um2;0.040914;;;;;;;;;;;;;;
1062;Primary somatosensory area, barrel field, layer 6b;122716;122716.358032;um2;442;3714;3714;um2;0.030265;;;;;;;;;;;;;;
480149202;Rostrolateral lateral visual area;0;0;um2;0;0;0;um2;0;;;;;;;;;;;;;;
480149206;Rostrolateral lateral visual area, layer 1;0;0;um2;0;0;0;um2;0;;;;;;;;;;;;;;
480149210;Rostrolateral lateral visual area, layer 2/3;0;0;um2;0;0;0;um2;0;;;;;;;;;;;;;;
480149214;Rostrolateral lateral visual area, layer 4;0;0;um2;0;0;0;um2;0;;;;;;;;;;;;;;
480149218;Rostrolateral lateral visual area,layer 5;0;0;um2;0;0;0;um2;0;;;;;;;;;;;;;;
480149222;Rostrolateral lateral visual area, layer 6a;0;0;um2;0;0;0;um2;0;;;;;;;;;;;;;;
480149226;Rostrolateral lateral visual area, layer 6b;0;0;um2;0;0;0;um2;0;;;;;;;;;;;;;;
337;Primary somatosensory area, lower limb;0;0;um2;0;0;0;um2;0;;;;;;;;;;;;;;
1030;Primary somatosensory area, lower limb, layer 1;339513;339512.973343;um2;348;2759;2759;um2;0.008126;;;;;;;;;;;;;;
113;Primary somatosensory area, lower limb, layer 2/3;711037;711037.251373;um2;2727;19986;19986;um2;0.028108;;;;;;;;;;;;;;
1094;Primary somatosensory area, lower limb, layer 4;292077;292077.154480;um2;1672;12595;12595;um2;0.043122;;;;;;;;;;;;;;
1128;Primary somatosensory area, lower limb, layer 5;530875;530875.326118;um2;2149;17075;17075;um2;0.032164;;;;;;;;;;;;;;
478;Primary somatosensory area, lower limb, layer 6a;434630;434630.183281;um2;1843;15274;15274;um2;0.035143;;;;;;;;;;;;;;
510;Primary somatosensory area, lower limb, layer 6b;33779;33778.567642;um2;24;165;165;um2;0.004885;;;;;;;;;;;;;;
345;Primary somatosensory area, mouth;0;0;um2;0;0;0;um2;0;;;;;;;;;;;;;;
878;Primary somatosensory area, mouth, layer 1;1084922;1084921.727104;um2;465;3697;3697;um2;0.003408;;;;;;;;;;;;;;
657;Primary somatosensory area, mouth, layer 2/3;2069061;2069061.147598;um2;4485;32073;32073;um2;0.015501;;;;;;;;;;;;;;
950;Primary somatosensory area, mouth, layer 4;1113044;1113044.049103;um2;3920;26239;26239;um2;0.023574;;;;;;;;;;;;;;
974;Primary somatosensory area, mouth, layer 5;1425650;1425649.582832;um2;3759;29188;29188;um2;0.020473;;;;;;;;;;;;;;
1102;Primary somatosensory area, mouth, layer 6a;1681379;1681379.339821;um2;8532;77279;77279;um2;0.045962;;;;;;;;;;;;;;
2;Primary somatosensory area, mouth, layer 6b;116394;116394.366142;um2;209;1578;1578;um2;0.013557;;;;;;;;;;;;;;
369;Primary somatosensory area, upper limb;0;0;um2;0;0;0;um2;0;;;;;;;;;;;;;;
450;Primary somatosensory area, upper limb, layer 1;459802;459802.490028;um2;717;5967;5967;um2;0.012977;;;;;;;;;;;;;;
854;Primary somatosensory area, upper limb, layer 2/3;956960;956960.223267;um2;4170;32180;32180;um2;0.033627;;;;;;;;;;;;;;
577;Primary somatosensory area, upper limb, layer 4;511994;511993.584747;um2;2833;20580;20580;um2;0.040196;;;;;;;;;;;;;;
625;Primary somatosensory area, upper limb, layer 5;776972;776972.286606;um2;3014;24071;24071;um2;0.030981;;;;;;;;;;;;;;
945;Primary somatosensory area, upper limb, layer 6a;914173;914172.803963;um2;4487;39781;39781;um2;0.043516;;;;;;;;;;;;;;
1026;Primary somatosensory area, upper limb, layer 6b;61407;61406.924820;um2;73;502;502;um2;0.008175;;;;;;;;;;;;;;
361;Primary somatosensory area, trunk;0;0;um2;0;0;0;um2;0;;;;;;;;;;;;;;
1006;Primary somatosensory area, trunk, layer 1;119163;119162.587738;um2;132;949;949;um2;0.007964;;;;;;;;;;;;;;
670;Primary somatosensory area, trunk, layer 2/3;270697;270696.786034;um2;841;6465;6465;um2;0.023883;;;;;;;;;;;;;;
1086;Primary somatosensory area, trunk, layer 4;103581;103580.646339;um2;371;2862;2862;um2;0.027631;;;;;;;;;;;;;;
1111;Primary somatosensory area, trunk, layer 5;250375;250375.186607;um2;841;6459;6459;um2;0.025797;;;;;;;;;;;;;;
9;Primary somatosensory area, trunk, layer 6a;181883;181883.185371;um2;675;5331;5331;um2;0.029310;;;;;;;;;;;;;;
461;Primary somatosensory area, trunk, layer 6b;29923;29923.145714;um2;74;437;437;um2;0.014604;;;;;;;;;;;;;;
182305689;Primary somatosensory area, unassigned;0;0;um2;0;0;0;um2;0;;;;;;;;;;;;;;
182305693;Primary somatosensory area, unassigned, layer 1;175854;175854.059372;um2;308;2616;2616;um2;0.014876;;;;;;;;;;;;;;
182305697;Primary somatosensory area, unassigned, layer 2/3;334439;334438.725716;um2;1636;12244;12244;um2;0.036611;;;;;;;;;;;;;;
182305701;Primary somatosensory area, unassigned, layer 4;197803;197803.162292;um2;1243;9269;9269;um2;0.046860;;;;;;;;;;;;;;
182305705;Primary somatosensory area, unassigned, layer 5;257155;257155.140106;um2;1282;9757;9757;um2;0.037942;;;;;;;;;;;;;;
182305709;Primary somatosensory area, unassigned, layer 6a;294987;294987.324890;um2;1626;14016;14016;um2;0.047514;;;;;;;;;;;;;;
182305713;Primary somatosensory area, unassigned, layer 6b;22931;22931.381546;um2;88;586;586;um2;0.025555;;;;;;;;;;;;;;
378;Supplemental somatosensory area;0;0;um2;0;0;0;um2;0;;;;;;;;;;;;;;
873;Supplemental somatosensory area, layer 1;1058089;1058088.942520;um2;879;6712;6712;um2;0.006344;;;;;;;;;;;;;;
806;Supplemental somatosensory area, layer 2/3;1944257;1944256.971397;um2;5876;43022;43022;um2;0.022128;;;;;;;;;;;;;;
1035;Supplemental somatosensory area, layer 4;1066293;1066293.372528;um2;4411;30560;30560;um2;0.028660;;;;;;;;;;;;;;
1090;Supplemental somatosensory area, layer 5;2016148;2016147.762924;um2;7190;54698;54698;um2;0.027130;;;;;;;;;;;;;;
862;Supplemental somatosensory area, layer 6a;1946762;1946761.878151;um2;10869;99577;99577;um2;0.051150;;;;;;;;;;;;;;
893;Supplemental somatosensory area, layer 6b;189633;189633.043457;um2;639;5566;5566;um2;0.029351;;;;;;;;;;;;;;
1057;Gustatory areas;0;0;um2;0;0;0;um2;0;;;;;;;;;;;;;;
36;Gustatory areas, layer 1;258024;258023.854111;um2;44;270;270;um2;0.001046;;;;;;;;;;;;;;
180;Gustatory areas, layer 2/3;597411;597410.690742;um2;1109;8580;8580;um2;0.014362;;;;;;;;;;;;;;
148;Gustatory areas, layer 4;179784;179783.947990;um2;539;3969;3969;um2;0.022076;;;;;;;;;;;;;;
187;Gustatory areas, layer 5;698800;698799.574570;um2;1905;15887;15887;um2;0.022735;;;;;;;;;;;;;;
638;Gustatory areas, layer 6a;519484;519484.040726;um2;2103;20997;20997;um2;0.040419;;;;;;;;;;;;;;
662;Gustatory areas, layer 6b;44477;44477.293396;um2;62;378;378;um2;0.008499;;;;;;;;;;;;;;
677;Visceral area;0;0;um2;0;0;0;um2;0;;;;;;;;;;;;;;
897;Visceral area, layer 1;271671;271671.478828;um2;73;468;468;um2;0.001723;;;;;;;;;;;;;;
1106;Visceral area, layer 2/3;457016;457016.368797;um2;1259;10550;10550;um2;0.023085;;;;;;;;;;;;;;
1010;Visceral area, layer 4;168327;168327.114250;um2;558;3954;3954;um2;0.023490;;;;;;;;;;;;;;
1058;Visceral area, layer 5;646799;646798.900406;um2;1998;16061;16061;um2;0.024832;;;;;;;;;;;;;;
857;Visceral area, layer 6a;492767;492766.710762;um2;2142;19240;19240;um2;0.039045;;;;;;;;;;;;;;
849;Visceral area, layer 6b;47724;47723.685638;um2;101;730;730;um2;0.015296;;;;;;;;;;;;;;
247;Auditory areas;0;0;um2;0;0;0;um2;0;;;;;;;;;;;;;;
1011;Dorsal auditory area;0;0;um2;0;0;0;um2;0;;;;;;;;;;;;;;
527;Dorsal auditory area, layer 1;163364;163363.972389;um2;170;1271;1271;um2;0.007780;;;;;;;;;;;;;;
600;Dorsal auditory area, layer 2/3;262611;262610.618294;um2;601;4296;4296;um2;0.016359;;;;;;;;;;;;;;
678;Dorsal auditory area, layer 4;106320;106319.893669;um2;297;2102;2102;um2;0.019771;;;;;;;;;;;;;;
252;Dorsal auditory area, layer 5;269143;269142.674232;um2;748;5925;5925;um2;0.022014;;;;;;;;;;;;;;
156;Dorsal auditory area, layer 6a;141709;141708.720413;um2;519;4427;4427;um2;0.031240;;;;;;;;;;;;;;
243;Dorsal auditory area, layer 6b;21931;21930.810211;um2;65;575;575;um2;0.026219;;;;;;;;;;;;;;
480149230;Laterolateral anterior visual area;0;0;um2;0;0;0;um2;0;;;;;;;;;;;;;;
480149234;Laterolateral anterior visual area, layer 1;0;0;um2;0;0;0;um2;0;;;;;;;;;;;;;;
480149238;Laterolateral anterior visual area, layer 2/3;0;0;um2;0;0;0;um2;0;;;;;;;;;;;;;;
480149242;Laterolateral anterior visual area, layer 4;0;0;um2;0;0;0;um2;0;;;;;;;;;;;;;;
480149246;Laterolateral anterior visual area,layer 5;0;0;um2;0;0;0;um2;0;;;;;;;;;;;;;;
480149250;Laterolateral anterior visual area, layer 6a;0;0;um2;0;0;0;um2;0;;;;;;;;;;;;;;
480149254;Laterolateral anterior visual area, layer 6b;0;0;um2;0;0;0;um2;0;;;;;;;;;;;;;;
1002;Primary auditory area;0;0;um2;0;0;0;um2;0;;;;;;;;;;;;;;
735;Primary auditory area, layer 1;290325;290324.749977;um2;191;1253;1253;um2;0.004316;;;;;;;;;;;;;;
251;Primary auditory area, layer 2/3;357638;357637.933815;um2;634;4211;4211;um2;0.011774;;;;;;;;;;;;;;
816;Primary auditory area, layer 4;175086;175086.125221;um2;370;2484;2484;um2;0.014187;;;;;;;;;;;;;;
847;Primary auditory area, layer 5;518839;518839.435425;um2;1034;7435;7435;um2;0.014330;;;;;;;;;;;;;;
954;Primary auditory area, layer 6a;219252;219251.648903;um2;824;6215;6215;um2;0.028346;;;;;;;;;;;;;;
1005;Primary auditory area, layer 6b;37829;37828.910721;um2;35;222;222;um2;0.005869;;;;;;;;;;;;;;
1027;Posterior auditory area;0;0;um2;0;0;0;um2;0;;;;;;;;;;;;;;
696;Posterior auditory area, layer 1;50429;50428.913101;um2;40;341;341;um2;0.006762;;;;;;;;;;;;;;
643;Posterior auditory area, layer 2/3;75156;75155.582619;um2;198;1504;1504;um2;0.020012;;;;;;;;;;;;;;
759;Posterior auditory area, layer 4;33808;33807.570366;um2;84;634;634;um2;0.018753;;;;;;;;;;;;;;
791;Posterior auditory area, layer 5;100120;100120.185303;um2;206;1586;1586;um2;0.015841;;;;;;;;;;;;;;
249;Posterior auditory area, layer 6a;43979;43979.189735;um2;147;1170;1170;um2;0.026603;;;;;;;;;;;;;;
456;Posterior auditory area, layer 6b;8618;8618.011826;um2;17;107;107;um2;0.012416;;;;;;;;;;;;;;
1018;Ventral auditory area;0;0;um2;0;0;0;um2;0;;;;;;;;;;;;;;
959;Ventral auditory area, layer 1;186251;186250.701096;um2;118;749;749;um2;0.004021;;;;;;;;;;;;;;
755;Ventral auditory area, layer 2/3;279694;279693.512566;um2;451;3042;3042;um2;0.010876;;;;;;;;;;;;;;
990;Ventral auditory area, layer 4;147246;147245.729485;um2;282;1817;1817;um2;0.012340;;;;;;;;;;;;;;
1023;Ventral auditory area, layer 5;388902;388902.001587;um2;867;6678;6678;um2;0.017171;;;;;;;;;;;;;;
520;Ventral auditory area, layer 6a;192004;192003.953117;um2;694;5424;5424;um2;0.028249;;;;;;;;;;;;;;
598;Ventral auditory area, layer 6b;29947;29947.248680;um2;80;630;630;um2;0.021037;;;;;;;;;;;;;;
669;Visual areas;0;0;um2;0;0;0;um2;0;;;;;;;;;;;;;;
801;Visual areas, layer 1;0;0;um2;0;0;0;um2;0;;;;;;;;;;;;;;
561;Visual areas, layer 2/3;0;0;um2;0;0;0;um2;0;;;;;;;;;;;;;;
913;Visual areas, layer 4;0;0;um2;0;0;0;um2;0;;;;;;;;;;;;;;
937;Visual areas, layer 5;0;0;um2;0;0;0;um2;0;;;;;;;;;;;;;;
457;Visual areas, layer 6a;0;0;um2;0;0;0;um2;0;;;;;;;;;;;;;;
497;Visual areas, layer 6b;0;0;um2;0;0;0;um2;0;;;;;;;;;;;;;;
402;Anterolateral visual area;0;0;um2;0;0;0;um2;0;;;;;;;;;;;;;;
1074;Anterolateral visual area, layer 1;81273;81272.929710;um2;88;628;628;um2;0.007727;;;;;;;;;;;;;;
905;Anterolateral visual area, layer 2/3;143993;143993.312225;um2;580;4567;4567;um2;0.031717;;;;;;;;;;;;;;
1114;Anterolateral visual area, layer 4;79350;79350.038162;um2;390;3205;3205;um2;0.040391;;;;;;;;;;;;;;
233;Anterolateral visual area, layer 5;162733;162733.368042;um2;620;5099;5099;um2;0.031333;;;;;;;;;;;;;;
601;Anterolateral visual area, layer 6a;97470;97469.756042;um2;458;3955;3955;um2;0.040577;;;;;;;;;;;;;;
649;Anterolateral visual area, layer 6b;19725;19725.395393;um2;88;661;661;um2;0.033510;;;;;;;;;;;;;;
394;Anteromedial visual area;0;0;um2;0;0;0;um2;0;;;;;;;;;;;;;;
281;Anteromedial visual area, layer 1;90334;90334.455795;um2;43;291;291;um2;0.003221;;;;;;;;;;;;;;
1066;Anteromedial visual area, layer 2/3;166377;166376.996658;um2;580;5222;5222;um2;0.031387;;;;;;;;;;;;;;
401;Anteromedial visual area, layer 4;50798;50797.985840;um2;210;1776;1776;um2;0.034962;;;;;;;;;;;;;;
433;Anteromedial visual area, layer 5;185748;185748.091583;um2;850;6889;6889;um2;0.037088;;;;;;;;;;;;;;
1046;Anteromedial visual area, layer 6a;109214;109214.085358;um2;438;3525;3525;um2;0.032276;;;;;;;;;;;;;;
441;Anteromedial visual area, layer 6b;19193;19192.510704;um2;52;330;330;um2;0.017194;;;;;;;;;;;;;;
409;Lateral visual area;0;0;um2;0;0;0;um2;0;;;;;;;;;;;;;;
421;Lateral visual area, layer 1;0;0;um2;0;0;0;um2;0;;;;;;;;;;;;;;
973;Lateral visual area, layer 2/3;0;0;um2;0;0;0;um2;0;;;;;;;;;;;;;;
573;Lateral visual area, layer 4;0;0;um2;0;0;0;um2;0;;;;;;;;;;;;;;
613;Lateral visual area, layer 5;0;0;um2;0;0;0;um2;0;;;;;;;;;;;;;;
74;Lateral visual area, layer 6a;902;902.359657;um2;4;41;41;um2;0.045436;;;;;;;;;;;;;;
121;Lateral visual area, layer 6b;0;0;um2;0;0;0;um2;0;;;;;;;;;;;;;;
385;Primary visual area;0;0;um2;0;0;0;um2;0;;;;;;;;;;;;;;
593;Primary visual area, layer 1;205434;205434.078003;um2;431;3454;3454;um2;0.016813;;;;;;;;;;;;;;
821;Primary visual area, layer 2/3;332029;332029.004967;um2;1641;13540;13540;um2;0.040780;;;;;;;;;;;;;;
721;Primary visual area, layer 4;184446;184445.984001;um2;1008;7707;7707;um2;0.041785;;;;;;;;;;;;;;
778;Primary visual area, layer 5;293337;293337.074402;um2;1275;10399;10399;um2;0.035451;;;;;;;;;;;;;;
33;Primary visual area, layer 6a;197822;197822.306770;um2;999;8123;8123;um2;0.041062;;;;;;;;;;;;;;
305;Primary visual area, layer 6b;40278;40277.893143;um2;118;681;681;um2;0.016908;;;;;;;;;;;;;;
425;Posterolateral visual area;0;0;um2;0;0;0;um2;0;;;;;;;;;;;;;;
750;Posterolateral visual area, layer 1;0;0;um2;0;0;0;um2;0;;;;;;;;;;;;;;
269;Posterolateral visual area, layer 2/3;0;0;um2;0;0;0;um2;0;;;;;;;;;;;;;;
869;Posterolateral visual area, layer 4;0;0;um2;0;0;0;um2;0;;;;;;;;;;;;;;
902;Posterolateral visual area, layer 5;0;0;um2;0;0;0;um2;0;;;;;;;;;;;;;;
377;Posterolateral visual area, layer 6a;0;0;um2;0;0;0;um2;0;;;;;;;;;;;;;;
393;Posterolateral visual area, layer 6b;0;0;um2;0;0;0;um2;0;;;;;;;;;;;;;;
533;posteromedial visual area;0;0;um2;0;0;0;um2;0;;;;;;;;;;;;;;
805;posteromedial visual area, layer 1;103019;103019.357887;um2;93;730;730;um2;0.007086;;;;;;;;;;;;;;
41;posteromedial visual area, layer 2/3;173039;173039.143883;um2;662;5964;5964;um2;0.034466;;;;;;;;;;;;;;
501;posteromedial visual area, layer 4;62632;62632.234161;um2;297;2373;2373;um2;0.037888;;;;;;;;;;;;;;
565;posteromedial visual area, layer 5;173680;173680.493904;um2;706;6127;6127;um2;0.035277;;;;;;;;;;;;;;
257;posteromedial visual area, layer 6a;101965;101964.863495;um2;351;2854;2854;um2;0.027990;;;;;;;;;;;;;;
469;posteromedial visual area, layer 6b;20134;20133.511063;um2;30;191;191;um2;0.009487;;;;;;;;;;;;;;
312782574;Laterointermediate area;0;0;um2;0;0;0;um2;0;;;;;;;;;;;;;;
312782578;Laterointermediate area, layer 1;0;0;um2;0;0;0;um2;0;;;;;;;;;;;;;;
312782582;Laterointermediate area, layer 2/3;0;0;um2;0;0;0;um2;0;;;;;;;;;;;;;;
312782586;Laterointermediate area, layer 4;0;0;um2;0;0;0;um2;0;;;;;;;;;;;;;;
312782590;Laterointermediate area, layer 5;0;0;um2;0;0;0;um2;0;;;;;;;;;;;;;;
312782594;Laterointermediate area, layer 6a;0;0;um2;0;0;0;um2;0;;;;;;;;;;;;;;
312782598;Laterointermediate area, layer 6b;0;0;um2;0;0;0;um2;0;;;;;;;;;;;;;;
312782628;Postrhinal area;0;0;um2;0;0;0;um2;0;;;;;;;;;;;;;;
312782632;Postrhinal area, layer 1;0;0;um2;0;0;0;um2;0;;;;;;;;;;;;;;
312782636;Postrhinal area, layer 2/3;0;0;um2;0;0;0;um2;0;;;;;;;;;;;;;;
312782640;Postrhinal area, layer 4;0;0;um2;0;0;0;um2;0;;;;;;;;;;;;;;
312782644;Postrhinal area, layer 5;0;0;um2;0;0;0;um2;0;;;;;;;;;;;;;;
312782648;Postrhinal area, layer 6a;0;0;um2;0;0;0;um2;0;;;;;;;;;;;;;;
312782652;Postrhinal area, layer 6b;0;0;um2;0;0;0;um2;0;;;;;;;;;;;;;;
31;Anterior cingulate area;0;0;um2;0;0;0;um2;0;;;;;;;;;;;;;;
572;Anterior cingulate area, layer 1;0;0;um2;0;0;0;um2;0;;;;;;;;;;;;;;
1053;Anterior cingulate area, layer 2/3;0;0;um2;0;0;0;um2;0;;;;;;;;;;;;;;
739;Anterior cingulate area, layer 5;0;0;um2;0;0;0;um2;0;;;;;;;;;;;;;;
179;Anterior cingulate area, layer 6a;0;0;um2;0;0;0;um2;0;;;;;;;;;;;;;;
227;Anterior cingulate area, layer 6b;0;0;um2;0;0;0;um2;0;;;;;;;;;;;;;;
39;Anterior cingulate area, dorsal part;0;0;um2;0;0;0;um2;0;;;;;;;;;;;;;;
935;Anterior cingulate area, dorsal part, layer 1;882159;882158.754669;um2;668;4626;4626;um2;0.005244;;;;;;;;;;;;;;
211;Anterior cingulate area, dorsal part, layer 2/3;903550;903549.995377;um2;2163;20058;20058;um2;0.022199;;;;;;;;;;;;;;
1015;Anterior cingulate area, dorsal part, layer 5;1858886;1858886.343422;um2;5365;54813;54813;um2;0.029487;;;;;;;;;;;;;;
919;Anterior cingulate area, dorsal part, layer 6a;1064033;1064032.840858;um2;4016;41918;41918;um2;0.039395;;;;;;;;;;;;;;
927;Anterior cingulate area, dorsal part, layer 6b;29194;29194.472473;um2;115;970;970;um2;0.033225;;;;;;;;;;;;;;
48;Anterior cingulate area, ventral part;0;0;um2;0;0;0;um2;0;;;;;;;;;;;;;;
588;Anterior cingulate area, ventral part, layer 1;678126;678125.553017;um2;1038;8240;8240;um2;0.012151;;;;;;;;;;;;;;
296;Anterior cingulate area, ventral part, layer 2/3;705695;705694.945557;um2;2221;22590;22590;um2;0.032011;;;;;;;;;;;;;;
772;Anterior cingulate area, ventral part, layer 5;1439079;1439078.687889;um2;4967;51138;51138;um2;0.035535;;;;;;;;;;;;;;
810;Anterior cingulate area, ventral part, 6a;500584;500583.995819;um2;1857;17171;17171;um2;0.034302;;;;;;;;;;;;;;
819;Anterior cingulate area, ventral part, 6b;85428;85427.917480;um2;125;1050;1050;um2;0.012291;;;;;;;;;;;;;;
972;Prelimbic area;0;0;um2;0;0;0;um2;0;;;;;;;;;;;;;;
171;Prelimbic area, layer 1;511760;511759.887466;um2;467;4168;4168;um2;0.008144;;;;;;;;;;;;;;
195;Prelimbic area, layer 2;0;0;um2;0;0;0;um2;0;;;;;;;;;;;;;;
304;Prelimbic area, layer 2/3;441004;441003.754608;um2;895;9568;9568;um2;0.021696;;;;;;;;;;;;;;
363;Prelimbic area, layer 5;1206293;1206292.984863;um2;2643;29763;29763;um2;0.024673;;;;;;;;;;;;;;
84;Prelimbic area, layer 6a;863220;863219.714996;um2;2411;29554;29554;um2;0.034237;;;;;;;;;;;;;;
132;Prelimbic area, layer 6b;38853;38853.219589;um2;89;908;908;um2;0.023370;;;;;;;;;;;;;;
44;Infralimbic area;0;0;um2;0;0;0;um2;0;;;;;;;;;;;;;;
707;Infralimbic area, layer 1;331316;331315.611389;um2;348;2308;2308;um2;0.006966;;;;;;;;;;;;;;
747;Infralimbic area, layer 2;0;0;um2;0;0;0;um2;0;;;;;;;;;;;;;;
556;Infralimbic area, layer 2/3;313170;313170.354065;um2;622;5956;5956;um2;0.019018;;;;;;;;;;;;;;
827;Infralimbic area, layer 5;704120;704119.915848;um2;1985;23241;23241;um2;0.033007;;;;;;;;;;;;;;
1054;Infralimbic area, layer 6a;460167;460166.536621;um2;1475;17944;17944;um2;0.038995;;;;;;;;;;;;;;
1081;Infralimbic area, layer 6b;20489;20488.561249;um2;57;761;761;um2;0.037143;;;;;;;;;;;;;;
714;Orbital area;0;0;um2;0;0;0;um2;0;;;;;;;;;;;;;;
264;Orbital area, layer 1;0;0;um2;0;0;0;um2;0;;;;;;;;;;;;;;
492;Orbital area, layer 2/3;0;0;um2;0;0;0;um2;0;;;;;;;;;;;;;;
352;Orbital area, layer 5;0;0;um2;0;0;0;um2;0;;;;;;;;;;;;;;
476;Orbital area, layer 6a;0;0;um2;0;0;0;um2;0;;;;;;;;;;;;;;
516;Orbital area, layer 6b;0;0;um2;0;0;0;um2;0;;;;;;;;;;;;;;
723;Orbital area, lateral part;0;0;um2;0;0;0;um2;0;;;;;;;;;;;;;;
448;Orbital area, lateral part, layer 1;119837;119837.304703;um2;46;294;294;um2;0.002453;;;;;;;;;;;;;;
412;Orbital area, lateral part, layer 2/3;571649;571649.406906;um2;1223;14174;14174;um2;0.024795;;;;;;;;;;;;;;
630;Orbital area, lateral part, layer 5;1745837;1745836.634064;um2;5630;66489;66489;um2;0.038084;;;;;;;;;;;;;;
440;Orbital area, lateral part, layer 6a;987913;987912.595428;um2;4089;55448;55448;um2;0.056126;;;;;;;;;;;;;;
488;Orbital area, lateral part, layer 6b;114831;114831.038956;um2;315;3557;3557;um2;0.030976;;;;;;;;;;;;;;
731;Orbital area, medial part;0;0;um2;0;0;0;um2;0;;;;;;;;;;;;;;
484;Orbital area, medial part, layer 1;139754;139753.865601;um2;98;614;614;um2;0.004393;;;;;;;;;;;;;;
524;Orbital area, medial part, layer 2;0;0;um2;0;0;0;um2;0;;;;;;;;;;;;;;
582;Orbital area, medial part, layer 2/3;187899;187899.327805;um2;333;3766;3766;um2;0.020043;;;;;;;;;;;;;;
620;Orbital area, medial part, layer 5;433928;433927.749069;um2;1186;14253;14253;um2;0.032846;;;;;;;;;;;;;;
910;Orbital area, medial part, layer 6a;360541;360540.846207;um2;1190;14888;14888;um2;0.041294;;;;;;;;;;;;;;
527696977;Orbital area, medial part, layer 6b;6000;5999.598923;um2;20;198;198;um2;0.033002;;;;;;;;;;;;;;
738;Orbital area, ventral part;0;0;um2;0;0;0;um2;0;;;;;;;;;;;;;;
746;Orbital area, ventrolateral part;0;0;um2;0;0;0;um2;0;;;;;;;;;;;;;;
969;Orbital area, ventrolateral part, layer 1;8850;8849.571838;um2;11;129;129;um2;0.014577;;;;;;;;;;;;;;
288;Orbital area, ventrolateral part, layer 2/3;278190;278190.304565;um2;667;8047;8047;um2;0.028926;;;;;;;;;;;;;;
1125;Orbital area, ventrolateral part, layer 5;480464;480463.782608;um2;1644;20094;20094;um2;0.041822;;;;;;;;;;;;;;
608;Orbital area, ventrolateral part, layer 6a;428612;428611.793396;um2;1775;23854;23854;um2;0.055654;;;;;;;;;;;;;;
680;Orbital area, ventrolateral part, layer 6b;30933;30932.564713;um2;108;1442;1442;um2;0.046618;;;;;;;;;;;;;;
95;Agranular insular area;0;0;um2;0;0;0;um2;0;;;;;;;;;;;;;;
104;Agranular insular area, dorsal part;0;0;um2;0;0;0;um2;0;;;;;;;;;;;;;;
996;Agranular insular area, dorsal part, layer 1;524670;524670.389290;um2;81;647;647;um2;0.001233;;;;;;;;;;;;;;
328;Agranular insular area, dorsal part, layer 2/3;1236295;1236294.875664;um2;2204;21202;21202;um2;0.017150;;;;;;;;;;;;;;
1101;Agranular insular area, dorsal part, layer 5;2489597;2489597.254105;um2;5812;60355;60355;um2;0.024243;;;;;;;;;;;;;;
783;Agranular insular area, dorsal part, layer 6a;1511759;1511759.327446;um2;4985;60654;60654;um2;0.040121;;;;;;;;;;;;;;
831;Agranular insular area, dorsal part, layer 6b;108767;108766.711853;um2;181;1695;1695;um2;0.015584;;;;;;;;;;;;;;
111;Agranular insular area, posterior part;0;0;um2;0;0;0;um2;0;;;;;;;;;;;;;;
120;Agranular insular area, posterior part, layer 1;406413;406413.399300;um2;167;996;996;um2;0.002451;;;;;;;;;;;;;;
163;Agranular insular area, posterior part, layer 2/3;761823;761823.474800;um2;2290;20772;20772;um2;0.027266;;;;;;;;;;;;;;
344;Agranular insular area, posterior part, layer 5;726639;726638.900986;um2;2206;19499;19499;um2;0.026835;;;;;;;;;;;;;;
314;Agranular insular area, posterior part, layer 6a;389355;389355.404533;um2;1142;10126;10126;um2;0.026007;;;;;;;;;;;;;;
355;Agranular insular area, posterior part, layer 6b;17319;17318.980652;um2;30;187;187;um2;0.010797;;;;;;;;;;;;;;
119;Agranular insular area, ventral part;0;0;um2;0;0;0;um2;0;;;;;;;;;;;;;;
704;Agranular insular area, ventral part, layer 1;535201;535201.210602;um2;225;2014;2014;um2;0.003763;;;;;;;;;;;;;;
694;Agranular insular area, ventral part, layer 2/3;1253609;1253608.771019;um2;2487;28794;28794;um2;0.022969;;;;;;;;;;;;;;
800;Agranular insular area, ventral part, layer 5;1522998;1522997.944649;um2;3938;44834;44834;um2;0.029438;;;;;;;;;;;;;;
675;Agranular insular area, ventral part, layer 6a;328343;328343.363770;um2;1170;15662;15662;um2;0.047700;;;;;;;;;;;;;;
699;Agranular insular area, ventral part, layer 6b;6823;6823.266617;um2;16;259;259;um2;0.037958;;;;;;;;;;;;;;
254;Retrosplenial area;0;0;um2;0;0;0;um2;0;;;;;;;;;;;;;;
894;Retrosplenial area, lateral agranular part;0;0;um2;0;0;0;um2;0;;;;;;;;;;;;;;
671;Retrosplenial area, lateral agranular part, layer 1;187458;187458.495674;um2;60;332;332;um2;0.001771;;;;;;;;;;;;;;
965;Retrosplenial area, lateral agranular part, layer 2/3;315718;315718.344513;um2;854;6379;6379;um2;0.020205;;;;;;;;;;;;;;
774;Retrosplenial area, lateral agranular part, layer 5;382673;382673.434875;um2;1198;9176;9176;um2;0.023979;;;;;;;;;;;;;;
906;Retrosplenial area, lateral agranular part, layer 6a;226687;226687.166748;um2;911;6787;6787;um2;0.029940;;;;;;;;;;;;;;
279;Retrosplenial area, lateral agranular part, layer 6b;28662;28662.060600;um2;118;901;901;um2;0.031435;;;;;;;;;;;;;;
480149258;Mediomedial anterior visual area;0;0;um2;0;0;0;um2;0;;;;;;;;;;;;;;
480149262;Mediomedial anterior visual area, layer 1;0;0;um2;0;0;0;um2;0;;;;;;;;;;;;;;
480149266;Mediomedial anterior visual area, layer 2/3;0;0;um2;0;0;0;um2;0;;;;;;;;;;;;;;
480149270;Mediomedial anterior visual area, layer 4;0;0;um2;0;0;0;um2;0;;;;;;;;;;;;;;
480149274;Mediomedial anterior visual area,layer 5;0;0;um2;0;0;0;um2;0;;;;;;;;;;;;;;
480149278;Mediomedial anterior visual area, layer 6a;0;0;um2;0;0;0;um2;0;;;;;;;;;;;;;;
480149282;Mediomedial anterior visual area, layer 6b;0;0;um2;0;0;0;um2;0;;;;;;;;;;;;;;
480149286;Mediomedial posterior visual area;0;0;um2;0;0;0;um2;0;;;;;;;;;;;;;;
480149290;Mediomedial posterior visual area, layer 1;0;0;um2;0;0;0;um2;0;;;;;;;;;;;;;;
480149294;Mediomedial posterior visual area, layer 2/3;0;0;um2;0;0;0;um2;0;;;;;;;;;;;;;;
480149298;Mediomedial posterior visual area, layer 4;0;0;um2;0;0;0;um2;0;;;;;;;;;;;;;;
480149302;Mediomedial posterior visual area,layer 5;0;0;um2;0;0;0;um2;0;;;;;;;;;;;;;;
480149306;Mediomedial posterior visual area, layer 6a;0;0;um2;0;0;0;um2;0;;;;;;;;;;;;;;
480149310;Mediomedial posterior visual area, layer 6b;0;0;um2;0;0;0;um2;0;;;;;;;;;;;;;;
480149314;Medial visual area;0;0;um2;0;0;0;um2;0;;;;;;;;;;;;;;
480149318;Medial visual area, layer 1;0;0;um2;0;0;0;um2;0;;;;;;;;;;;;;;
480149322;Medial visual area, layer 2/3;0;0;um2;0;0;0;um2;0;;;;;;;;;;;;;;
480149326;Medial visual area, layer 4;0;0;um2;0;0;0;um2;0;;;;;;;;;;;;;;
480149330;Medial visual area,layer 5;0;0;um2;0;0;0;um2;0;;;;;;;;;;;;;;
480149334;Medial visual area, layer 6a;0;0;um2;0;0;0;um2;0;;;;;;;;;;;;;;
480149338;Medial visual area, layer 6b;0;0;um2;0;0;0;um2;0;;;;;;;;;;;;;;
879;Retrosplenial area, dorsal part;0;0;um2;0;0;0;um2;0;;;;;;;;;;;;;;
442;Retrosplenial area, dorsal part, layer 1;370139;370139.152954;um2;74;362;362;um2;0.000978;;;;;;;;;;;;;;
434;Retrosplenial area, dorsal part, layer 2/3;548384;548383.822090;um2;1159;7117;7117;um2;0.012978;;;;;;;;;;;;;;
545;Retrosplenial area, dorsal part, layer 4;0;0;um2;0;0;0;um2;0;;;;;;;;;;;;;;
610;Retrosplenial area, dorsal part, layer 5;687261;687260.551575;um2;1480;9558;9558;um2;0.013907;;;;;;;;;;;;;;
274;Retrosplenial area, dorsal part, layer 6a;461250;461249.828140;um2;1421;9683;9683;um2;0.020993;;;;;;;;;;;;;;
330;Retrosplenial area, dorsal part, layer 6b;26061;26061.263359;um2;62;409;409;um2;0.015694;;;;;;;;;;;;;;
886;Retrosplenial area, ventral part;0;0;um2;0;0;0;um2;0;;;;;;;;;;;;;;
542;Retrosplenial area, ventral part, layer 1;594239;594238.948654;um2;663;4154;4154;um2;0.006990;;;;;;;;;;;;;;
606;Retrosplenial area, ventral part, layer 2;0;0;um2;0;0;0;um2;0;;;;;;;;;;;;;;
430;Retrosplenial area, ventral part, layer 2/3;672892;672892.386589;um2;1562;9807;9807;um2;0.014574;;;;;;;;;;;;;;
687;Retrosplenial area, ventral part, layer 5;1150244;1150244.281807;um2;2444;16143;16143;um2;0.014034;;;;;;;;;;;;;;
590;Retrosplenial area, ventral part, layer 6a;456982;456981.535072;um2;1161;7991;7991;um2;0.017486;;;;;;;;;;;;;;
622;Retrosplenial area, ventral part, layer 6b;42572;42571.593918;um2;99;669;669;um2;0.015715;;;;;;;;;;;;;;
22;Posterior parietal association areas;0;0;um2;0;0;0;um2;0;;;;;;;;;;;;;;
532;Posterior parietal association areas, layer 1;0;0;um2;0;0;0;um2;0;;;;;;;;;;;;;;
241;Posterior parietal association areas, layer 2/3;0;0;um2;0;0;0;um2;0;;;;;;;;;;;;;;
635;Posterior parietal association areas, layer 4;0;0;um2;0;0;0;um2;0;;;;;;;;;;;;;;
683;Posterior parietal association areas, layer 5;0;0;um2;0;0;0;um2;0;;;;;;;;;;;;;;
308;Posterior parietal association areas, layer 6a;0;0;um2;0;0;0;um2;0;;;;;;;;;;;;;;
340;Posterior parietal association areas, layer 6b;0;0;um2;0;0;0;um2;0;;;;;;;;;;;;;;
312782546;Anterior area;0;0;um2;0;0;0;um2;0;;;;;;;;;;;;;;
312782550;Anterior area, layer 1;214192;214192.298859;um2;289;2211;2211;um2;0.010322;;;;;;;;;;;;;;
312782554;Anterior area, layer 2/3;410084;410084.051018;um2;1336;9493;9493;um2;0.023149;;;;;;;;;;;;;;
312782558;Anterior area, layer 4;150911;150911.204880;um2;527;3557;3557;um2;0.023570;;;;;;;;;;;;;;
312782562;Anterior area, layer 5;338029;338028.897240;um2;1005;7015;7015;um2;0.020753;;;;;;;;;;;;;;
312782566;Anterior area, layer 6a;208865;208865.291885;um2;786;5884;5884;um2;0.028171;;;;;;;;;;;;;;
312782570;Anterior area, layer 6b;36563;36563.173073;um2;125;671;671;um2;0.018352;;;;;;;;;;;;;;
417;Rostrolateral visual area;0;0;um2;0;0;0;um2;0;;;;;;;;;;;;;;
312782604;Rostrolateral area, layer 1;130990;130989.924011;um2;238;2028;2028;um2;0.015482;;;;;;;;;;;;;;
312782608;Rostrolateral area, layer 2/3;217520;217520.285049;um2;1019;8418;8418;um2;0.038700;;;;;;;;;;;;;;
312782612;Rostrolateral area, layer 4;112556;112555.504662;um2;566;4267;4267;um2;0.037910;;;;;;;;;;;;;;
312782616;Rostrolateral area, layer 5;188529;188529.279167;um2;748;6212;6212;um2;0.032950;;;;;;;;;;;;;;
312782620;Rostrolateral area, layer 6a;116195;116195.111168;um2;642;5168;5168;um2;0.044477;;;;;;;;;;;;;;
312782624;Rostrolateral area, layer 6b;22916;22916.047974;um2;88;588;588;um2;0.025659;;;;;;;;;;;;;;
541;Temporal association areas;0;0;um2;0;0;0;um2;0;;;;;;;;;;;;;;
97;Temporal association areas, layer 1;196204;196204.145378;um2;97;623;623;um2;0.003175;;;;;;;;;;;;;;
1127;Temporal association areas, layer 2/3;283087;283087.197777;um2;451;3512;3512;um2;0.012406;;;;;;;;;;;;;;
234;Temporal association areas, layer 4;107809;107809.434639;um2;182;1231;1231;um2;0.011418;;;;;;;;;;;;;;
289;Temporal association areas, layer 5;374111;374110.943130;um2;800;6209;6209;um2;0.016597;;;;;;;;;;;;;;
729;Temporal association areas, layer 6a;245579;245578.679680;um2;856;7497;7497;um2;0.030528;;;;;;;;;;;;;;
786;Temporal association areas, layer 6b;31158;31158.210289;um2;83;743;743;um2;0.023846;;;;;;;;;;;;;;
922;Perirhinal area;0;0;um2;0;0;0;um2;0;;;;;;;;;;;;;;
540;Perirhinal area, layer 1;114009;114008.970795;um2;48;305;305;um2;0.002675;;;;;;;;;;;;;;
888;Perirhinal area, layer 2/3;158398;158397.790352;um2;434;3430;3430;um2;0.021654;;;;;;;;;;;;;;
692;Perirhinal area, layer 5;71453;71453.481804;um2;212;1948;1948;um2;0.027262;;;;;;;;;;;;;;
335;Perirhinal area, layer 6a;8994;8994.382317;um2;33;291;291;um2;0.032354;;;;;;;;;;;;;;
368;Perirhinal area, layer 6b;1009;1008.735573;um2;1;2;2;um2;0.001983;;;;;;;;;;;;;;
895;Ectorhinal area;0;0;um2;0;0;0;um2;0;;;;;;;;;;;;;;
836;Ectorhinal area/Layer 1;143268;143267.516106;um2;115;754;754;um2;0.005263;;;;;;;;;;;;;;
427;Ectorhinal area/Layer 2/3;265571;265570.853752;um2;660;5701;5701;um2;0.021467;;;;;;;;;;;;;;
988;Ectorhinal area/Layer 5;303824;303823.709526;um2;951;8625;8625;um2;0.028388;;;;;;;;;;;;;;
977;Ectorhinal area/Layer 6a;235193;235193.259621;um2;1059;10117;10117;um2;0.043016;;;;;;;;;;;;;;
1045;Ectorhinal area/Layer 6b;31828;31828.299339;um2;59;509;509;um2;0.015992;;;;;;;;;;;;;;
698;Olfactory areas;3522399;3522399.247643;um2;7991;96418;96418;um2;0.027373;;;;;;;;;;;;;;
507;Main olfactory bulb;0;0;um2;0;0;0;um2;0;;;;;;;;;;;;;;
212;Main olfactory bulb, glomerular layer;0;0;um2;0;0;0;um2;0;;;;;;;;;;;;;;
220;Main olfactory bulb, granule layer;0;0;um2;0;0;0;um2;0;;;;;;;;;;;;;;
228;Main olfactory bulb, inner plexiform layer;0;0;um2;0;0;0;um2;0;;;;;;;;;;;;;;
236;Main olfactory bulb, mitral layer;0;0;um2;0;0;0;um2;0;;;;;;;;;;;;;;
244;Main olfactory bulb, outer plexiform layer;0;0;um2;0;0;0;um2;0;;;;;;;;;;;;;;
151;Accessory olfactory bulb;0;0;um2;0;0;0;um2;0;;;;;;;;;;;;;;
188;Accessory olfactory bulb, glomerular layer;0;0;um2;0;0;0;um2;0;;;;;;;;;;;;;;
196;Accessory olfactory bulb, granular layer;0;0;um2;0;0;0;um2;0;;;;;;;;;;;;;;
204;Accessory olfactory bulb, mitral layer;0;0;um2;0;0;0;um2;0;;;;;;;;;;;;;;
159;Anterior olfactory nucleus;4271955;4271955.224380;um2;11317;147576;147576;um2;0.034545;;;;;;;;;;;;;;
167;Anterior olfactory nucleus, dorsal part;0;0;um2;0;0;0;um2;0;;;;;;;;;;;;;;
175;Anterior olfactory nucleus, external part;0;0;um2;0;0;0;um2;0;;;;;;;;;;;;;;
183;Anterior olfactory nucleus, lateral part;0;0;um2;0;0;0;um2;0;;;;;;;;;;;;;;
191;Anterior olfactory nucleus, medial part;0;0;um2;0;0;0;um2;0;;;;;;;;;;;;;;
199;Anterior olfactory nucleus, posteroventral part;0;0;um2;0;0;0;um2;0;;;;;;;;;;;;;;
160;Anterior olfactory nucleus, layer 1;0;0;um2;0;0;0;um2;0;;;;;;;;;;;;;;
168;Anterior olfactory nucleus, layer 2;0;0;um2;0;0;0;um2;0;;;;;;;;;;;;;;
589;Taenia tecta;0;0;um2;0;0;0;um2;0;;;;;;;;;;;;;;
597;Taenia tecta, dorsal part;1462024;1462023.979813;um2;3511;45803;45803;um2;0.031328;;;;;;;;;;;;;;
297;Taenia tecta, dorsal part, layers 1-4;0;0;um2;0;0;0;um2;0;;;;;;;;;;;;;;
1034;Taenia tecta, dorsal part, layer 1;0;0;um2;0;0;0;um2;0;;;;;;;;;;;;;;
1042;Taenia tecta, dorsal part, layer 2;0;0;um2;0;0;0;um2;0;;;;;;;;;;;;;;
1050;Taenia tecta, dorsal part, layer 3;0;0;um2;0;0;0;um2;0;;;;;;;;;;;;;;
1059;Taenia tecta, dorsal part, layer 4;0;0;um2;0;0;0;um2;0;;;;;;;;;;;;;;
605;Taenia tecta, ventral part;1215270;1215270.013351;um2;1637;20178;20178;um2;0.016604;;;;;;;;;;;;;;
306;Taenia tecta, ventral part, layers 1-3;0;0;um2;0;0;0;um2;0;;;;;;;;;;;;;;
1067;Taenia tecta, ventral part, layer 1;0;0;um2;0;0;0;um2;0;;;;;;;;;;;;;;
1075;Taenia tecta, ventral part, layer 2;0;0;um2;0;0;0;um2;0;;;;;;;;;;;;;;
1082;Taenia tecta, ventral part, layer 3;0;0;um2;0;0;0;um2;0;;;;;;;;;;;;;;
814;Dorsal peduncular area;1173366;1173365.772064;um2;3305;42772;42772;um2;0.036452;;;;;;;;;;;;;;
496;Dorsal peduncular area, layer 1;0;0;um2;0;0;0;um2;0;;;;;;;;;;;;;;
535;Dorsal peduncular area, layer 2;0;0;um2;0;0;0;um2;0;;;;;;;;;;;;;;
360;Dorsal peduncular area, layer 2/3;0;0;um2;0;0;0;um2;0;;;;;;;;;;;;;;
646;Dorsal peduncular area, layer 5;0;0;um2;0;0;0;um2;0;;;;;;;;;;;;;;
267;Dorsal peduncular area, layer 6a;0;0;um2;0;0;0;um2;0;;;;;;;;;;;;;;
961;Piriform area;13842934;13842933.883530;um2;35919;417039;417039;um2;0.030126;;;;;;;;;;;;;;
152;Piriform area, layers 1-3;0;0;um2;0;0;0;um2;0;;;;;;;;;;;;;;
276;Piriform area, molecular layer;0;0;um2;0;0;0;um2;0;;;;;;;;;;;;;;
284;Piriform area, pyramidal layer;0;0;um2;0;0;0;um2;0;;;;;;;;;;;;;;
291;Piriform area, polymorph layer;0;0;um2;0;0;0;um2;0;;;;;;;;;;;;;;
619;Nucleus of the lateral olfactory tract;0;0;um2;0;0;0;um2;0;;;;;;;;;;;;;;
392;Nucleus of the lateral olfactory tract, layers 1-3;0;0;um2;0;0;0;um2;0;;;;;;;;;;;;;;
260;Nucleus of the lateral olfactory tract, molecular layer;84459;84458.503441;um2;141;1191;1191;um2;0.014102;;;;;;;;;;;;;;
268;Nucleus of the lateral olfactory tract, pyramidal layer;102624;102624.280609;um2;440;3977;3977;um2;0.038753;;;;;;;;;;;;;;
1139;Nucleus of the lateral olfactory tract, layer 3;38696;38696.125259;um2;120;1047;1047;um2;0.027057;;;;;;;;;;;;;;
631;Cortical amygdalar area;0;0;um2;0;0;0;um2;0;;;;;;;;;;;;;;
639;Cortical amygdalar area, anterior part;615704;615704.462608;um2;1930;17828;17828;um2;0.028955;;;;;;;;;;;;;;
192;Cortical amygdalar area, anterior part, layer 1;0;0;um2;0;0;0;um2;0;;;;;;;;;;;;;;
200;Cortical amygdalar area, anterior part, layer 2;0;0;um2;0;0;0;um2;0;;;;;;;;;;;;;;
208;Cortical amygdalar area, anterior part, layer 3;0;0;um2;0;0;0;um2;0;;;;;;;;;;;;;;
647;Cortical amygdalar area, posterior part;0;0;um2;0;0;0;um2;0;;;;;;;;;;;;;;
655;Cortical amygdalar area, posterior part, lateral zone;949418;949417.663216;um2;1167;9738;9738;um2;0.010257;;;;;;;;;;;;;;
584;Cortical amygdalar area, posterior part, lateral zone, layers 1-2;0;0;um2;0;0;0;um2;0;;;;;;;;;;;;;;
376;Cortical amygdalar area, posterior part, lateral zone, layers 1-3;0;0;um2;0;0;0;um2;0;;;;;;;;;;;;;;
216;Cortical amygdalar area, posterior part, lateral zone, layer 1;0;0;um2;0;0;0;um2;0;;;;;;;;;;;;;;
224;Cortical amygdalar area, posterior part, lateral zone, layer 2;0;0;um2;0;0;0;um2;0;;;;;;;;;;;;;;
232;Cortical amygdalar area, posterior part, lateral zone, layer 3;0;0;um2;0;0;0;um2;0;;;;;;;;;;;;;;
663;Cortical amygdalar area, posterior part, medial zone;822558;822558.170158;um2;1117;8857;8857;um2;0.010768;;;;;;;;;;;;;;
592;Cortical amygdalar area, posterior part, medial zone, layers 1-2;0;0;um2;0;0;0;um2;0;;;;;;;;;;;;;;
383;Cortical amygdalar area, posterior part, medial zone, layers 1-3;0;0;um2;0;0;0;um2;0;;;;;;;;;;;;;;
240;Cortical amygdalar area, posterior part, medial zone, layer 1;0;0;um2;0;0;0;um2;0;;;;;;;;;;;;;;
248;Cortical amygdalar area, posterior part, medial zone, layer 2;0;0;um2;0;0;0;um2;0;;;;;;;;;;;;;;
256;Cortical amygdalar area, posterior part, medial zone, layer 3;0;0;um2;0;0;0;um2;0;;;;;;;;;;;;;;
788;Piriform-amygdalar area;996365;996365.062943;um2;2308;24021;24021;um2;0.024109;;;;;;;;;;;;;;
400;Piriform-amygdalar area, layers 1-3;0;0;um2;0;0;0;um2;0;;;;;;;;;;;;;;
408;Piriform-amygdalar area, molecular layer;0;0;um2;0;0;0;um2;0;;;;;;;;;;;;;;
416;Piriform-amygdalar area, pyramidal layer;0;0;um2;0;0;0;um2;0;;;;;;;;;;;;;;
424;Piriform-amygdalar area, polymorph layer;0;0;um2;0;0;0;um2;0;;;;;;;;;;;;;;
566;Postpiriform transition area;405068;405068.133408;um2;555;4567;4567;um2;0.011275;;;;;;;;;;;;;;
517;Postpiriform transition area, layers 1-3;0;0;um2;0;0;0;um2;0;;;;;;;;;;;;;;
1140;Postpiriform transition area, layers 1;0;0;um2;0;0;0;um2;0;;;;;;;;;;;;;;
1141;Postpiriform transition area, layers 2;0;0;um2;0;0;0;um2;0;;;;;;;;;;;;;;
1142;Postpiriform transition area, layers 3;0;0;um2;0;0;0;um2;0;;;;;;;;;;;;;;
1089;Hippocampal formation;121546;121545.642723;um2;151;971;971;um2;0.007989;;;;;;;;;;;;;;
1080;Hippocampal region;0;0;um2;0;0;0;um2;0;;;;;;;;;;;;;;
375;Ammon's horn;0;0;um2;0;0;0;um2;0;;;;;;;;;;;;;;
382;Field CA1;6103893;6103892.843185;um2;9852;78428;78428;um2;0.012849;;;;;;;;;;;;;;
391;Field CA1, stratum lacunosum-moleculare;0;0;um2;0;0;0;um2;0;;;;;;;;;;;;;;
399;Field CA1, stratum oriens;0;0;um2;0;0;0;um2;0;;;;;;;;;;;;;;
407;Field CA1, pyramidal layer;0;0;um2;0;0;0;um2;0;;;;;;;;;;;;;;
415;Field CA1, stratum radiatum;0;0;um2;0;0;0;um2;0;;;;;;;;;;;;;;
423;Field CA2;454216;454215.572975;um2;692;5103;5103;um2;0.011235;;;;;;;;;;;;;;
431;Field CA2, stratum lacunosum-moleculare;0;0;um2;0;0;0;um2;0;;;;;;;;;;;;;;
438;Field CA2, stratum oriens;0;0;um2;0;0;0;um2;0;;;;;;;;;;;;;;
446;Field CA2, pyramidal layer;0;0;um2;0;0;0;um2;0;;;;;;;;;;;;;;
454;Field CA2, stratum radiatum;0;0;um2;0;0;0;um2;0;;;;;;;;;;;;;;
463;Field CA3;4856574;4856574.121857;um2;7183;60203;60203;um2;0.012396;;;;;;;;;;;;;;
471;Field CA3, stratum lacunosum-moleculare;0;0;um2;0;0;0;um2;0;;;;;;;;;;;;;;
479;Field CA3, stratum lucidum;0;0;um2;0;0;0;um2;0;;;;;;;;;;;;;;
486;Field CA3, stratum oriens;0;0;um2;0;0;0;um2;0;;;;;;;;;;;;;;
495;Field CA3, pyramidal layer;0;0;um2;0;0;0;um2;0;;;;;;;;;;;;;;
504;Field CA3, stratum radiatum;0;0;um2;0;0;0;um2;0;;;;;;;;;;;;;;
726;Dentate gyrus;0;0;um2;0;0;0;um2;0;;;;;;;;;;;;;;
10703;Dentate gyrus, molecular layer;2124627;2124626.620148;um2;1779;12626;12626;um2;0.005943;;;;;;;;;;;;;;
10704;Dentate gyrus, polymorph layer;282941;282940.550797;um2;418;2926;2926;um2;0.010341;;;;;;;;;;;;;;
632;Dentate gyrus, granule cell layer;813567;813566.781487;um2;1106;8947;8947;um2;0.010997;;;;;;;;;;;;;;
10702;Dentate gyrus, subgranular zone;0;0;um2;0;0;0;um2;0;;;;;;;;;;;;;;
734;Dentate gyrus crest;0;0;um2;0;0;0;um2;0;;;;;;;;;;;;;;
742;Dentate gyrus crest, molecular layer;0;0;um2;0;0;0;um2;0;;;;;;;;;;;;;;
751;Dentate gyrus crest, polymorph layer;0;0;um2;0;0;0;um2;0;;;;;;;;;;;;;;
758;Dentate gyrus crest, granule cell layer;0;0;um2;0;0;0;um2;0;;;;;;;;;;;;;;
766;Dentate gyrus lateral blade;0;0;um2;0;0;0;um2;0;;;;;;;;;;;;;;
775;Dentate gyrus lateral blade, molecular layer;0;0;um2;0;0;0;um2;0;;;;;;;;;;;;;;
782;Dentate gyrus lateral blade, polymorph layer;0;0;um2;0;0;0;um2;0;;;;;;;;;;;;;;
790;Dentate gyrus lateral blade, granule cell layer;0;0;um2;0;0;0;um2;0;;;;;;;;;;;;;;
799;Dentate gyrus medial blade;0;0;um2;0;0;0;um2;0;;;;;;;;;;;;;;
807;Dentate gyrus medial blade, molecular layer;0;0;um2;0;0;0;um2;0;;;;;;;;;;;;;;
815;Dentate gyrus medial blade, polymorph layer;0;0;um2;0;0;0;um2;0;;;;;;;;;;;;;;
823;Dentate gyrus medial blade, granule cell layer;0;0;um2;0;0;0;um2;0;;;;;;;;;;;;;;
982;Fasciola cinerea;69026;69025.845406;um2;139;964;964;um2;0.013966;;;;;;;;;;;;;;
19;Induseum griseum;201534;201533.785469;um2;152;1192;1192;um2;0.005915;;;;;;;;;;;;;;
822;Retrohippocampal region;0;0;um2;0;0;0;um2;0;;;;;;;;;;;;;;
909;Entorhinal area;0;0;um2;0;0;0;um2;0;;;;;;;;;;;;;;
918;Entorhinal area, lateral part;0;0;um2;0;0;0;um2;0;;;;;;;;;;;;;;
1121;Entorhinal area, lateral part, layer 1;184279;184278.584328;um2;72;328;328;um2;0.001780;;;;;;;;;;;;;;
20;Entorhinal area, lateral part, layer 2;262975;262974.826599;um2;814;7184;7184;um2;0.027318;;;;;;;;;;;;;;
999;Entorhinal area, lateral part, layer 2/3;0;0;um2;0;0;0;um2;0;;;;;;;;;;;;;;
715;Entorhinal area, lateral part, layer 2a;0;0;um2;0;0;0;um2;0;;;;;;;;;;;;;;
764;Entorhinal area, lateral part, layer 2b;0;0;um2;0;0;0;um2;0;;;;;;;;;;;;;;
52;Entorhinal area, lateral part, layer 3;269799;269799.147652;um2;745;6442;6442;um2;0.023877;;;;;;;;;;;;;;
92;Entorhinal area, lateral part, layer 4;0;0;um2;0;0;0;um2;0;;;;;;;;;;;;;;
312;Entorhinal area, lateral part, layer 4/5;0;0;um2;0;0;0;um2;0;;;;;;;;;;;;;;
139;Entorhinal area, lateral part, layer 5;298585;298584.530930;um2;567;5067;5067;um2;0.016970;;;;;;;;;;;;;;
387;Entorhinal area, lateral part, layer 5/6;0;0;um2;0;0;0;um2;0;;;;;;;;;;;;;;
28;Entorhinal area, lateral part, layer 6a;131604;131603.918968;um2;326;3002;3002;um2;0.022811;;;;;;;;;;;;;;
60;Entorhinal area, lateral part, layer 6b;0;0;um2;0;0;0;um2;0;;;;;;;;;;;;;;
926;Entorhinal area, medial part, dorsal zone;0;0;um2;0;0;0;um2;0;;;;;;;;;;;;;;
526;Entorhinal area, medial part, dorsal zone, layer 1;0;0;um2;0;0;0;um2;0;;;;;;;;;;;;;;
543;Entorhinal area, medial part, dorsal zone, layer 2;0;0;um2;0;0;0;um2;0;;;;;;;;;;;;;;
468;Entorhinal area, medial part, dorsal zone, layer 2a;0;0;um2;0;0;0;um2;0;;;;;;;;;;;;;;
508;Entorhinal area, medial part, dorsal zone, layer 2b;0;0;um2;0;0;0;um2;0;;;;;;;;;;;;;;
664;Entorhinal area, medial part, dorsal zone, layer 3;0;0;um2;0;0;0;um2;0;;;;;;;;;;;;;;
712;Entorhinal area, medial part, dorsal zone, layer 4;0;0;um2;0;0;0;um2;0;;;;;;;;;;;;;;
727;Entorhinal area, medial part, dorsal zone, layer 5;0;0;um2;0;0;0;um2;0;;;;;;;;;;;;;;
550;Entorhinal area, medial part, dorsal zone, layer 5/6;0;0;um2;0;0;0;um2;0;;;;;;;;;;;;;;
743;Entorhinal area, medial part, dorsal zone, layer 6;0;0;um2;0;0;0;um2;0;;;;;;;;;;;;;;
934;Entorhinal area, medial part, ventral zone;0;0;um2;0;0;0;um2;0;;;;;;;;;;;;;;
259;Entorhinal area, medial part, ventral zone, layer 1;0;0;um2;0;0;0;um2;0;;;;;;;;;;;;;;
324;Entorhinal area, medial part, ventral zone, layer 2;0;0;um2;0;0;0;um2;0;;;;;;;;;;;;;;
371;Entorhinal area, medial part, ventral zone, layer 3;0;0;um2;0;0;0;um2;0;;;;;;;;;;;;;;
419;Entorhinal area, medial part, ventral zone, layer 4;0;0;um2;0;0;0;um2;0;;;;;;;;;;;;;;
1133;Entorhinal area, medial part, ventral zone, layer 5/6;0;0;um2;0;0;0;um2;0;;;;;;;;;;;;;;
843;Parasubiculum;0;0;um2;0;0;0;um2;0;;;;;;;;;;;;;;
10693;Parasubiculum, layer 1;0;0;um2;0;0;0;um2;0;;;;;;;;;;;;;;
10694;Parasubiculum, layer 2;0;0;um2;0;0;0;um2;0;;;;;;;;;;;;;;
10695;Parasubiculum, layer 3;0;0;um2;0;0;0;um2;0;;;;;;;;;;;;;;
1037;Postsubiculum;5113;5113.371391;um2;11;63;63;um2;0.012321;;;;;;;;;;;;;;
10696;Postsubiculum, layer 1;0;0;um2;0;0;0;um2;0;;;;;;;;;;;;;;
10697;Postsubiculum, layer 2;0;0;um2;0;0;0;um2;0;;;;;;;;;;;;;;
10698;Postsubiculum, layer 3;0;0;um2;0;0;0;um2;0;;;;;;;;;;;;;;
1084;Presubiculum;0;0;um2;0;0;0;um2;0;;;;;;;;;;;;;;
10699;Presubiculum, layer 1;0;0;um2;0;0;0;um2;0;;;;;;;;;;;;;;
10700;Presubiculum, layer 2;0;0;um2;0;0;0;um2;0;;;;;;;;;;;;;;
10701;Presubiculum, layer 3;0;0;um2;0;0;0;um2;0;;;;;;;;;;;;;;
502;Subiculum;355317;355316.646942;um2;461;3332;3332;um2;0.009378;;;;;;;;;;;;;;
509;Subiculum, dorsal part;0;0;um2;0;0;0;um2;0;;;;;;;;;;;;;;
829;Subiculum, dorsal part, molecular layer;0;0;um2;0;0;0;um2;0;;;;;;;;;;;;;;
845;Subiculum, dorsal part, pyramidal layer;0;0;um2;0;0;0;um2;0;;;;;;;;;;;;;;
837;Subiculum, dorsal part, stratum radiatum;0;0;um2;0;0;0;um2;0;;;;;;;;;;;;;;
518;Subiculum, ventral part;0;0;um2;0;0;0;um2;0;;;;;;;;;;;;;;
853;Subiculum, ventral part, molecular layer;0;0;um2;0;0;0;um2;0;;;;;;;;;;;;;;
870;Subiculum, ventral part, pyramidal layer;0;0;um2;0;0;0;um2;0;;;;;;;;;;;;;;
861;Subiculum, ventral part, stratum radiatum;0;0;um2;0;0;0;um2;0;;;;;;;;;;;;;;
484682470;Prosubiculum;139353;139352.669449;um2;191;1424;1424;um2;0.010219;;;;;;;;;;;;;;
484682475;Prosubiculum, dorsal part;0;0;um2;0;0;0;um2;0;;;;;;;;;;;;;;
484682479;Prosubiculum, dorsal part, molecular layer;0;0;um2;0;0;0;um2;0;;;;;;;;;;;;;;
484682483;Prosubiculum, dorsal part, pyramidal layer;0;0;um2;0;0;0;um2;0;;;;;;;;;;;;;;
484682487;Prosubiculum, dorsal part, stratum radiatum;0;0;um2;0;0;0;um2;0;;;;;;;;;;;;;;
484682492;Prosubiculum, ventral part;0;0;um2;0;0;0;um2;0;;;;;;;;;;;;;;
484682496;Prosubiculum, ventral part, molecular layer;0;0;um2;0;0;0;um2;0;;;;;;;;;;;;;;
484682500;Prosubiculum, ventral part, pyramidal layer;0;0;um2;0;0;0;um2;0;;;;;;;;;;;;;;
484682504;Prosubiculum, ventral part, stratum radiatum;0;0;um2;0;0;0;um2;0;;;;;;;;;;;;;;
589508447;Hippocampo-amygdalar transition area;47503;47503.452667;um2;70;474;474;um2;0.009978;;;;;;;;;;;;;;
484682508;Area prostriata;0;0;um2;0;0;0;um2;0;;;;;;;;;;;;;;
703;Cortical subplate;355047;355047.434067;um2;759;7362;7362;um2;0.020735;;;;;;;;;;;;;;
16;Layer 6b, isocortex;0;0;um2;0;0;0;um2;0;;;;;;;;;;;;;;
583;Claustrum;882342;882341.666328;um2;2553;31105;31105;um2;0.035253;;;;;;;;;;;;;;
942;Endopiriform nucleus;0;0;um2;0;0;0;um2;0;;;;;;;;;;;;;;
952;Endopiriform nucleus, dorsal part;2213294;2213294.004875;um2;6034;72233;72233;um2;0.032636;;;;;;;;;;;;;;
966;Endopiriform nucleus, ventral part;821984;821984.105774;um2;1558;14498;14498;um2;0.017638;;;;;;;;;;;;;;
131;Lateral amygdalar nucleus;727310;727310.371651;um2;1113;9007;9007;um2;0.012384;;;;;;;;;;;;;;
295;Basolateral amygdalar nucleus;0;0;um2;0;0;0;um2;0;;;;;;;;;;;;;;
303;Basolateral amygdalar nucleus, anterior part;685530;685530.320526;um2;1719;16689;16689;um2;0.024345;;;;;;;;;;;;;;
311;Basolateral amygdalar nucleus, posterior part;631221;631220.727028;um2;1195;10637;10637;um2;0.016851;;;;;;;;;;;;;;
451;Basolateral amygdalar nucleus, ventral part;394812;394811.687477;um2;670;6762;6762;um2;0.017127;;;;;;;;;;;;;;
319;Basomedial amygdalar nucleus;0;0;um2;0;0;0;um2;0;;;;;;;;;;;;;;
327;Basomedial amygdalar nucleus, anterior part;651079;651079.023224;um2;1879;18456;18456;um2;0.028347;;;;;;;;;;;;;;
334;Basomedial amygdalar nucleus, posterior part;627342;627342.129456;um2;1125;10820;10820;um2;0.017247;;;;;;;;;;;;;;
780;Posterior amygdalar nucleus;660347;660346.520485;um2;944;7854;7854;um2;0.011894;;;;;;;;;;;;;;
623;Cerebral nuclei;0;0;um2;0;0;0;um2;0;;;;;;;;;;;;;;
477;Striatum;2792311;2792311.319992;um2;5983;53806;53806;um2;0.019269;;;;;;;;;;;;;;
485;Striatum dorsal region;0;0;um2;0;0;0;um2;0;;;;;;;;;;;;;;
672;Caudoputamen;19521946;19521945.928261;um2;48486;344158;344158;um2;0.017629;;;;;;;;;;;;;;
493;Striatum ventral region;0;0;um2;0;0;0;um2;0;;;;;;;;;;;;;;
56;Nucleus accumbens;3415923;3415923.103394;um2;8188;72606;72606;um2;0.021255;;;;;;;;;;;;;;
998;Fundus of striatum;454405;454404.928139;um2;1003;7725;7725;um2;0.017000;;;;;;;;;;;;;;
754;Olfactory tubercle;4707233;4707233.169632;um2;5500;47682;47682;um2;0.010130;;;;;;;;;;;;;;
481;Islands of Calleja;0;0;um2;0;0;0;um2;0;;;;;;;;;;;;;;
489;Major island of Calleja;0;0;um2;0;0;0;um2;0;;;;;;;;;;;;;;
144;Olfactory tubercle, layers 1-3;0;0;um2;0;0;0;um2;0;;;;;;;;;;;;;;
458;Olfactory tubercle, molecular layer;0;0;um2;0;0;0;um2;0;;;;;;;;;;;;;;
465;Olfactory tubercle, pyramidal layer;0;0;um2;0;0;0;um2;0;;;;;;;;;;;;;;
473;Olfactory tubercle, polymorph layer;0;0;um2;0;0;0;um2;0;;;;;;;;;;;;;;
549009199;Lateral strip of striatum;0;0;um2;0;0;0;um2;0;;;;;;;;;;;;;;
275;Lateral septal complex;0;0;um2;0;0;0;um2;0;;;;;;;;;;;;;;
242;Lateral septal nucleus;0;0;um2;0;0;0;um2;0;;;;;;;;;;;;;;
250;Lateral septal nucleus, caudal (caudodorsal) part;643952;643951.869370;um2;1011;7561;7561;um2;0.011742;;;;;;;;;;;;;;
258;Lateral septal nucleus, rostral (rostroventral) part;1542927;1542926.823952;um2;4694;46603;46603;um2;0.030204;;;;;;;;;;;;;;
266;Lateral septal nucleus, ventral part;276962;276961.643181;um2;1181;11417;11417;um2;0.041222;;;;;;;;;;;;;;
310;Septofimbrial nucleus;607970;607969.518410;um2;1087;8202;8202;um2;0.013491;;;;;;;;;;;;;;
333;Septohippocampal nucleus;50877;50877.213570;um2;114;881;881;um2;0.017316;;;;;;;;;;;;;;
278;Striatum-like amygdalar nuclei;0;0;um2;0;0;0;um2;0;;;;;;;;;;;;;;
23;Anterior amygdalar area;629558;629558.014687;um2;1246;9104;9104;um2;0.014461;;;;;;;;;;;;;;
292;Bed nucleus of the accessory olfactory tract;17698;17698.251297;um2;26;166;166;um2;0.009379;;;;;;;;;;;;;;
536;Central amygdalar nucleus;0;0;um2;0;0;0;um2;0;;;;;;;;;;;;;;
544;Central amygdalar nucleus, capsular part;236607;236606.958267;um2;397;3057;3057;um2;0.012920;;;;;;;;;;;;;;
551;Central amygdalar nucleus, lateral part;218148;218148.371727;um2;414;3255;3255;um2;0.014921;;;;;;;;;;;;;;
559;Central amygdalar nucleus, medial part;607773;607772.708282;um2;1175;9874;9874;um2;0.016246;;;;;;;;;;;;;;
1105;Intercalated amygdalar nucleus;142580;142579.963615;um2;418;3620;3620;um2;0.025389;;;;;;;;;;;;;;
403;Medial amygdalar nucleus;1662254;1662254.330582;um2;3173;25606;25606;um2;0.015404;;;;;;;;;;;;;;
411;Medial amygdalar nucleus, anterodorsal part;0;0;um2;0;0;0;um2;0;;;;;;;;;;;;;;
418;Medial amygdalar nucleus, anteroventral part;0;0;um2;0;0;0;um2;0;;;;;;;;;;;;;;
426;Medial amygdalar nucleus, posterodorsal part;0;0;um2;0;0;0;um2;0;;;;;;;;;;;;;;
472;Medial amygdalar nucleus, posterodorsal part, sublayer a;0;0;um2;0;0;0;um2;0;;;;;;;;;;;;;;
480;Medial amygdalar nucleus, posterodorsal part, sublayer b;0;0;um2;0;0;0;um2;0;;;;;;;;;;;;;;
487;Medial amygdalar nucleus, posterodorsal part, sublayer c;0;0;um2;0;0;0;um2;0;;;;;;;;;;;;;;
435;Medial amygdalar nucleus, posteroventral part;0;0;um2;0;0;0;um2;0;;;;;;;;;;;;;;
803;Pallidum;832832;832831.933418;um2;1572;11843;11843;um2;0.014220;;;;;;;;;;;;;;
818;Pallidum, dorsal region;0;0;um2;0;0;0;um2;0;;;;;;;;;;;;;;
1022;Globus pallidus, external segment;747104;747103.891640;um2;1731;11120;11120;um2;0.014884;;;;;;;;;;;;;;
1031;Globus pallidus, internal segment;352181;352180.988258;um2;833;6459;6459;um2;0.018340;;;;;;;;;;;;;;
835;Pallidum, ventral region;0;0;um2;0;0;0;um2;0;;;;;;;;;;;;;;
342;Substantia innominata;3054444;3054443.737938;um2;5827;44276;44276;um2;0.014496;;;;;;;;;;;;;;
298;Magnocellular nucleus;555354;555354.392761;um2;1235;7883;7883;um2;0.014195;;;;;;;;;;;;;;
826;Pallidum, medial region;0;0;um2;0;0;0;um2;0;;;;;;;;;;;;;;
904;Medial septal complex;0;0;um2;0;0;0;um2;0;;;;;;;;;;;;;;
564;Medial septal nucleus;331909;331909.209229;um2;844;6202;6202;um2;0.018686;;;;;;;;;;;;;;
596;Diagonal band nucleus;912140;912139.909271;um2;1421;9452;9452;um2;0.010362;;;;;;;;;;;;;;
581;Triangular nucleus of septum;665722;665722.145340;um2;781;5134;5134;um2;0.007712;;;;;;;;;;;;;;
809;Pallidum, caudal region;0;0;um2;0;0;0;um2;0;;;;;;;;;;;;;;
351;Bed nuclei of the stria terminalis;1249495;1249495.423187;um2;3605;32865;32865;um2;0.026303;;;;;;;;;;;;;;
359;Bed nuclei of the stria terminalis, anterior division;0;0;um2;0;0;0;um2;0;;;;;;;;;;;;;;
537;Bed nuclei of the stria terminalis, anterior division, anterolateral area;0;0;um2;0;0;0;um2;0;;;;;;;;;;;;;;
498;Bed nuclei of the stria terminalis, anterior division, anteromedial area;0;0;um2;0;0;0;um2;0;;;;;;;;;;;;;;
505;Bed nuclei of the stria terminalis, anterior division, dorsomedial nucleus;0;0;um2;0;0;0;um2;0;;;;;;;;;;;;;;
513;Bed nuclei of the stria terminalis, anterior division, fusiform nucleus;0;0;um2;0;0;0;um2;0;;;;;;;;;;;;;;
546;Bed nuclei of the stria terminalis, anterior division, juxtacapsular nucleus;0;0;um2;0;0;0;um2;0;;;;;;;;;;;;;;
521;Bed nuclei of the stria terminalis, anterior division, magnocellular nucleus;0;0;um2;0;0;0;um2;0;;;;;;;;;;;;;;
554;Bed nuclei of the stria terminalis, anterior division, oval nucleus;0;0;um2;0;0;0;um2;0;;;;;;;;;;;;;;
562;Bed nuclei of the stria terminalis, anterior division, rhomboid nucleus;0;0;um2;0;0;0;um2;0;;;;;;;;;;;;;;
529;Bed nuclei of the stria terminalis, anterior division, ventral nucleus;0;0;um2;0;0;0;um2;0;;;;;;;;;;;;;;
367;Bed nuclei of the stria terminalis, posterior division;0;0;um2;0;0;0;um2;0;;;;;;;;;;;;;;
569;Bed nuclei of the stria terminalis, posterior division, dorsal nucleus;0;0;um2;0;0;0;um2;0;;;;;;;;;;;;;;
578;Bed nuclei of the stria terminalis, posterior division, principal nucleus;0;0;um2;0;0;0;um2;0;;;;;;;;;;;;;;
585;Bed nuclei of the stria terminalis, posterior division, interfascicular nucleus;0;0;um2;0;0;0;um2;0;;;;;;;;;;;;;;
594;Bed nuclei of the stria terminalis, posterior division, transverse nucleus;0;0;um2;0;0;0;um2;0;;;;;;;;;;;;;;
602;Bed nuclei of the stria terminalis, posterior division, strial extension;0;0;um2;0;0;0;um2;0;;;;;;;;;;;;;;
287;Bed nucleus of the anterior commissure;20163;20163.489990;um2;55;412;412;um2;0.020433;;;;;;;;;;;;;;
343;Brain stem;0;0;um2;0;0;0;um2;0;;;;;;;;;;;;;;
1129;Interbrain;0;0;um2;0;0;0;um2;0;;;;;;;;;;;;;;
549;Thalamus;682778;682777.935509;um2;968;6792;6792;um2;0.009948;;;;;;;;;;;;;;
864;Thalamus, sensory-motor cortex related;0;0;um2;0;0;0;um2;0;;;;;;;;;;;;;;
637;Ventral group of the dorsal thalamus;0;0;um2;0;0;0;um2;0;;;;;;;;;;;;;;
629;Ventral anterior-lateral complex of the thalamus;472404;472403.763176;um2;1027;7042;7042;um2;0.014907;;;;;;;;;;;;;;
685;Ventral medial nucleus of the thalamus;744869;744869.408730;um2;927;6389;6389;um2;0.008577;;;;;;;;;;;;;;
709;Ventral posterior complex of the thalamus;0;0;um2;0;0;0;um2;0;;;;;;;;;;;;;;
718;Ventral posterolateral nucleus of the thalamus;671728;671728.490662;um2;1196;8201;8201;um2;0.012209;;;;;;;;;;;;;;
725;Ventral posterolateral nucleus of the thalamus, parvicellular part;81677;81677.133812;um2;111;644;644;um2;0.007885;;;;;;;;;;;;;;
733;Ventral posteromedial nucleus of the thalamus;1389839;1389838.722198;um2;2514;16558;16558;um2;0.011914;;;;;;;;;;;;;;
741;Ventral posteromedial nucleus of the thalamus, parvicellular part;185174;185174.133064;um2;134;710;710;um2;0.003834;;;;;;;;;;;;;;
563807435;Posterior triangular thalamic nucleus;214890;214889.953247;um2;100;565;565;um2;0.002629;;;;;;;;;;;;;;
406;Subparafascicular nucleus;0;0;um2;0;0;0;um2;0;;;;;;;;;;;;;;
414;Subparafascicular nucleus, magnocellular part;56793;56792.934784;um2;149;1158;1158;um2;0.020390;;;;;;;;;;;;;;
422;Subparafascicular nucleus, parvicellular part;133598;133597.728600;um2;77;424;424;um2;0.003174;;;;;;;;;;;;;;
609;Subparafascicular area;111571;111570.624832;um2;353;3203;3203;um2;0.028708;;;;;;;;;;;;;;
1044;Peripeduncular nucleus;8121;8121.236916;um2;7;30;30;um2;0.003694;;;;;;;;;;;;;;
1008;Geniculate group, dorsal thalamus;0;0;um2;0;0;0;um2;0;;;;;;;;;;;;;;
475;Medial geniculate complex;0;0;um2;0;0;0;um2;0;;;;;;;;;;;;;;
1072;Medial geniculate complex, dorsal part;47269;47268.997223;um2;33;207;207;um2;0.004379;;;;;;;;;;;;;;
1079;Medial geniculate complex, ventral part;118640;118640.111267;um2;89;545;545;um2;0.004594;;;;;;;;;;;;;;
1088;Medial geniculate complex, medial part;143467;143466.907516;um2;63;354;354;um2;0.002467;;;;;;;;;;;;;;
170;Dorsal part of the lateral geniculate complex;0;0;um2;0;0;0;um2;0;;;;;;;;;;;;;;
496345664;Dorsal part of the lateral geniculate complex, shell;151175;151174.687241;um2;200;1311;1311;um2;0.008672;;;;;;;;;;;;;;
496345668;Dorsal part of the lateral geniculate complex, core;311196;311196.275505;um2;443;2947;2947;um2;0.009470;;;;;;;;;;;;;;
496345672;Dorsal part of the lateral geniculate complex, ipsilateral zone;63927;63926.888184;um2;91;563;563;um2;0.008807;;;;;;;;;;;;;;
856;Thalamus, polymodal association cortex related;0;0;um2;0;0;0;um2;0;;;;;;;;;;;;;;
138;Lateral group of the dorsal thalamus;0;0;um2;0;0;0;um2;0;;;;;;;;;;;;;;
218;Lateral posterior nucleus of the thalamus;925727;925727.359985;um2;813;4983;4983;um2;0.005383;;;;;;;;;;;;;;
1020;Posterior complex of the thalamus;992279;992279.388702;um2;986;6398;6398;um2;0.006448;;;;;;;;;;;;;;
1029;Posterior limiting nucleus of the thalamus;109887;109886.853340;um2;84;593;593;um2;0.005396;;;;;;;;;;;;;;
325;Suprageniculate nucleus;67143;67143.393318;um2;39;324;324;um2;0.004825;;;;;;;;;;;;;;
560581551;Ethmoid nucleus of the thalamus;165540;165539.500862;um2;125;697;697;um2;0.004210;;;;;;;;;;;;;;
560581555;Retroethmoid nucleus;0;0;um2;0;0;0;um2;0;;;;;;;;;;;;;;
239;Anterior group of the dorsal thalamus;0;0;um2;0;0;0;um2;0;;;;;;;;;;;;;;
255;Anteroventral nucleus of thalamus;197172;197172.264778;um2;471;3517;3517;um2;0.017837;;;;;;;;;;;;;;
127;Anteromedial nucleus;0;0;um2;0;0;0;um2;0;;;;;;;;;;;;;;
1096;Anteromedial nucleus, dorsal part;117333;117332.988785;um2;303;2537;2537;um2;0.021622;;;;;;;;;;;;;;
1104;Anteromedial nucleus, ventral part;79083;79083.382156;um2;226;1787;1787;um2;0.022596;;;;;;;;;;;;;;
64;Anterodorsal nucleus;123422;123422.123634;um2;205;1244;1244;um2;0.010079;;;;;;;;;;;;;;
1120;Interanteromedial nucleus of the thalamus;17917;17917.399178;um2;67;703;703;um2;0.039236;;;;;;;;;;;;;;
1113;Interanterodorsal nucleus of the thalamus;49349;49349.198685;um2;151;1298;1298;um2;0.026302;;;;;;;;;;;;;;
155;Lateral dorsal nucleus of thalamus;643220;643220.095093;um2;1019;6976;6976;um2;0.010845;;;;;;;;;;;;;;
444;Medial group of the dorsal thalamus;0;0;um2;0;0;0;um2;0;;;;;;;;;;;;;;
59;Intermediodorsal nucleus of the thalamus;141613;141612.741310;um2;365;2888;2888;um2;0.020394;;;;;;;;;;;;;;
362;Mediodorsal nucleus of thalamus;927995;927995.338203;um2;2017;15738;15738;um2;0.016959;;;;;;;;;;;;;;
617;Mediodorsal nucleus of the thalamus, central part;0;0;um2;0;0;0;um2;0;;;;;;;;;;;;;;
626;Mediodorsal nucleus of the thalamus, lateral part;0;0;um2;0;0;0;um2;0;;;;;;;;;;;;;;
636;Mediodorsal nucleus of the thalamus, medial part;0;0;um2;0;0;0;um2;0;;;;;;;;;;;;;;
366;Submedial nucleus of the thalamus;174019;174018.897087;um2;330;2294;2294;um2;0.013182;;;;;;;;;;;;;;
1077;Perireunensis nucleus;73936;73935.527451;um2;175;1352;1352;um2;0.018286;;;;;;;;;;;;;;
571;Midline group of the dorsal thalamus;0;0;um2;0;0;0;um2;0;;;;;;;;;;;;;;
149;Paraventricular nucleus of the thalamus;385849;385848.617775;um2;1268;10546;10546;um2;0.027332;;;;;;;;;;;;;;
15;Parataenial nucleus;207863;207863.401390;um2;760;6916;6916;um2;0.033272;;;;;;;;;;;;;;
181;Nucleus of reuniens;202440;202440.340157;um2;426;3311;3311;um2;0.016355;;;;;;;;;;;;;;
560581559;Xiphoid thalamic nucleus;42632;42631.905655;um2;113;1007;1007;um2;0.023621;;;;;;;;;;;;;;
51;Intralaminar nuclei of the dorsal thalamus;0;0;um2;0;0;0;um2;0;;;;;;;;;;;;;;
189;Rhomboid nucleus;42528;42528.189232;um2;164;1358;1358;um2;0.031932;;;;;;;;;;;;;;
599;Central medial nucleus of the thalamus;142746;142745.773689;um2;469;3561;3561;um2;0.024946;;;;;;;;;;;;;;
907;Paracentral nucleus;181352;181352.179184;um2;351;2718;2718;um2;0.014987;;;;;;;;;;;;;;
575;Central lateral nucleus of the thalamus;257848;257848.385429;um2;421;2672;2672;um2;0.010363;;;;;;;;;;;;;;
930;Parafascicular nucleus;382885;382885.226280;um2;712;5269;5269;um2;0.013761;;;;;;;;;;;;;;
560581563;Posterior intralaminar thalamic nucleus;31662;31662.419189;um2;30;244;244;um2;0.007706;;;;;;;;;;;;;;
262;Reticular nucleus of the thalamus;884402;884401.701233;um2;2104;15140;15140;um2;0.017119;;;;;;;;;;;;;;
1014;Geniculate group, ventral thalamus;0;0;um2;0;0;0;um2;0;;;;;;;;;;;;;;
27;Intergeniculate leaflet of the lateral geniculate complex;39594;39594.357201;um2;139;1124;1124;um2;0.028388;;;;;;;;;;;;;;
563807439;Intermediate geniculate nucleus;15833;15832.947533;um2;42;310;310;um2;0.019579;;;;;;;;;;;;;;
178;Ventral part of the lateral geniculate complex;291088;291088.327736;um2;857;7620;7620;um2;0.026178;;;;;;;;;;;;;;
300;Ventral part of the lateral geniculate complex, lateral zone;0;0;um2;0;0;0;um2;0;;;;;;;;;;;;;;
316;Ventral part of the lateral geniculate complex, medial zone;0;0;um2;0;0;0;um2;0;;;;;;;;;;;;;;
321;Subgeniculate nucleus;15500;15499.889343;um2;33;186;186;um2;0.012000;;;;;;;;;;;;;;
958;Epithalamus;0;0;um2;0;0;0;um2;0;;;;;;;;;;;;;;
483;Medial habenula;225787;225786.930359;um2;331;2077;2077;um2;0.009199;;;;;;;;;;;;;;
186;Lateral habenula;290456;290455.797699;um2;789;5373;5373;um2;0.018499;;;;;;;;;;;;;;
953;Pineal body;0;0;um2;0;0;0;um2;0;;;;;;;;;;;;;;
1097;Hypothalamus;2457126;2457126.004028;um2;7234;63369;63369;um2;0.025790;;;;;;;;;;;;;;
157;Periventricular zone;0;0;um2;0;0;0;um2;0;;;;;;;;;;;;;;
390;Supraoptic nucleus;44938;44938.325256;um2;55;420;420;um2;0.009346;;;;;;;;;;;;;;
332;Accessory supraoptic group;6708;6707.663681;um2;36;309;309;um2;0.046067;;;;;;;;;;;;;;
432;Nucleus circularis;0;0;um2;0;0;0;um2;0;;;;;;;;;;;;;;
38;Paraventricular hypothalamic nucleus;134900;134900.209923;um2;460;4121;4121;um2;0.030549;;;;;;;;;;;;;;
71;Paraventricular hypothalamic nucleus, magnocellular division;0;0;um2;0;0;0;um2;0;;;;;;;;;;;;;;
47;Paraventricular hypothalamic nucleus, magnocellular division, anterior magnocellular part;0;0;um2;0;0;0;um2;0;;;;;;;;;;;;;;
79;Paraventricular hypothalamic nucleus, magnocellular division, medial magnocellular part;0;0;um2;0;0;0;um2;0;;;;;;;;;;;;;;
103;Paraventricular hypothalamic nucleus, magnocellular division, posterior magnocellular part;0;0;um2;0;0;0;um2;0;;;;;;;;;;;;;;
652;Paraventricular hypothalamic nucleus, magnocellular division, posterior magnocellular part, lateral zone;0;0;um2;0;0;0;um2;0;;;;;;;;;;;;;;
660;Paraventricular hypothalamic nucleus, magnocellular division, posterior magnocellular part, medial zone;0;0;um2;0;0;0;um2;0;;;;;;;;;;;;;;
94;Paraventricular hypothalamic nucleus, parvicellular division;0;0;um2;0;0;0;um2;0;;;;;;;;;;;;;;
55;Paraventricular hypothalamic nucleus, parvicellular division, anterior parvicellular part;0;0;um2;0;0;0;um2;0;;;;;;;;;;;;;;
87;Paraventricular hypothalamic nucleus, parvicellular division, medial parvicellular part, dorsal zone;0;0;um2;0;0;0;um2;0;;;;;;;;;;;;;;
110;Paraventricular hypothalamic nucleus, parvicellular division, periventricular part;0;0;um2;0;0;0;um2;0;;;;;;;;;;;;;;
30;Periventricular hypothalamic nucleus, anterior part;36076;36076.395515;um2;143;1160;1160;um2;0.032154;;;;;;;;;;;;;;
118;Periventricular hypothalamic nucleus, intermediate part;136298;136298.295059;um2;315;2587;2587;um2;0.018980;;;;;;;;;;;;;;
223;Arcuate hypothalamic nucleus;248090;248090.076859;um2;816;7106;7106;um2;0.028643;;;;;;;;;;;;;;
141;Periventricular region;0;0;um2;0;0;0;um2;0;;;;;;;;;;;;;;
72;Anterodorsal preoptic nucleus;80913;80912.884048;um2;459;4390;4390;um2;0.054256;;;;;;;;;;;;;;
80;Anterior hypothalamic area;0;0;um2;0;0;0;um2;0;;;;;;;;;;;;;;
263;Anteroventral preoptic nucleus;74113;74113.230461;um2;165;1138;1138;um2;0.015355;;;;;;;;;;;;;;
272;Anteroventral periventricular nucleus;144677;144677.457138;um2;172;1116;1116;um2;0.007714;;;;;;;;;;;;;;
830;Dorsomedial nucleus of the hypothalamus;352092;352092.200172;um2;1093;9516;9516;um2;0.027027;;;;;;;;;;;;;;
668;Dorsomedial nucleus of the hypothalamus, anterior part;0;0;um2;0;0;0;um2;0;;;;;;;;;;;;;;
676;Dorsomedial nucleus of the hypothalamus, posterior part;0;0;um2;0;0;0;um2;0;;;;;;;;;;;;;;
684;Dorsomedial nucleus of the hypothalamus, ventral part;0;0;um2;0;0;0;um2;0;;;;;;;;;;;;;;
452;Median preoptic nucleus;30183;30182.741035;um2;98;760;760;um2;0.025180;;;;;;;;;;;;;;
523;Medial preoptic area;678069;678068.536888;um2;1985;16764;16764;um2;0.024723;;;;;;;;;;;;;;
763;Vascular organ of the lamina terminalis;8730;8729.815910;um2;0;0;0;um2;0;;;;;;;;;;;;;;
914;Posterodorsal preoptic nucleus;19393;19393.431984;um2;53;522;522;um2;0.026916;;;;;;;;;;;;;;
1109;Parastrial nucleus;78471;78470.681107;um2;281;2634;2634;um2;0.033567;;;;;;;;;;;;;;
1124;Suprachiasmatic preoptic nucleus;0;0;um2;0;0;0;um2;0;;;;;;;;;;;;;;
126;Periventricular hypothalamic nucleus, posterior part;109331;109331.270058;um2;270;2026;2026;um2;0.018531;;;;;;;;;;;;;;
133;Periventricular hypothalamic nucleus, preoptic part;206077;206076.646706;um2;343;2539;2539;um2;0.012321;;;;;;;;;;;;;;
347;Subparaventricular zone;84498;84498.245979;um2;377;3418;3418;um2;0.040451;;;;;;;;;;;;;;
286;Suprachiasmatic nucleus;61832;61831.828957;um2;226;1853;1853;um2;0.029968;;;;;;;;;;;;;;
338;Subfornical organ;22958;22958.444939;um2;0;0;0;um2;0;;;;;;;;;;;;;;
576073699;Ventromedial preoptic nucleus;83355;83354.506401;um2;209;1563;1563;um2;0.018751;;;;;;;;;;;;;;
689;Ventrolateral preoptic nucleus;99715;99714.902092;um2;47;351;351;um2;0.003520;;;;;;;;;;;;;;
467;Hypothalamic medial zone;0;0;um2;0;0;0;um2;0;;;;;;;;;;;;;;
88;Anterior hypothalamic nucleus;565564;565563.556831;um2;1755;16749;16749;um2;0.029615;;;;;;;;;;;;;;
700;Anterior hypothalamic nucleus, anterior part;0;0;um2;0;0;0;um2;0;;;;;;;;;;;;;;
708;Anterior hypothalamic nucleus, central part;0;0;um2;0;0;0;um2;0;;;;;;;;;;;;;;
716;Anterior hypothalamic nucleus, dorsal part;0;0;um2;0;0;0;um2;0;;;;;;;;;;;;;;
724;Anterior hypothalamic nucleus, posterior part;0;0;um2;0;0;0;um2;0;;;;;;;;;;;;;;
331;Mammillary body;0;0;um2;0;0;0;um2;0;;;;;;;;;;;;;;
210;Lateral mammillary nucleus;81369;81369.159904;um2;191;1440;1440;um2;0.017697;;;;;;;;;;;;;;
491;Medial mammillary nucleus;0;0;um2;0;0;0;um2;0;;;;;;;;;;;;;;
732;Medial mammillary nucleus, median part;71563;71563.376030;um2;208;1729;1729;um2;0.024160;;;;;;;;;;;;;;
606826647;Medial mammillary nucleus, lateral part;176038;176037.940712;um2;403;3279;3279;um2;0.018627;;;;;;;;;;;;;;
606826651;Medial mammillary nucleus, medial part;121638;121638.104454;um2;328;2857;2857;um2;0.023488;;;;;;;;;;;;;;
606826655;Medial mammillary nucleus, posterior part;4311;4311.273918;um2;0;0;0;um2;0;;;;;;;;;;;;;;
606826659;Medial mammillary nucleus, dorsal part;37129;37129.301682;um2;140;1277;1277;um2;0.034393;;;;;;;;;;;;;;
525;Supramammillary nucleus;210755;210754.797081;um2;772;7673;7673;um2;0.036407;;;;;;;;;;;;;;
1110;Supramammillary nucleus, lateral part;0;0;um2;0;0;0;um2;0;;;;;;;;;;;;;;
1118;Supramammillary nucleus, medial part;0;0;um2;0;0;0;um2;0;;;;;;;;;;;;;;
557;Tuberomammillary nucleus;0;0;um2;0;0;0;um2;0;;;;;;;;;;;;;;
1126;Tuberomammillary nucleus, dorsal part;40773;40772.585136;um2;162;1506;1506;um2;0.036937;;;;;;;;;;;;;;
1;Tuberomammillary nucleus, ventral part;61797;61797.263596;um2;129;1107;1107;um2;0.017913;;;;;;;;;;;;;;
515;Medial preoptic nucleus;608227;608227.010353;um2;1584;13040;13040;um2;0.021439;;;;;;;;;;;;;;
740;Medial preoptic nucleus, central part;0;0;um2;0;0;0;um2;0;;;;;;;;;;;;;;
748;Medial preoptic nucleus, lateral part;0;0;um2;0;0;0;um2;0;;;;;;;;;;;;;;
756;Medial preoptic nucleus, medial part;0;0;um2;0;0;0;um2;0;;;;;;;;;;;;;;
980;Dorsal premammillary nucleus;116097;116097.402626;um2;380;3770;3770;um2;0.032473;;;;;;;;;;;;;;
1004;Ventral premammillary nucleus;133321;133321.462402;um2;408;3980;3980;um2;0.029853;;;;;;;;;;;;;;
63;Paraventricular hypothalamic nucleus, descending division;57985;57984.786987;um2;304;3076;3076;um2;0.053048;;;;;;;;;;;;;;
439;Paraventricular hypothalamic nucleus, descending division, dorsal parvicellular part;0;0;um2;0;0;0;um2;0;;;;;;;;;;;;;;
447;Paraventricular hypothalamic nucleus, descending division, forniceal part;0;0;um2;0;0;0;um2;0;;;;;;;;;;;;;;
455;Paraventricular hypothalamic nucleus, descending division, lateral parvicellular part;0;0;um2;0;0;0;um2;0;;;;;;;;;;;;;;
464;Paraventricular hypothalamic nucleus, descending division, medial parvicellular part, ventral zone;0;0;um2;0;0;0;um2;0;;;;;;;;;;;;;;
693;Ventromedial hypothalamic nucleus;491841;491841.282295;um2;1030;8551;8551;um2;0.017386;;;;;;;;;;;;;;
761;Ventromedial hypothalamic nucleus, anterior part;0;0;um2;0;0;0;um2;0;;;;;;;;;;;;;;
769;Ventromedial hypothalamic nucleus, central part;0;0;um2;0;0;0;um2;0;;;;;;;;;;;;;;
777;Ventromedial hypothalamic nucleus, dorsomedial part;0;0;um2;0;0;0;um2;0;;;;;;;;;;;;;;
785;Ventromedial hypothalamic nucleus, ventrolateral part;0;0;um2;0;0;0;um2;0;;;;;;;;;;;;;;
946;Posterior hypothalamic nucleus;575876;575875.788467;um2;1936;18652;18652;um2;0.032389;;;;;;;;;;;;;;
290;Hypothalamic lateral zone;0;0;um2;0;0;0;um2;0;;;;;;;;;;;;;;
194;Lateral hypothalamic area;1785020;1785019.784164;um2;5057;45302;45302;um2;0.025379;;;;;;;;;;;;;;
226;Lateral preoptic area;807745;807744.804382;um2;2343;18421;18421;um2;0.022805;;;;;;;;;;;;;;
356;Preparasubthalamic nucleus;13099;13098.971848;um2;28;279;279;um2;0.021299;;;;;;;;;;;;;;
364;Parasubthalamic nucleus;124570;124570.174706;um2;340;3053;3053;um2;0.024508;;;;;;;;;;;;;;
576073704;Perifornical nucleus;144315;144314.537819;um2;518;4801;4801;um2;0.033268;;;;;;;;;;;;;;
173;Retrochiasmatic area;112088;112088.141602;um2;262;1894;1894;um2;0.016897;;;;;;;;;;;;;;
470;Subthalamic nucleus;161744;161743.794006;um2;279;1712;1712;um2;0.010585;;;;;;;;;;;;;;
614;Tuberal nucleus;482194;482193.773445;um2;702;5143;5143;um2;0.010666;;;;;;;;;;;;;;
797;Zona incerta;1121362;1121361.893745;um2;2560;20316;20316;um2;0.018117;;;;;;;;;;;;;;
796;Dopaminergic A13 group;0;0;um2;0;0;0;um2;0;;;;;;;;;;;;;;
804;Fields of Forel;140151;140150.637650;um2;266;2097;2097;um2;0.014962;;;;;;;;;;;;;;
10671;Median eminence;80238;80237.996674;um2;23;152;152;um2;0.001894;;;;;;;;;;;;;;
313;Midbrain;2257960;2257960.471626;um2;5033;46124;46124;um2;0.020427;;;;;;;;;;;;;;
339;Midbrain, sensory related;0;0;um2;0;0;0;um2;0;;;;;;;;;;;;;;
302;Superior colliculus, sensory related;0;0;um2;0;0;0;um2;0;;;;;;;;;;;;;;
851;Superior colliculus, optic layer;54135;54134.703835;um2;114;896;896;um2;0.016551;;;;;;;;;;;;;;
842;Superior colliculus, superficial gray layer;13936;13936.443596;um2;32;211;211;um2;0.015140;;;;;;;;;;;;;;
834;Superior colliculus, zonal layer;33140;33139.959122;um2;47;276;276;um2;0.008328;;;;;;;;;;;;;;
4;Inferior colliculus;0;0;um2;0;0;0;um2;0;;;;;;;;;;;;;;
811;Inferior colliculus, central nucleus;0;0;um2;0;0;0;um2;0;;;;;;;;;;;;;;
820;Inferior colliculus, dorsal nucleus;0;0;um2;0;0;0;um2;0;;;;;;;;;;;;;;
828;Inferior colliculus, external nucleus;0;0;um2;0;0;0;um2;0;;;;;;;;;;;;;;
580;Nucleus of the brachium of the inferior colliculus;0;0;um2;0;0;0;um2;0;;;;;;;;;;;;;;
271;Nucleus sagulum;0;0;um2;0;0;0;um2;0;;;;;;;;;;;;;;
874;Parabigeminal nucleus;0;0;um2;0;0;0;um2;0;;;;;;;;;;;;;;
460;Midbrain trigeminal nucleus;0;0;um2;0;0;0;um2;0;;;;;;;;;;;;;;
599626923;Subcommissural organ;19745;19745.256645;um2;11;58;58;um2;0.002937;;;;;;;;;;;;;;
323;Midbrain, motor related;0;0;um2;0;0;0;um2;0;;;;;;;;;;;;;;
381;Substantia nigra, reticular part;482963;482962.941345;um2;392;2304;2304;um2;0.004771;;;;;;;;;;;;;;
749;Ventral tegmental area;317366;317365.783005;um2;485;4016;4016;um2;0.012654;;;;;;;;;;;;;;
607344830;Paranigral nucleus;0;0;um2;0;0;0;um2;0;;;;;;;;;;;;;;
246;Midbrain reticular nucleus, retrorubral area;0;0;um2;0;0;0;um2;0;;;;;;;;;;;;;;
128;Midbrain reticular nucleus;920408;920408.419365;um2;832;6623;6623;um2;0.007196;;;;;;;;;;;;;;
539;Midbrain reticular nucleus, magnocellular part;0;0;um2;0;0;0;um2;0;;;;;;;;;;;;;;
548;Midbrain reticular nucleus, magnocellular part, general;0;0;um2;0;0;0;um2;0;;;;;;;;;;;;;;
555;Midbrain reticular nucleus, parvicellular part;0;0;um2;0;0;0;um2;0;;;;;;;;;;;;;;
294;Superior colliculus, motor related;0;0;um2;0;0;0;um2;0;;;;;;;;;;;;;;
26;Superior colliculus, motor related, deep gray layer;0;0;um2;0;0;0;um2;0;;;;;;;;;;;;;;
42;Superior colliculus, motor related, deep white layer;1003;1002.621841;um2;4;39;39;um2;0.038898;;;;;;;;;;;;;;
17;Superior colliculus, motor related, intermediate white layer;52537;52537.384491;um2;132;1204;1204;um2;0.022917;;;;;;;;;;;;;;
10;Superior colliculus, motor related, intermediate gray layer;104373;104372.933693;um2;348;3260;3260;um2;0.031234;;;;;;;;;;;;;;
494;Superior colliculus, motor related, intermediate gray layer, sublayer a;0;0;um2;0;0;0;um2;0;;;;;;;;;;;;;;
503;Superior colliculus, motor related, intermediate gray layer, sublayer b;0;0;um2;0;0;0;um2;0;;;;;;;;;;;;;;
511;Superior colliculus, motor related, intermediate gray layer, sublayer c;0;0;um2;0;0;0;um2;0;;;;;;;;;;;;;;
795;Periaqueductal gray;382077;382076.661301;um2;834;7643;7643;um2;0.020004;;;;;;;;;;;;;;
50;Precommissural nucleus;93530;93530.229401;um2;219;2006;2006;um2;0.021448;;;;;;;;;;;;;;
67;Interstitial nucleus of Cajal;30974;30973.747681;um2;89;848;848;um2;0.027378;;;;;;;;;;;;;;
587;Nucleus of Darkschewitsch;45110;45110.454567;um2;162;1536;1536;um2;0.034050;;;;;;;;;;;;;;
614454277;Supraoculomotor periaqueductal gray;0;0;um2;0;0;0;um2;0;;;;;;;;;;;;;;
1100;Pretectal region;0;0;um2;0;0;0;um2;0;;;;;;;;;;;;;;
215;Anterior pretectal nucleus;932180;932179.889992;um2;1150;9103;9103;um2;0.009765;;;;;;;;;;;;;;
531;Medial pretectal area;29607;29606.917152;um2;85;602;602;um2;0.020333;;;;;;;;;;;;;;
628;Nucleus of the optic tract;191768;191767.923882;um2;260;1748;1748;um2;0.009115;;;;;;;;;;;;;;
634;Nucleus of the posterior commissure;239057;239056.735985;um2;524;4778;4778;um2;0.019987;;;;;;;;;;;;;;
706;Olivary pretectal nucleus;32852;32851.992538;um2;54;292;292;um2;0.008888;;;;;;;;;;;;;;
1061;Posterior pretectal nucleus;187317;187316.538383;um2;425;3440;3440;um2;0.018365;;;;;;;;;;;;;;
549009203;Retroparafascicular nucleus;30770;30769.896568;um2;217;2222;2222;um2;0.072213;;;;;;;;;;;;;;
549009207;Intercollicular nucleus;0;0;um2;0;0;0;um2;0;;;;;;;;;;;;;;
616;Cuneiform nucleus;0;0;um2;0;0;0;um2;0;;;;;;;;;;;;;;
214;Red nucleus;12332;12332.248650;um2;3;8;8;um2;0.000649;;;;;;;;;;;;;;
35;Oculomotor nucleus;0;0;um2;0;0;0;um2;0;;;;;;;;;;;;;;
549009211;Medial accesory oculomotor nucleus;6216;6216.255417;um2;12;104;104;um2;0.016730;;;;;;;;;;;;;;
975;Edinger-Westphal nucleus;3910;3910.225182;um2;7;73;73;um2;0.018669;;;;;;;;;;;;;;
115;Trochlear nucleus;0;0;um2;0;0;0;um2;0;;;;;;;;;;;;;;
606826663;Paratrochlear nucleus;0;0;um2;0;0;0;um2;0;;;;;;;;;;;;;;
757;Ventral tegmental nucleus;0;0;um2;0;0;0;um2;0;;;;;;;;;;;;;;
231;Anterior tegmental nucleus;0;0;um2;0;0;0;um2;0;;;;;;;;;;;;;;
66;Lateral terminal nucleus of the accessory optic tract;13368;13368.073654;um2;17;104;104;um2;0.007780;;;;;;;;;;;;;;
75;Dorsal terminal nucleus of the accessory optic tract;0;0;um2;0;0;0;um2;0;;;;;;;;;;;;;;
58;Medial terminal nucleus of the accessory optic tract;16984;16984.322617;um2;8;51;51;um2;0.003003;;;;;;;;;;;;;;
615;Substantia nigra, lateral part;0;0;um2;0;0;0;um2;0;;;;;;;;;;;;;;
348;Midbrain, behavioral state related;0;0;um2;0;0;0;um2;0;;;;;;;;;;;;;;
374;Substantia nigra, compact part;136144;136144.340057;um2;99;705;705;um2;0.005178;;;;;;;;;;;;;;
1052;Pedunculopontine nucleus;0;0;um2;0;0;0;um2;0;;;;;;;;;;;;;;
165;Midbrain raphe nuclei;0;0;um2;0;0;0;um2;0;;;;;;;;;;;;;;
12;Interfascicular nucleus raphe;22211;22211.315781;um2;75;769;769;um2;0.034622;;;;;;;;;;;;;;
100;Interpeduncular nucleus;0;0;um2;0;0;0;um2;0;;;;;;;;;;;;;;
607344834;Interpeduncular nucleus, rostral;0;0;um2;0;0;0;um2;0;;;;;;;;;;;;;;
607344838;Interpeduncular nucleus, caudal;0;0;um2;0;0;0;um2;0;;;;;;;;;;;;;;
607344842;Interpeduncular nucleus, apical;0;0;um2;0;0;0;um2;0;;;;;;;;;;;;;;
607344846;Interpeduncular nucleus, lateral;0;0;um2;0;0;0;um2;0;;;;;;;;;;;;;;
607344850;Interpeduncular nucleus, intermediate;0;0;um2;0;0;0;um2;0;;;;;;;;;;;;;;
607344854;Interpeduncular nucleus, dorsomedial;0;0;um2;0;0;0;um2;0;;;;;;;;;;;;;;
607344858;Interpeduncular nucleus, dorsolateral;0;0;um2;0;0;0;um2;0;;;;;;;;;;;;;;
607344862;Interpeduncular nucleus, rostrolateral;0;0;um2;0;0;0;um2;0;;;;;;;;;;;;;;
197;Rostral linear nucleus raphe;2507;2506.554604;um2;9;95;95;um2;0.037901;;;;;;;;;;;;;;
591;Central linear nucleus raphe;0;0;um2;0;0;0;um2;0;;;;;;;;;;;;;;
872;Dorsal nucleus raphe;0;0;um2;0;0;0;um2;0;;;;;;;;;;;;;;
1065;Hindbrain;0;0;um2;0;0;0;um2;0;;;;;;;;;;;;;;
771;Pons;0;0;um2;0;0;0;um2;0;;;;;;;;;;;;;;
1132;Pons, sensory related;0;0;um2;0;0;0;um2;0;;;;;;;;;;;;;;
612;Nucleus of the lateral lemniscus;0;0;um2;0;0;0;um2;0;;;;;;;;;;;;;;
82;Nucleus of the lateral lemniscus, dorsal part;0;0;um2;0;0;0;um2;0;;;;;;;;;;;;;;
90;Nucleus of the lateral lemniscus, horizontal part;0;0;um2;0;0;0;um2;0;;;;;;;;;;;;;;
99;Nucleus of the lateral lemniscus, ventral part;0;0;um2;0;0;0;um2;0;;;;;;;;;;;;;;
7;Principal sensory nucleus of the trigeminal;0;0;um2;0;0;0;um2;0;;;;;;;;;;;;;;
867;Parabrachial nucleus;0;0;um2;0;0;0;um2;0;;;;;;;;;;;;;;
123;Koelliker-Fuse subnucleus;0;0;um2;0;0;0;um2;0;;;;;;;;;;;;;;
881;Parabrachial nucleus, lateral division;0;0;um2;0;0;0;um2;0;;;;;;;;;;;;;;
860;Parabrachial nucleus, lateral division, central lateral part;0;0;um2;0;0;0;um2;0;;;;;;;;;;;;;;
868;Parabrachial nucleus, lateral division, dorsal lateral part;0;0;um2;0;0;0;um2;0;;;;;;;;;;;;;;
875;Parabrachial nucleus, lateral division, external lateral part;0;0;um2;0;0;0;um2;0;;;;;;;;;;;;;;
883;Parabrachial nucleus, lateral division, superior lateral part;0;0;um2;0;0;0;um2;0;;;;;;;;;;;;;;
891;Parabrachial nucleus, lateral division, ventral lateral part;0;0;um2;0;0;0;um2;0;;;;;;;;;;;;;;
890;Parabrachial nucleus, medial division;0;0;um2;0;0;0;um2;0;;;;;;;;;;;;;;
899;Parabrachial nucleus, medial division, external medial part;0;0;um2;0;0;0;um2;0;;;;;;;;;;;;;;
915;Parabrachial nucleus, medial division, medial medial part;0;0;um2;0;0;0;um2;0;;;;;;;;;;;;;;
923;Parabrachial nucleus, medial division, ventral medial part;0;0;um2;0;0;0;um2;0;;;;;;;;;;;;;;
398;Superior olivary complex;0;0;um2;0;0;0;um2;0;;;;;;;;;;;;;;
122;Superior olivary complex, periolivary region;0;0;um2;0;0;0;um2;0;;;;;;;;;;;;;;
105;Superior olivary complex, medial part;0;0;um2;0;0;0;um2;0;;;;;;;;;;;;;;
114;Superior olivary complex, lateral part;0;0;um2;0;0;0;um2;0;;;;;;;;;;;;;;
987;Pons, motor related;0;0;um2;0;0;0;um2;0;;;;;;;;;;;;;;
280;Barrington's nucleus;0;0;um2;0;0;0;um2;0;;;;;;;;;;;;;;
880;Dorsal tegmental nucleus;0;0;um2;0;0;0;um2;0;;;;;;;;;;;;;;
283;Lateral tegmental nucleus;0;0;um2;0;0;0;um2;0;;;;;;;;;;;;;;
599626927;Posterodorsal tegmental nucleus;0;0;um2;0;0;0;um2;0;;;;;;;;;;;;;;
898;Pontine central gray;0;0;um2;0;0;0;um2;0;;;;;;;;;;;;;;
931;Pontine gray;0;0;um2;0;0;0;um2;0;;;;;;;;;;;;;;
1093;Pontine reticular nucleus, caudal part;0;0;um2;0;0;0;um2;0;;;;;;;;;;;;;;
552;Pontine reticular nucleus, ventral part;0;0;um2;0;0;0;um2;0;;;;;;;;;;;;;;
318;Supragenual nucleus;0;0;um2;0;0;0;um2;0;;;;;;;;;;;;;;
462;Superior salivatory nucleus;0;0;um2;0;0;0;um2;0;;;;;;;;;;;;;;
534;Supratrigeminal nucleus;0;0;um2;0;0;0;um2;0;;;;;;;;;;;;;;
574;Tegmental reticular nucleus;0;0;um2;0;0;0;um2;0;;;;;;;;;;;;;;
621;Motor nucleus of trigeminal;0;0;um2;0;0;0;um2;0;;;;;;;;;;;;;;
549009215;Peritrigeminal zone;0;0;um2;0;0;0;um2;0;;;;;;;;;;;;;;
549009219;Accessory trigeminal nucleus;0;0;um2;0;0;0;um2;0;;;;;;;;;;;;;;
549009223;Parvicellular motor 5 nucleus;0;0;um2;0;0;0;um2;0;;;;;;;;;;;;;;
549009227;Intertrigeminal nucleus;0;0;um2;0;0;0;um2;0;;;;;;;;;;;;;;
1117;Pons, behavioral state related;0;0;um2;0;0;0;um2;0;;;;;;;;;;;;;;
679;Superior central nucleus raphe;0;0;um2;0;0;0;um2;0;;;;;;;;;;;;;;
137;Superior central nucleus raphe, lateral part;0;0;um2;0;0;0;um2;0;;;;;;;;;;;;;;
130;Superior central nucleus raphe, medial part;0;0;um2;0;0;0;um2;0;;;;;;;;;;;;;;
147;Locus ceruleus;0;0;um2;0;0;0;um2;0;;;;;;;;;;;;;;
162;Laterodorsal tegmental nucleus;0;0;um2;0;0;0;um2;0;;;;;;;;;;;;;;
604;Nucleus incertus;0;0;um2;0;0;0;um2;0;;;;;;;;;;;;;;
146;Pontine reticular nucleus;0;0;um2;0;0;0;um2;0;;;;;;;;;;;;;;
238;Nucleus raphe pontis;0;0;um2;0;0;0;um2;0;;;;;;;;;;;;;;
350;Subceruleus nucleus;0;0;um2;0;0;0;um2;0;;;;;;;;;;;;;;
358;Sublaterodorsal nucleus;0;0;um2;0;0;0;um2;0;;;;;;;;;;;;;;
354;Medulla;0;0;um2;0;0;0;um2;0;;;;;;;;;;;;;;
386;Medulla, sensory related;0;0;um2;0;0;0;um2;0;;;;;;;;;;;;;;
207;Area postrema;0;0;um2;0;0;0;um2;0;;;;;;;;;;;;;;
607;Cochlear nuclei;0;0;um2;0;0;0;um2;0;;;;;;;;;;;;;;
112;Granular lamina of the cochlear nuclei;0;0;um2;0;0;0;um2;0;;;;;;;;;;;;;;
560;Cochlear nucleus, subpedunclular granular region;0;0;um2;0;0;0;um2;0;;;;;;;;;;;;;;
96;Dorsal cochlear nucleus;0;0;um2;0;0;0;um2;0;;;;;;;;;;;;;;
101;Ventral cochlear nucleus;0;0;um2;0;0;0;um2;0;;;;;;;;;;;;;;
720;Dorsal column nuclei;0;0;um2;0;0;0;um2;0;;;;;;;;;;;;;;
711;Cuneate nucleus;0;0;um2;0;0;0;um2;0;;;;;;;;;;;;;;
1039;Gracile nucleus;0;0;um2;0;0;0;um2;0;;;;;;;;;;;;;;
903;External cuneate nucleus;0;0;um2;0;0;0;um2;0;;;;;;;;;;;;;;
642;Nucleus of the trapezoid body;0;0;um2;0;0;0;um2;0;;;;;;;;;;;;;;
651;Nucleus of the solitary tract;0;0;um2;0;0;0;um2;0;;;;;;;;;;;;;;
659;Nucleus of the solitary tract, central part;0;0;um2;0;0;0;um2;0;;;;;;;;;;;;;;
666;Nucleus of the solitary tract, commissural part;0;0;um2;0;0;0;um2;0;;;;;;;;;;;;;;
674;Nucleus of the solitary tract, gelatinous part;0;0;um2;0;0;0;um2;0;;;;;;;;;;;;;;
682;Nucleus of the solitary tract, lateral part;0;0;um2;0;0;0;um2;0;;;;;;;;;;;;;;
691;Nucleus of the solitary tract, medial part;0;0;um2;0;0;0;um2;0;;;;;;;;;;;;;;
429;Spinal nucleus of the trigeminal, caudal part;0;0;um2;0;0;0;um2;0;;;;;;;;;;;;;;
437;Spinal nucleus of the trigeminal, interpolar part;0;0;um2;0;0;0;um2;0;;;;;;;;;;;;;;
445;Spinal nucleus of the trigeminal, oral part;0;0;um2;0;0;0;um2;0;;;;;;;;;;;;;;
77;Spinal nucleus of the trigeminal, oral part, caudal dorsomedial part;0;0;um2;0;0;0;um2;0;;;;;;;;;;;;;;
53;Spinal nucleus of the trigeminal, oral part, middle dorsomedial part, dorsal zone;0;0;um2;0;0;0;um2;0;;;;;;;;;;;;;;
61;Spinal nucleus of the trigeminal, oral part, middle dorsomedial part, ventral zone;0;0;um2;0;0;0;um2;0;;;;;;;;;;;;;;
45;Spinal nucleus of the trigeminal, oral part, rostral dorsomedial part;0;0;um2;0;0;0;um2;0;;;;;;;;;;;;;;
69;Spinal nucleus of the trigeminal, oral part, ventrolateral part;0;0;um2;0;0;0;um2;0;;;;;;;;;;;;;;
589508451;Paratrigeminal nucleus;0;0;um2;0;0;0;um2;0;;;;;;;;;;;;;;
789;Nucleus z;0;0;um2;0;0;0;um2;0;;;;;;;;;;;;;;
370;Medulla, motor related;0;0;um2;0;0;0;um2;0;;;;;;;;;;;;;;
653;Abducens nucleus;0;0;um2;0;0;0;um2;0;;;;;;;;;;;;;;
568;Accessory abducens nucleus;0;0;um2;0;0;0;um2;0;;;;;;;;;;;;;;
661;Facial motor nucleus;0;0;um2;0;0;0;um2;0;;;;;;;;;;;;;;
576;Accessory facial motor nucleus;0;0;um2;0;0;0;um2;0;;;;;;;;;;;;;;
640;Efferent vestibular nucleus;0;0;um2;0;0;0;um2;0;;;;;;;;;;;;;;
135;Nucleus ambiguus;0;0;um2;0;0;0;um2;0;;;;;;;;;;;;;;
939;Nucleus ambiguus, dorsal division;0;0;um2;0;0;0;um2;0;;;;;;;;;;;;;;
143;Nucleus ambiguus, ventral division;0;0;um2;0;0;0;um2;0;;;;;;;;;;;;;;
839;Dorsal motor nucleus of the vagus nerve;0;0;um2;0;0;0;um2;0;;;;;;;;;;;;;;
887;Efferent cochlear group;0;0;um2;0;0;0;um2;0;;;;;;;;;;;;;;
1048;Gigantocellular reticular nucleus;0;0;um2;0;0;0;um2;0;;;;;;;;;;;;;;
372;Infracerebellar nucleus;0;0;um2;0;0;0;um2;0;;;;;;;;;;;;;;
83;Inferior olivary complex;0;0;um2;0;0;0;um2;0;;;;;;;;;;;;;;
136;Intermediate reticular nucleus;0;0;um2;0;0;0;um2;0;;;;;;;;;;;;;;
106;Inferior salivatory nucleus;0;0;um2;0;0;0;um2;0;;;;;;;;;;;;;;
203;Linear nucleus of the medulla;0;0;um2;0;0;0;um2;0;;;;;;;;;;;;;;
235;Lateral reticular nucleus;0;0;um2;0;0;0;um2;0;;;;;;;;;;;;;;
955;Lateral reticular nucleus, magnocellular part;0;0;um2;0;0;0;um2;0;;;;;;;;;;;;;;
963;Lateral reticular nucleus, parvicellular part;0;0;um2;0;0;0;um2;0;;;;;;;;;;;;;;
307;Magnocellular reticular nucleus;0;0;um2;0;0;0;um2;0;;;;;;;;;;;;;;
395;Medullary reticular nucleus;0;0;um2;0;0;0;um2;0;;;;;;;;;;;;;;
1098;Medullary reticular nucleus, dorsal part;0;0;um2;0;0;0;um2;0;;;;;;;;;;;;;;
1107;Medullary reticular nucleus, ventral part;0;0;um2;0;0;0;um2;0;;;;;;;;;;;;;;
852;Parvicellular reticular nucleus;0;0;um2;0;0;0;um2;0;;;;;;;;;;;;;;
859;Parasolitary nucleus;0;0;um2;0;0;0;um2;0;;;;;;;;;;;;;;
938;Paragigantocellular reticular nucleus;0;0;um2;0;0;0;um2;0;;;;;;;;;;;;;;
970;Paragigantocellular reticular nucleus, dorsal part;0;0;um2;0;0;0;um2;0;;;;;;;;;;;;;;
978;Paragigantocellular reticular nucleus, lateral part;0;0;um2;0;0;0;um2;0;;;;;;;;;;;;;;
154;Perihypoglossal nuclei;0;0;um2;0;0;0;um2;0;;;;;;;;;;;;;;
161;Nucleus intercalatus;0;0;um2;0;0;0;um2;0;;;;;;;;;;;;;;
177;Nucleus of Roller;0;0;um2;0;0;0;um2;0;;;;;;;;;;;;;;
169;Nucleus prepositus;0;0;um2;0;0;0;um2;0;;;;;;;;;;;;;;
995;Paramedian reticular nucleus;0;0;um2;0;0;0;um2;0;;;;;;;;;;;;;;
1069;Parapyramidal nucleus;0;0;um2;0;0;0;um2;0;;;;;;;;;;;;;;
185;Parapyramidal nucleus, deep part;0;0;um2;0;0;0;um2;0;;;;;;;;;;;;;;
193;Parapyramidal nucleus, superficial part;0;0;um2;0;0;0;um2;0;;;;;;;;;;;;;;
701;Vestibular nuclei;0;0;um2;0;0;0;um2;0;;;;;;;;;;;;;;
209;Lateral vestibular nucleus;0;0;um2;0;0;0;um2;0;;;;;;;;;;;;;;
202;Medial vestibular nucleus;0;0;um2;0;0;0;um2;0;;;;;;;;;;;;;;
225;Spinal vestibular nucleus;0;0;um2;0;0;0;um2;0;;;;;;;;;;;;;;
217;Superior vestibular nucleus;0;0;um2;0;0;0;um2;0;;;;;;;;;;;;;;
765;Nucleus x;0;0;um2;0;0;0;um2;0;;;;;;;;;;;;;;
773;Hypoglossal nucleus;0;0;um2;0;0;0;um2;0;;;;;;;;;;;;;;
781;Nucleus y;0;0;um2;0;0;0;um2;0;;;;;;;;;;;;;;
76;Interstitial nucleus of the vestibular nerve;0;0;um2;0;0;0;um2;0;;;;;;;;;;;;;;
379;Medulla, behavioral state related;0;0;um2;0;0;0;um2;0;;;;;;;;;;;;;;
206;Nucleus raphe magnus;0;0;um2;0;0;0;um2;0;;;;;;;;;;;;;;
230;Nucleus raphe pallidus;0;0;um2;0;0;0;um2;0;;;;;;;;;;;;;;
222;Nucleus raphe obscurus;0;0;um2;0;0;0;um2;0;;;;;;;;;;;;;;
512;Cerebellum;0;0;um2;0;0;0;um2;0;;;;;;;;;;;;;;
528;Cerebellar cortex;0;0;um2;0;0;0;um2;0;;;;;;;;;;;;;;
1144;Cerebellar cortex, molecular layer;0;0;um2;0;0;0;um2;0;;;;;;;;;;;;;;
1145;Cerebellar cortex, Purkinje layer;0;0;um2;0;0;0;um2;0;;;;;;;;;;;;;;
1143;Cerebellar cortex, granular layer;0;0;um2;0;0;0;um2;0;;;;;;;;;;;;;;
645;Vermal regions;0;0;um2;0;0;0;um2;0;;;;;;;;;;;;;;
912;Lingula (I);0;0;um2;0;0;0;um2;0;;;;;;;;;;;;;;
10707;Lingula (I), molecular layer;0;0;um2;0;0;0;um2;0;;;;;;;;;;;;;;
10706;Lingula (I), Purkinje layer;0;0;um2;0;0;0;um2;0;;;;;;;;;;;;;;
10705;Lingula (I), granular layer;0;0;um2;0;0;0;um2;0;;;;;;;;;;;;;;
920;Central lobule;0;0;um2;0;0;0;um2;0;;;;;;;;;;;;;;
976;Lobule II;0;0;um2;0;0;0;um2;0;;;;;;;;;;;;;;
10710;Lobule II, molecular layer;0;0;um2;0;0;0;um2;0;;;;;;;;;;;;;;
10709;Lobule II, Purkinje layer;0;0;um2;0;0;0;um2;0;;;;;;;;;;;;;;
10708;Lobule II, granular layer;0;0;um2;0;0;0;um2;0;;;;;;;;;;;;;;
984;Lobule III;0;0;um2;0;0;0;um2;0;;;;;;;;;;;;;;
10713;Lobule III, molecular layer;0;0;um2;0;0;0;um2;0;;;;;;;;;;;;;;
10712;Lobule III, Purkinje layer;0;0;um2;0;0;0;um2;0;;;;;;;;;;;;;;
10711;Lobule III, granular layer;0;0;um2;0;0;0;um2;0;;;;;;;;;;;;;;
928;Culmen;0;0;um2;0;0;0;um2;0;;;;;;;;;;;;;;
992;Lobule IV;0;0;um2;0;0;0;um2;0;;;;;;;;;;;;;;
10716;Lobule IV, molecular layer;0;0;um2;0;0;0;um2;0;;;;;;;;;;;;;;
10715;Lobule IV, Purkinje layer;0;0;um2;0;0;0;um2;0;;;;;;;;;;;;;;
10714;Lobule IV, granular layer;0;0;um2;0;0;0;um2;0;;;;;;;;;;;;;;
1001;Lobule V;0;0;um2;0;0;0;um2;0;;;;;;;;;;;;;;
10719;Lobule V, molecular layer;0;0;um2;0;0;0;um2;0;;;;;;;;;;;;;;
10718;Lobule V, Purkinje layer;0;0;um2;0;0;0;um2;0;;;;;;;;;;;;;;
10717;Lobule V, granular layer;0;0;um2;0;0;0;um2;0;;;;;;;;;;;;;;
1091;Lobules IV-V;0;0;um2;0;0;0;um2;0;;;;;;;;;;;;;;
10722;Lobules IV-V, molecular layer;0;0;um2;0;0;0;um2;0;;;;;;;;;;;;;;
10721;Lobules IV-V, Purkinje layer;0;0;um2;0;0;0;um2;0;;;;;;;;;;;;;;
10720;Lobules IV-V, granular layer;0;0;um2;0;0;0;um2;0;;;;;;;;;;;;;;
936;Declive (VI);0;0;um2;0;0;0;um2;0;;;;;;;;;;;;;;
10725;Declive (VI), molecular layer;0;0;um2;0;0;0;um2;0;;;;;;;;;;;;;;
10724;Declive (VI), Purkinje layer;0;0;um2;0;0;0;um2;0;;;;;;;;;;;;;;
10723;Declive (VI), granular layer;0;0;um2;0;0;0;um2;0;;;;;;;;;;;;;;
944;Folium-tuber vermis (VII);0;0;um2;0;0;0;um2;0;;;;;;;;;;;;;;
10728;Folium-tuber vermis (VII), molecular layer;0;0;um2;0;0;0;um2;0;;;;;;;;;;;;;;
10727;Folium-tuber vermis (VII), Purkinje layer;0;0;um2;0;0;0;um2;0;;;;;;;;;;;;;;
10726;Folium-tuber vermis (VII), granular layer;0;0;um2;0;0;0;um2;0;;;;;;;;;;;;;;
951;Pyramus (VIII);0;0;um2;0;0;0;um2;0;;;;;;;;;;;;;;
10731;Pyramus (VIII), molecular layer;0;0;um2;0;0;0;um2;0;;;;;;;;;;;;;;
10730;Pyramus (VIII), Purkinje layer;0;0;um2;0;0;0;um2;0;;;;;;;;;;;;;;
10729;Pyramus (VIII), granular layer;0;0;um2;0;0;0;um2;0;;;;;;;;;;;;;;
957;Uvula (IX);0;0;um2;0;0;0;um2;0;;;;;;;;;;;;;;
10734;Uvula (IX), molecular layer;0;0;um2;0;0;0;um2;0;;;;;;;;;;;;;;
10733;Uvula (IX), Purkinje layer;0;0;um2;0;0;0;um2;0;;;;;;;;;;;;;;
10732;Uvula (IX), granular layer;0;0;um2;0;0;0;um2;0;;;;;;;;;;;;;;
968;Nodulus (X);0;0;um2;0;0;0;um2;0;;;;;;;;;;;;;;
10737;Nodulus (X), molecular layer;0;0;um2;0;0;0;um2;0;;;;;;;;;;;;;;
10736;Nodulus (X), Purkinje layer;0;0;um2;0;0;0;um2;0;;;;;;;;;;;;;;
10735;Nodulus (X), granular layer;0;0;um2;0;0;0;um2;0;;;;;;;;;;;;;;
1073;Hemispheric regions;0;0;um2;0;0;0;um2;0;;;;;;;;;;;;;;
1007;Simple lobule;0;0;um2;0;0;0;um2;0;;;;;;;;;;;;;;
10674;Simple lobule, molecular layer;0;0;um2;0;0;0;um2;0;;;;;;;;;;;;;;
10673;Simple lobule, Purkinje layer;0;0;um2;0;0;0;um2;0;;;;;;;;;;;;;;
10672;Simple lobule, granular layer;0;0;um2;0;0;0;um2;0;;;;;;;;;;;;;;
1017;Ansiform lobule;0;0;um2;0;0;0;um2;0;;;;;;;;;;;;;;
1056;Crus 1;0;0;um2;0;0;0;um2;0;;;;;;;;;;;;;;
10677;Crus 1, molecular layer;0;0;um2;0;0;0;um2;0;;;;;;;;;;;;;;
10676;Crus 1, Purkinje layer;0;0;um2;0;0;0;um2;0;;;;;;;;;;;;;;
10675;Crus 1, granular layer;0;0;um2;0;0;0;um2;0;;;;;;;;;;;;;;
1064;Crus 2;0;0;um2;0;0;0;um2;0;;;;;;;;;;;;;;
10680;Crus 2, molecular layer;0;0;um2;0;0;0;um2;0;;;;;;;;;;;;;;
10679;Crus 2, Purkinje layer;0;0;um2;0;0;0;um2;0;;;;;;;;;;;;;;
10678;Crus 2, granular layer;0;0;um2;0;0;0;um2;0;;;;;;;;;;;;;;
1025;Paramedian lobule;0;0;um2;0;0;0;um2;0;;;;;;;;;;;;;;
10683;Paramedian lobule, molecular layer;0;0;um2;0;0;0;um2;0;;;;;;;;;;;;;;
10682;Paramedian lobule, Purkinje layer;0;0;um2;0;0;0;um2;0;;;;;;;;;;;;;;
10681;Paramedian lobule, granular layer;0;0;um2;0;0;0;um2;0;;;;;;;;;;;;;;
1033;Copula pyramidis;0;0;um2;0;0;0;um2;0;;;;;;;;;;;;;;
10686;Copula pyramidis, molecular layer;0;0;um2;0;0;0;um2;0;;;;;;;;;;;;;;
10685;Copula pyramidis, Purkinje layer;0;0;um2;0;0;0;um2;0;;;;;;;;;;;;;;
10684;Copula pyramidis, granular layer;0;0;um2;0;0;0;um2;0;;;;;;;;;;;;;;
1041;Paraflocculus;0;0;um2;0;0;0;um2;0;;;;;;;;;;;;;;
10689;Paraflocculus, molecular layer;0;0;um2;0;0;0;um2;0;;;;;;;;;;;;;;
10688;Paraflocculus, Purkinje layer;0;0;um2;0;0;0;um2;0;;;;;;;;;;;;;;
10687;Paraflocculus, granular layer;0;0;um2;0;0;0;um2;0;;;;;;;;;;;;;;
1049;Flocculus;0;0;um2;0;0;0;um2;0;;;;;;;;;;;;;;
10692;Flocculus, molecular layer;0;0;um2;0;0;0;um2;0;;;;;;;;;;;;;;
10691;Flocculus, Purkinje layer;0;0;um2;0;0;0;um2;0;;;;;;;;;;;;;;
10690;Flocculus, granular layer;0;0;um2;0;0;0;um2;0;;;;;;;;;;;;;;
519;Cerebellar nuclei;0;0;um2;0;0;0;um2;0;;;;;;;;;;;;;;
989;Fastigial nucleus;0;0;um2;0;0;0;um2;0;;;;;;;;;;;;;;
91;Interposed nucleus;0;0;um2;0;0;0;um2;0;;;;;;;;;;;;;;
846;Dentate nucleus;0;0;um2;0;0;0;um2;0;;;;;;;;;;;;;;
589508455;Vestibulocerebellar nucleus;0;0;um2;0;0;0;um2;0;;;;;;;;;;;;;;
1009;fiber tracts;1568110;1568110.146141;um2;1269;8554;8554;um2;0.005455;;;;;;;;;;;;;;
967;cranial nerves;0;0;um2;0;0;0;um2;0;;;;;;;;;;;;;;
885;terminal nerve;0;0;um2;0;0;0;um2;0;;;;;;;;;;;;;;
949;vomeronasal nerve;0;0;um2;0;0;0;um2;0;;;;;;;;;;;;;;
840;olfactory nerve;0;0;um2;0;0;0;um2;0;;;;;;;;;;;;;;
1016;olfactory nerve layer of main olfactory bulb;0;0;um2;0;0;0;um2;0;;;;;;;;;;;;;;
21;lateral olfactory tract, general;0;0;um2;0;0;0;um2;0;;;;;;;;;;;;;;
665;lateral olfactory tract, body;847569;847569.383331;um2;250;1190;1190;um2;0.001404;;;;;;;;;;;;;;
538;dorsal limb;0;0;um2;0;0;0;um2;0;;;;;;;;;;;;;;
459;accessory olfactory tract;0;0;um2;0;0;0;um2;0;;;;;;;;;;;;;;
900;anterior commissure, olfactory limb;425701;425701.460022;um2;301;2390;2390;um2;0.005614;;;;;;;;;;;;;;
848;optic nerve;64407;64407.281029;um2;1;1;1;um2;0.000016;;;;;;;;;;;;;;
876;accessory optic tract;0;0;um2;0;0;0;um2;0;;;;;;;;;;;;;;
916;brachium of the superior colliculus;122774;122773.921776;um2;45;235;235;um2;0.001914;;;;;;;;;;;;;;
336;superior colliculus commissure;0;0;um2;0;0;0;um2;0;;;;;;;;;;;;;;
117;optic chiasm;381942;381942.370010;um2;126;643;643;um2;0.001684;;;;;;;;;;;;;;
125;optic tract;599933;599933.330078;um2;152;891;891;um2;0.001485;;;;;;;;;;;;;;
357;tectothalamic pathway;0;0;um2;0;0;0;um2;0;;;;;;;;;;;;;;
832;oculomotor nerve;0;0;um2;0;0;0;um2;0;;;;;;;;;;;;;;
62;medial longitudinal fascicle;0;0;um2;0;0;0;um2;0;;;;;;;;;;;;;;
158;posterior commissure;72586;72585.940338;um2;51;324;324;um2;0.004464;;;;;;;;;;;;;;
911;trochlear nerve;0;0;um2;0;0;0;um2;0;;;;;;;;;;;;;;
384;trochlear nerve decussation;0;0;um2;0;0;0;um2;0;;;;;;;;;;;;;;
710;abducens nerve;0;0;um2;0;0;0;um2;0;;;;;;;;;;;;;;
901;trigeminal nerve;0;0;um2;0;0;0;um2;0;;;;;;;;;;;;;;
93;motor root of the trigeminal nerve;0;0;um2;0;0;0;um2;0;;;;;;;;;;;;;;
229;sensory root of the trigeminal nerve;0;0;um2;0;0;0;um2;0;;;;;;;;;;;;;;
705;midbrain tract of the trigeminal nerve;0;0;um2;0;0;0;um2;0;;;;;;;;;;;;;;
794;spinal tract of the trigeminal nerve;0;0;um2;0;0;0;um2;0;;;;;;;;;;;;;;
798;facial nerve;0;0;um2;0;0;0;um2;0;;;;;;;;;;;;;;
1131;intermediate nerve;0;0;um2;0;0;0;um2;0;;;;;;;;;;;;;;
1116;genu of the facial nerve;0;0;um2;0;0;0;um2;0;;;;;;;;;;;;;;
933;vestibulocochlear nerve;0;0;um2;0;0;0;um2;0;;;;;;;;;;;;;;
1076;efferent cochleovestibular bundle;0;0;um2;0;0;0;um2;0;;;;;;;;;;;;;;
413;vestibular nerve;0;0;um2;0;0;0;um2;0;;;;;;;;;;;;;;
948;cochlear nerve;0;0;um2;0;0;0;um2;0;;;;;;;;;;;;;;
841;trapezoid body;0;0;um2;0;0;0;um2;0;;;;;;;;;;;;;;
641;intermediate acoustic stria;0;0;um2;0;0;0;um2;0;;;;;;;;;;;;;;
506;dorsal acoustic stria;0;0;um2;0;0;0;um2;0;;;;;;;;;;;;;;
658;lateral lemniscus;0;0;um2;0;0;0;um2;0;;;;;;;;;;;;;;
633;inferior colliculus commissure;0;0;um2;0;0;0;um2;0;;;;;;;;;;;;;;
482;brachium of the inferior colliculus;0;0;um2;0;0;0;um2;0;;;;;;;;;;;;;;
808;glossopharyngeal nerve;0;0;um2;0;0;0;um2;0;;;;;;;;;;;;;;
917;vagus nerve;0;0;um2;0;0;0;um2;0;;;;;;;;;;;;;;
237;solitary tract;0;0;um2;0;0;0;um2;0;;;;;;;;;;;;;;
717;accessory spinal nerve;0;0;um2;0;0;0;um2;0;;;;;;;;;;;;;;
813;hypoglossal nerve;0;0;um2;0;0;0;um2;0;;;;;;;;;;;;;;
925;ventral roots;0;0;um2;0;0;0;um2;0;;;;;;;;;;;;;;
792;dorsal roots;0;0;um2;0;0;0;um2;0;;;;;;;;;;;;;;
932;cervicothalamic tract;0;0;um2;0;0;0;um2;0;;;;;;;;;;;;;;
570;dorsolateral fascicle;0;0;um2;0;0;0;um2;0;;;;;;;;;;;;;;
522;dorsal commissure of the spinal cord;0;0;um2;0;0;0;um2;0;;;;;;;;;;;;;;
858;ventral commissure of the spinal cord;0;0;um2;0;0;0;um2;0;;;;;;;;;;;;;;
586;fasciculus proprius;0;0;um2;0;0;0;um2;0;;;;;;;;;;;;;;
514;dorsal column;0;0;um2;0;0;0;um2;0;;;;;;;;;;;;;;
380;cuneate fascicle;0;0;um2;0;0;0;um2;0;;;;;;;;;;;;;;
388;gracile fascicle;0;0;um2;0;0;0;um2;0;;;;;;;;;;;;;;
396;internal arcuate fibers;0;0;um2;0;0;0;um2;0;;;;;;;;;;;;;;
697;medial lemniscus;152660;152660.122986;um2;18;90;90;um2;0.000590;;;;;;;;;;;;;;
871;spinothalamic tract;0;0;um2;0;0;0;um2;0;;;;;;;;;;;;;;
29;lateral spinothalamic tract;0;0;um2;0;0;0;um2;0;;;;;;;;;;;;;;
389;ventral spinothalamic tract;0;0;um2;0;0;0;um2;0;;;;;;;;;;;;;;
245;spinocervical tract;0;0;um2;0;0;0;um2;0;;;;;;;;;;;;;;
261;spino-olivary pathway;0;0;um2;0;0;0;um2;0;;;;;;;;;;;;;;
270;spinoreticular pathway;0;0;um2;0;0;0;um2;0;;;;;;;;;;;;;;
293;spinovestibular pathway;0;0;um2;0;0;0;um2;0;;;;;;;;;;;;;;
277;spinotectal pathway;0;0;um2;0;0;0;um2;0;;;;;;;;;;;;;;
253;spinohypothalamic pathway;0;0;um2;0;0;0;um2;0;;;;;;;;;;;;;;
285;spinotelenchephalic pathway;0;0;um2;0;0;0;um2;0;;;;;;;;;;;;;;
627;hypothalamohypophysial tract;0;0;um2;0;0;0;um2;0;;;;;;;;;;;;;;
960;cerebellum related fiber tracts;0;0;um2;0;0;0;um2;0;;;;;;;;;;;;;;
744;cerebellar commissure;0;0;um2;0;0;0;um2;0;;;;;;;;;;;;;;
752;cerebellar peduncles;0;0;um2;0;0;0;um2;0;;;;;;;;;;;;;;
326;superior cerebelar peduncles;0;0;um2;0;0;0;um2;0;;;;;;;;;;;;;;
812;superior cerebellar peduncle decussation;0;0;um2;0;0;0;um2;0;;;;;;;;;;;;;;
85;spinocerebellar tract;0;0;um2;0;0;0;um2;0;;;;;;;;;;;;;;
850;uncinate fascicle;0;0;um2;0;0;0;um2;0;;;;;;;;;;;;;;
866;ventral spinocerebellar tract;0;0;um2;0;0;0;um2;0;;;;;;;;;;;;;;
78;middle cerebellar peduncle;0;0;um2;0;0;0;um2;0;;;;;;;;;;;;;;
1123;inferior cerebellar peduncle;0;0;um2;0;0;0;um2;0;;;;;;;;;;;;;;
553;dorsal spinocerebellar tract;0;0;um2;0;0;0;um2;0;;;;;;;;;;;;;;
499;cuneocerebellar tract;0;0;um2;0;0;0;um2;0;;;;;;;;;;;;;;
650;juxtarestiform body;0;0;um2;0;0;0;um2;0;;;;;;;;;;;;;;
490;bulbocerebellar tract;0;0;um2;0;0;0;um2;0;;;;;;;;;;;;;;
404;olivocerebellar tract;0;0;um2;0;0;0;um2;0;;;;;;;;;;;;;;
410;reticulocerebellar tract;0;0;um2;0;0;0;um2;0;;;;;;;;;;;;;;
373;trigeminocerebellar tract;0;0;um2;0;0;0;um2;0;;;;;;;;;;;;;;
728;arbor vitae;0;0;um2;0;0;0;um2;0;;;;;;;;;;;;;;
484682512;supra-callosal cerebral white matter;1138551;1138551.179596;um2;1124;8480;8480;um2;0.007448;;;;;;;;;;;;;;
983;lateral forebrain bundle system;0;0;um2;0;0;0;um2;0;;;;;;;;;;;;;;
776;corpus callosum;0;0;um2;0;0;0;um2;0;;;;;;;;;;;;;;
956;corpus callosum, anterior forceps;1140512;1140511.887856;um2;1491;12876;12876;um2;0.011290;;;;;;;;;;;;;;
579;external capsule;597337;597337.141693;um2;1243;9927;9927;um2;0.016619;;;;;;;;;;;;;;
964;corpus callosum, extreme capsule;78602;78601.913795;um2;132;1276;1276;um2;0.016234;;;;;;;;;;;;;;
1108;genu of corpus callosum;897831;897830.763680;um2;648;4528;4528;um2;0.005043;;;;;;;;;;;;;;
971;corpus callosum, posterior forceps;724103;724102.950752;um2;172;965;965;um2;0.001333;;;;;;;;;;;;;;
979;corpus callosum, rostrum;0;0;um2;0;0;0;um2;0;;;;;;;;;;;;;;
484682516;corpus callosum, body;2589545;2589544.628487;um2;1506;8670;8670;um2;0.003348;;;;;;;;;;;;;;
986;corpus callosum, splenium;662755;662754.836067;um2;207;1164;1164;um2;0.001756;;;;;;;;;;;;;;
784;corticospinal tract;0;0;um2;0;0;0;um2;0;;;;;;;;;;;;;;
6;internal capsule;1485346;1485346.494713;um2;782;5169;5169;um2;0.003480;;;;;;;;;;;;;;
924;cerebal peduncle;443643;443642.906776;um2;181;1208;1208;um2;0.002723;;;;;;;;;;;;;;
1036;corticotectal tract;0;0;um2;0;0;0;um2;0;;;;;;;;;;;;;;
1012;corticorubral tract;0;0;um2;0;0;0;um2;0;;;;;;;;;;;;;;
1003;corticopontine tract;0;0;um2;0;0;0;um2;0;;;;;;;;;;;;;;
994;corticobulbar tract;0;0;um2;0;0;0;um2;0;;;;;;;;;;;;;;
190;pyramid;0;0;um2;0;0;0;um2;0;;;;;;;;;;;;;;
198;pyramidal decussation;0;0;um2;0;0;0;um2;0;;;;;;;;;;;;;;
1019;corticospinal tract, crossed;0;0;um2;0;0;0;um2;0;;;;;;;;;;;;;;
1028;corticospinal tract, uncrossed;0;0;um2;0;0;0;um2;0;;;;;;;;;;;;;;
896;thalamus related;0;0;um2;0;0;0;um2;0;;;;;;;;;;;;;;
1092;external medullary lamina of the thalamus;77187;77186.783371;um2;164;1149;1149;um2;0.014886;;;;;;;;;;;;;;
14;internal medullary lamina of the thalamus;0;0;um2;0;0;0;um2;0;;;;;;;;;;;;;;
86;middle thalamic commissure;0;0;um2;0;0;0;um2;0;;;;;;;;;;;;;;
365;thalamic peduncles;0;0;um2;0;0;0;um2;0;;;;;;;;;;;;;;
484682520;optic radiation;1324071;1324070.771645;um2;763;4962;4962;um2;0.003748;;;;;;;;;;;;;;
484682524;auditory radiation;350666;350666.261375;um2;321;2373;2373;um2;0.006767;;;;;;;;;;;;;;
1000;extrapyramidal fiber systems;0;0;um2;0;0;0;um2;0;;;;;;;;;;;;;;
760;cerebral nuclei related;0;0;um2;0;0;0;um2;0;;;;;;;;;;;;;;
142;pallidothalamic pathway;0;0;um2;0;0;0;um2;0;;;;;;;;;;;;;;
102;nigrostriatal tract;91222;91221.776382;um2;189;1523;1523;um2;0.016696;;;;;;;;;;;;;;
109;nigrothalamic fibers;0;0;um2;0;0;0;um2;0;;;;;;;;;;;;;;
134;pallidotegmental fascicle;0;0;um2;0;0;0;um2;0;;;;;;;;;;;;;;
309;striatonigral pathway;0;0;um2;0;0;0;um2;0;;;;;;;;;;;;;;
317;subthalamic fascicle;0;0;um2;0;0;0;um2;0;;;;;;;;;;;;;;
877;tectospinal pathway;0;0;um2;0;0;0;um2;0;;;;;;;;;;;;;;
1051;direct tectospinal pathway;0;0;um2;0;0;0;um2;0;;;;;;;;;;;;;;
1060;doral tegmental decussation;0;0;um2;0;0;0;um2;0;;;;;;;;;;;;;;
1043;crossed tectospinal pathway;0;0;um2;0;0;0;um2;0;;;;;;;;;;;;;;
863;rubrospinal tract;0;0;um2;0;0;0;um2;0;;;;;;;;;;;;;;
397;ventral tegmental decussation;0;0;um2;0;0;0;um2;0;;;;;;;;;;;;;;
221;rubroreticular tract;0;0;um2;0;0;0;um2;0;;;;;;;;;;;;;;
736;central tegmental bundle;0;0;um2;0;0;0;um2;0;;;;;;;;;;;;;;
855;retriculospinal tract;0;0;um2;0;0;0;um2;0;;;;;;;;;;;;;;
205;retriculospinal tract, lateral part;0;0;um2;0;0;0;um2;0;;;;;;;;;;;;;;
213;retriculospinal tract, medial part;0;0;um2;0;0;0;um2;0;;;;;;;;;;;;;;
941;vestibulospinal pathway;0;0;um2;0;0;0;um2;0;;;;;;;;;;;;;;
991;medial forebrain bundle system;0;0;um2;0;0;0;um2;0;;;;;;;;;;;;;;
768;cerebrum related;0;0;um2;0;0;0;um2;0;;;;;;;;;;;;;;
884;amygdalar capsule;139789;139789.356552;um2;211;1706;1706;um2;0.012204;;;;;;;;;;;;;;
892;ansa peduncularis;0;0;um2;0;0;0;um2;0;;;;;;;;;;;;;;
908;anterior commissure, temporal limb;254629;254629.090569;um2;208;1542;1542;um2;0.006056;;;;;;;;;;;;;;
940;cingulum bundle;1252174;1252174.180252;um2;1832;13762;13762;um2;0.010990;;;;;;;;;;;;;;
1099;fornix system;0;0;um2;0;0;0;um2;0;;;;;;;;;;;;;;
466;alveus;968715;968715.064079;um2;1005;6375;6375;um2;0.006581;;;;;;;;;;;;;;
530;dorsal fornix;61011;61010.579773;um2;50;350;350;um2;0.005737;;;;;;;;;;;;;;
603;fimbria;1515565;1515565.363129;um2;661;4353;4353;um2;0.002872;;;;;;;;;;;;;;
745;precommissural fornix, general;0;0;um2;0;0;0;um2;0;;;;;;;;;;;;;;
420;precommissural fornix diagonal band;0;0;um2;0;0;0;um2;0;;;;;;;;;;;;;;
737;postcommissural fornix;0;0;um2;0;0;0;um2;0;;;;;;;;;;;;;;
428;medial corticohypothalamic tract;12891;12890.578217;um2;31;200;200;um2;0.015515;;;;;;;;;;;;;;
436;columns of the fornix;317342;317341.878563;um2;623;4633;4633;um2;0.014599;;;;;;;;;;;;;;
618;hippocampal commissures;0;0;um2;0;0;0;um2;0;;;;;;;;;;;;;;
443;dorsal hippocampal commissure;448423;448422.560776;um2;154;823;823;um2;0.001835;;;;;;;;;;;;;;
449;ventral hippocampal commissure;62879;62878.626427;um2;32;191;191;um2;0.003038;;;;;;;;;;;;;;
713;perforant path;0;0;um2;0;0;0;um2;0;;;;;;;;;;;;;;
474;angular path;0;0;um2;0;0;0;um2;0;;;;;;;;;;;;;;
37;longitudinal association bundle;0;0;um2;0;0;0;um2;0;;;;;;;;;;;;;;
301;stria terminalis;226494;226493.673630;um2;149;995;995;um2;0.004393;;;;;;;;;;;;;;
484682528;commissural branch of stria terminalis;33236;33236.388153;um2;66;653;653;um2;0.019647;;;;;;;;;;;;;;
824;hypothalamus related;0;0;um2;0;0;0;um2;0;;;;;;;;;;;;;;
54;medial forebrain bundle;52547;52546.894669;um2;117;1041;1041;um2;0.019811;;;;;;;;;;;;;;
405;ventrolateral hypothalamic tract;0;0;um2;0;0;0;um2;0;;;;;;;;;;;;;;
174;preoptic commissure;0;0;um2;0;0;0;um2;0;;;;;;;;;;;;;;
349;supraoptic commissures;23904;23903.802383;um2;21;104;104;um2;0.004351;;;;;;;;;;;;;;
817;supraoptic commissures, anterior;0;0;um2;0;0;0;um2;0;;;;;;;;;;;;;;
825;supraoptic commissures, dorsal;0;0;um2;0;0;0;um2;0;;;;;;;;;;;;;;
833;supraoptic commissures, ventral;0;0;um2;0;0;0;um2;0;;;;;;;;;;;;;;
166;premammillary commissure;0;0;um2;0;0;0;um2;0;;;;;;;;;;;;;;
341;supramammillary decussation;0;0;um2;0;0;0;um2;0;;;;;;;;;;;;;;
182;propriohypothalamic pathways;0;0;um2;0;0;0;um2;0;;;;;;;;;;;;;;
762;propriohypothalamic pathways, dorsal;0;0;um2;0;0;0;um2;0;;;;;;;;;;;;;;
770;propriohypothalamic pathways, lateral;0;0;um2;0;0;0;um2;0;;;;;;;;;;;;;;
779;propriohypothalamic pathways, medial;0;0;um2;0;0;0;um2;0;;;;;;;;;;;;;;
787;propriohypothalamic pathways, ventral;0;0;um2;0;0;0;um2;0;;;;;;;;;;;;;;
150;periventricular bundle of the hypothalamus;0;0;um2;0;0;0;um2;0;;;;;;;;;;;;;;
46;mammillary related;0;0;um2;0;0;0;um2;0;;;;;;;;;;;;;;
753;principal mammillary tract;31250;31249.590149;um2;116;1193;1193;um2;0.038177;;;;;;;;;;;;;;
690;mammillothalamic tract;91064;91063.509018;um2;117;940;940;um2;0.010322;;;;;;;;;;;;;;
681;mammillotegmental tract;12540;12540.197029;um2;70;707;707;um2;0.056379;;;;;;;;;;;;;;
673;mammillary peduncle;13081;13080.842499;um2;26;217;217;um2;0.016589;;;;;;;;;;;;;;
1068;dorsal thalamus related;0;0;um2;0;0;0;um2;0;;;;;;;;;;;;;;
722;periventricular bundle of the thalamus;0;0;um2;0;0;0;um2;0;;;;;;;;;;;;;;
1083;epithalamus related;0;0;um2;0;0;0;um2;0;;;;;;;;;;;;;;
802;stria medullaris;355419;355419.332924;um2;509;3751;3751;um2;0.010554;;;;;;;;;;;;;;
595;fasciculus retroflexus;148188;148188.336906;um2;254;1785;1785;um2;0.012045;;;;;;;;;;;;;;
611;habenular commissure;26799;26799.256180;um2;18;91;91;um2;0.003396;;;;;;;;;;;;;;
730;pineal stalk;0;0;um2;0;0;0;um2;0;;;;;;;;;;;;;;
70;midbrain related;0;0;um2;0;0;0;um2;0;;;;;;;;;;;;;;
547;dorsal longitudinal fascicle;0;0;um2;0;0;0;um2;0;;;;;;;;;;;;;;
563;dorsal tegmental tract;0;0;um2;0;0;0;um2;0;;;;;;;;;;;;;;
73;ventricular systems;0;0;um2;0;0;0;um2;0;;;;;;;;;;;;;;
81;lateral ventricle;1050807;1050807.468330;um2;399;2564;2564;um2;0.002440;;;;;;;;;;;;;;
89;rhinocele;0;0;um2;0;0;0;um2;0;;;;;;;;;;;;;;
98;subependymal zone;27695;27694.871605;um2;5;24;24;um2;0.000867;;;;;;;;;;;;;;
108;choroid plexus;564337;564336.500710;um2;74;401;401;um2;0.000711;;;;;;;;;;;;;;
116;choroid fissure;0;0;um2;0;0;0;um2;0;;;;;;;;;;;;;;
124;interventricular foramen;0;0;um2;0;0;0;um2;0;;;;;;;;;;;;;;
129;third ventricle;1175909;1175909.154503;um2;453;3386;3386;um2;0.002879;;;;;;;;;;;;;;
140;cerebral aqueduct;8190;8189.620949;um2;0;0;0;um2;0;;;;;;;;;;;;;;
145;fourth ventricle;0;0;um2;0;0;0;um2;0;;;;;;;;;;;;;;
153;lateral recess;0;0;um2;0;0;0;um2;0;;;;;;;;;;;;;;
164;central canal, spinal cord/medulla;0;0;um2;0;0;0;um2;0;;;;;;;;;;;;;;
1024;grooves;0;0;um2;0;0;0;um2;0;;;;;;;;;;;;;;
1032;grooves of the cerebral cortex;0;0;um2;0;0;0;um2;0;;;;;;;;;;;;;;
1055;endorhinal groove;0;0;um2;0;0;0;um2;0;;;;;;;;;;;;;;
1063;hippocampal fissure;0;0;um2;0;0;0;um2;0;;;;;;;;;;;;;;
1071;rhinal fissure;0;0;um2;0;0;0;um2;0;;;;;;;;;;;;;;
1078;rhinal incisure;0;0;um2;0;0;0;um2;0;;;;;;;;;;;;;;
1040;grooves of the cerebellar cortex;0;0;um2;0;0;0;um2;0;;;;;;;;;;;;;;
1087;precentral fissure;0;0;um2;0;0;0;um2;0;;;;;;;;;;;;;;
1095;preculminate fissure;0;0;um2;0;0;0;um2;0;;;;;;;;;;;;;;
1103;primary fissure;0;0;um2;0;0;0;um2;0;;;;;;;;;;;;;;
1112;posterior superior fissure;0;0;um2;0;0;0;um2;0;;;;;;;;;;;;;;
1119;prepyramidal fissure;0;0;um2;0;0;0;um2;0;;;;;;;;;;;;;;
3;secondary fissure;0;0;um2;0;0;0;um2;0;;;;;;;;;;;;;;
11;posterolateral fissure;0;0;um2;0;0;0;um2;0;;;;;;;;;;;;;;
18;nodular fissure;0;0;um2;0;0;0;um2;0;;;;;;;;;;;;;;
25;simple fissure;0;0;um2;0;0;0;um2;0;;;;;;;;;;;;;;
34;intercrural fissure;0;0;um2;0;0;0;um2;0;;;;;;;;;;;;;;
43;ansoparamedian fissure;0;0;um2;0;0;0;um2;0;;;;;;;;;;;;;;
49;intraparafloccular fissure;0;0;um2;0;0;0;um2;0;;;;;;;;;;;;;;
57;paramedian sulcus;0;0;um2;0;0;0;um2;0;;;;;;;;;;;;;;
65;parafloccular sulcus;0;0;um2;0;0;0;um2;0;;;;;;;;;;;;;;
624;Interpeduncular fossa;0;0;um2;0;0;0;um2;0;;;;;;;;;;;;;;
304325711;retina;0;0;um2;0;0;0;um2;0;;;;;;;;;;;;;;
